sample_id	hap1_bed	hap1_tbi	hap2_bed	hap2_tbi
HG00097	gs://fc-fd42e80c-b41e-4e60-a9cf-b7c0ade168c4/submissions/a1e9b9ce-0d67-4d42-b107-b9821f44dd60/MethylationProfiling/4944aeb1-faf3-49a0-995e-93454b836d2f/call-CpgPileup/HG00097.hap1.bed.gz	gs://fc-fd42e80c-b41e-4e60-a9cf-b7c0ade168c4/submissions/a1e9b9ce-0d67-4d42-b107-b9821f44dd60/MethylationProfiling/4944aeb1-faf3-49a0-995e-93454b836d2f/call-CpgPileup/HG00097.hap1.bed.gz.tbi	gs://fc-fd42e80c-b41e-4e60-a9cf-b7c0ade168c4/submissions/a1e9b9ce-0d67-4d42-b107-b9821f44dd60/MethylationProfiling/4944aeb1-faf3-49a0-995e-93454b836d2f/call-CpgPileup/HG00097.hap2.bed.gz	gs://fc-fd42e80c-b41e-4e60-a9cf-b7c0ade168c4/submissions/a1e9b9ce-0d67-4d42-b107-b9821f44dd60/MethylationProfiling/4944aeb1-faf3-49a0-995e-93454b836d2f/call-CpgPileup/HG00097.hap2.bed.gz.tbi
HG00099	gs://fc-fd42e80c-b41e-4e60-a9cf-b7c0ade168c4/submissions/a1e9b9ce-0d67-4d42-b107-b9821f44dd60/MethylationProfiling/ee422c06-35b7-41bd-98cb-7a50d7641828/call-CpgPileup/HG00099.hap1.bed.gz	gs://fc-fd42e80c-b41e-4e60-a9cf-b7c0ade168c4/submissions/a1e9b9ce-0d67-4d42-b107-b9821f44dd60/MethylationProfiling/ee422c06-35b7-41bd-98cb-7a50d7641828/call-CpgPileup/HG00099.hap1.bed.gz.tbi	gs://fc-fd42e80c-b41e-4e60-a9cf-b7c0ade168c4/submissions/a1e9b9ce-0d67-4d42-b107-b9821f44dd60/MethylationProfiling/ee422c06-35b7-41bd-98cb-7a50d7641828/call-CpgPileup/HG00099.hap2.bed.gz	gs://fc-fd42e80c-b41e-4e60-a9cf-b7c0ade168c4/submissions/a1e9b9ce-0d67-4d42-b107-b9821f44dd60/MethylationProfiling/ee422c06-35b7-41bd-98cb-7a50d7641828/call-CpgPileup/HG00099.hap2.bed.gz.tbi
HG00126	gs://fc-fd42e80c-b41e-4e60-a9cf-b7c0ade168c4/submissions/a1e9b9ce-0d67-4d42-b107-b9821f44dd60/MethylationProfiling/6ca6fdf8-6014-40c2-a05c-ac53ab32c206/call-CpgPileup/HG00126.hap1.bed.gz	gs://fc-fd42e80c-b41e-4e60-a9cf-b7c0ade168c4/submissions/a1e9b9ce-0d67-4d42-b107-b9821f44dd60/MethylationProfiling/6ca6fdf8-6014-40c2-a05c-ac53ab32c206/call-CpgPileup/HG00126.hap1.bed.gz.tbi	gs://fc-fd42e80c-b41e-4e60-a9cf-b7c0ade168c4/submissions/a1e9b9ce-0d67-4d42-b107-b9821f44dd60/MethylationProfiling/6ca6fdf8-6014-40c2-a05c-ac53ab32c206/call-CpgPileup/HG00126.hap2.bed.gz	gs://fc-fd42e80c-b41e-4e60-a9cf-b7c0ade168c4/submissions/a1e9b9ce-0d67-4d42-b107-b9821f44dd60/MethylationProfiling/6ca6fdf8-6014-40c2-a05c-ac53ab32c206/call-CpgPileup/HG00126.hap2.bed.gz.tbi
HG00128	gs://fc-fd42e80c-b41e-4e60-a9cf-b7c0ade168c4/submissions/a1e9b9ce-0d67-4d42-b107-b9821f44dd60/MethylationProfiling/3b09d084-6341-4fb5-8df1-e436618ddc98/call-CpgPileup/HG00128.hap1.bed.gz	gs://fc-fd42e80c-b41e-4e60-a9cf-b7c0ade168c4/submissions/a1e9b9ce-0d67-4d42-b107-b9821f44dd60/MethylationProfiling/3b09d084-6341-4fb5-8df1-e436618ddc98/call-CpgPileup/HG00128.hap1.bed.gz.tbi	gs://fc-fd42e80c-b41e-4e60-a9cf-b7c0ade168c4/submissions/a1e9b9ce-0d67-4d42-b107-b9821f44dd60/MethylationProfiling/3b09d084-6341-4fb5-8df1-e436618ddc98/call-CpgPileup/HG00128.hap2.bed.gz	gs://fc-fd42e80c-b41e-4e60-a9cf-b7c0ade168c4/submissions/a1e9b9ce-0d67-4d42-b107-b9821f44dd60/MethylationProfiling/3b09d084-6341-4fb5-8df1-e436618ddc98/call-CpgPileup/HG00128.hap2.bed.gz.tbi
HG00133	gs://fc-fd42e80c-b41e-4e60-a9cf-b7c0ade168c4/submissions/a1e9b9ce-0d67-4d42-b107-b9821f44dd60/MethylationProfiling/aaca93fb-01a9-4835-8632-f55c0bce277e/call-CpgPileup/HG00133.hap1.bed.gz	gs://fc-fd42e80c-b41e-4e60-a9cf-b7c0ade168c4/submissions/a1e9b9ce-0d67-4d42-b107-b9821f44dd60/MethylationProfiling/aaca93fb-01a9-4835-8632-f55c0bce277e/call-CpgPileup/HG00133.hap1.bed.gz.tbi	gs://fc-fd42e80c-b41e-4e60-a9cf-b7c0ade168c4/submissions/a1e9b9ce-0d67-4d42-b107-b9821f44dd60/MethylationProfiling/aaca93fb-01a9-4835-8632-f55c0bce277e/call-CpgPileup/HG00133.hap2.bed.gz	gs://fc-fd42e80c-b41e-4e60-a9cf-b7c0ade168c4/submissions/a1e9b9ce-0d67-4d42-b107-b9821f44dd60/MethylationProfiling/aaca93fb-01a9-4835-8632-f55c0bce277e/call-CpgPileup/HG00133.hap2.bed.gz.tbi
HG00140	gs://fc-fd42e80c-b41e-4e60-a9cf-b7c0ade168c4/submissions/a1e9b9ce-0d67-4d42-b107-b9821f44dd60/MethylationProfiling/6d4c37e4-f784-4a1a-8ef8-966dfc9e7886/call-CpgPileup/HG00140.hap1.bed.gz	gs://fc-fd42e80c-b41e-4e60-a9cf-b7c0ade168c4/submissions/a1e9b9ce-0d67-4d42-b107-b9821f44dd60/MethylationProfiling/6d4c37e4-f784-4a1a-8ef8-966dfc9e7886/call-CpgPileup/HG00140.hap1.bed.gz.tbi	gs://fc-fd42e80c-b41e-4e60-a9cf-b7c0ade168c4/submissions/a1e9b9ce-0d67-4d42-b107-b9821f44dd60/MethylationProfiling/6d4c37e4-f784-4a1a-8ef8-966dfc9e7886/call-CpgPileup/HG00140.hap2.bed.gz	gs://fc-fd42e80c-b41e-4e60-a9cf-b7c0ade168c4/submissions/a1e9b9ce-0d67-4d42-b107-b9821f44dd60/MethylationProfiling/6d4c37e4-f784-4a1a-8ef8-966dfc9e7886/call-CpgPileup/HG00140.hap2.bed.gz.tbi
HG00146	gs://fc-fd42e80c-b41e-4e60-a9cf-b7c0ade168c4/submissions/a1e9b9ce-0d67-4d42-b107-b9821f44dd60/MethylationProfiling/a8cc4267-64d2-4ec4-b6fe-6d8b1067fcdd/call-CpgPileup/HG00146.hap1.bed.gz	gs://fc-fd42e80c-b41e-4e60-a9cf-b7c0ade168c4/submissions/a1e9b9ce-0d67-4d42-b107-b9821f44dd60/MethylationProfiling/a8cc4267-64d2-4ec4-b6fe-6d8b1067fcdd/call-CpgPileup/HG00146.hap1.bed.gz.tbi	gs://fc-fd42e80c-b41e-4e60-a9cf-b7c0ade168c4/submissions/a1e9b9ce-0d67-4d42-b107-b9821f44dd60/MethylationProfiling/a8cc4267-64d2-4ec4-b6fe-6d8b1067fcdd/call-CpgPileup/HG00146.hap2.bed.gz	gs://fc-fd42e80c-b41e-4e60-a9cf-b7c0ade168c4/submissions/a1e9b9ce-0d67-4d42-b107-b9821f44dd60/MethylationProfiling/a8cc4267-64d2-4ec4-b6fe-6d8b1067fcdd/call-CpgPileup/HG00146.hap2.bed.gz.tbi
HG002	gs://fc-fd42e80c-b41e-4e60-a9cf-b7c0ade168c4/submissions/a1e9b9ce-0d67-4d42-b107-b9821f44dd60/MethylationProfiling/1f398d01-343b-4fca-9c5e-88b42e6f6081/call-CpgPileup/HG002.hap1.bed.gz	gs://fc-fd42e80c-b41e-4e60-a9cf-b7c0ade168c4/submissions/a1e9b9ce-0d67-4d42-b107-b9821f44dd60/MethylationProfiling/1f398d01-343b-4fca-9c5e-88b42e6f6081/call-CpgPileup/HG002.hap1.bed.gz.tbi	gs://fc-fd42e80c-b41e-4e60-a9cf-b7c0ade168c4/submissions/a1e9b9ce-0d67-4d42-b107-b9821f44dd60/MethylationProfiling/1f398d01-343b-4fca-9c5e-88b42e6f6081/call-CpgPileup/HG002.hap2.bed.gz	gs://fc-fd42e80c-b41e-4e60-a9cf-b7c0ade168c4/submissions/a1e9b9ce-0d67-4d42-b107-b9821f44dd60/MethylationProfiling/1f398d01-343b-4fca-9c5e-88b42e6f6081/call-CpgPileup/HG002.hap2.bed.gz.tbi
HG00232	gs://fc-fd42e80c-b41e-4e60-a9cf-b7c0ade168c4/submissions/a1e9b9ce-0d67-4d42-b107-b9821f44dd60/MethylationProfiling/1d4229f1-edeb-431b-9f29-670722ae31f5/call-CpgPileup/HG00232.hap1.bed.gz	gs://fc-fd42e80c-b41e-4e60-a9cf-b7c0ade168c4/submissions/a1e9b9ce-0d67-4d42-b107-b9821f44dd60/MethylationProfiling/1d4229f1-edeb-431b-9f29-670722ae31f5/call-CpgPileup/HG00232.hap1.bed.gz.tbi	gs://fc-fd42e80c-b41e-4e60-a9cf-b7c0ade168c4/submissions/a1e9b9ce-0d67-4d42-b107-b9821f44dd60/MethylationProfiling/1d4229f1-edeb-431b-9f29-670722ae31f5/call-CpgPileup/HG00232.hap2.bed.gz	gs://fc-fd42e80c-b41e-4e60-a9cf-b7c0ade168c4/submissions/a1e9b9ce-0d67-4d42-b107-b9821f44dd60/MethylationProfiling/1d4229f1-edeb-431b-9f29-670722ae31f5/call-CpgPileup/HG00232.hap2.bed.gz.tbi
HG00235	gs://fc-fd42e80c-b41e-4e60-a9cf-b7c0ade168c4/submissions/a1e9b9ce-0d67-4d42-b107-b9821f44dd60/MethylationProfiling/6822ad53-fc61-4410-9a9a-8e8306f06452/call-CpgPileup/HG00235.hap1.bed.gz	gs://fc-fd42e80c-b41e-4e60-a9cf-b7c0ade168c4/submissions/a1e9b9ce-0d67-4d42-b107-b9821f44dd60/MethylationProfiling/6822ad53-fc61-4410-9a9a-8e8306f06452/call-CpgPileup/HG00235.hap1.bed.gz.tbi	gs://fc-fd42e80c-b41e-4e60-a9cf-b7c0ade168c4/submissions/a1e9b9ce-0d67-4d42-b107-b9821f44dd60/MethylationProfiling/6822ad53-fc61-4410-9a9a-8e8306f06452/call-CpgPileup/HG00235.hap2.bed.gz	gs://fc-fd42e80c-b41e-4e60-a9cf-b7c0ade168c4/submissions/a1e9b9ce-0d67-4d42-b107-b9821f44dd60/MethylationProfiling/6822ad53-fc61-4410-9a9a-8e8306f06452/call-CpgPileup/HG00235.hap2.bed.gz.tbi
HG00253	gs://fc-fd42e80c-b41e-4e60-a9cf-b7c0ade168c4/submissions/a1e9b9ce-0d67-4d42-b107-b9821f44dd60/MethylationProfiling/87c1f561-218c-486b-8490-4f1d11bc4259/call-CpgPileup/HG00253.hap1.bed.gz	gs://fc-fd42e80c-b41e-4e60-a9cf-b7c0ade168c4/submissions/a1e9b9ce-0d67-4d42-b107-b9821f44dd60/MethylationProfiling/87c1f561-218c-486b-8490-4f1d11bc4259/call-CpgPileup/HG00253.hap1.bed.gz.tbi	gs://fc-fd42e80c-b41e-4e60-a9cf-b7c0ade168c4/submissions/a1e9b9ce-0d67-4d42-b107-b9821f44dd60/MethylationProfiling/87c1f561-218c-486b-8490-4f1d11bc4259/call-CpgPileup/HG00253.hap2.bed.gz	gs://fc-fd42e80c-b41e-4e60-a9cf-b7c0ade168c4/submissions/a1e9b9ce-0d67-4d42-b107-b9821f44dd60/MethylationProfiling/87c1f561-218c-486b-8490-4f1d11bc4259/call-CpgPileup/HG00253.hap2.bed.gz.tbi
HG00280	gs://fc-fd42e80c-b41e-4e60-a9cf-b7c0ade168c4/submissions/a1e9b9ce-0d67-4d42-b107-b9821f44dd60/MethylationProfiling/d1638daf-ec65-49cb-ba47-d1dfd3b494de/call-CpgPileup/HG00280.hap1.bed.gz	gs://fc-fd42e80c-b41e-4e60-a9cf-b7c0ade168c4/submissions/a1e9b9ce-0d67-4d42-b107-b9821f44dd60/MethylationProfiling/d1638daf-ec65-49cb-ba47-d1dfd3b494de/call-CpgPileup/HG00280.hap1.bed.gz.tbi	gs://fc-fd42e80c-b41e-4e60-a9cf-b7c0ade168c4/submissions/a1e9b9ce-0d67-4d42-b107-b9821f44dd60/MethylationProfiling/d1638daf-ec65-49cb-ba47-d1dfd3b494de/call-CpgPileup/HG00280.hap2.bed.gz	gs://fc-fd42e80c-b41e-4e60-a9cf-b7c0ade168c4/submissions/a1e9b9ce-0d67-4d42-b107-b9821f44dd60/MethylationProfiling/d1638daf-ec65-49cb-ba47-d1dfd3b494de/call-CpgPileup/HG00280.hap2.bed.gz.tbi
HG00290	gs://fc-fd42e80c-b41e-4e60-a9cf-b7c0ade168c4/submissions/a1e9b9ce-0d67-4d42-b107-b9821f44dd60/MethylationProfiling/50487350-253b-4e06-a096-2fdd1775df1a/call-CpgPileup/HG00290.hap1.bed.gz	gs://fc-fd42e80c-b41e-4e60-a9cf-b7c0ade168c4/submissions/a1e9b9ce-0d67-4d42-b107-b9821f44dd60/MethylationProfiling/50487350-253b-4e06-a096-2fdd1775df1a/call-CpgPileup/HG00290.hap1.bed.gz.tbi	gs://fc-fd42e80c-b41e-4e60-a9cf-b7c0ade168c4/submissions/a1e9b9ce-0d67-4d42-b107-b9821f44dd60/MethylationProfiling/50487350-253b-4e06-a096-2fdd1775df1a/call-CpgPileup/HG00290.hap2.bed.gz	gs://fc-fd42e80c-b41e-4e60-a9cf-b7c0ade168c4/submissions/a1e9b9ce-0d67-4d42-b107-b9821f44dd60/MethylationProfiling/50487350-253b-4e06-a096-2fdd1775df1a/call-CpgPileup/HG00290.hap2.bed.gz.tbi
HG00320	gs://fc-fd42e80c-b41e-4e60-a9cf-b7c0ade168c4/submissions/a1e9b9ce-0d67-4d42-b107-b9821f44dd60/MethylationProfiling/3fd8c726-99e1-4921-8a11-c0e9c97359fd/call-CpgPileup/HG00320.hap1.bed.gz	gs://fc-fd42e80c-b41e-4e60-a9cf-b7c0ade168c4/submissions/a1e9b9ce-0d67-4d42-b107-b9821f44dd60/MethylationProfiling/3fd8c726-99e1-4921-8a11-c0e9c97359fd/call-CpgPileup/HG00320.hap1.bed.gz.tbi	gs://fc-fd42e80c-b41e-4e60-a9cf-b7c0ade168c4/submissions/a1e9b9ce-0d67-4d42-b107-b9821f44dd60/MethylationProfiling/3fd8c726-99e1-4921-8a11-c0e9c97359fd/call-CpgPileup/HG00320.hap2.bed.gz	gs://fc-fd42e80c-b41e-4e60-a9cf-b7c0ade168c4/submissions/a1e9b9ce-0d67-4d42-b107-b9821f44dd60/MethylationProfiling/3fd8c726-99e1-4921-8a11-c0e9c97359fd/call-CpgPileup/HG00320.hap2.bed.gz.tbi
HG00321	gs://fc-fd42e80c-b41e-4e60-a9cf-b7c0ade168c4/submissions/a1e9b9ce-0d67-4d42-b107-b9821f44dd60/MethylationProfiling/129356cc-d064-44f2-82cf-d9336d703f65/call-CpgPileup/HG00321.hap1.bed.gz	gs://fc-fd42e80c-b41e-4e60-a9cf-b7c0ade168c4/submissions/a1e9b9ce-0d67-4d42-b107-b9821f44dd60/MethylationProfiling/129356cc-d064-44f2-82cf-d9336d703f65/call-CpgPileup/HG00321.hap1.bed.gz.tbi	gs://fc-fd42e80c-b41e-4e60-a9cf-b7c0ade168c4/submissions/a1e9b9ce-0d67-4d42-b107-b9821f44dd60/MethylationProfiling/129356cc-d064-44f2-82cf-d9336d703f65/call-CpgPileup/HG00321.hap2.bed.gz	gs://fc-fd42e80c-b41e-4e60-a9cf-b7c0ade168c4/submissions/a1e9b9ce-0d67-4d42-b107-b9821f44dd60/MethylationProfiling/129356cc-d064-44f2-82cf-d9336d703f65/call-CpgPileup/HG00321.hap2.bed.gz.tbi
HG00323	gs://fc-fd42e80c-b41e-4e60-a9cf-b7c0ade168c4/submissions/a1e9b9ce-0d67-4d42-b107-b9821f44dd60/MethylationProfiling/30f777ea-8e98-4057-8ee6-3c33096be5b5/call-CpgPileup/HG00323.hap1.bed.gz	gs://fc-fd42e80c-b41e-4e60-a9cf-b7c0ade168c4/submissions/a1e9b9ce-0d67-4d42-b107-b9821f44dd60/MethylationProfiling/30f777ea-8e98-4057-8ee6-3c33096be5b5/call-CpgPileup/HG00323.hap1.bed.gz.tbi	gs://fc-fd42e80c-b41e-4e60-a9cf-b7c0ade168c4/submissions/a1e9b9ce-0d67-4d42-b107-b9821f44dd60/MethylationProfiling/30f777ea-8e98-4057-8ee6-3c33096be5b5/call-CpgPileup/HG00323.hap2.bed.gz	gs://fc-fd42e80c-b41e-4e60-a9cf-b7c0ade168c4/submissions/a1e9b9ce-0d67-4d42-b107-b9821f44dd60/MethylationProfiling/30f777ea-8e98-4057-8ee6-3c33096be5b5/call-CpgPileup/HG00323.hap2.bed.gz.tbi
HG00329	gs://fc-fd42e80c-b41e-4e60-a9cf-b7c0ade168c4/submissions/a1e9b9ce-0d67-4d42-b107-b9821f44dd60/MethylationProfiling/cdcb38a8-77f2-4bb6-baf3-67982c82dedb/call-CpgPileup/HG00329.hap1.bed.gz	gs://fc-fd42e80c-b41e-4e60-a9cf-b7c0ade168c4/submissions/a1e9b9ce-0d67-4d42-b107-b9821f44dd60/MethylationProfiling/cdcb38a8-77f2-4bb6-baf3-67982c82dedb/call-CpgPileup/HG00329.hap1.bed.gz.tbi	gs://fc-fd42e80c-b41e-4e60-a9cf-b7c0ade168c4/submissions/a1e9b9ce-0d67-4d42-b107-b9821f44dd60/MethylationProfiling/cdcb38a8-77f2-4bb6-baf3-67982c82dedb/call-CpgPileup/HG00329.hap2.bed.gz	gs://fc-fd42e80c-b41e-4e60-a9cf-b7c0ade168c4/submissions/a1e9b9ce-0d67-4d42-b107-b9821f44dd60/MethylationProfiling/cdcb38a8-77f2-4bb6-baf3-67982c82dedb/call-CpgPileup/HG00329.hap2.bed.gz.tbi
HG00344	gs://fc-fd42e80c-b41e-4e60-a9cf-b7c0ade168c4/submissions/a1e9b9ce-0d67-4d42-b107-b9821f44dd60/MethylationProfiling/8046c2c6-2bc8-48b7-aa84-9c8c32077d1c/call-CpgPileup/HG00344.hap1.bed.gz	gs://fc-fd42e80c-b41e-4e60-a9cf-b7c0ade168c4/submissions/a1e9b9ce-0d67-4d42-b107-b9821f44dd60/MethylationProfiling/8046c2c6-2bc8-48b7-aa84-9c8c32077d1c/call-CpgPileup/HG00344.hap1.bed.gz.tbi	gs://fc-fd42e80c-b41e-4e60-a9cf-b7c0ade168c4/submissions/a1e9b9ce-0d67-4d42-b107-b9821f44dd60/MethylationProfiling/8046c2c6-2bc8-48b7-aa84-9c8c32077d1c/call-CpgPileup/HG00344.hap2.bed.gz	gs://fc-fd42e80c-b41e-4e60-a9cf-b7c0ade168c4/submissions/a1e9b9ce-0d67-4d42-b107-b9821f44dd60/MethylationProfiling/8046c2c6-2bc8-48b7-aa84-9c8c32077d1c/call-CpgPileup/HG00344.hap2.bed.gz.tbi
HG00350	gs://fc-fd42e80c-b41e-4e60-a9cf-b7c0ade168c4/submissions/a1e9b9ce-0d67-4d42-b107-b9821f44dd60/MethylationProfiling/26ed9325-707f-40b1-84be-930191b9879c/call-CpgPileup/HG00350.hap1.bed.gz	gs://fc-fd42e80c-b41e-4e60-a9cf-b7c0ade168c4/submissions/a1e9b9ce-0d67-4d42-b107-b9821f44dd60/MethylationProfiling/26ed9325-707f-40b1-84be-930191b9879c/call-CpgPileup/HG00350.hap1.bed.gz.tbi	gs://fc-fd42e80c-b41e-4e60-a9cf-b7c0ade168c4/submissions/a1e9b9ce-0d67-4d42-b107-b9821f44dd60/MethylationProfiling/26ed9325-707f-40b1-84be-930191b9879c/call-CpgPileup/HG00350.hap2.bed.gz	gs://fc-fd42e80c-b41e-4e60-a9cf-b7c0ade168c4/submissions/a1e9b9ce-0d67-4d42-b107-b9821f44dd60/MethylationProfiling/26ed9325-707f-40b1-84be-930191b9879c/call-CpgPileup/HG00350.hap2.bed.gz.tbi
HG00408	gs://fc-fd42e80c-b41e-4e60-a9cf-b7c0ade168c4/submissions/a1e9b9ce-0d67-4d42-b107-b9821f44dd60/MethylationProfiling/d73ee6a1-0e59-4d18-b4f3-808dbeec33f6/call-CpgPileup/HG00408.hap1.bed.gz	gs://fc-fd42e80c-b41e-4e60-a9cf-b7c0ade168c4/submissions/a1e9b9ce-0d67-4d42-b107-b9821f44dd60/MethylationProfiling/d73ee6a1-0e59-4d18-b4f3-808dbeec33f6/call-CpgPileup/HG00408.hap1.bed.gz.tbi	gs://fc-fd42e80c-b41e-4e60-a9cf-b7c0ade168c4/submissions/a1e9b9ce-0d67-4d42-b107-b9821f44dd60/MethylationProfiling/d73ee6a1-0e59-4d18-b4f3-808dbeec33f6/call-CpgPileup/HG00408.hap2.bed.gz	gs://fc-fd42e80c-b41e-4e60-a9cf-b7c0ade168c4/submissions/a1e9b9ce-0d67-4d42-b107-b9821f44dd60/MethylationProfiling/d73ee6a1-0e59-4d18-b4f3-808dbeec33f6/call-CpgPileup/HG00408.hap2.bed.gz.tbi
HG00423	gs://fc-fd42e80c-b41e-4e60-a9cf-b7c0ade168c4/submissions/a1e9b9ce-0d67-4d42-b107-b9821f44dd60/MethylationProfiling/f508728d-aec7-413e-ab6a-c7c6198e0dba/call-CpgPileup/HG00423.hap1.bed.gz	gs://fc-fd42e80c-b41e-4e60-a9cf-b7c0ade168c4/submissions/a1e9b9ce-0d67-4d42-b107-b9821f44dd60/MethylationProfiling/f508728d-aec7-413e-ab6a-c7c6198e0dba/call-CpgPileup/HG00423.hap1.bed.gz.tbi	gs://fc-fd42e80c-b41e-4e60-a9cf-b7c0ade168c4/submissions/a1e9b9ce-0d67-4d42-b107-b9821f44dd60/MethylationProfiling/f508728d-aec7-413e-ab6a-c7c6198e0dba/call-CpgPileup/HG00423.hap2.bed.gz	gs://fc-fd42e80c-b41e-4e60-a9cf-b7c0ade168c4/submissions/a1e9b9ce-0d67-4d42-b107-b9821f44dd60/MethylationProfiling/f508728d-aec7-413e-ab6a-c7c6198e0dba/call-CpgPileup/HG00423.hap2.bed.gz.tbi
HG00438	gs://fc-fd42e80c-b41e-4e60-a9cf-b7c0ade168c4/submissions/6e7de2d8-07c0-4a64-9766-3068b4df2e43/MethylationProfiling/e4f26a66-2859-4681-bc09-dbdbc091b0e1/call-CpgPileup/attempt-2/HG00438.hap1.bed.gz	gs://fc-fd42e80c-b41e-4e60-a9cf-b7c0ade168c4/submissions/6e7de2d8-07c0-4a64-9766-3068b4df2e43/MethylationProfiling/e4f26a66-2859-4681-bc09-dbdbc091b0e1/call-CpgPileup/attempt-2/HG00438.hap1.bed.gz.tbi	gs://fc-fd42e80c-b41e-4e60-a9cf-b7c0ade168c4/submissions/6e7de2d8-07c0-4a64-9766-3068b4df2e43/MethylationProfiling/e4f26a66-2859-4681-bc09-dbdbc091b0e1/call-CpgPileup/attempt-2/HG00438.hap2.bed.gz	gs://fc-fd42e80c-b41e-4e60-a9cf-b7c0ade168c4/submissions/6e7de2d8-07c0-4a64-9766-3068b4df2e43/MethylationProfiling/e4f26a66-2859-4681-bc09-dbdbc091b0e1/call-CpgPileup/attempt-2/HG00438.hap2.bed.gz.tbi
HG005	gs://fc-fd42e80c-b41e-4e60-a9cf-b7c0ade168c4/submissions/f0ab26b0-d66f-45be-8322-24218670bc4d/MethylationProfiling/616ccc54-7332-4041-925f-c55dd9ef98ae/call-CpgPileup/HG005.hap1.bed.gz	gs://fc-fd42e80c-b41e-4e60-a9cf-b7c0ade168c4/submissions/f0ab26b0-d66f-45be-8322-24218670bc4d/MethylationProfiling/616ccc54-7332-4041-925f-c55dd9ef98ae/call-CpgPileup/HG005.hap1.bed.gz.tbi	gs://fc-fd42e80c-b41e-4e60-a9cf-b7c0ade168c4/submissions/f0ab26b0-d66f-45be-8322-24218670bc4d/MethylationProfiling/616ccc54-7332-4041-925f-c55dd9ef98ae/call-CpgPileup/HG005.hap2.bed.gz	gs://fc-fd42e80c-b41e-4e60-a9cf-b7c0ade168c4/submissions/f0ab26b0-d66f-45be-8322-24218670bc4d/MethylationProfiling/616ccc54-7332-4041-925f-c55dd9ef98ae/call-CpgPileup/HG005.hap2.bed.gz.tbi
HG00544	gs://fc-fd42e80c-b41e-4e60-a9cf-b7c0ade168c4/submissions/a1e9b9ce-0d67-4d42-b107-b9821f44dd60/MethylationProfiling/825b7bef-9be9-4856-9671-cf0206d7b44d/call-CpgPileup/HG00544.hap1.bed.gz	gs://fc-fd42e80c-b41e-4e60-a9cf-b7c0ade168c4/submissions/a1e9b9ce-0d67-4d42-b107-b9821f44dd60/MethylationProfiling/825b7bef-9be9-4856-9671-cf0206d7b44d/call-CpgPileup/HG00544.hap1.bed.gz.tbi	gs://fc-fd42e80c-b41e-4e60-a9cf-b7c0ade168c4/submissions/a1e9b9ce-0d67-4d42-b107-b9821f44dd60/MethylationProfiling/825b7bef-9be9-4856-9671-cf0206d7b44d/call-CpgPileup/HG00544.hap2.bed.gz	gs://fc-fd42e80c-b41e-4e60-a9cf-b7c0ade168c4/submissions/a1e9b9ce-0d67-4d42-b107-b9821f44dd60/MethylationProfiling/825b7bef-9be9-4856-9671-cf0206d7b44d/call-CpgPileup/HG00544.hap2.bed.gz.tbi
HG00558	gs://fc-fd42e80c-b41e-4e60-a9cf-b7c0ade168c4/submissions/a1e9b9ce-0d67-4d42-b107-b9821f44dd60/MethylationProfiling/635a0d90-a969-4dee-885e-69e7dc005f54/call-CpgPileup/HG00558.hap1.bed.gz	gs://fc-fd42e80c-b41e-4e60-a9cf-b7c0ade168c4/submissions/a1e9b9ce-0d67-4d42-b107-b9821f44dd60/MethylationProfiling/635a0d90-a969-4dee-885e-69e7dc005f54/call-CpgPileup/HG00558.hap1.bed.gz.tbi	gs://fc-fd42e80c-b41e-4e60-a9cf-b7c0ade168c4/submissions/a1e9b9ce-0d67-4d42-b107-b9821f44dd60/MethylationProfiling/635a0d90-a969-4dee-885e-69e7dc005f54/call-CpgPileup/HG00558.hap2.bed.gz	gs://fc-fd42e80c-b41e-4e60-a9cf-b7c0ade168c4/submissions/a1e9b9ce-0d67-4d42-b107-b9821f44dd60/MethylationProfiling/635a0d90-a969-4dee-885e-69e7dc005f54/call-CpgPileup/HG00558.hap2.bed.gz.tbi
HG00597	gs://fc-fd42e80c-b41e-4e60-a9cf-b7c0ade168c4/submissions/a1e9b9ce-0d67-4d42-b107-b9821f44dd60/MethylationProfiling/4735a94c-0fdd-44aa-9fa3-636e7098a9da/call-CpgPileup/HG00597.hap1.bed.gz	gs://fc-fd42e80c-b41e-4e60-a9cf-b7c0ade168c4/submissions/a1e9b9ce-0d67-4d42-b107-b9821f44dd60/MethylationProfiling/4735a94c-0fdd-44aa-9fa3-636e7098a9da/call-CpgPileup/HG00597.hap1.bed.gz.tbi	gs://fc-fd42e80c-b41e-4e60-a9cf-b7c0ade168c4/submissions/a1e9b9ce-0d67-4d42-b107-b9821f44dd60/MethylationProfiling/4735a94c-0fdd-44aa-9fa3-636e7098a9da/call-CpgPileup/HG00597.hap2.bed.gz	gs://fc-fd42e80c-b41e-4e60-a9cf-b7c0ade168c4/submissions/a1e9b9ce-0d67-4d42-b107-b9821f44dd60/MethylationProfiling/4735a94c-0fdd-44aa-9fa3-636e7098a9da/call-CpgPileup/HG00597.hap2.bed.gz.tbi
HG00609	gs://fc-fd42e80c-b41e-4e60-a9cf-b7c0ade168c4/submissions/a1e9b9ce-0d67-4d42-b107-b9821f44dd60/MethylationProfiling/3eea5dc0-5068-4995-87f7-3985e29fb6f5/call-CpgPileup/HG00609.hap1.bed.gz	gs://fc-fd42e80c-b41e-4e60-a9cf-b7c0ade168c4/submissions/a1e9b9ce-0d67-4d42-b107-b9821f44dd60/MethylationProfiling/3eea5dc0-5068-4995-87f7-3985e29fb6f5/call-CpgPileup/HG00609.hap1.bed.gz.tbi	gs://fc-fd42e80c-b41e-4e60-a9cf-b7c0ade168c4/submissions/a1e9b9ce-0d67-4d42-b107-b9821f44dd60/MethylationProfiling/3eea5dc0-5068-4995-87f7-3985e29fb6f5/call-CpgPileup/HG00609.hap2.bed.gz	gs://fc-fd42e80c-b41e-4e60-a9cf-b7c0ade168c4/submissions/a1e9b9ce-0d67-4d42-b107-b9821f44dd60/MethylationProfiling/3eea5dc0-5068-4995-87f7-3985e29fb6f5/call-CpgPileup/HG00609.hap2.bed.gz.tbi
HG00621	gs://fc-fd42e80c-b41e-4e60-a9cf-b7c0ade168c4/submissions/a1e9b9ce-0d67-4d42-b107-b9821f44dd60/MethylationProfiling/85bf3536-578a-47f6-a5c1-5ec55ebdb794/call-CpgPileup/HG00621.hap1.bed.gz	gs://fc-fd42e80c-b41e-4e60-a9cf-b7c0ade168c4/submissions/a1e9b9ce-0d67-4d42-b107-b9821f44dd60/MethylationProfiling/85bf3536-578a-47f6-a5c1-5ec55ebdb794/call-CpgPileup/HG00621.hap1.bed.gz.tbi	gs://fc-fd42e80c-b41e-4e60-a9cf-b7c0ade168c4/submissions/a1e9b9ce-0d67-4d42-b107-b9821f44dd60/MethylationProfiling/85bf3536-578a-47f6-a5c1-5ec55ebdb794/call-CpgPileup/HG00621.hap2.bed.gz	gs://fc-fd42e80c-b41e-4e60-a9cf-b7c0ade168c4/submissions/a1e9b9ce-0d67-4d42-b107-b9821f44dd60/MethylationProfiling/85bf3536-578a-47f6-a5c1-5ec55ebdb794/call-CpgPileup/HG00621.hap2.bed.gz.tbi
HG00639	gs://fc-fd42e80c-b41e-4e60-a9cf-b7c0ade168c4/submissions/a1e9b9ce-0d67-4d42-b107-b9821f44dd60/MethylationProfiling/efd14e6d-60c6-4b2f-b133-b2e9cdc642b8/call-CpgPileup/HG00639.hap1.bed.gz	gs://fc-fd42e80c-b41e-4e60-a9cf-b7c0ade168c4/submissions/a1e9b9ce-0d67-4d42-b107-b9821f44dd60/MethylationProfiling/efd14e6d-60c6-4b2f-b133-b2e9cdc642b8/call-CpgPileup/HG00639.hap1.bed.gz.tbi	gs://fc-fd42e80c-b41e-4e60-a9cf-b7c0ade168c4/submissions/a1e9b9ce-0d67-4d42-b107-b9821f44dd60/MethylationProfiling/efd14e6d-60c6-4b2f-b133-b2e9cdc642b8/call-CpgPileup/HG00639.hap2.bed.gz	gs://fc-fd42e80c-b41e-4e60-a9cf-b7c0ade168c4/submissions/a1e9b9ce-0d67-4d42-b107-b9821f44dd60/MethylationProfiling/efd14e6d-60c6-4b2f-b133-b2e9cdc642b8/call-CpgPileup/HG00639.hap2.bed.gz.tbi
HG00642	gs://fc-fd42e80c-b41e-4e60-a9cf-b7c0ade168c4/submissions/a1e9b9ce-0d67-4d42-b107-b9821f44dd60/MethylationProfiling/0976adab-15be-4cf3-b32b-6750e9a8154b/call-CpgPileup/HG00642.hap1.bed.gz	gs://fc-fd42e80c-b41e-4e60-a9cf-b7c0ade168c4/submissions/a1e9b9ce-0d67-4d42-b107-b9821f44dd60/MethylationProfiling/0976adab-15be-4cf3-b32b-6750e9a8154b/call-CpgPileup/HG00642.hap1.bed.gz.tbi	gs://fc-fd42e80c-b41e-4e60-a9cf-b7c0ade168c4/submissions/a1e9b9ce-0d67-4d42-b107-b9821f44dd60/MethylationProfiling/0976adab-15be-4cf3-b32b-6750e9a8154b/call-CpgPileup/HG00642.hap2.bed.gz	gs://fc-fd42e80c-b41e-4e60-a9cf-b7c0ade168c4/submissions/a1e9b9ce-0d67-4d42-b107-b9821f44dd60/MethylationProfiling/0976adab-15be-4cf3-b32b-6750e9a8154b/call-CpgPileup/HG00642.hap2.bed.gz.tbi
HG00658	gs://fc-fd42e80c-b41e-4e60-a9cf-b7c0ade168c4/submissions/a1e9b9ce-0d67-4d42-b107-b9821f44dd60/MethylationProfiling/1354ccd3-6e18-4c75-8d69-d8c2ff8d305e/call-CpgPileup/HG00658.hap1.bed.gz	gs://fc-fd42e80c-b41e-4e60-a9cf-b7c0ade168c4/submissions/a1e9b9ce-0d67-4d42-b107-b9821f44dd60/MethylationProfiling/1354ccd3-6e18-4c75-8d69-d8c2ff8d305e/call-CpgPileup/HG00658.hap1.bed.gz.tbi	gs://fc-fd42e80c-b41e-4e60-a9cf-b7c0ade168c4/submissions/a1e9b9ce-0d67-4d42-b107-b9821f44dd60/MethylationProfiling/1354ccd3-6e18-4c75-8d69-d8c2ff8d305e/call-CpgPileup/HG00658.hap2.bed.gz	gs://fc-fd42e80c-b41e-4e60-a9cf-b7c0ade168c4/submissions/a1e9b9ce-0d67-4d42-b107-b9821f44dd60/MethylationProfiling/1354ccd3-6e18-4c75-8d69-d8c2ff8d305e/call-CpgPileup/HG00658.hap2.bed.gz.tbi
HG00673	gs://fc-fd42e80c-b41e-4e60-a9cf-b7c0ade168c4/submissions/a1e9b9ce-0d67-4d42-b107-b9821f44dd60/MethylationProfiling/2b791803-f246-4ab2-8571-34899833acdc/call-CpgPileup/HG00673.hap1.bed.gz	gs://fc-fd42e80c-b41e-4e60-a9cf-b7c0ade168c4/submissions/a1e9b9ce-0d67-4d42-b107-b9821f44dd60/MethylationProfiling/2b791803-f246-4ab2-8571-34899833acdc/call-CpgPileup/HG00673.hap1.bed.gz.tbi	gs://fc-fd42e80c-b41e-4e60-a9cf-b7c0ade168c4/submissions/a1e9b9ce-0d67-4d42-b107-b9821f44dd60/MethylationProfiling/2b791803-f246-4ab2-8571-34899833acdc/call-CpgPileup/HG00673.hap2.bed.gz	gs://fc-fd42e80c-b41e-4e60-a9cf-b7c0ade168c4/submissions/a1e9b9ce-0d67-4d42-b107-b9821f44dd60/MethylationProfiling/2b791803-f246-4ab2-8571-34899833acdc/call-CpgPileup/HG00673.hap2.bed.gz.tbi
HG00706	gs://fc-fd42e80c-b41e-4e60-a9cf-b7c0ade168c4/submissions/a1e9b9ce-0d67-4d42-b107-b9821f44dd60/MethylationProfiling/289b103b-6943-424e-9b12-cd0b4a4f5f3b/call-CpgPileup/HG00706.hap1.bed.gz	gs://fc-fd42e80c-b41e-4e60-a9cf-b7c0ade168c4/submissions/a1e9b9ce-0d67-4d42-b107-b9821f44dd60/MethylationProfiling/289b103b-6943-424e-9b12-cd0b4a4f5f3b/call-CpgPileup/HG00706.hap1.bed.gz.tbi	gs://fc-fd42e80c-b41e-4e60-a9cf-b7c0ade168c4/submissions/a1e9b9ce-0d67-4d42-b107-b9821f44dd60/MethylationProfiling/289b103b-6943-424e-9b12-cd0b4a4f5f3b/call-CpgPileup/HG00706.hap2.bed.gz	gs://fc-fd42e80c-b41e-4e60-a9cf-b7c0ade168c4/submissions/a1e9b9ce-0d67-4d42-b107-b9821f44dd60/MethylationProfiling/289b103b-6943-424e-9b12-cd0b4a4f5f3b/call-CpgPileup/HG00706.hap2.bed.gz.tbi
HG00733	gs://fc-fd42e80c-b41e-4e60-a9cf-b7c0ade168c4/submissions/340b42e2-804b-4cd6-9039-71c032ef2330/MethylationProfiling/585be854-fc10-4f2a-ab21-640068c517ea/call-CpgPileup/HG00733.hap1.bed.gz	gs://fc-fd42e80c-b41e-4e60-a9cf-b7c0ade168c4/submissions/340b42e2-804b-4cd6-9039-71c032ef2330/MethylationProfiling/585be854-fc10-4f2a-ab21-640068c517ea/call-CpgPileup/HG00733.hap1.bed.gz.tbi	gs://fc-fd42e80c-b41e-4e60-a9cf-b7c0ade168c4/submissions/340b42e2-804b-4cd6-9039-71c032ef2330/MethylationProfiling/585be854-fc10-4f2a-ab21-640068c517ea/call-CpgPileup/HG00733.hap2.bed.gz	gs://fc-fd42e80c-b41e-4e60-a9cf-b7c0ade168c4/submissions/340b42e2-804b-4cd6-9039-71c032ef2330/MethylationProfiling/585be854-fc10-4f2a-ab21-640068c517ea/call-CpgPileup/HG00733.hap2.bed.gz.tbi
HG00735	gs://fc-fd42e80c-b41e-4e60-a9cf-b7c0ade168c4/submissions/f0ab26b0-d66f-45be-8322-24218670bc4d/MethylationProfiling/85839368-131e-42a2-9484-ad6723659930/call-CpgPileup/HG00735.hap1.bed.gz	gs://fc-fd42e80c-b41e-4e60-a9cf-b7c0ade168c4/submissions/f0ab26b0-d66f-45be-8322-24218670bc4d/MethylationProfiling/85839368-131e-42a2-9484-ad6723659930/call-CpgPileup/HG00735.hap1.bed.gz.tbi	gs://fc-fd42e80c-b41e-4e60-a9cf-b7c0ade168c4/submissions/f0ab26b0-d66f-45be-8322-24218670bc4d/MethylationProfiling/85839368-131e-42a2-9484-ad6723659930/call-CpgPileup/HG00735.hap2.bed.gz	gs://fc-fd42e80c-b41e-4e60-a9cf-b7c0ade168c4/submissions/f0ab26b0-d66f-45be-8322-24218670bc4d/MethylationProfiling/85839368-131e-42a2-9484-ad6723659930/call-CpgPileup/HG00735.hap2.bed.gz.tbi
HG00738	gs://fc-fd42e80c-b41e-4e60-a9cf-b7c0ade168c4/submissions/569a9e19-4a00-4d9c-98ff-6de0000f6e8f/MethylationProfiling/8730e1fd-9d74-4597-916d-024b28ce0908/call-CpgPileup/attempt-2/HG00738.hap1.bed.gz	gs://fc-fd42e80c-b41e-4e60-a9cf-b7c0ade168c4/submissions/569a9e19-4a00-4d9c-98ff-6de0000f6e8f/MethylationProfiling/8730e1fd-9d74-4597-916d-024b28ce0908/call-CpgPileup/attempt-2/HG00738.hap1.bed.gz.tbi	gs://fc-fd42e80c-b41e-4e60-a9cf-b7c0ade168c4/submissions/569a9e19-4a00-4d9c-98ff-6de0000f6e8f/MethylationProfiling/8730e1fd-9d74-4597-916d-024b28ce0908/call-CpgPileup/attempt-2/HG00738.hap2.bed.gz	gs://fc-fd42e80c-b41e-4e60-a9cf-b7c0ade168c4/submissions/569a9e19-4a00-4d9c-98ff-6de0000f6e8f/MethylationProfiling/8730e1fd-9d74-4597-916d-024b28ce0908/call-CpgPileup/attempt-2/HG00738.hap2.bed.gz.tbi
HG00741	gs://fc-fd42e80c-b41e-4e60-a9cf-b7c0ade168c4/submissions/a1e9b9ce-0d67-4d42-b107-b9821f44dd60/MethylationProfiling/dc04b209-0d2e-4d4f-9a30-9b20fe9e0012/call-CpgPileup/attempt-2/HG00741.hap1.bed.gz	gs://fc-fd42e80c-b41e-4e60-a9cf-b7c0ade168c4/submissions/a1e9b9ce-0d67-4d42-b107-b9821f44dd60/MethylationProfiling/dc04b209-0d2e-4d4f-9a30-9b20fe9e0012/call-CpgPileup/attempt-2/HG00741.hap1.bed.gz.tbi	gs://fc-fd42e80c-b41e-4e60-a9cf-b7c0ade168c4/submissions/a1e9b9ce-0d67-4d42-b107-b9821f44dd60/MethylationProfiling/dc04b209-0d2e-4d4f-9a30-9b20fe9e0012/call-CpgPileup/attempt-2/HG00741.hap2.bed.gz	gs://fc-fd42e80c-b41e-4e60-a9cf-b7c0ade168c4/submissions/a1e9b9ce-0d67-4d42-b107-b9821f44dd60/MethylationProfiling/dc04b209-0d2e-4d4f-9a30-9b20fe9e0012/call-CpgPileup/attempt-2/HG00741.hap2.bed.gz.tbi
HG01071	gs://fc-fd42e80c-b41e-4e60-a9cf-b7c0ade168c4/submissions/a1e9b9ce-0d67-4d42-b107-b9821f44dd60/MethylationProfiling/b626615a-2a11-49e2-8436-fb26ed5a0ac2/call-CpgPileup/HG01071.hap1.bed.gz	gs://fc-fd42e80c-b41e-4e60-a9cf-b7c0ade168c4/submissions/a1e9b9ce-0d67-4d42-b107-b9821f44dd60/MethylationProfiling/b626615a-2a11-49e2-8436-fb26ed5a0ac2/call-CpgPileup/HG01071.hap1.bed.gz.tbi	gs://fc-fd42e80c-b41e-4e60-a9cf-b7c0ade168c4/submissions/a1e9b9ce-0d67-4d42-b107-b9821f44dd60/MethylationProfiling/b626615a-2a11-49e2-8436-fb26ed5a0ac2/call-CpgPileup/HG01071.hap2.bed.gz	gs://fc-fd42e80c-b41e-4e60-a9cf-b7c0ade168c4/submissions/a1e9b9ce-0d67-4d42-b107-b9821f44dd60/MethylationProfiling/b626615a-2a11-49e2-8436-fb26ed5a0ac2/call-CpgPileup/HG01071.hap2.bed.gz.tbi
HG01074	gs://fc-fd42e80c-b41e-4e60-a9cf-b7c0ade168c4/submissions/a1e9b9ce-0d67-4d42-b107-b9821f44dd60/MethylationProfiling/765c0e07-ca79-4548-977a-1a92ed6a61b1/call-CpgPileup/HG01074.hap1.bed.gz	gs://fc-fd42e80c-b41e-4e60-a9cf-b7c0ade168c4/submissions/a1e9b9ce-0d67-4d42-b107-b9821f44dd60/MethylationProfiling/765c0e07-ca79-4548-977a-1a92ed6a61b1/call-CpgPileup/HG01074.hap1.bed.gz.tbi	gs://fc-fd42e80c-b41e-4e60-a9cf-b7c0ade168c4/submissions/a1e9b9ce-0d67-4d42-b107-b9821f44dd60/MethylationProfiling/765c0e07-ca79-4548-977a-1a92ed6a61b1/call-CpgPileup/HG01074.hap2.bed.gz	gs://fc-fd42e80c-b41e-4e60-a9cf-b7c0ade168c4/submissions/a1e9b9ce-0d67-4d42-b107-b9821f44dd60/MethylationProfiling/765c0e07-ca79-4548-977a-1a92ed6a61b1/call-CpgPileup/HG01074.hap2.bed.gz.tbi
HG01081	gs://fc-fd42e80c-b41e-4e60-a9cf-b7c0ade168c4/submissions/a1e9b9ce-0d67-4d42-b107-b9821f44dd60/MethylationProfiling/b153769d-433f-46cf-bb9a-b7af79911b24/call-CpgPileup/attempt-2/HG01081.hap1.bed.gz	gs://fc-fd42e80c-b41e-4e60-a9cf-b7c0ade168c4/submissions/a1e9b9ce-0d67-4d42-b107-b9821f44dd60/MethylationProfiling/b153769d-433f-46cf-bb9a-b7af79911b24/call-CpgPileup/attempt-2/HG01081.hap1.bed.gz.tbi	gs://fc-fd42e80c-b41e-4e60-a9cf-b7c0ade168c4/submissions/a1e9b9ce-0d67-4d42-b107-b9821f44dd60/MethylationProfiling/b153769d-433f-46cf-bb9a-b7af79911b24/call-CpgPileup/attempt-2/HG01081.hap2.bed.gz	gs://fc-fd42e80c-b41e-4e60-a9cf-b7c0ade168c4/submissions/a1e9b9ce-0d67-4d42-b107-b9821f44dd60/MethylationProfiling/b153769d-433f-46cf-bb9a-b7af79911b24/call-CpgPileup/attempt-2/HG01081.hap2.bed.gz.tbi
HG01099	gs://fc-fd42e80c-b41e-4e60-a9cf-b7c0ade168c4/submissions/a1e9b9ce-0d67-4d42-b107-b9821f44dd60/MethylationProfiling/a6bcabab-4dfb-4eba-9bcb-4cf03d76d8fc/call-CpgPileup/HG01099.hap1.bed.gz	gs://fc-fd42e80c-b41e-4e60-a9cf-b7c0ade168c4/submissions/a1e9b9ce-0d67-4d42-b107-b9821f44dd60/MethylationProfiling/a6bcabab-4dfb-4eba-9bcb-4cf03d76d8fc/call-CpgPileup/HG01099.hap1.bed.gz.tbi	gs://fc-fd42e80c-b41e-4e60-a9cf-b7c0ade168c4/submissions/a1e9b9ce-0d67-4d42-b107-b9821f44dd60/MethylationProfiling/a6bcabab-4dfb-4eba-9bcb-4cf03d76d8fc/call-CpgPileup/HG01099.hap2.bed.gz	gs://fc-fd42e80c-b41e-4e60-a9cf-b7c0ade168c4/submissions/a1e9b9ce-0d67-4d42-b107-b9821f44dd60/MethylationProfiling/a6bcabab-4dfb-4eba-9bcb-4cf03d76d8fc/call-CpgPileup/HG01099.hap2.bed.gz.tbi
HG01106	gs://fc-fd42e80c-b41e-4e60-a9cf-b7c0ade168c4/submissions/f0ab26b0-d66f-45be-8322-24218670bc4d/MethylationProfiling/62b698b1-d5ea-469f-bd92-4ba26a74d65f/call-CpgPileup/attempt-2/HG01106.hap1.bed.gz	gs://fc-fd42e80c-b41e-4e60-a9cf-b7c0ade168c4/submissions/f0ab26b0-d66f-45be-8322-24218670bc4d/MethylationProfiling/62b698b1-d5ea-469f-bd92-4ba26a74d65f/call-CpgPileup/attempt-2/HG01106.hap1.bed.gz.tbi	gs://fc-fd42e80c-b41e-4e60-a9cf-b7c0ade168c4/submissions/f0ab26b0-d66f-45be-8322-24218670bc4d/MethylationProfiling/62b698b1-d5ea-469f-bd92-4ba26a74d65f/call-CpgPileup/attempt-2/HG01106.hap2.bed.gz	gs://fc-fd42e80c-b41e-4e60-a9cf-b7c0ade168c4/submissions/f0ab26b0-d66f-45be-8322-24218670bc4d/MethylationProfiling/62b698b1-d5ea-469f-bd92-4ba26a74d65f/call-CpgPileup/attempt-2/HG01106.hap2.bed.gz.tbi
HG01109	gs://fc-fd42e80c-b41e-4e60-a9cf-b7c0ade168c4/submissions/f0ab26b0-d66f-45be-8322-24218670bc4d/MethylationProfiling/4c93d1ec-e7bb-4ee3-a104-938f536b42b0/call-CpgPileup/HG01109.hap1.bed.gz	gs://fc-fd42e80c-b41e-4e60-a9cf-b7c0ade168c4/submissions/f0ab26b0-d66f-45be-8322-24218670bc4d/MethylationProfiling/4c93d1ec-e7bb-4ee3-a104-938f536b42b0/call-CpgPileup/HG01109.hap1.bed.gz.tbi	gs://fc-fd42e80c-b41e-4e60-a9cf-b7c0ade168c4/submissions/f0ab26b0-d66f-45be-8322-24218670bc4d/MethylationProfiling/4c93d1ec-e7bb-4ee3-a104-938f536b42b0/call-CpgPileup/HG01109.hap2.bed.gz	gs://fc-fd42e80c-b41e-4e60-a9cf-b7c0ade168c4/submissions/f0ab26b0-d66f-45be-8322-24218670bc4d/MethylationProfiling/4c93d1ec-e7bb-4ee3-a104-938f536b42b0/call-CpgPileup/HG01109.hap2.bed.gz.tbi
HG01123	gs://fc-fd42e80c-b41e-4e60-a9cf-b7c0ade168c4/submissions/a1e9b9ce-0d67-4d42-b107-b9821f44dd60/MethylationProfiling/68f68e6d-3d6a-40a0-8031-0156fd124dbf/call-CpgPileup/HG01123.hap1.bed.gz	gs://fc-fd42e80c-b41e-4e60-a9cf-b7c0ade168c4/submissions/a1e9b9ce-0d67-4d42-b107-b9821f44dd60/MethylationProfiling/68f68e6d-3d6a-40a0-8031-0156fd124dbf/call-CpgPileup/HG01123.hap1.bed.gz.tbi	gs://fc-fd42e80c-b41e-4e60-a9cf-b7c0ade168c4/submissions/a1e9b9ce-0d67-4d42-b107-b9821f44dd60/MethylationProfiling/68f68e6d-3d6a-40a0-8031-0156fd124dbf/call-CpgPileup/HG01123.hap2.bed.gz	gs://fc-fd42e80c-b41e-4e60-a9cf-b7c0ade168c4/submissions/a1e9b9ce-0d67-4d42-b107-b9821f44dd60/MethylationProfiling/68f68e6d-3d6a-40a0-8031-0156fd124dbf/call-CpgPileup/HG01123.hap2.bed.gz.tbi
HG01150	gs://fc-fd42e80c-b41e-4e60-a9cf-b7c0ade168c4/submissions/a1e9b9ce-0d67-4d42-b107-b9821f44dd60/MethylationProfiling/81dc365e-c242-49dc-a01c-8ab8ad4ae07f/call-CpgPileup/HG01150.hap1.bed.gz	gs://fc-fd42e80c-b41e-4e60-a9cf-b7c0ade168c4/submissions/a1e9b9ce-0d67-4d42-b107-b9821f44dd60/MethylationProfiling/81dc365e-c242-49dc-a01c-8ab8ad4ae07f/call-CpgPileup/HG01150.hap1.bed.gz.tbi	gs://fc-fd42e80c-b41e-4e60-a9cf-b7c0ade168c4/submissions/a1e9b9ce-0d67-4d42-b107-b9821f44dd60/MethylationProfiling/81dc365e-c242-49dc-a01c-8ab8ad4ae07f/call-CpgPileup/HG01150.hap2.bed.gz	gs://fc-fd42e80c-b41e-4e60-a9cf-b7c0ade168c4/submissions/a1e9b9ce-0d67-4d42-b107-b9821f44dd60/MethylationProfiling/81dc365e-c242-49dc-a01c-8ab8ad4ae07f/call-CpgPileup/HG01150.hap2.bed.gz.tbi
HG01167	gs://fc-fd42e80c-b41e-4e60-a9cf-b7c0ade168c4/submissions/a1e9b9ce-0d67-4d42-b107-b9821f44dd60/MethylationProfiling/190b2e4b-a2b7-40a8-bd06-d5cb87f28f41/call-CpgPileup/HG01167.hap1.bed.gz	gs://fc-fd42e80c-b41e-4e60-a9cf-b7c0ade168c4/submissions/a1e9b9ce-0d67-4d42-b107-b9821f44dd60/MethylationProfiling/190b2e4b-a2b7-40a8-bd06-d5cb87f28f41/call-CpgPileup/HG01167.hap1.bed.gz.tbi	gs://fc-fd42e80c-b41e-4e60-a9cf-b7c0ade168c4/submissions/a1e9b9ce-0d67-4d42-b107-b9821f44dd60/MethylationProfiling/190b2e4b-a2b7-40a8-bd06-d5cb87f28f41/call-CpgPileup/HG01167.hap2.bed.gz	gs://fc-fd42e80c-b41e-4e60-a9cf-b7c0ade168c4/submissions/a1e9b9ce-0d67-4d42-b107-b9821f44dd60/MethylationProfiling/190b2e4b-a2b7-40a8-bd06-d5cb87f28f41/call-CpgPileup/HG01167.hap2.bed.gz.tbi
HG01175	gs://fc-fd42e80c-b41e-4e60-a9cf-b7c0ade168c4/submissions/a1e9b9ce-0d67-4d42-b107-b9821f44dd60/MethylationProfiling/94b7ea27-9b80-4b65-850f-65e0f824fab0/call-CpgPileup/HG01175.hap1.bed.gz	gs://fc-fd42e80c-b41e-4e60-a9cf-b7c0ade168c4/submissions/a1e9b9ce-0d67-4d42-b107-b9821f44dd60/MethylationProfiling/94b7ea27-9b80-4b65-850f-65e0f824fab0/call-CpgPileup/HG01175.hap1.bed.gz.tbi	gs://fc-fd42e80c-b41e-4e60-a9cf-b7c0ade168c4/submissions/a1e9b9ce-0d67-4d42-b107-b9821f44dd60/MethylationProfiling/94b7ea27-9b80-4b65-850f-65e0f824fab0/call-CpgPileup/HG01175.hap2.bed.gz	gs://fc-fd42e80c-b41e-4e60-a9cf-b7c0ade168c4/submissions/a1e9b9ce-0d67-4d42-b107-b9821f44dd60/MethylationProfiling/94b7ea27-9b80-4b65-850f-65e0f824fab0/call-CpgPileup/HG01175.hap2.bed.gz.tbi
HG01192	gs://fc-fd42e80c-b41e-4e60-a9cf-b7c0ade168c4/submissions/a1e9b9ce-0d67-4d42-b107-b9821f44dd60/MethylationProfiling/459d9336-195f-4db0-bf87-5e9475ca316e/call-CpgPileup/attempt-3/HG01192.hap1.bed.gz	gs://fc-fd42e80c-b41e-4e60-a9cf-b7c0ade168c4/submissions/a1e9b9ce-0d67-4d42-b107-b9821f44dd60/MethylationProfiling/459d9336-195f-4db0-bf87-5e9475ca316e/call-CpgPileup/attempt-3/HG01192.hap1.bed.gz.tbi	gs://fc-fd42e80c-b41e-4e60-a9cf-b7c0ade168c4/submissions/a1e9b9ce-0d67-4d42-b107-b9821f44dd60/MethylationProfiling/459d9336-195f-4db0-bf87-5e9475ca316e/call-CpgPileup/attempt-3/HG01192.hap2.bed.gz	gs://fc-fd42e80c-b41e-4e60-a9cf-b7c0ade168c4/submissions/a1e9b9ce-0d67-4d42-b107-b9821f44dd60/MethylationProfiling/459d9336-195f-4db0-bf87-5e9475ca316e/call-CpgPileup/attempt-3/HG01192.hap2.bed.gz.tbi
HG01243	gs://fc-fd42e80c-b41e-4e60-a9cf-b7c0ade168c4/submissions/a1e9b9ce-0d67-4d42-b107-b9821f44dd60/MethylationProfiling/0ced1355-9fde-4776-922a-d466d4e5b56d/call-CpgPileup/attempt-3/HG01243.hap1.bed.gz	gs://fc-fd42e80c-b41e-4e60-a9cf-b7c0ade168c4/submissions/a1e9b9ce-0d67-4d42-b107-b9821f44dd60/MethylationProfiling/0ced1355-9fde-4776-922a-d466d4e5b56d/call-CpgPileup/attempt-3/HG01243.hap1.bed.gz.tbi	gs://fc-fd42e80c-b41e-4e60-a9cf-b7c0ade168c4/submissions/a1e9b9ce-0d67-4d42-b107-b9821f44dd60/MethylationProfiling/0ced1355-9fde-4776-922a-d466d4e5b56d/call-CpgPileup/attempt-3/HG01243.hap2.bed.gz	gs://fc-fd42e80c-b41e-4e60-a9cf-b7c0ade168c4/submissions/a1e9b9ce-0d67-4d42-b107-b9821f44dd60/MethylationProfiling/0ced1355-9fde-4776-922a-d466d4e5b56d/call-CpgPileup/attempt-3/HG01243.hap2.bed.gz.tbi
HG01252	gs://fc-fd42e80c-b41e-4e60-a9cf-b7c0ade168c4/submissions/a1e9b9ce-0d67-4d42-b107-b9821f44dd60/MethylationProfiling/022c9991-fb6e-409c-a96f-ab0a5807d68b/call-CpgPileup/HG01252.hap1.bed.gz	gs://fc-fd42e80c-b41e-4e60-a9cf-b7c0ade168c4/submissions/a1e9b9ce-0d67-4d42-b107-b9821f44dd60/MethylationProfiling/022c9991-fb6e-409c-a96f-ab0a5807d68b/call-CpgPileup/HG01252.hap1.bed.gz.tbi	gs://fc-fd42e80c-b41e-4e60-a9cf-b7c0ade168c4/submissions/a1e9b9ce-0d67-4d42-b107-b9821f44dd60/MethylationProfiling/022c9991-fb6e-409c-a96f-ab0a5807d68b/call-CpgPileup/HG01252.hap2.bed.gz	gs://fc-fd42e80c-b41e-4e60-a9cf-b7c0ade168c4/submissions/a1e9b9ce-0d67-4d42-b107-b9821f44dd60/MethylationProfiling/022c9991-fb6e-409c-a96f-ab0a5807d68b/call-CpgPileup/HG01252.hap2.bed.gz.tbi
HG01255	gs://fc-fd42e80c-b41e-4e60-a9cf-b7c0ade168c4/submissions/a1e9b9ce-0d67-4d42-b107-b9821f44dd60/MethylationProfiling/216e741e-4d5c-406c-ad6d-4b46ce8ecf74/call-CpgPileup/HG01255.hap1.bed.gz	gs://fc-fd42e80c-b41e-4e60-a9cf-b7c0ade168c4/submissions/a1e9b9ce-0d67-4d42-b107-b9821f44dd60/MethylationProfiling/216e741e-4d5c-406c-ad6d-4b46ce8ecf74/call-CpgPileup/HG01255.hap1.bed.gz.tbi	gs://fc-fd42e80c-b41e-4e60-a9cf-b7c0ade168c4/submissions/a1e9b9ce-0d67-4d42-b107-b9821f44dd60/MethylationProfiling/216e741e-4d5c-406c-ad6d-4b46ce8ecf74/call-CpgPileup/HG01255.hap2.bed.gz	gs://fc-fd42e80c-b41e-4e60-a9cf-b7c0ade168c4/submissions/a1e9b9ce-0d67-4d42-b107-b9821f44dd60/MethylationProfiling/216e741e-4d5c-406c-ad6d-4b46ce8ecf74/call-CpgPileup/HG01255.hap2.bed.gz.tbi
HG01258	gs://fc-fd42e80c-b41e-4e60-a9cf-b7c0ade168c4/submissions/a1e9b9ce-0d67-4d42-b107-b9821f44dd60/MethylationProfiling/a6512f93-a916-48f9-ab9d-8b6066d544b0/call-CpgPileup/HG01258.hap1.bed.gz	gs://fc-fd42e80c-b41e-4e60-a9cf-b7c0ade168c4/submissions/a1e9b9ce-0d67-4d42-b107-b9821f44dd60/MethylationProfiling/a6512f93-a916-48f9-ab9d-8b6066d544b0/call-CpgPileup/HG01258.hap1.bed.gz.tbi	gs://fc-fd42e80c-b41e-4e60-a9cf-b7c0ade168c4/submissions/a1e9b9ce-0d67-4d42-b107-b9821f44dd60/MethylationProfiling/a6512f93-a916-48f9-ab9d-8b6066d544b0/call-CpgPileup/HG01258.hap2.bed.gz	gs://fc-fd42e80c-b41e-4e60-a9cf-b7c0ade168c4/submissions/a1e9b9ce-0d67-4d42-b107-b9821f44dd60/MethylationProfiling/a6512f93-a916-48f9-ab9d-8b6066d544b0/call-CpgPileup/HG01258.hap2.bed.gz.tbi
HG01261	gs://fc-fd42e80c-b41e-4e60-a9cf-b7c0ade168c4/submissions/a1e9b9ce-0d67-4d42-b107-b9821f44dd60/MethylationProfiling/38796caf-e998-4775-84c2-f3f567b932bf/call-CpgPileup/HG01261.hap1.bed.gz	gs://fc-fd42e80c-b41e-4e60-a9cf-b7c0ade168c4/submissions/a1e9b9ce-0d67-4d42-b107-b9821f44dd60/MethylationProfiling/38796caf-e998-4775-84c2-f3f567b932bf/call-CpgPileup/HG01261.hap1.bed.gz.tbi	gs://fc-fd42e80c-b41e-4e60-a9cf-b7c0ade168c4/submissions/a1e9b9ce-0d67-4d42-b107-b9821f44dd60/MethylationProfiling/38796caf-e998-4775-84c2-f3f567b932bf/call-CpgPileup/HG01261.hap2.bed.gz	gs://fc-fd42e80c-b41e-4e60-a9cf-b7c0ade168c4/submissions/a1e9b9ce-0d67-4d42-b107-b9821f44dd60/MethylationProfiling/38796caf-e998-4775-84c2-f3f567b932bf/call-CpgPileup/HG01261.hap2.bed.gz.tbi
HG01346	gs://fc-fd42e80c-b41e-4e60-a9cf-b7c0ade168c4/submissions/a1e9b9ce-0d67-4d42-b107-b9821f44dd60/MethylationProfiling/2771b851-50f2-41f2-878a-a5fc019e6606/call-CpgPileup/HG01346.hap1.bed.gz	gs://fc-fd42e80c-b41e-4e60-a9cf-b7c0ade168c4/submissions/a1e9b9ce-0d67-4d42-b107-b9821f44dd60/MethylationProfiling/2771b851-50f2-41f2-878a-a5fc019e6606/call-CpgPileup/HG01346.hap1.bed.gz.tbi	gs://fc-fd42e80c-b41e-4e60-a9cf-b7c0ade168c4/submissions/a1e9b9ce-0d67-4d42-b107-b9821f44dd60/MethylationProfiling/2771b851-50f2-41f2-878a-a5fc019e6606/call-CpgPileup/HG01346.hap2.bed.gz	gs://fc-fd42e80c-b41e-4e60-a9cf-b7c0ade168c4/submissions/a1e9b9ce-0d67-4d42-b107-b9821f44dd60/MethylationProfiling/2771b851-50f2-41f2-878a-a5fc019e6606/call-CpgPileup/HG01346.hap2.bed.gz.tbi
HG01358	gs://fc-fd42e80c-b41e-4e60-a9cf-b7c0ade168c4/submissions/a1e9b9ce-0d67-4d42-b107-b9821f44dd60/MethylationProfiling/77e136fa-c7d8-48c6-8137-f99e72d79811/call-CpgPileup/HG01358.hap1.bed.gz	gs://fc-fd42e80c-b41e-4e60-a9cf-b7c0ade168c4/submissions/a1e9b9ce-0d67-4d42-b107-b9821f44dd60/MethylationProfiling/77e136fa-c7d8-48c6-8137-f99e72d79811/call-CpgPileup/HG01358.hap1.bed.gz.tbi	gs://fc-fd42e80c-b41e-4e60-a9cf-b7c0ade168c4/submissions/a1e9b9ce-0d67-4d42-b107-b9821f44dd60/MethylationProfiling/77e136fa-c7d8-48c6-8137-f99e72d79811/call-CpgPileup/HG01358.hap2.bed.gz	gs://fc-fd42e80c-b41e-4e60-a9cf-b7c0ade168c4/submissions/a1e9b9ce-0d67-4d42-b107-b9821f44dd60/MethylationProfiling/77e136fa-c7d8-48c6-8137-f99e72d79811/call-CpgPileup/HG01358.hap2.bed.gz.tbi
HG01361	gs://fc-fd42e80c-b41e-4e60-a9cf-b7c0ade168c4/submissions/f0ab26b0-d66f-45be-8322-24218670bc4d/MethylationProfiling/30ba1a1c-9411-4407-bdc0-750ca7838525/call-CpgPileup/attempt-2/HG01361.hap1.bed.gz	gs://fc-fd42e80c-b41e-4e60-a9cf-b7c0ade168c4/submissions/f0ab26b0-d66f-45be-8322-24218670bc4d/MethylationProfiling/30ba1a1c-9411-4407-bdc0-750ca7838525/call-CpgPileup/attempt-2/HG01361.hap1.bed.gz.tbi	gs://fc-fd42e80c-b41e-4e60-a9cf-b7c0ade168c4/submissions/f0ab26b0-d66f-45be-8322-24218670bc4d/MethylationProfiling/30ba1a1c-9411-4407-bdc0-750ca7838525/call-CpgPileup/attempt-2/HG01361.hap2.bed.gz	gs://fc-fd42e80c-b41e-4e60-a9cf-b7c0ade168c4/submissions/f0ab26b0-d66f-45be-8322-24218670bc4d/MethylationProfiling/30ba1a1c-9411-4407-bdc0-750ca7838525/call-CpgPileup/attempt-2/HG01361.hap2.bed.gz.tbi
HG01433	gs://fc-fd42e80c-b41e-4e60-a9cf-b7c0ade168c4/submissions/a1e9b9ce-0d67-4d42-b107-b9821f44dd60/MethylationProfiling/b3d96c59-33e8-4042-b029-6945c2669112/call-CpgPileup/HG01433.hap1.bed.gz	gs://fc-fd42e80c-b41e-4e60-a9cf-b7c0ade168c4/submissions/a1e9b9ce-0d67-4d42-b107-b9821f44dd60/MethylationProfiling/b3d96c59-33e8-4042-b029-6945c2669112/call-CpgPileup/HG01433.hap1.bed.gz.tbi	gs://fc-fd42e80c-b41e-4e60-a9cf-b7c0ade168c4/submissions/a1e9b9ce-0d67-4d42-b107-b9821f44dd60/MethylationProfiling/b3d96c59-33e8-4042-b029-6945c2669112/call-CpgPileup/HG01433.hap2.bed.gz	gs://fc-fd42e80c-b41e-4e60-a9cf-b7c0ade168c4/submissions/a1e9b9ce-0d67-4d42-b107-b9821f44dd60/MethylationProfiling/b3d96c59-33e8-4042-b029-6945c2669112/call-CpgPileup/HG01433.hap2.bed.gz.tbi
HG01496	gs://fc-fd42e80c-b41e-4e60-a9cf-b7c0ade168c4/submissions/a1e9b9ce-0d67-4d42-b107-b9821f44dd60/MethylationProfiling/b0f6fb3a-1ff1-4204-99ab-3a93a347eeea/call-CpgPileup/HG01496.hap1.bed.gz	gs://fc-fd42e80c-b41e-4e60-a9cf-b7c0ade168c4/submissions/a1e9b9ce-0d67-4d42-b107-b9821f44dd60/MethylationProfiling/b0f6fb3a-1ff1-4204-99ab-3a93a347eeea/call-CpgPileup/HG01496.hap1.bed.gz.tbi	gs://fc-fd42e80c-b41e-4e60-a9cf-b7c0ade168c4/submissions/a1e9b9ce-0d67-4d42-b107-b9821f44dd60/MethylationProfiling/b0f6fb3a-1ff1-4204-99ab-3a93a347eeea/call-CpgPileup/HG01496.hap2.bed.gz	gs://fc-fd42e80c-b41e-4e60-a9cf-b7c0ade168c4/submissions/a1e9b9ce-0d67-4d42-b107-b9821f44dd60/MethylationProfiling/b0f6fb3a-1ff1-4204-99ab-3a93a347eeea/call-CpgPileup/HG01496.hap2.bed.gz.tbi
HG01530	gs://fc-fd42e80c-b41e-4e60-a9cf-b7c0ade168c4/submissions/a1e9b9ce-0d67-4d42-b107-b9821f44dd60/MethylationProfiling/e9855576-9778-497e-80d5-2e2a27e240af/call-CpgPileup/HG01530.hap1.bed.gz	gs://fc-fd42e80c-b41e-4e60-a9cf-b7c0ade168c4/submissions/a1e9b9ce-0d67-4d42-b107-b9821f44dd60/MethylationProfiling/e9855576-9778-497e-80d5-2e2a27e240af/call-CpgPileup/HG01530.hap1.bed.gz.tbi	gs://fc-fd42e80c-b41e-4e60-a9cf-b7c0ade168c4/submissions/a1e9b9ce-0d67-4d42-b107-b9821f44dd60/MethylationProfiling/e9855576-9778-497e-80d5-2e2a27e240af/call-CpgPileup/HG01530.hap2.bed.gz	gs://fc-fd42e80c-b41e-4e60-a9cf-b7c0ade168c4/submissions/a1e9b9ce-0d67-4d42-b107-b9821f44dd60/MethylationProfiling/e9855576-9778-497e-80d5-2e2a27e240af/call-CpgPileup/HG01530.hap2.bed.gz.tbi
HG01784	gs://fc-fd42e80c-b41e-4e60-a9cf-b7c0ade168c4/submissions/a1e9b9ce-0d67-4d42-b107-b9821f44dd60/MethylationProfiling/f56dfcfb-12bc-44d7-af1f-910242d80e48/call-CpgPileup/HG01784.hap1.bed.gz	gs://fc-fd42e80c-b41e-4e60-a9cf-b7c0ade168c4/submissions/a1e9b9ce-0d67-4d42-b107-b9821f44dd60/MethylationProfiling/f56dfcfb-12bc-44d7-af1f-910242d80e48/call-CpgPileup/HG01784.hap1.bed.gz.tbi	gs://fc-fd42e80c-b41e-4e60-a9cf-b7c0ade168c4/submissions/a1e9b9ce-0d67-4d42-b107-b9821f44dd60/MethylationProfiling/f56dfcfb-12bc-44d7-af1f-910242d80e48/call-CpgPileup/HG01784.hap2.bed.gz	gs://fc-fd42e80c-b41e-4e60-a9cf-b7c0ade168c4/submissions/a1e9b9ce-0d67-4d42-b107-b9821f44dd60/MethylationProfiling/f56dfcfb-12bc-44d7-af1f-910242d80e48/call-CpgPileup/HG01784.hap2.bed.gz.tbi
HG01786	gs://fc-fd42e80c-b41e-4e60-a9cf-b7c0ade168c4/submissions/a1e9b9ce-0d67-4d42-b107-b9821f44dd60/MethylationProfiling/70fcd15d-59c8-4dce-be38-f192fe305be6/call-CpgPileup/HG01786.hap1.bed.gz	gs://fc-fd42e80c-b41e-4e60-a9cf-b7c0ade168c4/submissions/a1e9b9ce-0d67-4d42-b107-b9821f44dd60/MethylationProfiling/70fcd15d-59c8-4dce-be38-f192fe305be6/call-CpgPileup/HG01786.hap1.bed.gz.tbi	gs://fc-fd42e80c-b41e-4e60-a9cf-b7c0ade168c4/submissions/a1e9b9ce-0d67-4d42-b107-b9821f44dd60/MethylationProfiling/70fcd15d-59c8-4dce-be38-f192fe305be6/call-CpgPileup/HG01786.hap2.bed.gz	gs://fc-fd42e80c-b41e-4e60-a9cf-b7c0ade168c4/submissions/a1e9b9ce-0d67-4d42-b107-b9821f44dd60/MethylationProfiling/70fcd15d-59c8-4dce-be38-f192fe305be6/call-CpgPileup/HG01786.hap2.bed.gz.tbi
HG01884	gs://fc-fd42e80c-b41e-4e60-a9cf-b7c0ade168c4/submissions/a1e9b9ce-0d67-4d42-b107-b9821f44dd60/MethylationProfiling/8f36b785-a900-481f-b74f-3d8df38f9d99/call-CpgPileup/HG01884.hap1.bed.gz	gs://fc-fd42e80c-b41e-4e60-a9cf-b7c0ade168c4/submissions/a1e9b9ce-0d67-4d42-b107-b9821f44dd60/MethylationProfiling/8f36b785-a900-481f-b74f-3d8df38f9d99/call-CpgPileup/HG01884.hap1.bed.gz.tbi	gs://fc-fd42e80c-b41e-4e60-a9cf-b7c0ade168c4/submissions/a1e9b9ce-0d67-4d42-b107-b9821f44dd60/MethylationProfiling/8f36b785-a900-481f-b74f-3d8df38f9d99/call-CpgPileup/HG01884.hap2.bed.gz	gs://fc-fd42e80c-b41e-4e60-a9cf-b7c0ade168c4/submissions/a1e9b9ce-0d67-4d42-b107-b9821f44dd60/MethylationProfiling/8f36b785-a900-481f-b74f-3d8df38f9d99/call-CpgPileup/HG01884.hap2.bed.gz.tbi
HG01891	gs://fc-fd42e80c-b41e-4e60-a9cf-b7c0ade168c4/submissions/a1e9b9ce-0d67-4d42-b107-b9821f44dd60/MethylationProfiling/ce69d33c-ae22-4f0f-879a-6907eafc8fa7/call-CpgPileup/HG01891.hap1.bed.gz	gs://fc-fd42e80c-b41e-4e60-a9cf-b7c0ade168c4/submissions/a1e9b9ce-0d67-4d42-b107-b9821f44dd60/MethylationProfiling/ce69d33c-ae22-4f0f-879a-6907eafc8fa7/call-CpgPileup/HG01891.hap1.bed.gz.tbi	gs://fc-fd42e80c-b41e-4e60-a9cf-b7c0ade168c4/submissions/a1e9b9ce-0d67-4d42-b107-b9821f44dd60/MethylationProfiling/ce69d33c-ae22-4f0f-879a-6907eafc8fa7/call-CpgPileup/HG01891.hap2.bed.gz	gs://fc-fd42e80c-b41e-4e60-a9cf-b7c0ade168c4/submissions/a1e9b9ce-0d67-4d42-b107-b9821f44dd60/MethylationProfiling/ce69d33c-ae22-4f0f-879a-6907eafc8fa7/call-CpgPileup/HG01891.hap2.bed.gz.tbi
HG01928	gs://fc-fd42e80c-b41e-4e60-a9cf-b7c0ade168c4/submissions/a1e9b9ce-0d67-4d42-b107-b9821f44dd60/MethylationProfiling/50936408-4a40-45bf-98df-642c901552ca/call-CpgPileup/HG01928.hap1.bed.gz	gs://fc-fd42e80c-b41e-4e60-a9cf-b7c0ade168c4/submissions/a1e9b9ce-0d67-4d42-b107-b9821f44dd60/MethylationProfiling/50936408-4a40-45bf-98df-642c901552ca/call-CpgPileup/HG01928.hap1.bed.gz.tbi	gs://fc-fd42e80c-b41e-4e60-a9cf-b7c0ade168c4/submissions/a1e9b9ce-0d67-4d42-b107-b9821f44dd60/MethylationProfiling/50936408-4a40-45bf-98df-642c901552ca/call-CpgPileup/HG01928.hap2.bed.gz	gs://fc-fd42e80c-b41e-4e60-a9cf-b7c0ade168c4/submissions/a1e9b9ce-0d67-4d42-b107-b9821f44dd60/MethylationProfiling/50936408-4a40-45bf-98df-642c901552ca/call-CpgPileup/HG01928.hap2.bed.gz.tbi
HG01934	gs://fc-fd42e80c-b41e-4e60-a9cf-b7c0ade168c4/submissions/a1e9b9ce-0d67-4d42-b107-b9821f44dd60/MethylationProfiling/6e186075-be08-4471-8de0-a85b34acaf2d/call-CpgPileup/attempt-3/HG01934.hap1.bed.gz	gs://fc-fd42e80c-b41e-4e60-a9cf-b7c0ade168c4/submissions/a1e9b9ce-0d67-4d42-b107-b9821f44dd60/MethylationProfiling/6e186075-be08-4471-8de0-a85b34acaf2d/call-CpgPileup/attempt-3/HG01934.hap1.bed.gz.tbi	gs://fc-fd42e80c-b41e-4e60-a9cf-b7c0ade168c4/submissions/a1e9b9ce-0d67-4d42-b107-b9821f44dd60/MethylationProfiling/6e186075-be08-4471-8de0-a85b34acaf2d/call-CpgPileup/attempt-3/HG01934.hap2.bed.gz	gs://fc-fd42e80c-b41e-4e60-a9cf-b7c0ade168c4/submissions/a1e9b9ce-0d67-4d42-b107-b9821f44dd60/MethylationProfiling/6e186075-be08-4471-8de0-a85b34acaf2d/call-CpgPileup/attempt-3/HG01934.hap2.bed.gz.tbi
HG01940	gs://fc-fd42e80c-b41e-4e60-a9cf-b7c0ade168c4/submissions/569a9e19-4a00-4d9c-98ff-6de0000f6e8f/MethylationProfiling/dc14d06f-2c8a-411e-80c9-ba35df98c822/call-CpgPileup/attempt-2/HG01940.hap1.bed.gz	gs://fc-fd42e80c-b41e-4e60-a9cf-b7c0ade168c4/submissions/569a9e19-4a00-4d9c-98ff-6de0000f6e8f/MethylationProfiling/dc14d06f-2c8a-411e-80c9-ba35df98c822/call-CpgPileup/attempt-2/HG01940.hap1.bed.gz.tbi	gs://fc-fd42e80c-b41e-4e60-a9cf-b7c0ade168c4/submissions/569a9e19-4a00-4d9c-98ff-6de0000f6e8f/MethylationProfiling/dc14d06f-2c8a-411e-80c9-ba35df98c822/call-CpgPileup/attempt-2/HG01940.hap2.bed.gz	gs://fc-fd42e80c-b41e-4e60-a9cf-b7c0ade168c4/submissions/569a9e19-4a00-4d9c-98ff-6de0000f6e8f/MethylationProfiling/dc14d06f-2c8a-411e-80c9-ba35df98c822/call-CpgPileup/attempt-2/HG01940.hap2.bed.gz.tbi
HG01943	gs://fc-fd42e80c-b41e-4e60-a9cf-b7c0ade168c4/submissions/a1e9b9ce-0d67-4d42-b107-b9821f44dd60/MethylationProfiling/bb83c80e-3338-4046-99a1-fdd350d2b37f/call-CpgPileup/HG01943.hap1.bed.gz	gs://fc-fd42e80c-b41e-4e60-a9cf-b7c0ade168c4/submissions/a1e9b9ce-0d67-4d42-b107-b9821f44dd60/MethylationProfiling/bb83c80e-3338-4046-99a1-fdd350d2b37f/call-CpgPileup/HG01943.hap1.bed.gz.tbi	gs://fc-fd42e80c-b41e-4e60-a9cf-b7c0ade168c4/submissions/a1e9b9ce-0d67-4d42-b107-b9821f44dd60/MethylationProfiling/bb83c80e-3338-4046-99a1-fdd350d2b37f/call-CpgPileup/HG01943.hap2.bed.gz	gs://fc-fd42e80c-b41e-4e60-a9cf-b7c0ade168c4/submissions/a1e9b9ce-0d67-4d42-b107-b9821f44dd60/MethylationProfiling/bb83c80e-3338-4046-99a1-fdd350d2b37f/call-CpgPileup/HG01943.hap2.bed.gz.tbi
HG01952	gs://fc-fd42e80c-b41e-4e60-a9cf-b7c0ade168c4/submissions/a1e9b9ce-0d67-4d42-b107-b9821f44dd60/MethylationProfiling/f5ede079-ea37-41f4-baec-b36e3013f62f/call-CpgPileup/HG01952.hap1.bed.gz	gs://fc-fd42e80c-b41e-4e60-a9cf-b7c0ade168c4/submissions/a1e9b9ce-0d67-4d42-b107-b9821f44dd60/MethylationProfiling/f5ede079-ea37-41f4-baec-b36e3013f62f/call-CpgPileup/HG01952.hap1.bed.gz.tbi	gs://fc-fd42e80c-b41e-4e60-a9cf-b7c0ade168c4/submissions/a1e9b9ce-0d67-4d42-b107-b9821f44dd60/MethylationProfiling/f5ede079-ea37-41f4-baec-b36e3013f62f/call-CpgPileup/HG01952.hap2.bed.gz	gs://fc-fd42e80c-b41e-4e60-a9cf-b7c0ade168c4/submissions/a1e9b9ce-0d67-4d42-b107-b9821f44dd60/MethylationProfiling/f5ede079-ea37-41f4-baec-b36e3013f62f/call-CpgPileup/HG01952.hap2.bed.gz.tbi
HG01960	gs://fc-fd42e80c-b41e-4e60-a9cf-b7c0ade168c4/submissions/a1e9b9ce-0d67-4d42-b107-b9821f44dd60/MethylationProfiling/d68abc3e-c881-45d4-a472-f4cfb8edac97/call-CpgPileup/HG01960.hap1.bed.gz	gs://fc-fd42e80c-b41e-4e60-a9cf-b7c0ade168c4/submissions/a1e9b9ce-0d67-4d42-b107-b9821f44dd60/MethylationProfiling/d68abc3e-c881-45d4-a472-f4cfb8edac97/call-CpgPileup/HG01960.hap1.bed.gz.tbi	gs://fc-fd42e80c-b41e-4e60-a9cf-b7c0ade168c4/submissions/a1e9b9ce-0d67-4d42-b107-b9821f44dd60/MethylationProfiling/d68abc3e-c881-45d4-a472-f4cfb8edac97/call-CpgPileup/HG01960.hap2.bed.gz	gs://fc-fd42e80c-b41e-4e60-a9cf-b7c0ade168c4/submissions/a1e9b9ce-0d67-4d42-b107-b9821f44dd60/MethylationProfiling/d68abc3e-c881-45d4-a472-f4cfb8edac97/call-CpgPileup/HG01960.hap2.bed.gz.tbi
HG01969	gs://fc-fd42e80c-b41e-4e60-a9cf-b7c0ade168c4/submissions/a1e9b9ce-0d67-4d42-b107-b9821f44dd60/MethylationProfiling/c2186246-6629-4a8c-a06b-33a78571a70d/call-CpgPileup/HG01969.hap1.bed.gz	gs://fc-fd42e80c-b41e-4e60-a9cf-b7c0ade168c4/submissions/a1e9b9ce-0d67-4d42-b107-b9821f44dd60/MethylationProfiling/c2186246-6629-4a8c-a06b-33a78571a70d/call-CpgPileup/HG01969.hap1.bed.gz.tbi	gs://fc-fd42e80c-b41e-4e60-a9cf-b7c0ade168c4/submissions/a1e9b9ce-0d67-4d42-b107-b9821f44dd60/MethylationProfiling/c2186246-6629-4a8c-a06b-33a78571a70d/call-CpgPileup/HG01969.hap2.bed.gz	gs://fc-fd42e80c-b41e-4e60-a9cf-b7c0ade168c4/submissions/a1e9b9ce-0d67-4d42-b107-b9821f44dd60/MethylationProfiling/c2186246-6629-4a8c-a06b-33a78571a70d/call-CpgPileup/HG01969.hap2.bed.gz.tbi
HG01975	gs://fc-fd42e80c-b41e-4e60-a9cf-b7c0ade168c4/submissions/a1e9b9ce-0d67-4d42-b107-b9821f44dd60/MethylationProfiling/7c6f96d1-229c-4847-970b-33ee0813b2d0/call-CpgPileup/HG01975.hap1.bed.gz	gs://fc-fd42e80c-b41e-4e60-a9cf-b7c0ade168c4/submissions/a1e9b9ce-0d67-4d42-b107-b9821f44dd60/MethylationProfiling/7c6f96d1-229c-4847-970b-33ee0813b2d0/call-CpgPileup/HG01975.hap1.bed.gz.tbi	gs://fc-fd42e80c-b41e-4e60-a9cf-b7c0ade168c4/submissions/a1e9b9ce-0d67-4d42-b107-b9821f44dd60/MethylationProfiling/7c6f96d1-229c-4847-970b-33ee0813b2d0/call-CpgPileup/HG01975.hap2.bed.gz	gs://fc-fd42e80c-b41e-4e60-a9cf-b7c0ade168c4/submissions/a1e9b9ce-0d67-4d42-b107-b9821f44dd60/MethylationProfiling/7c6f96d1-229c-4847-970b-33ee0813b2d0/call-CpgPileup/HG01975.hap2.bed.gz.tbi
HG01978	gs://fc-fd42e80c-b41e-4e60-a9cf-b7c0ade168c4/submissions/a1e9b9ce-0d67-4d42-b107-b9821f44dd60/MethylationProfiling/40d01bc9-6cb5-46a8-b01c-77220b6d65f2/call-CpgPileup/HG01978.hap1.bed.gz	gs://fc-fd42e80c-b41e-4e60-a9cf-b7c0ade168c4/submissions/a1e9b9ce-0d67-4d42-b107-b9821f44dd60/MethylationProfiling/40d01bc9-6cb5-46a8-b01c-77220b6d65f2/call-CpgPileup/HG01978.hap1.bed.gz.tbi	gs://fc-fd42e80c-b41e-4e60-a9cf-b7c0ade168c4/submissions/a1e9b9ce-0d67-4d42-b107-b9821f44dd60/MethylationProfiling/40d01bc9-6cb5-46a8-b01c-77220b6d65f2/call-CpgPileup/HG01978.hap2.bed.gz	gs://fc-fd42e80c-b41e-4e60-a9cf-b7c0ade168c4/submissions/a1e9b9ce-0d67-4d42-b107-b9821f44dd60/MethylationProfiling/40d01bc9-6cb5-46a8-b01c-77220b6d65f2/call-CpgPileup/HG01978.hap2.bed.gz.tbi
HG01981	gs://fc-fd42e80c-b41e-4e60-a9cf-b7c0ade168c4/submissions/a1e9b9ce-0d67-4d42-b107-b9821f44dd60/MethylationProfiling/0d8482c2-1eea-4f44-847c-f74247f8e50d/call-CpgPileup/HG01981.hap1.bed.gz	gs://fc-fd42e80c-b41e-4e60-a9cf-b7c0ade168c4/submissions/a1e9b9ce-0d67-4d42-b107-b9821f44dd60/MethylationProfiling/0d8482c2-1eea-4f44-847c-f74247f8e50d/call-CpgPileup/HG01981.hap1.bed.gz.tbi	gs://fc-fd42e80c-b41e-4e60-a9cf-b7c0ade168c4/submissions/a1e9b9ce-0d67-4d42-b107-b9821f44dd60/MethylationProfiling/0d8482c2-1eea-4f44-847c-f74247f8e50d/call-CpgPileup/HG01981.hap2.bed.gz	gs://fc-fd42e80c-b41e-4e60-a9cf-b7c0ade168c4/submissions/a1e9b9ce-0d67-4d42-b107-b9821f44dd60/MethylationProfiling/0d8482c2-1eea-4f44-847c-f74247f8e50d/call-CpgPileup/HG01981.hap2.bed.gz.tbi
HG01993	gs://fc-fd42e80c-b41e-4e60-a9cf-b7c0ade168c4/submissions/a1e9b9ce-0d67-4d42-b107-b9821f44dd60/MethylationProfiling/23d59527-3738-4e16-bb81-d9d374ad03fd/call-CpgPileup/HG01993.hap1.bed.gz	gs://fc-fd42e80c-b41e-4e60-a9cf-b7c0ade168c4/submissions/a1e9b9ce-0d67-4d42-b107-b9821f44dd60/MethylationProfiling/23d59527-3738-4e16-bb81-d9d374ad03fd/call-CpgPileup/HG01993.hap1.bed.gz.tbi	gs://fc-fd42e80c-b41e-4e60-a9cf-b7c0ade168c4/submissions/a1e9b9ce-0d67-4d42-b107-b9821f44dd60/MethylationProfiling/23d59527-3738-4e16-bb81-d9d374ad03fd/call-CpgPileup/HG01993.hap2.bed.gz	gs://fc-fd42e80c-b41e-4e60-a9cf-b7c0ade168c4/submissions/a1e9b9ce-0d67-4d42-b107-b9821f44dd60/MethylationProfiling/23d59527-3738-4e16-bb81-d9d374ad03fd/call-CpgPileup/HG01993.hap2.bed.gz.tbi
HG02004	gs://fc-fd42e80c-b41e-4e60-a9cf-b7c0ade168c4/submissions/a1e9b9ce-0d67-4d42-b107-b9821f44dd60/MethylationProfiling/88ced3d6-120f-4919-abbd-2447aa5ced1d/call-CpgPileup/HG02004.hap1.bed.gz	gs://fc-fd42e80c-b41e-4e60-a9cf-b7c0ade168c4/submissions/a1e9b9ce-0d67-4d42-b107-b9821f44dd60/MethylationProfiling/88ced3d6-120f-4919-abbd-2447aa5ced1d/call-CpgPileup/HG02004.hap1.bed.gz.tbi	gs://fc-fd42e80c-b41e-4e60-a9cf-b7c0ade168c4/submissions/a1e9b9ce-0d67-4d42-b107-b9821f44dd60/MethylationProfiling/88ced3d6-120f-4919-abbd-2447aa5ced1d/call-CpgPileup/HG02004.hap2.bed.gz	gs://fc-fd42e80c-b41e-4e60-a9cf-b7c0ade168c4/submissions/a1e9b9ce-0d67-4d42-b107-b9821f44dd60/MethylationProfiling/88ced3d6-120f-4919-abbd-2447aa5ced1d/call-CpgPileup/HG02004.hap2.bed.gz.tbi
HG02015	gs://fc-fd42e80c-b41e-4e60-a9cf-b7c0ade168c4/submissions/a1e9b9ce-0d67-4d42-b107-b9821f44dd60/MethylationProfiling/18366a3a-29ee-4a90-95e1-9254dba43866/call-CpgPileup/HG02015.hap1.bed.gz	gs://fc-fd42e80c-b41e-4e60-a9cf-b7c0ade168c4/submissions/a1e9b9ce-0d67-4d42-b107-b9821f44dd60/MethylationProfiling/18366a3a-29ee-4a90-95e1-9254dba43866/call-CpgPileup/HG02015.hap1.bed.gz.tbi	gs://fc-fd42e80c-b41e-4e60-a9cf-b7c0ade168c4/submissions/a1e9b9ce-0d67-4d42-b107-b9821f44dd60/MethylationProfiling/18366a3a-29ee-4a90-95e1-9254dba43866/call-CpgPileup/HG02015.hap2.bed.gz	gs://fc-fd42e80c-b41e-4e60-a9cf-b7c0ade168c4/submissions/a1e9b9ce-0d67-4d42-b107-b9821f44dd60/MethylationProfiling/18366a3a-29ee-4a90-95e1-9254dba43866/call-CpgPileup/HG02015.hap2.bed.gz.tbi
HG02027	gs://fc-fd42e80c-b41e-4e60-a9cf-b7c0ade168c4/submissions/a1e9b9ce-0d67-4d42-b107-b9821f44dd60/MethylationProfiling/171654b5-d6af-4770-a858-7b3fb3ac11b8/call-CpgPileup/HG02027.hap1.bed.gz	gs://fc-fd42e80c-b41e-4e60-a9cf-b7c0ade168c4/submissions/a1e9b9ce-0d67-4d42-b107-b9821f44dd60/MethylationProfiling/171654b5-d6af-4770-a858-7b3fb3ac11b8/call-CpgPileup/HG02027.hap1.bed.gz.tbi	gs://fc-fd42e80c-b41e-4e60-a9cf-b7c0ade168c4/submissions/a1e9b9ce-0d67-4d42-b107-b9821f44dd60/MethylationProfiling/171654b5-d6af-4770-a858-7b3fb3ac11b8/call-CpgPileup/HG02027.hap2.bed.gz	gs://fc-fd42e80c-b41e-4e60-a9cf-b7c0ade168c4/submissions/a1e9b9ce-0d67-4d42-b107-b9821f44dd60/MethylationProfiling/171654b5-d6af-4770-a858-7b3fb3ac11b8/call-CpgPileup/HG02027.hap2.bed.gz.tbi
HG02040	gs://fc-fd42e80c-b41e-4e60-a9cf-b7c0ade168c4/submissions/a1e9b9ce-0d67-4d42-b107-b9821f44dd60/MethylationProfiling/a931cf4e-659d-4663-8b11-6ed2b16f1ab7/call-CpgPileup/HG02040.hap1.bed.gz	gs://fc-fd42e80c-b41e-4e60-a9cf-b7c0ade168c4/submissions/a1e9b9ce-0d67-4d42-b107-b9821f44dd60/MethylationProfiling/a931cf4e-659d-4663-8b11-6ed2b16f1ab7/call-CpgPileup/HG02040.hap1.bed.gz.tbi	gs://fc-fd42e80c-b41e-4e60-a9cf-b7c0ade168c4/submissions/a1e9b9ce-0d67-4d42-b107-b9821f44dd60/MethylationProfiling/a931cf4e-659d-4663-8b11-6ed2b16f1ab7/call-CpgPileup/HG02040.hap2.bed.gz	gs://fc-fd42e80c-b41e-4e60-a9cf-b7c0ade168c4/submissions/a1e9b9ce-0d67-4d42-b107-b9821f44dd60/MethylationProfiling/a931cf4e-659d-4663-8b11-6ed2b16f1ab7/call-CpgPileup/HG02040.hap2.bed.gz.tbi
HG02055	gs://fc-fd42e80c-b41e-4e60-a9cf-b7c0ade168c4/submissions/a1e9b9ce-0d67-4d42-b107-b9821f44dd60/MethylationProfiling/5119efa7-4713-4e14-be44-8169e2986c87/call-CpgPileup/HG02055.hap1.bed.gz	gs://fc-fd42e80c-b41e-4e60-a9cf-b7c0ade168c4/submissions/a1e9b9ce-0d67-4d42-b107-b9821f44dd60/MethylationProfiling/5119efa7-4713-4e14-be44-8169e2986c87/call-CpgPileup/HG02055.hap1.bed.gz.tbi	gs://fc-fd42e80c-b41e-4e60-a9cf-b7c0ade168c4/submissions/a1e9b9ce-0d67-4d42-b107-b9821f44dd60/MethylationProfiling/5119efa7-4713-4e14-be44-8169e2986c87/call-CpgPileup/HG02055.hap2.bed.gz	gs://fc-fd42e80c-b41e-4e60-a9cf-b7c0ade168c4/submissions/a1e9b9ce-0d67-4d42-b107-b9821f44dd60/MethylationProfiling/5119efa7-4713-4e14-be44-8169e2986c87/call-CpgPileup/HG02055.hap2.bed.gz.tbi
HG02056	gs://fc-fd42e80c-b41e-4e60-a9cf-b7c0ade168c4/submissions/a1e9b9ce-0d67-4d42-b107-b9821f44dd60/MethylationProfiling/e9d2e4e9-49c5-4aa8-925e-9abe9ba538ff/call-CpgPileup/HG02056.hap1.bed.gz	gs://fc-fd42e80c-b41e-4e60-a9cf-b7c0ade168c4/submissions/a1e9b9ce-0d67-4d42-b107-b9821f44dd60/MethylationProfiling/e9d2e4e9-49c5-4aa8-925e-9abe9ba538ff/call-CpgPileup/HG02056.hap1.bed.gz.tbi	gs://fc-fd42e80c-b41e-4e60-a9cf-b7c0ade168c4/submissions/a1e9b9ce-0d67-4d42-b107-b9821f44dd60/MethylationProfiling/e9d2e4e9-49c5-4aa8-925e-9abe9ba538ff/call-CpgPileup/HG02056.hap2.bed.gz	gs://fc-fd42e80c-b41e-4e60-a9cf-b7c0ade168c4/submissions/a1e9b9ce-0d67-4d42-b107-b9821f44dd60/MethylationProfiling/e9d2e4e9-49c5-4aa8-925e-9abe9ba538ff/call-CpgPileup/HG02056.hap2.bed.gz.tbi
HG02071	gs://fc-fd42e80c-b41e-4e60-a9cf-b7c0ade168c4/submissions/a1e9b9ce-0d67-4d42-b107-b9821f44dd60/MethylationProfiling/2cc61ef6-733f-4df9-bbd0-01f5582bf2b4/call-CpgPileup/HG02071.hap1.bed.gz	gs://fc-fd42e80c-b41e-4e60-a9cf-b7c0ade168c4/submissions/a1e9b9ce-0d67-4d42-b107-b9821f44dd60/MethylationProfiling/2cc61ef6-733f-4df9-bbd0-01f5582bf2b4/call-CpgPileup/HG02071.hap1.bed.gz.tbi	gs://fc-fd42e80c-b41e-4e60-a9cf-b7c0ade168c4/submissions/a1e9b9ce-0d67-4d42-b107-b9821f44dd60/MethylationProfiling/2cc61ef6-733f-4df9-bbd0-01f5582bf2b4/call-CpgPileup/HG02071.hap2.bed.gz	gs://fc-fd42e80c-b41e-4e60-a9cf-b7c0ade168c4/submissions/a1e9b9ce-0d67-4d42-b107-b9821f44dd60/MethylationProfiling/2cc61ef6-733f-4df9-bbd0-01f5582bf2b4/call-CpgPileup/HG02071.hap2.bed.gz.tbi
HG02074	gs://fc-fd42e80c-b41e-4e60-a9cf-b7c0ade168c4/submissions/a1e9b9ce-0d67-4d42-b107-b9821f44dd60/MethylationProfiling/cc244cdd-e91e-404c-b079-a0506e9093a2/call-CpgPileup/attempt-3/HG02074.hap1.bed.gz	gs://fc-fd42e80c-b41e-4e60-a9cf-b7c0ade168c4/submissions/a1e9b9ce-0d67-4d42-b107-b9821f44dd60/MethylationProfiling/cc244cdd-e91e-404c-b079-a0506e9093a2/call-CpgPileup/attempt-3/HG02074.hap1.bed.gz.tbi	gs://fc-fd42e80c-b41e-4e60-a9cf-b7c0ade168c4/submissions/a1e9b9ce-0d67-4d42-b107-b9821f44dd60/MethylationProfiling/cc244cdd-e91e-404c-b079-a0506e9093a2/call-CpgPileup/attempt-3/HG02074.hap2.bed.gz	gs://fc-fd42e80c-b41e-4e60-a9cf-b7c0ade168c4/submissions/a1e9b9ce-0d67-4d42-b107-b9821f44dd60/MethylationProfiling/cc244cdd-e91e-404c-b079-a0506e9093a2/call-CpgPileup/attempt-3/HG02074.hap2.bed.gz.tbi
HG02080	gs://fc-fd42e80c-b41e-4e60-a9cf-b7c0ade168c4/submissions/a1e9b9ce-0d67-4d42-b107-b9821f44dd60/MethylationProfiling/65fe50e0-e38d-45bd-9345-2164d717f75a/call-CpgPileup/HG02080.hap1.bed.gz	gs://fc-fd42e80c-b41e-4e60-a9cf-b7c0ade168c4/submissions/a1e9b9ce-0d67-4d42-b107-b9821f44dd60/MethylationProfiling/65fe50e0-e38d-45bd-9345-2164d717f75a/call-CpgPileup/HG02080.hap1.bed.gz.tbi	gs://fc-fd42e80c-b41e-4e60-a9cf-b7c0ade168c4/submissions/a1e9b9ce-0d67-4d42-b107-b9821f44dd60/MethylationProfiling/65fe50e0-e38d-45bd-9345-2164d717f75a/call-CpgPileup/HG02080.hap2.bed.gz	gs://fc-fd42e80c-b41e-4e60-a9cf-b7c0ade168c4/submissions/a1e9b9ce-0d67-4d42-b107-b9821f44dd60/MethylationProfiling/65fe50e0-e38d-45bd-9345-2164d717f75a/call-CpgPileup/HG02080.hap2.bed.gz.tbi
HG02083	gs://fc-fd42e80c-b41e-4e60-a9cf-b7c0ade168c4/submissions/a1e9b9ce-0d67-4d42-b107-b9821f44dd60/MethylationProfiling/05d798a8-7c6e-432d-a517-32525c465b17/call-CpgPileup/attempt-2/HG02083.hap1.bed.gz	gs://fc-fd42e80c-b41e-4e60-a9cf-b7c0ade168c4/submissions/a1e9b9ce-0d67-4d42-b107-b9821f44dd60/MethylationProfiling/05d798a8-7c6e-432d-a517-32525c465b17/call-CpgPileup/attempt-2/HG02083.hap1.bed.gz.tbi	gs://fc-fd42e80c-b41e-4e60-a9cf-b7c0ade168c4/submissions/a1e9b9ce-0d67-4d42-b107-b9821f44dd60/MethylationProfiling/05d798a8-7c6e-432d-a517-32525c465b17/call-CpgPileup/attempt-2/HG02083.hap2.bed.gz	gs://fc-fd42e80c-b41e-4e60-a9cf-b7c0ade168c4/submissions/a1e9b9ce-0d67-4d42-b107-b9821f44dd60/MethylationProfiling/05d798a8-7c6e-432d-a517-32525c465b17/call-CpgPileup/attempt-2/HG02083.hap2.bed.gz.tbi
HG02109	gs://fc-fd42e80c-b41e-4e60-a9cf-b7c0ade168c4/submissions/a1e9b9ce-0d67-4d42-b107-b9821f44dd60/MethylationProfiling/135fe07b-4f53-4933-b499-11b79f4ea72f/call-CpgPileup/HG02109.hap1.bed.gz	gs://fc-fd42e80c-b41e-4e60-a9cf-b7c0ade168c4/submissions/a1e9b9ce-0d67-4d42-b107-b9821f44dd60/MethylationProfiling/135fe07b-4f53-4933-b499-11b79f4ea72f/call-CpgPileup/HG02109.hap1.bed.gz.tbi	gs://fc-fd42e80c-b41e-4e60-a9cf-b7c0ade168c4/submissions/a1e9b9ce-0d67-4d42-b107-b9821f44dd60/MethylationProfiling/135fe07b-4f53-4933-b499-11b79f4ea72f/call-CpgPileup/HG02109.hap2.bed.gz	gs://fc-fd42e80c-b41e-4e60-a9cf-b7c0ade168c4/submissions/a1e9b9ce-0d67-4d42-b107-b9821f44dd60/MethylationProfiling/135fe07b-4f53-4933-b499-11b79f4ea72f/call-CpgPileup/HG02109.hap2.bed.gz.tbi
HG02129	gs://fc-fd42e80c-b41e-4e60-a9cf-b7c0ade168c4/submissions/a1e9b9ce-0d67-4d42-b107-b9821f44dd60/MethylationProfiling/2b664ae5-3118-4b31-bc75-c17619be8bef/call-CpgPileup/attempt-2/HG02129.hap1.bed.gz	gs://fc-fd42e80c-b41e-4e60-a9cf-b7c0ade168c4/submissions/a1e9b9ce-0d67-4d42-b107-b9821f44dd60/MethylationProfiling/2b664ae5-3118-4b31-bc75-c17619be8bef/call-CpgPileup/attempt-2/HG02129.hap1.bed.gz.tbi	gs://fc-fd42e80c-b41e-4e60-a9cf-b7c0ade168c4/submissions/a1e9b9ce-0d67-4d42-b107-b9821f44dd60/MethylationProfiling/2b664ae5-3118-4b31-bc75-c17619be8bef/call-CpgPileup/attempt-2/HG02129.hap2.bed.gz	gs://fc-fd42e80c-b41e-4e60-a9cf-b7c0ade168c4/submissions/a1e9b9ce-0d67-4d42-b107-b9821f44dd60/MethylationProfiling/2b664ae5-3118-4b31-bc75-c17619be8bef/call-CpgPileup/attempt-2/HG02129.hap2.bed.gz.tbi
HG02132	gs://fc-fd42e80c-b41e-4e60-a9cf-b7c0ade168c4/submissions/a1e9b9ce-0d67-4d42-b107-b9821f44dd60/MethylationProfiling/eeb99eee-af3a-47a5-88ee-edff69b325d9/call-CpgPileup/HG02132.hap1.bed.gz	gs://fc-fd42e80c-b41e-4e60-a9cf-b7c0ade168c4/submissions/a1e9b9ce-0d67-4d42-b107-b9821f44dd60/MethylationProfiling/eeb99eee-af3a-47a5-88ee-edff69b325d9/call-CpgPileup/HG02132.hap1.bed.gz.tbi	gs://fc-fd42e80c-b41e-4e60-a9cf-b7c0ade168c4/submissions/a1e9b9ce-0d67-4d42-b107-b9821f44dd60/MethylationProfiling/eeb99eee-af3a-47a5-88ee-edff69b325d9/call-CpgPileup/HG02132.hap2.bed.gz	gs://fc-fd42e80c-b41e-4e60-a9cf-b7c0ade168c4/submissions/a1e9b9ce-0d67-4d42-b107-b9821f44dd60/MethylationProfiling/eeb99eee-af3a-47a5-88ee-edff69b325d9/call-CpgPileup/HG02132.hap2.bed.gz.tbi
HG02135	gs://fc-fd42e80c-b41e-4e60-a9cf-b7c0ade168c4/submissions/a1e9b9ce-0d67-4d42-b107-b9821f44dd60/MethylationProfiling/2431c484-98aa-47de-b22f-8a72dc97d7f4/call-CpgPileup/attempt-3/HG02135.hap1.bed.gz	gs://fc-fd42e80c-b41e-4e60-a9cf-b7c0ade168c4/submissions/a1e9b9ce-0d67-4d42-b107-b9821f44dd60/MethylationProfiling/2431c484-98aa-47de-b22f-8a72dc97d7f4/call-CpgPileup/attempt-3/HG02135.hap1.bed.gz.tbi	gs://fc-fd42e80c-b41e-4e60-a9cf-b7c0ade168c4/submissions/a1e9b9ce-0d67-4d42-b107-b9821f44dd60/MethylationProfiling/2431c484-98aa-47de-b22f-8a72dc97d7f4/call-CpgPileup/attempt-3/HG02135.hap2.bed.gz	gs://fc-fd42e80c-b41e-4e60-a9cf-b7c0ade168c4/submissions/a1e9b9ce-0d67-4d42-b107-b9821f44dd60/MethylationProfiling/2431c484-98aa-47de-b22f-8a72dc97d7f4/call-CpgPileup/attempt-3/HG02135.hap2.bed.gz.tbi
HG02145	gs://fc-fd42e80c-b41e-4e60-a9cf-b7c0ade168c4/submissions/a1e9b9ce-0d67-4d42-b107-b9821f44dd60/MethylationProfiling/0b7523c4-e017-400f-b01d-9dfb9710a95b/call-CpgPileup/HG02145.hap1.bed.gz	gs://fc-fd42e80c-b41e-4e60-a9cf-b7c0ade168c4/submissions/a1e9b9ce-0d67-4d42-b107-b9821f44dd60/MethylationProfiling/0b7523c4-e017-400f-b01d-9dfb9710a95b/call-CpgPileup/HG02145.hap1.bed.gz.tbi	gs://fc-fd42e80c-b41e-4e60-a9cf-b7c0ade168c4/submissions/a1e9b9ce-0d67-4d42-b107-b9821f44dd60/MethylationProfiling/0b7523c4-e017-400f-b01d-9dfb9710a95b/call-CpgPileup/HG02145.hap2.bed.gz	gs://fc-fd42e80c-b41e-4e60-a9cf-b7c0ade168c4/submissions/a1e9b9ce-0d67-4d42-b107-b9821f44dd60/MethylationProfiling/0b7523c4-e017-400f-b01d-9dfb9710a95b/call-CpgPileup/HG02145.hap2.bed.gz.tbi
HG02148	gs://fc-fd42e80c-b41e-4e60-a9cf-b7c0ade168c4/submissions/a1e9b9ce-0d67-4d42-b107-b9821f44dd60/MethylationProfiling/af307cae-f3b7-46d8-8276-4ef30b7064d4/call-CpgPileup/HG02148.hap1.bed.gz	gs://fc-fd42e80c-b41e-4e60-a9cf-b7c0ade168c4/submissions/a1e9b9ce-0d67-4d42-b107-b9821f44dd60/MethylationProfiling/af307cae-f3b7-46d8-8276-4ef30b7064d4/call-CpgPileup/HG02148.hap1.bed.gz.tbi	gs://fc-fd42e80c-b41e-4e60-a9cf-b7c0ade168c4/submissions/a1e9b9ce-0d67-4d42-b107-b9821f44dd60/MethylationProfiling/af307cae-f3b7-46d8-8276-4ef30b7064d4/call-CpgPileup/HG02148.hap2.bed.gz	gs://fc-fd42e80c-b41e-4e60-a9cf-b7c0ade168c4/submissions/a1e9b9ce-0d67-4d42-b107-b9821f44dd60/MethylationProfiling/af307cae-f3b7-46d8-8276-4ef30b7064d4/call-CpgPileup/HG02148.hap2.bed.gz.tbi
HG02155	gs://fc-fd42e80c-b41e-4e60-a9cf-b7c0ade168c4/submissions/a1e9b9ce-0d67-4d42-b107-b9821f44dd60/MethylationProfiling/9311964d-afe8-43a3-8557-3f53a6bfe87f/call-CpgPileup/HG02155.hap1.bed.gz	gs://fc-fd42e80c-b41e-4e60-a9cf-b7c0ade168c4/submissions/a1e9b9ce-0d67-4d42-b107-b9821f44dd60/MethylationProfiling/9311964d-afe8-43a3-8557-3f53a6bfe87f/call-CpgPileup/HG02155.hap1.bed.gz.tbi	gs://fc-fd42e80c-b41e-4e60-a9cf-b7c0ade168c4/submissions/a1e9b9ce-0d67-4d42-b107-b9821f44dd60/MethylationProfiling/9311964d-afe8-43a3-8557-3f53a6bfe87f/call-CpgPileup/HG02155.hap2.bed.gz	gs://fc-fd42e80c-b41e-4e60-a9cf-b7c0ade168c4/submissions/a1e9b9ce-0d67-4d42-b107-b9821f44dd60/MethylationProfiling/9311964d-afe8-43a3-8557-3f53a6bfe87f/call-CpgPileup/HG02155.hap2.bed.gz.tbi
HG02165	gs://fc-fd42e80c-b41e-4e60-a9cf-b7c0ade168c4/submissions/a1e9b9ce-0d67-4d42-b107-b9821f44dd60/MethylationProfiling/db3ce793-39f3-47c5-9971-88c75683f481/call-CpgPileup/HG02165.hap1.bed.gz	gs://fc-fd42e80c-b41e-4e60-a9cf-b7c0ade168c4/submissions/a1e9b9ce-0d67-4d42-b107-b9821f44dd60/MethylationProfiling/db3ce793-39f3-47c5-9971-88c75683f481/call-CpgPileup/HG02165.hap1.bed.gz.tbi	gs://fc-fd42e80c-b41e-4e60-a9cf-b7c0ade168c4/submissions/a1e9b9ce-0d67-4d42-b107-b9821f44dd60/MethylationProfiling/db3ce793-39f3-47c5-9971-88c75683f481/call-CpgPileup/HG02165.hap2.bed.gz	gs://fc-fd42e80c-b41e-4e60-a9cf-b7c0ade168c4/submissions/a1e9b9ce-0d67-4d42-b107-b9821f44dd60/MethylationProfiling/db3ce793-39f3-47c5-9971-88c75683f481/call-CpgPileup/HG02165.hap2.bed.gz.tbi
HG02178	gs://fc-fd42e80c-b41e-4e60-a9cf-b7c0ade168c4/submissions/a1e9b9ce-0d67-4d42-b107-b9821f44dd60/MethylationProfiling/17aef2f5-c877-4955-b9fc-b887b3d53d7a/call-CpgPileup/HG02178.hap1.bed.gz	gs://fc-fd42e80c-b41e-4e60-a9cf-b7c0ade168c4/submissions/a1e9b9ce-0d67-4d42-b107-b9821f44dd60/MethylationProfiling/17aef2f5-c877-4955-b9fc-b887b3d53d7a/call-CpgPileup/HG02178.hap1.bed.gz.tbi	gs://fc-fd42e80c-b41e-4e60-a9cf-b7c0ade168c4/submissions/a1e9b9ce-0d67-4d42-b107-b9821f44dd60/MethylationProfiling/17aef2f5-c877-4955-b9fc-b887b3d53d7a/call-CpgPileup/HG02178.hap2.bed.gz	gs://fc-fd42e80c-b41e-4e60-a9cf-b7c0ade168c4/submissions/a1e9b9ce-0d67-4d42-b107-b9821f44dd60/MethylationProfiling/17aef2f5-c877-4955-b9fc-b887b3d53d7a/call-CpgPileup/HG02178.hap2.bed.gz.tbi
HG02257	gs://fc-fd42e80c-b41e-4e60-a9cf-b7c0ade168c4/submissions/569a9e19-4a00-4d9c-98ff-6de0000f6e8f/MethylationProfiling/9d9728a4-9bb3-41ef-9cf4-70b148ec4d94/call-CpgPileup/HG02257.hap1.bed.gz	gs://fc-fd42e80c-b41e-4e60-a9cf-b7c0ade168c4/submissions/569a9e19-4a00-4d9c-98ff-6de0000f6e8f/MethylationProfiling/9d9728a4-9bb3-41ef-9cf4-70b148ec4d94/call-CpgPileup/HG02257.hap1.bed.gz.tbi	gs://fc-fd42e80c-b41e-4e60-a9cf-b7c0ade168c4/submissions/569a9e19-4a00-4d9c-98ff-6de0000f6e8f/MethylationProfiling/9d9728a4-9bb3-41ef-9cf4-70b148ec4d94/call-CpgPileup/HG02257.hap2.bed.gz	gs://fc-fd42e80c-b41e-4e60-a9cf-b7c0ade168c4/submissions/569a9e19-4a00-4d9c-98ff-6de0000f6e8f/MethylationProfiling/9d9728a4-9bb3-41ef-9cf4-70b148ec4d94/call-CpgPileup/HG02257.hap2.bed.gz.tbi
HG02258	gs://fc-fd42e80c-b41e-4e60-a9cf-b7c0ade168c4/submissions/a1e9b9ce-0d67-4d42-b107-b9821f44dd60/MethylationProfiling/3fee3fc5-f664-4f2f-b4d4-6d56319379b4/call-CpgPileup/HG02258.hap1.bed.gz	gs://fc-fd42e80c-b41e-4e60-a9cf-b7c0ade168c4/submissions/a1e9b9ce-0d67-4d42-b107-b9821f44dd60/MethylationProfiling/3fee3fc5-f664-4f2f-b4d4-6d56319379b4/call-CpgPileup/HG02258.hap1.bed.gz.tbi	gs://fc-fd42e80c-b41e-4e60-a9cf-b7c0ade168c4/submissions/a1e9b9ce-0d67-4d42-b107-b9821f44dd60/MethylationProfiling/3fee3fc5-f664-4f2f-b4d4-6d56319379b4/call-CpgPileup/HG02258.hap2.bed.gz	gs://fc-fd42e80c-b41e-4e60-a9cf-b7c0ade168c4/submissions/a1e9b9ce-0d67-4d42-b107-b9821f44dd60/MethylationProfiling/3fee3fc5-f664-4f2f-b4d4-6d56319379b4/call-CpgPileup/HG02258.hap2.bed.gz.tbi
HG02273	gs://fc-fd42e80c-b41e-4e60-a9cf-b7c0ade168c4/submissions/a1e9b9ce-0d67-4d42-b107-b9821f44dd60/MethylationProfiling/6ae0e383-b1a8-4e09-be1f-34e0eebbae57/call-CpgPileup/HG02273.hap1.bed.gz	gs://fc-fd42e80c-b41e-4e60-a9cf-b7c0ade168c4/submissions/a1e9b9ce-0d67-4d42-b107-b9821f44dd60/MethylationProfiling/6ae0e383-b1a8-4e09-be1f-34e0eebbae57/call-CpgPileup/HG02273.hap1.bed.gz.tbi	gs://fc-fd42e80c-b41e-4e60-a9cf-b7c0ade168c4/submissions/a1e9b9ce-0d67-4d42-b107-b9821f44dd60/MethylationProfiling/6ae0e383-b1a8-4e09-be1f-34e0eebbae57/call-CpgPileup/HG02273.hap2.bed.gz	gs://fc-fd42e80c-b41e-4e60-a9cf-b7c0ade168c4/submissions/a1e9b9ce-0d67-4d42-b107-b9821f44dd60/MethylationProfiling/6ae0e383-b1a8-4e09-be1f-34e0eebbae57/call-CpgPileup/HG02273.hap2.bed.gz.tbi
HG02280	gs://fc-fd42e80c-b41e-4e60-a9cf-b7c0ade168c4/submissions/a1e9b9ce-0d67-4d42-b107-b9821f44dd60/MethylationProfiling/b6c000a5-5d63-40fb-97ad-95100888748a/call-CpgPileup/HG02280.hap1.bed.gz	gs://fc-fd42e80c-b41e-4e60-a9cf-b7c0ade168c4/submissions/a1e9b9ce-0d67-4d42-b107-b9821f44dd60/MethylationProfiling/b6c000a5-5d63-40fb-97ad-95100888748a/call-CpgPileup/HG02280.hap1.bed.gz.tbi	gs://fc-fd42e80c-b41e-4e60-a9cf-b7c0ade168c4/submissions/a1e9b9ce-0d67-4d42-b107-b9821f44dd60/MethylationProfiling/b6c000a5-5d63-40fb-97ad-95100888748a/call-CpgPileup/HG02280.hap2.bed.gz	gs://fc-fd42e80c-b41e-4e60-a9cf-b7c0ade168c4/submissions/a1e9b9ce-0d67-4d42-b107-b9821f44dd60/MethylationProfiling/b6c000a5-5d63-40fb-97ad-95100888748a/call-CpgPileup/HG02280.hap2.bed.gz.tbi
HG02293	gs://fc-fd42e80c-b41e-4e60-a9cf-b7c0ade168c4/submissions/a1e9b9ce-0d67-4d42-b107-b9821f44dd60/MethylationProfiling/936b2079-5269-47aa-bd76-faacb56555bd/call-CpgPileup/HG02293.hap1.bed.gz	gs://fc-fd42e80c-b41e-4e60-a9cf-b7c0ade168c4/submissions/a1e9b9ce-0d67-4d42-b107-b9821f44dd60/MethylationProfiling/936b2079-5269-47aa-bd76-faacb56555bd/call-CpgPileup/HG02293.hap1.bed.gz.tbi	gs://fc-fd42e80c-b41e-4e60-a9cf-b7c0ade168c4/submissions/a1e9b9ce-0d67-4d42-b107-b9821f44dd60/MethylationProfiling/936b2079-5269-47aa-bd76-faacb56555bd/call-CpgPileup/HG02293.hap2.bed.gz	gs://fc-fd42e80c-b41e-4e60-a9cf-b7c0ade168c4/submissions/a1e9b9ce-0d67-4d42-b107-b9821f44dd60/MethylationProfiling/936b2079-5269-47aa-bd76-faacb56555bd/call-CpgPileup/HG02293.hap2.bed.gz.tbi
HG02300	gs://fc-fd42e80c-b41e-4e60-a9cf-b7c0ade168c4/submissions/a1e9b9ce-0d67-4d42-b107-b9821f44dd60/MethylationProfiling/b16a1e3b-2269-4115-bb60-ab232cef736d/call-CpgPileup/HG02300.hap1.bed.gz	gs://fc-fd42e80c-b41e-4e60-a9cf-b7c0ade168c4/submissions/a1e9b9ce-0d67-4d42-b107-b9821f44dd60/MethylationProfiling/b16a1e3b-2269-4115-bb60-ab232cef736d/call-CpgPileup/HG02300.hap1.bed.gz.tbi	gs://fc-fd42e80c-b41e-4e60-a9cf-b7c0ade168c4/submissions/a1e9b9ce-0d67-4d42-b107-b9821f44dd60/MethylationProfiling/b16a1e3b-2269-4115-bb60-ab232cef736d/call-CpgPileup/HG02300.hap2.bed.gz	gs://fc-fd42e80c-b41e-4e60-a9cf-b7c0ade168c4/submissions/a1e9b9ce-0d67-4d42-b107-b9821f44dd60/MethylationProfiling/b16a1e3b-2269-4115-bb60-ab232cef736d/call-CpgPileup/HG02300.hap2.bed.gz.tbi
HG02391	gs://fc-fd42e80c-b41e-4e60-a9cf-b7c0ade168c4/submissions/a1e9b9ce-0d67-4d42-b107-b9821f44dd60/MethylationProfiling/fb4bbd28-5d61-4129-83c8-c23e6405c24e/call-CpgPileup/HG02391.hap1.bed.gz	gs://fc-fd42e80c-b41e-4e60-a9cf-b7c0ade168c4/submissions/a1e9b9ce-0d67-4d42-b107-b9821f44dd60/MethylationProfiling/fb4bbd28-5d61-4129-83c8-c23e6405c24e/call-CpgPileup/HG02391.hap1.bed.gz.tbi	gs://fc-fd42e80c-b41e-4e60-a9cf-b7c0ade168c4/submissions/a1e9b9ce-0d67-4d42-b107-b9821f44dd60/MethylationProfiling/fb4bbd28-5d61-4129-83c8-c23e6405c24e/call-CpgPileup/HG02391.hap2.bed.gz	gs://fc-fd42e80c-b41e-4e60-a9cf-b7c0ade168c4/submissions/a1e9b9ce-0d67-4d42-b107-b9821f44dd60/MethylationProfiling/fb4bbd28-5d61-4129-83c8-c23e6405c24e/call-CpgPileup/HG02391.hap2.bed.gz.tbi
HG02392	gs://fc-fd42e80c-b41e-4e60-a9cf-b7c0ade168c4/submissions/a1e9b9ce-0d67-4d42-b107-b9821f44dd60/MethylationProfiling/043d481e-9d8a-4a0b-a047-759371fe7860/call-CpgPileup/HG02392.hap1.bed.gz	gs://fc-fd42e80c-b41e-4e60-a9cf-b7c0ade168c4/submissions/a1e9b9ce-0d67-4d42-b107-b9821f44dd60/MethylationProfiling/043d481e-9d8a-4a0b-a047-759371fe7860/call-CpgPileup/HG02392.hap1.bed.gz.tbi	gs://fc-fd42e80c-b41e-4e60-a9cf-b7c0ade168c4/submissions/a1e9b9ce-0d67-4d42-b107-b9821f44dd60/MethylationProfiling/043d481e-9d8a-4a0b-a047-759371fe7860/call-CpgPileup/HG02392.hap2.bed.gz	gs://fc-fd42e80c-b41e-4e60-a9cf-b7c0ade168c4/submissions/a1e9b9ce-0d67-4d42-b107-b9821f44dd60/MethylationProfiling/043d481e-9d8a-4a0b-a047-759371fe7860/call-CpgPileup/HG02392.hap2.bed.gz.tbi
HG02451	gs://fc-fd42e80c-b41e-4e60-a9cf-b7c0ade168c4/submissions/a1e9b9ce-0d67-4d42-b107-b9821f44dd60/MethylationProfiling/4992ebe8-0031-4ae2-acd5-e100c2a6aa9b/call-CpgPileup/HG02451.hap1.bed.gz	gs://fc-fd42e80c-b41e-4e60-a9cf-b7c0ade168c4/submissions/a1e9b9ce-0d67-4d42-b107-b9821f44dd60/MethylationProfiling/4992ebe8-0031-4ae2-acd5-e100c2a6aa9b/call-CpgPileup/HG02451.hap1.bed.gz.tbi	gs://fc-fd42e80c-b41e-4e60-a9cf-b7c0ade168c4/submissions/a1e9b9ce-0d67-4d42-b107-b9821f44dd60/MethylationProfiling/4992ebe8-0031-4ae2-acd5-e100c2a6aa9b/call-CpgPileup/HG02451.hap2.bed.gz	gs://fc-fd42e80c-b41e-4e60-a9cf-b7c0ade168c4/submissions/a1e9b9ce-0d67-4d42-b107-b9821f44dd60/MethylationProfiling/4992ebe8-0031-4ae2-acd5-e100c2a6aa9b/call-CpgPileup/HG02451.hap2.bed.gz.tbi
HG02486	gs://fc-fd42e80c-b41e-4e60-a9cf-b7c0ade168c4/submissions/a1e9b9ce-0d67-4d42-b107-b9821f44dd60/MethylationProfiling/8307f4d9-d641-4672-9ef7-36df748c438f/call-CpgPileup/HG02486.hap1.bed.gz	gs://fc-fd42e80c-b41e-4e60-a9cf-b7c0ade168c4/submissions/a1e9b9ce-0d67-4d42-b107-b9821f44dd60/MethylationProfiling/8307f4d9-d641-4672-9ef7-36df748c438f/call-CpgPileup/HG02486.hap1.bed.gz.tbi	gs://fc-fd42e80c-b41e-4e60-a9cf-b7c0ade168c4/submissions/a1e9b9ce-0d67-4d42-b107-b9821f44dd60/MethylationProfiling/8307f4d9-d641-4672-9ef7-36df748c438f/call-CpgPileup/HG02486.hap2.bed.gz	gs://fc-fd42e80c-b41e-4e60-a9cf-b7c0ade168c4/submissions/a1e9b9ce-0d67-4d42-b107-b9821f44dd60/MethylationProfiling/8307f4d9-d641-4672-9ef7-36df748c438f/call-CpgPileup/HG02486.hap2.bed.gz.tbi
HG02514	gs://fc-fd42e80c-b41e-4e60-a9cf-b7c0ade168c4/submissions/a1e9b9ce-0d67-4d42-b107-b9821f44dd60/MethylationProfiling/ec8dae6f-d8e5-4f53-8eeb-e6a5f4f4edb1/call-CpgPileup/attempt-2/HG02514.hap1.bed.gz	gs://fc-fd42e80c-b41e-4e60-a9cf-b7c0ade168c4/submissions/a1e9b9ce-0d67-4d42-b107-b9821f44dd60/MethylationProfiling/ec8dae6f-d8e5-4f53-8eeb-e6a5f4f4edb1/call-CpgPileup/attempt-2/HG02514.hap1.bed.gz.tbi	gs://fc-fd42e80c-b41e-4e60-a9cf-b7c0ade168c4/submissions/a1e9b9ce-0d67-4d42-b107-b9821f44dd60/MethylationProfiling/ec8dae6f-d8e5-4f53-8eeb-e6a5f4f4edb1/call-CpgPileup/attempt-2/HG02514.hap2.bed.gz	gs://fc-fd42e80c-b41e-4e60-a9cf-b7c0ade168c4/submissions/a1e9b9ce-0d67-4d42-b107-b9821f44dd60/MethylationProfiling/ec8dae6f-d8e5-4f53-8eeb-e6a5f4f4edb1/call-CpgPileup/attempt-2/HG02514.hap2.bed.gz.tbi
HG02523	gs://fc-fd42e80c-b41e-4e60-a9cf-b7c0ade168c4/submissions/a1e9b9ce-0d67-4d42-b107-b9821f44dd60/MethylationProfiling/794c6f6c-a96f-42e4-9b35-d40cf36cde64/call-CpgPileup/HG02523.hap1.bed.gz	gs://fc-fd42e80c-b41e-4e60-a9cf-b7c0ade168c4/submissions/a1e9b9ce-0d67-4d42-b107-b9821f44dd60/MethylationProfiling/794c6f6c-a96f-42e4-9b35-d40cf36cde64/call-CpgPileup/HG02523.hap1.bed.gz.tbi	gs://fc-fd42e80c-b41e-4e60-a9cf-b7c0ade168c4/submissions/a1e9b9ce-0d67-4d42-b107-b9821f44dd60/MethylationProfiling/794c6f6c-a96f-42e4-9b35-d40cf36cde64/call-CpgPileup/HG02523.hap2.bed.gz	gs://fc-fd42e80c-b41e-4e60-a9cf-b7c0ade168c4/submissions/a1e9b9ce-0d67-4d42-b107-b9821f44dd60/MethylationProfiling/794c6f6c-a96f-42e4-9b35-d40cf36cde64/call-CpgPileup/HG02523.hap2.bed.gz.tbi
HG02559	gs://fc-fd42e80c-b41e-4e60-a9cf-b7c0ade168c4/submissions/a1e9b9ce-0d67-4d42-b107-b9821f44dd60/MethylationProfiling/55ddeace-195a-40a3-ab88-226a993fc0c3/call-CpgPileup/HG02559.hap1.bed.gz	gs://fc-fd42e80c-b41e-4e60-a9cf-b7c0ade168c4/submissions/a1e9b9ce-0d67-4d42-b107-b9821f44dd60/MethylationProfiling/55ddeace-195a-40a3-ab88-226a993fc0c3/call-CpgPileup/HG02559.hap1.bed.gz.tbi	gs://fc-fd42e80c-b41e-4e60-a9cf-b7c0ade168c4/submissions/a1e9b9ce-0d67-4d42-b107-b9821f44dd60/MethylationProfiling/55ddeace-195a-40a3-ab88-226a993fc0c3/call-CpgPileup/HG02559.hap2.bed.gz	gs://fc-fd42e80c-b41e-4e60-a9cf-b7c0ade168c4/submissions/a1e9b9ce-0d67-4d42-b107-b9821f44dd60/MethylationProfiling/55ddeace-195a-40a3-ab88-226a993fc0c3/call-CpgPileup/HG02559.hap2.bed.gz.tbi
HG02572	gs://fc-fd42e80c-b41e-4e60-a9cf-b7c0ade168c4/submissions/a1e9b9ce-0d67-4d42-b107-b9821f44dd60/MethylationProfiling/d598294d-2259-447a-bf2e-14faa1eca7b2/call-CpgPileup/HG02572.hap1.bed.gz	gs://fc-fd42e80c-b41e-4e60-a9cf-b7c0ade168c4/submissions/a1e9b9ce-0d67-4d42-b107-b9821f44dd60/MethylationProfiling/d598294d-2259-447a-bf2e-14faa1eca7b2/call-CpgPileup/HG02572.hap1.bed.gz.tbi	gs://fc-fd42e80c-b41e-4e60-a9cf-b7c0ade168c4/submissions/a1e9b9ce-0d67-4d42-b107-b9821f44dd60/MethylationProfiling/d598294d-2259-447a-bf2e-14faa1eca7b2/call-CpgPileup/HG02572.hap2.bed.gz	gs://fc-fd42e80c-b41e-4e60-a9cf-b7c0ade168c4/submissions/a1e9b9ce-0d67-4d42-b107-b9821f44dd60/MethylationProfiling/d598294d-2259-447a-bf2e-14faa1eca7b2/call-CpgPileup/HG02572.hap2.bed.gz.tbi
HG02583	gs://fc-fd42e80c-b41e-4e60-a9cf-b7c0ade168c4/submissions/a1e9b9ce-0d67-4d42-b107-b9821f44dd60/MethylationProfiling/e10b6581-7200-46f0-84a9-2f1bda2c373b/call-CpgPileup/HG02583.hap1.bed.gz	gs://fc-fd42e80c-b41e-4e60-a9cf-b7c0ade168c4/submissions/a1e9b9ce-0d67-4d42-b107-b9821f44dd60/MethylationProfiling/e10b6581-7200-46f0-84a9-2f1bda2c373b/call-CpgPileup/HG02583.hap1.bed.gz.tbi	gs://fc-fd42e80c-b41e-4e60-a9cf-b7c0ade168c4/submissions/a1e9b9ce-0d67-4d42-b107-b9821f44dd60/MethylationProfiling/e10b6581-7200-46f0-84a9-2f1bda2c373b/call-CpgPileup/HG02583.hap2.bed.gz	gs://fc-fd42e80c-b41e-4e60-a9cf-b7c0ade168c4/submissions/a1e9b9ce-0d67-4d42-b107-b9821f44dd60/MethylationProfiling/e10b6581-7200-46f0-84a9-2f1bda2c373b/call-CpgPileup/HG02583.hap2.bed.gz.tbi
HG02602	gs://fc-fd42e80c-b41e-4e60-a9cf-b7c0ade168c4/submissions/2eb27acd-d31d-4585-889c-7dc0c527563c/MethylationProfiling/c90598cf-0e2f-4166-a36c-c1d652bf629e/call-CpgPileup/HG02602.hap1.bed.gz	gs://fc-fd42e80c-b41e-4e60-a9cf-b7c0ade168c4/submissions/2eb27acd-d31d-4585-889c-7dc0c527563c/MethylationProfiling/c90598cf-0e2f-4166-a36c-c1d652bf629e/call-CpgPileup/HG02602.hap1.bed.gz.tbi	gs://fc-fd42e80c-b41e-4e60-a9cf-b7c0ade168c4/submissions/2eb27acd-d31d-4585-889c-7dc0c527563c/MethylationProfiling/c90598cf-0e2f-4166-a36c-c1d652bf629e/call-CpgPileup/HG02602.hap2.bed.gz	gs://fc-fd42e80c-b41e-4e60-a9cf-b7c0ade168c4/submissions/2eb27acd-d31d-4585-889c-7dc0c527563c/MethylationProfiling/c90598cf-0e2f-4166-a36c-c1d652bf629e/call-CpgPileup/HG02602.hap2.bed.gz.tbi
HG02615	gs://fc-fd42e80c-b41e-4e60-a9cf-b7c0ade168c4/submissions/a1e9b9ce-0d67-4d42-b107-b9821f44dd60/MethylationProfiling/ca803a69-2334-423f-8724-b8044b80453d/call-CpgPileup/HG02615.hap1.bed.gz	gs://fc-fd42e80c-b41e-4e60-a9cf-b7c0ade168c4/submissions/a1e9b9ce-0d67-4d42-b107-b9821f44dd60/MethylationProfiling/ca803a69-2334-423f-8724-b8044b80453d/call-CpgPileup/HG02615.hap1.bed.gz.tbi	gs://fc-fd42e80c-b41e-4e60-a9cf-b7c0ade168c4/submissions/a1e9b9ce-0d67-4d42-b107-b9821f44dd60/MethylationProfiling/ca803a69-2334-423f-8724-b8044b80453d/call-CpgPileup/HG02615.hap2.bed.gz	gs://fc-fd42e80c-b41e-4e60-a9cf-b7c0ade168c4/submissions/a1e9b9ce-0d67-4d42-b107-b9821f44dd60/MethylationProfiling/ca803a69-2334-423f-8724-b8044b80453d/call-CpgPileup/HG02615.hap2.bed.gz.tbi
HG02622	gs://fc-fd42e80c-b41e-4e60-a9cf-b7c0ade168c4/submissions/8d097187-878e-47bf-9fb7-e16829d4404c/MethylationProfiling/289c7c85-b7ee-40fd-bd2c-7850330515de/call-CpgPileup/HG02622.hap1.bed.gz	gs://fc-fd42e80c-b41e-4e60-a9cf-b7c0ade168c4/submissions/8d097187-878e-47bf-9fb7-e16829d4404c/MethylationProfiling/289c7c85-b7ee-40fd-bd2c-7850330515de/call-CpgPileup/HG02622.hap1.bed.gz.tbi	gs://fc-fd42e80c-b41e-4e60-a9cf-b7c0ade168c4/submissions/8d097187-878e-47bf-9fb7-e16829d4404c/MethylationProfiling/289c7c85-b7ee-40fd-bd2c-7850330515de/call-CpgPileup/HG02622.hap2.bed.gz	gs://fc-fd42e80c-b41e-4e60-a9cf-b7c0ade168c4/submissions/8d097187-878e-47bf-9fb7-e16829d4404c/MethylationProfiling/289c7c85-b7ee-40fd-bd2c-7850330515de/call-CpgPileup/HG02622.hap2.bed.gz.tbi
HG02630	gs://fc-fd42e80c-b41e-4e60-a9cf-b7c0ade168c4/submissions/f0ab26b0-d66f-45be-8322-24218670bc4d/MethylationProfiling/c3228c90-5392-4a83-8eba-74ee8d1f4c99/call-CpgPileup/HG02630.hap1.bed.gz	gs://fc-fd42e80c-b41e-4e60-a9cf-b7c0ade168c4/submissions/f0ab26b0-d66f-45be-8322-24218670bc4d/MethylationProfiling/c3228c90-5392-4a83-8eba-74ee8d1f4c99/call-CpgPileup/HG02630.hap1.bed.gz.tbi	gs://fc-fd42e80c-b41e-4e60-a9cf-b7c0ade168c4/submissions/f0ab26b0-d66f-45be-8322-24218670bc4d/MethylationProfiling/c3228c90-5392-4a83-8eba-74ee8d1f4c99/call-CpgPileup/HG02630.hap2.bed.gz	gs://fc-fd42e80c-b41e-4e60-a9cf-b7c0ade168c4/submissions/f0ab26b0-d66f-45be-8322-24218670bc4d/MethylationProfiling/c3228c90-5392-4a83-8eba-74ee8d1f4c99/call-CpgPileup/HG02630.hap2.bed.gz.tbi
HG02647	gs://fc-fd42e80c-b41e-4e60-a9cf-b7c0ade168c4/submissions/a1e9b9ce-0d67-4d42-b107-b9821f44dd60/MethylationProfiling/8ffaf2b3-b952-40d5-8d85-5a5c83ab32d9/call-CpgPileup/HG02647.hap1.bed.gz	gs://fc-fd42e80c-b41e-4e60-a9cf-b7c0ade168c4/submissions/a1e9b9ce-0d67-4d42-b107-b9821f44dd60/MethylationProfiling/8ffaf2b3-b952-40d5-8d85-5a5c83ab32d9/call-CpgPileup/HG02647.hap1.bed.gz.tbi	gs://fc-fd42e80c-b41e-4e60-a9cf-b7c0ade168c4/submissions/a1e9b9ce-0d67-4d42-b107-b9821f44dd60/MethylationProfiling/8ffaf2b3-b952-40d5-8d85-5a5c83ab32d9/call-CpgPileup/HG02647.hap2.bed.gz	gs://fc-fd42e80c-b41e-4e60-a9cf-b7c0ade168c4/submissions/a1e9b9ce-0d67-4d42-b107-b9821f44dd60/MethylationProfiling/8ffaf2b3-b952-40d5-8d85-5a5c83ab32d9/call-CpgPileup/HG02647.hap2.bed.gz.tbi
HG02668	gs://fc-fd42e80c-b41e-4e60-a9cf-b7c0ade168c4/submissions/a1e9b9ce-0d67-4d42-b107-b9821f44dd60/MethylationProfiling/b250e436-f413-4a2c-bc62-28fe03672f6b/call-CpgPileup/HG02668.hap1.bed.gz	gs://fc-fd42e80c-b41e-4e60-a9cf-b7c0ade168c4/submissions/a1e9b9ce-0d67-4d42-b107-b9821f44dd60/MethylationProfiling/b250e436-f413-4a2c-bc62-28fe03672f6b/call-CpgPileup/HG02668.hap1.bed.gz.tbi	gs://fc-fd42e80c-b41e-4e60-a9cf-b7c0ade168c4/submissions/a1e9b9ce-0d67-4d42-b107-b9821f44dd60/MethylationProfiling/b250e436-f413-4a2c-bc62-28fe03672f6b/call-CpgPileup/HG02668.hap2.bed.gz	gs://fc-fd42e80c-b41e-4e60-a9cf-b7c0ade168c4/submissions/a1e9b9ce-0d67-4d42-b107-b9821f44dd60/MethylationProfiling/b250e436-f413-4a2c-bc62-28fe03672f6b/call-CpgPileup/HG02668.hap2.bed.gz.tbi
HG02698	gs://fc-fd42e80c-b41e-4e60-a9cf-b7c0ade168c4/submissions/a1e9b9ce-0d67-4d42-b107-b9821f44dd60/MethylationProfiling/27f0bdce-3e87-405a-8515-6c49ffc5ea44/call-CpgPileup/HG02698.hap1.bed.gz	gs://fc-fd42e80c-b41e-4e60-a9cf-b7c0ade168c4/submissions/a1e9b9ce-0d67-4d42-b107-b9821f44dd60/MethylationProfiling/27f0bdce-3e87-405a-8515-6c49ffc5ea44/call-CpgPileup/HG02698.hap1.bed.gz.tbi	gs://fc-fd42e80c-b41e-4e60-a9cf-b7c0ade168c4/submissions/a1e9b9ce-0d67-4d42-b107-b9821f44dd60/MethylationProfiling/27f0bdce-3e87-405a-8515-6c49ffc5ea44/call-CpgPileup/HG02698.hap2.bed.gz	gs://fc-fd42e80c-b41e-4e60-a9cf-b7c0ade168c4/submissions/a1e9b9ce-0d67-4d42-b107-b9821f44dd60/MethylationProfiling/27f0bdce-3e87-405a-8515-6c49ffc5ea44/call-CpgPileup/HG02698.hap2.bed.gz.tbi
HG02717	gs://fc-fd42e80c-b41e-4e60-a9cf-b7c0ade168c4/submissions/f0ab26b0-d66f-45be-8322-24218670bc4d/MethylationProfiling/b310be3a-f3e2-4b17-aeb0-9f01712b8e93/call-CpgPileup/attempt-2/HG02717.hap1.bed.gz	gs://fc-fd42e80c-b41e-4e60-a9cf-b7c0ade168c4/submissions/f0ab26b0-d66f-45be-8322-24218670bc4d/MethylationProfiling/b310be3a-f3e2-4b17-aeb0-9f01712b8e93/call-CpgPileup/attempt-2/HG02717.hap1.bed.gz.tbi	gs://fc-fd42e80c-b41e-4e60-a9cf-b7c0ade168c4/submissions/f0ab26b0-d66f-45be-8322-24218670bc4d/MethylationProfiling/b310be3a-f3e2-4b17-aeb0-9f01712b8e93/call-CpgPileup/attempt-2/HG02717.hap2.bed.gz	gs://fc-fd42e80c-b41e-4e60-a9cf-b7c0ade168c4/submissions/f0ab26b0-d66f-45be-8322-24218670bc4d/MethylationProfiling/b310be3a-f3e2-4b17-aeb0-9f01712b8e93/call-CpgPileup/attempt-2/HG02717.hap2.bed.gz.tbi
HG02723	gs://fc-fd42e80c-b41e-4e60-a9cf-b7c0ade168c4/submissions/a1e9b9ce-0d67-4d42-b107-b9821f44dd60/MethylationProfiling/617853c3-a380-4185-9583-3cb6423761ae/call-CpgPileup/HG02723.hap1.bed.gz	gs://fc-fd42e80c-b41e-4e60-a9cf-b7c0ade168c4/submissions/a1e9b9ce-0d67-4d42-b107-b9821f44dd60/MethylationProfiling/617853c3-a380-4185-9583-3cb6423761ae/call-CpgPileup/HG02723.hap1.bed.gz.tbi	gs://fc-fd42e80c-b41e-4e60-a9cf-b7c0ade168c4/submissions/a1e9b9ce-0d67-4d42-b107-b9821f44dd60/MethylationProfiling/617853c3-a380-4185-9583-3cb6423761ae/call-CpgPileup/HG02723.hap2.bed.gz	gs://fc-fd42e80c-b41e-4e60-a9cf-b7c0ade168c4/submissions/a1e9b9ce-0d67-4d42-b107-b9821f44dd60/MethylationProfiling/617853c3-a380-4185-9583-3cb6423761ae/call-CpgPileup/HG02723.hap2.bed.gz.tbi
HG02735	gs://fc-fd42e80c-b41e-4e60-a9cf-b7c0ade168c4/submissions/a1e9b9ce-0d67-4d42-b107-b9821f44dd60/MethylationProfiling/631c0b74-22b2-43f9-9497-8a2b35c8c902/call-CpgPileup/HG02735.hap1.bed.gz	gs://fc-fd42e80c-b41e-4e60-a9cf-b7c0ade168c4/submissions/a1e9b9ce-0d67-4d42-b107-b9821f44dd60/MethylationProfiling/631c0b74-22b2-43f9-9497-8a2b35c8c902/call-CpgPileup/HG02735.hap1.bed.gz.tbi	gs://fc-fd42e80c-b41e-4e60-a9cf-b7c0ade168c4/submissions/a1e9b9ce-0d67-4d42-b107-b9821f44dd60/MethylationProfiling/631c0b74-22b2-43f9-9497-8a2b35c8c902/call-CpgPileup/HG02735.hap2.bed.gz	gs://fc-fd42e80c-b41e-4e60-a9cf-b7c0ade168c4/submissions/a1e9b9ce-0d67-4d42-b107-b9821f44dd60/MethylationProfiling/631c0b74-22b2-43f9-9497-8a2b35c8c902/call-CpgPileup/HG02735.hap2.bed.gz.tbi
HG02738	gs://fc-fd42e80c-b41e-4e60-a9cf-b7c0ade168c4/submissions/a1e9b9ce-0d67-4d42-b107-b9821f44dd60/MethylationProfiling/0aad01c4-b4ff-40c9-8c27-bab1a8ad66ed/call-CpgPileup/HG02738.hap1.bed.gz	gs://fc-fd42e80c-b41e-4e60-a9cf-b7c0ade168c4/submissions/a1e9b9ce-0d67-4d42-b107-b9821f44dd60/MethylationProfiling/0aad01c4-b4ff-40c9-8c27-bab1a8ad66ed/call-CpgPileup/HG02738.hap1.bed.gz.tbi	gs://fc-fd42e80c-b41e-4e60-a9cf-b7c0ade168c4/submissions/a1e9b9ce-0d67-4d42-b107-b9821f44dd60/MethylationProfiling/0aad01c4-b4ff-40c9-8c27-bab1a8ad66ed/call-CpgPileup/HG02738.hap2.bed.gz	gs://fc-fd42e80c-b41e-4e60-a9cf-b7c0ade168c4/submissions/a1e9b9ce-0d67-4d42-b107-b9821f44dd60/MethylationProfiling/0aad01c4-b4ff-40c9-8c27-bab1a8ad66ed/call-CpgPileup/HG02738.hap2.bed.gz.tbi
HG02809	gs://fc-fd42e80c-b41e-4e60-a9cf-b7c0ade168c4/submissions/a1e9b9ce-0d67-4d42-b107-b9821f44dd60/MethylationProfiling/badd0d94-72cb-4ed6-94b1-4d3e38b23593/call-CpgPileup/HG02809.hap1.bed.gz	gs://fc-fd42e80c-b41e-4e60-a9cf-b7c0ade168c4/submissions/a1e9b9ce-0d67-4d42-b107-b9821f44dd60/MethylationProfiling/badd0d94-72cb-4ed6-94b1-4d3e38b23593/call-CpgPileup/HG02809.hap1.bed.gz.tbi	gs://fc-fd42e80c-b41e-4e60-a9cf-b7c0ade168c4/submissions/a1e9b9ce-0d67-4d42-b107-b9821f44dd60/MethylationProfiling/badd0d94-72cb-4ed6-94b1-4d3e38b23593/call-CpgPileup/HG02809.hap2.bed.gz	gs://fc-fd42e80c-b41e-4e60-a9cf-b7c0ade168c4/submissions/a1e9b9ce-0d67-4d42-b107-b9821f44dd60/MethylationProfiling/badd0d94-72cb-4ed6-94b1-4d3e38b23593/call-CpgPileup/HG02809.hap2.bed.gz.tbi
HG02818	gs://fc-fd42e80c-b41e-4e60-a9cf-b7c0ade168c4/submissions/f0ab26b0-d66f-45be-8322-24218670bc4d/MethylationProfiling/6b32628e-701c-4ee6-8ea3-55414bc67173/call-CpgPileup/HG02818.hap1.bed.gz	gs://fc-fd42e80c-b41e-4e60-a9cf-b7c0ade168c4/submissions/f0ab26b0-d66f-45be-8322-24218670bc4d/MethylationProfiling/6b32628e-701c-4ee6-8ea3-55414bc67173/call-CpgPileup/HG02818.hap1.bed.gz.tbi	gs://fc-fd42e80c-b41e-4e60-a9cf-b7c0ade168c4/submissions/f0ab26b0-d66f-45be-8322-24218670bc4d/MethylationProfiling/6b32628e-701c-4ee6-8ea3-55414bc67173/call-CpgPileup/HG02818.hap2.bed.gz	gs://fc-fd42e80c-b41e-4e60-a9cf-b7c0ade168c4/submissions/f0ab26b0-d66f-45be-8322-24218670bc4d/MethylationProfiling/6b32628e-701c-4ee6-8ea3-55414bc67173/call-CpgPileup/HG02818.hap2.bed.gz.tbi
HG02841	gs://fc-fd42e80c-b41e-4e60-a9cf-b7c0ade168c4/submissions/a1e9b9ce-0d67-4d42-b107-b9821f44dd60/MethylationProfiling/5cb56ae3-3085-44f9-aa05-819b4439330a/call-CpgPileup/HG02841.hap1.bed.gz	gs://fc-fd42e80c-b41e-4e60-a9cf-b7c0ade168c4/submissions/a1e9b9ce-0d67-4d42-b107-b9821f44dd60/MethylationProfiling/5cb56ae3-3085-44f9-aa05-819b4439330a/call-CpgPileup/HG02841.hap1.bed.gz.tbi	gs://fc-fd42e80c-b41e-4e60-a9cf-b7c0ade168c4/submissions/a1e9b9ce-0d67-4d42-b107-b9821f44dd60/MethylationProfiling/5cb56ae3-3085-44f9-aa05-819b4439330a/call-CpgPileup/HG02841.hap2.bed.gz	gs://fc-fd42e80c-b41e-4e60-a9cf-b7c0ade168c4/submissions/a1e9b9ce-0d67-4d42-b107-b9821f44dd60/MethylationProfiling/5cb56ae3-3085-44f9-aa05-819b4439330a/call-CpgPileup/HG02841.hap2.bed.gz.tbi
HG02886	gs://fc-fd42e80c-b41e-4e60-a9cf-b7c0ade168c4/submissions/f0ab26b0-d66f-45be-8322-24218670bc4d/MethylationProfiling/7b2a5f96-3360-4f3d-9630-857e270c78b4/call-CpgPileup/HG02886.hap1.bed.gz	gs://fc-fd42e80c-b41e-4e60-a9cf-b7c0ade168c4/submissions/f0ab26b0-d66f-45be-8322-24218670bc4d/MethylationProfiling/7b2a5f96-3360-4f3d-9630-857e270c78b4/call-CpgPileup/HG02886.hap1.bed.gz.tbi	gs://fc-fd42e80c-b41e-4e60-a9cf-b7c0ade168c4/submissions/f0ab26b0-d66f-45be-8322-24218670bc4d/MethylationProfiling/7b2a5f96-3360-4f3d-9630-857e270c78b4/call-CpgPileup/HG02886.hap2.bed.gz	gs://fc-fd42e80c-b41e-4e60-a9cf-b7c0ade168c4/submissions/f0ab26b0-d66f-45be-8322-24218670bc4d/MethylationProfiling/7b2a5f96-3360-4f3d-9630-857e270c78b4/call-CpgPileup/HG02886.hap2.bed.gz.tbi
HG02922	gs://fc-fd42e80c-b41e-4e60-a9cf-b7c0ade168c4/submissions/a1e9b9ce-0d67-4d42-b107-b9821f44dd60/MethylationProfiling/32ba2f45-b7d8-4fa3-aba4-69189e9f81b6/call-CpgPileup/HG02922.hap1.bed.gz	gs://fc-fd42e80c-b41e-4e60-a9cf-b7c0ade168c4/submissions/a1e9b9ce-0d67-4d42-b107-b9821f44dd60/MethylationProfiling/32ba2f45-b7d8-4fa3-aba4-69189e9f81b6/call-CpgPileup/HG02922.hap1.bed.gz.tbi	gs://fc-fd42e80c-b41e-4e60-a9cf-b7c0ade168c4/submissions/a1e9b9ce-0d67-4d42-b107-b9821f44dd60/MethylationProfiling/32ba2f45-b7d8-4fa3-aba4-69189e9f81b6/call-CpgPileup/HG02922.hap2.bed.gz	gs://fc-fd42e80c-b41e-4e60-a9cf-b7c0ade168c4/submissions/a1e9b9ce-0d67-4d42-b107-b9821f44dd60/MethylationProfiling/32ba2f45-b7d8-4fa3-aba4-69189e9f81b6/call-CpgPileup/HG02922.hap2.bed.gz.tbi
HG02965	gs://fc-fd42e80c-b41e-4e60-a9cf-b7c0ade168c4/submissions/a1e9b9ce-0d67-4d42-b107-b9821f44dd60/MethylationProfiling/7d94adb5-e93d-4410-ad06-35760f849dc0/call-CpgPileup/HG02965.hap1.bed.gz	gs://fc-fd42e80c-b41e-4e60-a9cf-b7c0ade168c4/submissions/a1e9b9ce-0d67-4d42-b107-b9821f44dd60/MethylationProfiling/7d94adb5-e93d-4410-ad06-35760f849dc0/call-CpgPileup/HG02965.hap1.bed.gz.tbi	gs://fc-fd42e80c-b41e-4e60-a9cf-b7c0ade168c4/submissions/a1e9b9ce-0d67-4d42-b107-b9821f44dd60/MethylationProfiling/7d94adb5-e93d-4410-ad06-35760f849dc0/call-CpgPileup/HG02965.hap2.bed.gz	gs://fc-fd42e80c-b41e-4e60-a9cf-b7c0ade168c4/submissions/a1e9b9ce-0d67-4d42-b107-b9821f44dd60/MethylationProfiling/7d94adb5-e93d-4410-ad06-35760f849dc0/call-CpgPileup/HG02965.hap2.bed.gz.tbi
HG02976	gs://fc-fd42e80c-b41e-4e60-a9cf-b7c0ade168c4/submissions/a1e9b9ce-0d67-4d42-b107-b9821f44dd60/MethylationProfiling/1933e21b-6ad2-4f77-809c-6acb7cac7903/call-CpgPileup/HG02976.hap1.bed.gz	gs://fc-fd42e80c-b41e-4e60-a9cf-b7c0ade168c4/submissions/a1e9b9ce-0d67-4d42-b107-b9821f44dd60/MethylationProfiling/1933e21b-6ad2-4f77-809c-6acb7cac7903/call-CpgPileup/HG02976.hap1.bed.gz.tbi	gs://fc-fd42e80c-b41e-4e60-a9cf-b7c0ade168c4/submissions/a1e9b9ce-0d67-4d42-b107-b9821f44dd60/MethylationProfiling/1933e21b-6ad2-4f77-809c-6acb7cac7903/call-CpgPileup/HG02976.hap2.bed.gz	gs://fc-fd42e80c-b41e-4e60-a9cf-b7c0ade168c4/submissions/a1e9b9ce-0d67-4d42-b107-b9821f44dd60/MethylationProfiling/1933e21b-6ad2-4f77-809c-6acb7cac7903/call-CpgPileup/HG02976.hap2.bed.gz.tbi
HG02984	gs://fc-fd42e80c-b41e-4e60-a9cf-b7c0ade168c4/submissions/a1e9b9ce-0d67-4d42-b107-b9821f44dd60/MethylationProfiling/576931a7-6d4c-476f-913e-45bd474c1769/call-CpgPileup/HG02984.hap1.bed.gz	gs://fc-fd42e80c-b41e-4e60-a9cf-b7c0ade168c4/submissions/a1e9b9ce-0d67-4d42-b107-b9821f44dd60/MethylationProfiling/576931a7-6d4c-476f-913e-45bd474c1769/call-CpgPileup/HG02984.hap1.bed.gz.tbi	gs://fc-fd42e80c-b41e-4e60-a9cf-b7c0ade168c4/submissions/a1e9b9ce-0d67-4d42-b107-b9821f44dd60/MethylationProfiling/576931a7-6d4c-476f-913e-45bd474c1769/call-CpgPileup/HG02984.hap2.bed.gz	gs://fc-fd42e80c-b41e-4e60-a9cf-b7c0ade168c4/submissions/a1e9b9ce-0d67-4d42-b107-b9821f44dd60/MethylationProfiling/576931a7-6d4c-476f-913e-45bd474c1769/call-CpgPileup/HG02984.hap2.bed.gz.tbi
HG03017	gs://fc-fd42e80c-b41e-4e60-a9cf-b7c0ade168c4/submissions/a1e9b9ce-0d67-4d42-b107-b9821f44dd60/MethylationProfiling/68677369-92d8-4241-8323-ae7408d5c2c4/call-CpgPileup/HG03017.hap1.bed.gz	gs://fc-fd42e80c-b41e-4e60-a9cf-b7c0ade168c4/submissions/a1e9b9ce-0d67-4d42-b107-b9821f44dd60/MethylationProfiling/68677369-92d8-4241-8323-ae7408d5c2c4/call-CpgPileup/HG03017.hap1.bed.gz.tbi	gs://fc-fd42e80c-b41e-4e60-a9cf-b7c0ade168c4/submissions/a1e9b9ce-0d67-4d42-b107-b9821f44dd60/MethylationProfiling/68677369-92d8-4241-8323-ae7408d5c2c4/call-CpgPileup/HG03017.hap2.bed.gz	gs://fc-fd42e80c-b41e-4e60-a9cf-b7c0ade168c4/submissions/a1e9b9ce-0d67-4d42-b107-b9821f44dd60/MethylationProfiling/68677369-92d8-4241-8323-ae7408d5c2c4/call-CpgPileup/HG03017.hap2.bed.gz.tbi
HG03041	gs://fc-fd42e80c-b41e-4e60-a9cf-b7c0ade168c4/submissions/569a9e19-4a00-4d9c-98ff-6de0000f6e8f/MethylationProfiling/2702d0ca-948e-497e-a632-b9500e51f31b/call-CpgPileup/HG03041.hap1.bed.gz	gs://fc-fd42e80c-b41e-4e60-a9cf-b7c0ade168c4/submissions/569a9e19-4a00-4d9c-98ff-6de0000f6e8f/MethylationProfiling/2702d0ca-948e-497e-a632-b9500e51f31b/call-CpgPileup/HG03041.hap1.bed.gz.tbi	gs://fc-fd42e80c-b41e-4e60-a9cf-b7c0ade168c4/submissions/569a9e19-4a00-4d9c-98ff-6de0000f6e8f/MethylationProfiling/2702d0ca-948e-497e-a632-b9500e51f31b/call-CpgPileup/HG03041.hap2.bed.gz	gs://fc-fd42e80c-b41e-4e60-a9cf-b7c0ade168c4/submissions/569a9e19-4a00-4d9c-98ff-6de0000f6e8f/MethylationProfiling/2702d0ca-948e-497e-a632-b9500e51f31b/call-CpgPileup/HG03041.hap2.bed.gz.tbi
HG03050	gs://fc-fd42e80c-b41e-4e60-a9cf-b7c0ade168c4/submissions/a1e9b9ce-0d67-4d42-b107-b9821f44dd60/MethylationProfiling/43f9aeab-277c-4952-a18a-6d74727b5973/call-CpgPileup/HG03050.hap1.bed.gz	gs://fc-fd42e80c-b41e-4e60-a9cf-b7c0ade168c4/submissions/a1e9b9ce-0d67-4d42-b107-b9821f44dd60/MethylationProfiling/43f9aeab-277c-4952-a18a-6d74727b5973/call-CpgPileup/HG03050.hap1.bed.gz.tbi	gs://fc-fd42e80c-b41e-4e60-a9cf-b7c0ade168c4/submissions/a1e9b9ce-0d67-4d42-b107-b9821f44dd60/MethylationProfiling/43f9aeab-277c-4952-a18a-6d74727b5973/call-CpgPileup/HG03050.hap2.bed.gz	gs://fc-fd42e80c-b41e-4e60-a9cf-b7c0ade168c4/submissions/a1e9b9ce-0d67-4d42-b107-b9821f44dd60/MethylationProfiling/43f9aeab-277c-4952-a18a-6d74727b5973/call-CpgPileup/HG03050.hap2.bed.gz.tbi
HG03098	gs://fc-fd42e80c-b41e-4e60-a9cf-b7c0ade168c4/submissions/f0ab26b0-d66f-45be-8322-24218670bc4d/MethylationProfiling/c953d0bb-eb8b-4208-b6cd-7f51a8622bc6/call-CpgPileup/HG03098.hap1.bed.gz	gs://fc-fd42e80c-b41e-4e60-a9cf-b7c0ade168c4/submissions/f0ab26b0-d66f-45be-8322-24218670bc4d/MethylationProfiling/c953d0bb-eb8b-4208-b6cd-7f51a8622bc6/call-CpgPileup/HG03098.hap1.bed.gz.tbi	gs://fc-fd42e80c-b41e-4e60-a9cf-b7c0ade168c4/submissions/f0ab26b0-d66f-45be-8322-24218670bc4d/MethylationProfiling/c953d0bb-eb8b-4208-b6cd-7f51a8622bc6/call-CpgPileup/HG03098.hap2.bed.gz	gs://fc-fd42e80c-b41e-4e60-a9cf-b7c0ade168c4/submissions/f0ab26b0-d66f-45be-8322-24218670bc4d/MethylationProfiling/c953d0bb-eb8b-4208-b6cd-7f51a8622bc6/call-CpgPileup/HG03098.hap2.bed.gz.tbi
HG03130	gs://fc-fd42e80c-b41e-4e60-a9cf-b7c0ade168c4/submissions/a1e9b9ce-0d67-4d42-b107-b9821f44dd60/MethylationProfiling/082131ac-d62d-411a-8f48-e5993fcddb80/call-CpgPileup/HG03130.hap1.bed.gz	gs://fc-fd42e80c-b41e-4e60-a9cf-b7c0ade168c4/submissions/a1e9b9ce-0d67-4d42-b107-b9821f44dd60/MethylationProfiling/082131ac-d62d-411a-8f48-e5993fcddb80/call-CpgPileup/HG03130.hap1.bed.gz.tbi	gs://fc-fd42e80c-b41e-4e60-a9cf-b7c0ade168c4/submissions/a1e9b9ce-0d67-4d42-b107-b9821f44dd60/MethylationProfiling/082131ac-d62d-411a-8f48-e5993fcddb80/call-CpgPileup/HG03130.hap2.bed.gz	gs://fc-fd42e80c-b41e-4e60-a9cf-b7c0ade168c4/submissions/a1e9b9ce-0d67-4d42-b107-b9821f44dd60/MethylationProfiling/082131ac-d62d-411a-8f48-e5993fcddb80/call-CpgPileup/HG03130.hap2.bed.gz.tbi
HG03139	gs://fc-fd42e80c-b41e-4e60-a9cf-b7c0ade168c4/submissions/a1e9b9ce-0d67-4d42-b107-b9821f44dd60/MethylationProfiling/de7aac8f-4aeb-4025-831b-10408d5a5be2/call-CpgPileup/HG03139.hap1.bed.gz	gs://fc-fd42e80c-b41e-4e60-a9cf-b7c0ade168c4/submissions/a1e9b9ce-0d67-4d42-b107-b9821f44dd60/MethylationProfiling/de7aac8f-4aeb-4025-831b-10408d5a5be2/call-CpgPileup/HG03139.hap1.bed.gz.tbi	gs://fc-fd42e80c-b41e-4e60-a9cf-b7c0ade168c4/submissions/a1e9b9ce-0d67-4d42-b107-b9821f44dd60/MethylationProfiling/de7aac8f-4aeb-4025-831b-10408d5a5be2/call-CpgPileup/HG03139.hap2.bed.gz	gs://fc-fd42e80c-b41e-4e60-a9cf-b7c0ade168c4/submissions/a1e9b9ce-0d67-4d42-b107-b9821f44dd60/MethylationProfiling/de7aac8f-4aeb-4025-831b-10408d5a5be2/call-CpgPileup/HG03139.hap2.bed.gz.tbi
HG03195	gs://fc-fd42e80c-b41e-4e60-a9cf-b7c0ade168c4/submissions/a1e9b9ce-0d67-4d42-b107-b9821f44dd60/MethylationProfiling/5a3de470-7c83-457c-bc09-3228cfc7a511/call-CpgPileup/HG03195.hap1.bed.gz	gs://fc-fd42e80c-b41e-4e60-a9cf-b7c0ade168c4/submissions/a1e9b9ce-0d67-4d42-b107-b9821f44dd60/MethylationProfiling/5a3de470-7c83-457c-bc09-3228cfc7a511/call-CpgPileup/HG03195.hap1.bed.gz.tbi	gs://fc-fd42e80c-b41e-4e60-a9cf-b7c0ade168c4/submissions/a1e9b9ce-0d67-4d42-b107-b9821f44dd60/MethylationProfiling/5a3de470-7c83-457c-bc09-3228cfc7a511/call-CpgPileup/HG03195.hap2.bed.gz	gs://fc-fd42e80c-b41e-4e60-a9cf-b7c0ade168c4/submissions/a1e9b9ce-0d67-4d42-b107-b9821f44dd60/MethylationProfiling/5a3de470-7c83-457c-bc09-3228cfc7a511/call-CpgPileup/HG03195.hap2.bed.gz.tbi
HG03209	gs://fc-fd42e80c-b41e-4e60-a9cf-b7c0ade168c4/submissions/a1e9b9ce-0d67-4d42-b107-b9821f44dd60/MethylationProfiling/e7e8d249-b282-412a-8626-d11852b46a5f/call-CpgPileup/HG03209.hap1.bed.gz	gs://fc-fd42e80c-b41e-4e60-a9cf-b7c0ade168c4/submissions/a1e9b9ce-0d67-4d42-b107-b9821f44dd60/MethylationProfiling/e7e8d249-b282-412a-8626-d11852b46a5f/call-CpgPileup/HG03209.hap1.bed.gz.tbi	gs://fc-fd42e80c-b41e-4e60-a9cf-b7c0ade168c4/submissions/a1e9b9ce-0d67-4d42-b107-b9821f44dd60/MethylationProfiling/e7e8d249-b282-412a-8626-d11852b46a5f/call-CpgPileup/HG03209.hap2.bed.gz	gs://fc-fd42e80c-b41e-4e60-a9cf-b7c0ade168c4/submissions/a1e9b9ce-0d67-4d42-b107-b9821f44dd60/MethylationProfiling/e7e8d249-b282-412a-8626-d11852b46a5f/call-CpgPileup/HG03209.hap2.bed.gz.tbi
HG03225	gs://fc-fd42e80c-b41e-4e60-a9cf-b7c0ade168c4/submissions/569a9e19-4a00-4d9c-98ff-6de0000f6e8f/MethylationProfiling/02e4f063-a56a-4087-9d34-4a1d3af18144/call-CpgPileup/HG03225.hap1.bed.gz	gs://fc-fd42e80c-b41e-4e60-a9cf-b7c0ade168c4/submissions/569a9e19-4a00-4d9c-98ff-6de0000f6e8f/MethylationProfiling/02e4f063-a56a-4087-9d34-4a1d3af18144/call-CpgPileup/HG03225.hap1.bed.gz.tbi	gs://fc-fd42e80c-b41e-4e60-a9cf-b7c0ade168c4/submissions/569a9e19-4a00-4d9c-98ff-6de0000f6e8f/MethylationProfiling/02e4f063-a56a-4087-9d34-4a1d3af18144/call-CpgPileup/HG03225.hap2.bed.gz	gs://fc-fd42e80c-b41e-4e60-a9cf-b7c0ade168c4/submissions/569a9e19-4a00-4d9c-98ff-6de0000f6e8f/MethylationProfiling/02e4f063-a56a-4087-9d34-4a1d3af18144/call-CpgPileup/HG03225.hap2.bed.gz.tbi
HG03239	gs://fc-fd42e80c-b41e-4e60-a9cf-b7c0ade168c4/submissions/a1e9b9ce-0d67-4d42-b107-b9821f44dd60/MethylationProfiling/f4e6333f-3e95-4b91-9429-649b4a3f7d4e/call-CpgPileup/HG03239.hap1.bed.gz	gs://fc-fd42e80c-b41e-4e60-a9cf-b7c0ade168c4/submissions/a1e9b9ce-0d67-4d42-b107-b9821f44dd60/MethylationProfiling/f4e6333f-3e95-4b91-9429-649b4a3f7d4e/call-CpgPileup/HG03239.hap1.bed.gz.tbi	gs://fc-fd42e80c-b41e-4e60-a9cf-b7c0ade168c4/submissions/a1e9b9ce-0d67-4d42-b107-b9821f44dd60/MethylationProfiling/f4e6333f-3e95-4b91-9429-649b4a3f7d4e/call-CpgPileup/HG03239.hap2.bed.gz	gs://fc-fd42e80c-b41e-4e60-a9cf-b7c0ade168c4/submissions/a1e9b9ce-0d67-4d42-b107-b9821f44dd60/MethylationProfiling/f4e6333f-3e95-4b91-9429-649b4a3f7d4e/call-CpgPileup/HG03239.hap2.bed.gz.tbi
HG03270	gs://fc-fd42e80c-b41e-4e60-a9cf-b7c0ade168c4/submissions/a1e9b9ce-0d67-4d42-b107-b9821f44dd60/MethylationProfiling/1f67dc36-56b4-405a-9ab3-a1f93909daa1/call-CpgPileup/HG03270.hap1.bed.gz	gs://fc-fd42e80c-b41e-4e60-a9cf-b7c0ade168c4/submissions/a1e9b9ce-0d67-4d42-b107-b9821f44dd60/MethylationProfiling/1f67dc36-56b4-405a-9ab3-a1f93909daa1/call-CpgPileup/HG03270.hap1.bed.gz.tbi	gs://fc-fd42e80c-b41e-4e60-a9cf-b7c0ade168c4/submissions/a1e9b9ce-0d67-4d42-b107-b9821f44dd60/MethylationProfiling/1f67dc36-56b4-405a-9ab3-a1f93909daa1/call-CpgPileup/HG03270.hap2.bed.gz	gs://fc-fd42e80c-b41e-4e60-a9cf-b7c0ade168c4/submissions/a1e9b9ce-0d67-4d42-b107-b9821f44dd60/MethylationProfiling/1f67dc36-56b4-405a-9ab3-a1f93909daa1/call-CpgPileup/HG03270.hap2.bed.gz.tbi
HG03369	gs://fc-fd42e80c-b41e-4e60-a9cf-b7c0ade168c4/submissions/a1e9b9ce-0d67-4d42-b107-b9821f44dd60/MethylationProfiling/63bbde32-02d3-4cbb-a94c-c62995d0b759/call-CpgPileup/HG03369.hap1.bed.gz	gs://fc-fd42e80c-b41e-4e60-a9cf-b7c0ade168c4/submissions/a1e9b9ce-0d67-4d42-b107-b9821f44dd60/MethylationProfiling/63bbde32-02d3-4cbb-a94c-c62995d0b759/call-CpgPileup/HG03369.hap1.bed.gz.tbi	gs://fc-fd42e80c-b41e-4e60-a9cf-b7c0ade168c4/submissions/a1e9b9ce-0d67-4d42-b107-b9821f44dd60/MethylationProfiling/63bbde32-02d3-4cbb-a94c-c62995d0b759/call-CpgPileup/HG03369.hap2.bed.gz	gs://fc-fd42e80c-b41e-4e60-a9cf-b7c0ade168c4/submissions/a1e9b9ce-0d67-4d42-b107-b9821f44dd60/MethylationProfiling/63bbde32-02d3-4cbb-a94c-c62995d0b759/call-CpgPileup/HG03369.hap2.bed.gz.tbi
HG03453	gs://fc-fd42e80c-b41e-4e60-a9cf-b7c0ade168c4/submissions/f0ab26b0-d66f-45be-8322-24218670bc4d/MethylationProfiling/4ba02899-2a3b-4edc-b0ef-5e1f98edba7a/call-CpgPileup/attempt-2/HG03453.hap1.bed.gz	gs://fc-fd42e80c-b41e-4e60-a9cf-b7c0ade168c4/submissions/f0ab26b0-d66f-45be-8322-24218670bc4d/MethylationProfiling/4ba02899-2a3b-4edc-b0ef-5e1f98edba7a/call-CpgPileup/attempt-2/HG03453.hap1.bed.gz.tbi	gs://fc-fd42e80c-b41e-4e60-a9cf-b7c0ade168c4/submissions/f0ab26b0-d66f-45be-8322-24218670bc4d/MethylationProfiling/4ba02899-2a3b-4edc-b0ef-5e1f98edba7a/call-CpgPileup/attempt-2/HG03453.hap2.bed.gz	gs://fc-fd42e80c-b41e-4e60-a9cf-b7c0ade168c4/submissions/f0ab26b0-d66f-45be-8322-24218670bc4d/MethylationProfiling/4ba02899-2a3b-4edc-b0ef-5e1f98edba7a/call-CpgPileup/attempt-2/HG03453.hap2.bed.gz.tbi
HG03470	gs://fc-fd42e80c-b41e-4e60-a9cf-b7c0ade168c4/submissions/a1e9b9ce-0d67-4d42-b107-b9821f44dd60/MethylationProfiling/41313a23-9da8-4465-85b5-81b7a36d6d72/call-CpgPileup/HG03470.hap1.bed.gz	gs://fc-fd42e80c-b41e-4e60-a9cf-b7c0ade168c4/submissions/a1e9b9ce-0d67-4d42-b107-b9821f44dd60/MethylationProfiling/41313a23-9da8-4465-85b5-81b7a36d6d72/call-CpgPileup/HG03470.hap1.bed.gz.tbi	gs://fc-fd42e80c-b41e-4e60-a9cf-b7c0ade168c4/submissions/a1e9b9ce-0d67-4d42-b107-b9821f44dd60/MethylationProfiling/41313a23-9da8-4465-85b5-81b7a36d6d72/call-CpgPileup/HG03470.hap2.bed.gz	gs://fc-fd42e80c-b41e-4e60-a9cf-b7c0ade168c4/submissions/a1e9b9ce-0d67-4d42-b107-b9821f44dd60/MethylationProfiling/41313a23-9da8-4465-85b5-81b7a36d6d72/call-CpgPileup/HG03470.hap2.bed.gz.tbi
HG03471	gs://fc-fd42e80c-b41e-4e60-a9cf-b7c0ade168c4/submissions/f0ab26b0-d66f-45be-8322-24218670bc4d/MethylationProfiling/648752cf-85ec-49ef-b4c5-09d8e7c6b8e4/call-CpgPileup/HG03471.hap1.bed.gz	gs://fc-fd42e80c-b41e-4e60-a9cf-b7c0ade168c4/submissions/f0ab26b0-d66f-45be-8322-24218670bc4d/MethylationProfiling/648752cf-85ec-49ef-b4c5-09d8e7c6b8e4/call-CpgPileup/HG03471.hap1.bed.gz.tbi	gs://fc-fd42e80c-b41e-4e60-a9cf-b7c0ade168c4/submissions/f0ab26b0-d66f-45be-8322-24218670bc4d/MethylationProfiling/648752cf-85ec-49ef-b4c5-09d8e7c6b8e4/call-CpgPileup/HG03471.hap2.bed.gz	gs://fc-fd42e80c-b41e-4e60-a9cf-b7c0ade168c4/submissions/f0ab26b0-d66f-45be-8322-24218670bc4d/MethylationProfiling/648752cf-85ec-49ef-b4c5-09d8e7c6b8e4/call-CpgPileup/HG03471.hap2.bed.gz.tbi
HG03486	gs://fc-fd42e80c-b41e-4e60-a9cf-b7c0ade168c4/submissions/f0ab26b0-d66f-45be-8322-24218670bc4d/MethylationProfiling/8060d3a6-1d35-44b4-b838-cb3250b7dda1/call-CpgPileup/HG03486.hap1.bed.gz	gs://fc-fd42e80c-b41e-4e60-a9cf-b7c0ade168c4/submissions/f0ab26b0-d66f-45be-8322-24218670bc4d/MethylationProfiling/8060d3a6-1d35-44b4-b838-cb3250b7dda1/call-CpgPileup/HG03486.hap1.bed.gz.tbi	gs://fc-fd42e80c-b41e-4e60-a9cf-b7c0ade168c4/submissions/f0ab26b0-d66f-45be-8322-24218670bc4d/MethylationProfiling/8060d3a6-1d35-44b4-b838-cb3250b7dda1/call-CpgPileup/HG03486.hap2.bed.gz	gs://fc-fd42e80c-b41e-4e60-a9cf-b7c0ade168c4/submissions/f0ab26b0-d66f-45be-8322-24218670bc4d/MethylationProfiling/8060d3a6-1d35-44b4-b838-cb3250b7dda1/call-CpgPileup/HG03486.hap2.bed.gz.tbi
HG03516	gs://fc-fd42e80c-b41e-4e60-a9cf-b7c0ade168c4/submissions/a1e9b9ce-0d67-4d42-b107-b9821f44dd60/MethylationProfiling/19106b8d-827d-4eae-846c-1ac1885366c6/call-CpgPileup/HG03516.hap1.bed.gz	gs://fc-fd42e80c-b41e-4e60-a9cf-b7c0ade168c4/submissions/a1e9b9ce-0d67-4d42-b107-b9821f44dd60/MethylationProfiling/19106b8d-827d-4eae-846c-1ac1885366c6/call-CpgPileup/HG03516.hap1.bed.gz.tbi	gs://fc-fd42e80c-b41e-4e60-a9cf-b7c0ade168c4/submissions/a1e9b9ce-0d67-4d42-b107-b9821f44dd60/MethylationProfiling/19106b8d-827d-4eae-846c-1ac1885366c6/call-CpgPileup/HG03516.hap2.bed.gz	gs://fc-fd42e80c-b41e-4e60-a9cf-b7c0ade168c4/submissions/a1e9b9ce-0d67-4d42-b107-b9821f44dd60/MethylationProfiling/19106b8d-827d-4eae-846c-1ac1885366c6/call-CpgPileup/HG03516.hap2.bed.gz.tbi
HG03521	gs://fc-fd42e80c-b41e-4e60-a9cf-b7c0ade168c4/submissions/a1e9b9ce-0d67-4d42-b107-b9821f44dd60/MethylationProfiling/50a4383d-3b62-433e-87f3-c5bf39f1687a/call-CpgPileup/HG03521.hap1.bed.gz	gs://fc-fd42e80c-b41e-4e60-a9cf-b7c0ade168c4/submissions/a1e9b9ce-0d67-4d42-b107-b9821f44dd60/MethylationProfiling/50a4383d-3b62-433e-87f3-c5bf39f1687a/call-CpgPileup/HG03521.hap1.bed.gz.tbi	gs://fc-fd42e80c-b41e-4e60-a9cf-b7c0ade168c4/submissions/a1e9b9ce-0d67-4d42-b107-b9821f44dd60/MethylationProfiling/50a4383d-3b62-433e-87f3-c5bf39f1687a/call-CpgPileup/HG03521.hap2.bed.gz	gs://fc-fd42e80c-b41e-4e60-a9cf-b7c0ade168c4/submissions/a1e9b9ce-0d67-4d42-b107-b9821f44dd60/MethylationProfiling/50a4383d-3b62-433e-87f3-c5bf39f1687a/call-CpgPileup/HG03521.hap2.bed.gz.tbi
HG03540	gs://fc-fd42e80c-b41e-4e60-a9cf-b7c0ade168c4/submissions/f0ab26b0-d66f-45be-8322-24218670bc4d/MethylationProfiling/0de49fbe-5126-4a40-8b87-de82a46d50cc/call-CpgPileup/HG03540.hap1.bed.gz	gs://fc-fd42e80c-b41e-4e60-a9cf-b7c0ade168c4/submissions/f0ab26b0-d66f-45be-8322-24218670bc4d/MethylationProfiling/0de49fbe-5126-4a40-8b87-de82a46d50cc/call-CpgPileup/HG03540.hap1.bed.gz.tbi	gs://fc-fd42e80c-b41e-4e60-a9cf-b7c0ade168c4/submissions/f0ab26b0-d66f-45be-8322-24218670bc4d/MethylationProfiling/0de49fbe-5126-4a40-8b87-de82a46d50cc/call-CpgPileup/HG03540.hap2.bed.gz	gs://fc-fd42e80c-b41e-4e60-a9cf-b7c0ade168c4/submissions/f0ab26b0-d66f-45be-8322-24218670bc4d/MethylationProfiling/0de49fbe-5126-4a40-8b87-de82a46d50cc/call-CpgPileup/HG03540.hap2.bed.gz.tbi
HG03579	gs://fc-fd42e80c-b41e-4e60-a9cf-b7c0ade168c4/submissions/f0ab26b0-d66f-45be-8322-24218670bc4d/MethylationProfiling/bde8e153-ac21-4831-9eb7-c28ce4c0e09b/call-CpgPileup/HG03579.hap1.bed.gz	gs://fc-fd42e80c-b41e-4e60-a9cf-b7c0ade168c4/submissions/f0ab26b0-d66f-45be-8322-24218670bc4d/MethylationProfiling/bde8e153-ac21-4831-9eb7-c28ce4c0e09b/call-CpgPileup/HG03579.hap1.bed.gz.tbi	gs://fc-fd42e80c-b41e-4e60-a9cf-b7c0ade168c4/submissions/f0ab26b0-d66f-45be-8322-24218670bc4d/MethylationProfiling/bde8e153-ac21-4831-9eb7-c28ce4c0e09b/call-CpgPileup/HG03579.hap2.bed.gz	gs://fc-fd42e80c-b41e-4e60-a9cf-b7c0ade168c4/submissions/f0ab26b0-d66f-45be-8322-24218670bc4d/MethylationProfiling/bde8e153-ac21-4831-9eb7-c28ce4c0e09b/call-CpgPileup/HG03579.hap2.bed.gz.tbi
HG03583	gs://fc-fd42e80c-b41e-4e60-a9cf-b7c0ade168c4/submissions/569a9e19-4a00-4d9c-98ff-6de0000f6e8f/MethylationProfiling/e19e8f24-7840-458a-b868-6ccb423add09/call-CpgPileup/attempt-2/HG03583.hap1.bed.gz	gs://fc-fd42e80c-b41e-4e60-a9cf-b7c0ade168c4/submissions/569a9e19-4a00-4d9c-98ff-6de0000f6e8f/MethylationProfiling/e19e8f24-7840-458a-b868-6ccb423add09/call-CpgPileup/attempt-2/HG03583.hap1.bed.gz.tbi	gs://fc-fd42e80c-b41e-4e60-a9cf-b7c0ade168c4/submissions/569a9e19-4a00-4d9c-98ff-6de0000f6e8f/MethylationProfiling/e19e8f24-7840-458a-b868-6ccb423add09/call-CpgPileup/attempt-2/HG03583.hap2.bed.gz	gs://fc-fd42e80c-b41e-4e60-a9cf-b7c0ade168c4/submissions/569a9e19-4a00-4d9c-98ff-6de0000f6e8f/MethylationProfiling/e19e8f24-7840-458a-b868-6ccb423add09/call-CpgPileup/attempt-2/HG03583.hap2.bed.gz.tbi
HG03654	gs://fc-fd42e80c-b41e-4e60-a9cf-b7c0ade168c4/submissions/a1e9b9ce-0d67-4d42-b107-b9821f44dd60/MethylationProfiling/b5ff448e-b7f7-4995-b4ce-6b7d330b8094/call-CpgPileup/attempt-2/HG03654.hap1.bed.gz	gs://fc-fd42e80c-b41e-4e60-a9cf-b7c0ade168c4/submissions/a1e9b9ce-0d67-4d42-b107-b9821f44dd60/MethylationProfiling/b5ff448e-b7f7-4995-b4ce-6b7d330b8094/call-CpgPileup/attempt-2/HG03654.hap1.bed.gz.tbi	gs://fc-fd42e80c-b41e-4e60-a9cf-b7c0ade168c4/submissions/a1e9b9ce-0d67-4d42-b107-b9821f44dd60/MethylationProfiling/b5ff448e-b7f7-4995-b4ce-6b7d330b8094/call-CpgPileup/attempt-2/HG03654.hap2.bed.gz	gs://fc-fd42e80c-b41e-4e60-a9cf-b7c0ade168c4/submissions/a1e9b9ce-0d67-4d42-b107-b9821f44dd60/MethylationProfiling/b5ff448e-b7f7-4995-b4ce-6b7d330b8094/call-CpgPileup/attempt-2/HG03654.hap2.bed.gz.tbi
HG03669	gs://fc-fd42e80c-b41e-4e60-a9cf-b7c0ade168c4/submissions/a1e9b9ce-0d67-4d42-b107-b9821f44dd60/MethylationProfiling/7ea63d66-9f3d-4bc7-912a-9d38211c97e4/call-CpgPileup/HG03669.hap1.bed.gz	gs://fc-fd42e80c-b41e-4e60-a9cf-b7c0ade168c4/submissions/a1e9b9ce-0d67-4d42-b107-b9821f44dd60/MethylationProfiling/7ea63d66-9f3d-4bc7-912a-9d38211c97e4/call-CpgPileup/HG03669.hap1.bed.gz.tbi	gs://fc-fd42e80c-b41e-4e60-a9cf-b7c0ade168c4/submissions/a1e9b9ce-0d67-4d42-b107-b9821f44dd60/MethylationProfiling/7ea63d66-9f3d-4bc7-912a-9d38211c97e4/call-CpgPileup/HG03669.hap2.bed.gz	gs://fc-fd42e80c-b41e-4e60-a9cf-b7c0ade168c4/submissions/a1e9b9ce-0d67-4d42-b107-b9821f44dd60/MethylationProfiling/7ea63d66-9f3d-4bc7-912a-9d38211c97e4/call-CpgPileup/HG03669.hap2.bed.gz.tbi
HG03688	gs://fc-fd42e80c-b41e-4e60-a9cf-b7c0ade168c4/submissions/a1e9b9ce-0d67-4d42-b107-b9821f44dd60/MethylationProfiling/be99c8a4-5903-479b-878d-942cd4a64f25/call-CpgPileup/HG03688.hap1.bed.gz	gs://fc-fd42e80c-b41e-4e60-a9cf-b7c0ade168c4/submissions/a1e9b9ce-0d67-4d42-b107-b9821f44dd60/MethylationProfiling/be99c8a4-5903-479b-878d-942cd4a64f25/call-CpgPileup/HG03688.hap1.bed.gz.tbi	gs://fc-fd42e80c-b41e-4e60-a9cf-b7c0ade168c4/submissions/a1e9b9ce-0d67-4d42-b107-b9821f44dd60/MethylationProfiling/be99c8a4-5903-479b-878d-942cd4a64f25/call-CpgPileup/HG03688.hap2.bed.gz	gs://fc-fd42e80c-b41e-4e60-a9cf-b7c0ade168c4/submissions/a1e9b9ce-0d67-4d42-b107-b9821f44dd60/MethylationProfiling/be99c8a4-5903-479b-878d-942cd4a64f25/call-CpgPileup/HG03688.hap2.bed.gz.tbi
HG03704	gs://fc-fd42e80c-b41e-4e60-a9cf-b7c0ade168c4/submissions/a1e9b9ce-0d67-4d42-b107-b9821f44dd60/MethylationProfiling/60531177-f213-4af9-a7ed-f9b390ed2f97/call-CpgPileup/HG03704.hap1.bed.gz	gs://fc-fd42e80c-b41e-4e60-a9cf-b7c0ade168c4/submissions/a1e9b9ce-0d67-4d42-b107-b9821f44dd60/MethylationProfiling/60531177-f213-4af9-a7ed-f9b390ed2f97/call-CpgPileup/HG03704.hap1.bed.gz.tbi	gs://fc-fd42e80c-b41e-4e60-a9cf-b7c0ade168c4/submissions/a1e9b9ce-0d67-4d42-b107-b9821f44dd60/MethylationProfiling/60531177-f213-4af9-a7ed-f9b390ed2f97/call-CpgPileup/HG03704.hap2.bed.gz	gs://fc-fd42e80c-b41e-4e60-a9cf-b7c0ade168c4/submissions/a1e9b9ce-0d67-4d42-b107-b9821f44dd60/MethylationProfiling/60531177-f213-4af9-a7ed-f9b390ed2f97/call-CpgPileup/HG03704.hap2.bed.gz.tbi
HG03710	gs://fc-fd42e80c-b41e-4e60-a9cf-b7c0ade168c4/submissions/a1e9b9ce-0d67-4d42-b107-b9821f44dd60/MethylationProfiling/939ad1d3-61c8-4342-8789-377ef8221782/call-CpgPileup/HG03710.hap1.bed.gz	gs://fc-fd42e80c-b41e-4e60-a9cf-b7c0ade168c4/submissions/a1e9b9ce-0d67-4d42-b107-b9821f44dd60/MethylationProfiling/939ad1d3-61c8-4342-8789-377ef8221782/call-CpgPileup/HG03710.hap1.bed.gz.tbi	gs://fc-fd42e80c-b41e-4e60-a9cf-b7c0ade168c4/submissions/a1e9b9ce-0d67-4d42-b107-b9821f44dd60/MethylationProfiling/939ad1d3-61c8-4342-8789-377ef8221782/call-CpgPileup/HG03710.hap2.bed.gz	gs://fc-fd42e80c-b41e-4e60-a9cf-b7c0ade168c4/submissions/a1e9b9ce-0d67-4d42-b107-b9821f44dd60/MethylationProfiling/939ad1d3-61c8-4342-8789-377ef8221782/call-CpgPileup/HG03710.hap2.bed.gz.tbi
HG03742	gs://fc-fd42e80c-b41e-4e60-a9cf-b7c0ade168c4/submissions/a1e9b9ce-0d67-4d42-b107-b9821f44dd60/MethylationProfiling/25f7799b-6745-44f4-85e2-1a37fbc93d16/call-CpgPileup/HG03742.hap1.bed.gz	gs://fc-fd42e80c-b41e-4e60-a9cf-b7c0ade168c4/submissions/a1e9b9ce-0d67-4d42-b107-b9821f44dd60/MethylationProfiling/25f7799b-6745-44f4-85e2-1a37fbc93d16/call-CpgPileup/HG03742.hap1.bed.gz.tbi	gs://fc-fd42e80c-b41e-4e60-a9cf-b7c0ade168c4/submissions/a1e9b9ce-0d67-4d42-b107-b9821f44dd60/MethylationProfiling/25f7799b-6745-44f4-85e2-1a37fbc93d16/call-CpgPileup/HG03742.hap2.bed.gz	gs://fc-fd42e80c-b41e-4e60-a9cf-b7c0ade168c4/submissions/a1e9b9ce-0d67-4d42-b107-b9821f44dd60/MethylationProfiling/25f7799b-6745-44f4-85e2-1a37fbc93d16/call-CpgPileup/HG03742.hap2.bed.gz.tbi
HG03784	gs://fc-fd42e80c-b41e-4e60-a9cf-b7c0ade168c4/submissions/a1e9b9ce-0d67-4d42-b107-b9821f44dd60/MethylationProfiling/31466a0a-364b-4db5-8499-938c35e22c52/call-CpgPileup/HG03784.hap1.bed.gz	gs://fc-fd42e80c-b41e-4e60-a9cf-b7c0ade168c4/submissions/a1e9b9ce-0d67-4d42-b107-b9821f44dd60/MethylationProfiling/31466a0a-364b-4db5-8499-938c35e22c52/call-CpgPileup/HG03784.hap1.bed.gz.tbi	gs://fc-fd42e80c-b41e-4e60-a9cf-b7c0ade168c4/submissions/a1e9b9ce-0d67-4d42-b107-b9821f44dd60/MethylationProfiling/31466a0a-364b-4db5-8499-938c35e22c52/call-CpgPileup/HG03784.hap2.bed.gz	gs://fc-fd42e80c-b41e-4e60-a9cf-b7c0ade168c4/submissions/a1e9b9ce-0d67-4d42-b107-b9821f44dd60/MethylationProfiling/31466a0a-364b-4db5-8499-938c35e22c52/call-CpgPileup/HG03784.hap2.bed.gz.tbi
HG03804	gs://fc-fd42e80c-b41e-4e60-a9cf-b7c0ade168c4/submissions/a1e9b9ce-0d67-4d42-b107-b9821f44dd60/MethylationProfiling/e3b6c696-8831-4083-a33b-e629297ecfe7/call-CpgPileup/HG03804.hap1.bed.gz	gs://fc-fd42e80c-b41e-4e60-a9cf-b7c0ade168c4/submissions/a1e9b9ce-0d67-4d42-b107-b9821f44dd60/MethylationProfiling/e3b6c696-8831-4083-a33b-e629297ecfe7/call-CpgPileup/HG03804.hap1.bed.gz.tbi	gs://fc-fd42e80c-b41e-4e60-a9cf-b7c0ade168c4/submissions/a1e9b9ce-0d67-4d42-b107-b9821f44dd60/MethylationProfiling/e3b6c696-8831-4083-a33b-e629297ecfe7/call-CpgPileup/HG03804.hap2.bed.gz	gs://fc-fd42e80c-b41e-4e60-a9cf-b7c0ade168c4/submissions/a1e9b9ce-0d67-4d42-b107-b9821f44dd60/MethylationProfiling/e3b6c696-8831-4083-a33b-e629297ecfe7/call-CpgPileup/HG03804.hap2.bed.gz.tbi
HG03816	gs://fc-fd42e80c-b41e-4e60-a9cf-b7c0ade168c4/submissions/a1e9b9ce-0d67-4d42-b107-b9821f44dd60/MethylationProfiling/55d37770-0f17-4ea0-81ee-6e9d95636e8b/call-CpgPileup/HG03816.hap1.bed.gz	gs://fc-fd42e80c-b41e-4e60-a9cf-b7c0ade168c4/submissions/a1e9b9ce-0d67-4d42-b107-b9821f44dd60/MethylationProfiling/55d37770-0f17-4ea0-81ee-6e9d95636e8b/call-CpgPileup/HG03816.hap1.bed.gz.tbi	gs://fc-fd42e80c-b41e-4e60-a9cf-b7c0ade168c4/submissions/a1e9b9ce-0d67-4d42-b107-b9821f44dd60/MethylationProfiling/55d37770-0f17-4ea0-81ee-6e9d95636e8b/call-CpgPileup/HG03816.hap2.bed.gz	gs://fc-fd42e80c-b41e-4e60-a9cf-b7c0ade168c4/submissions/a1e9b9ce-0d67-4d42-b107-b9821f44dd60/MethylationProfiling/55d37770-0f17-4ea0-81ee-6e9d95636e8b/call-CpgPileup/HG03816.hap2.bed.gz.tbi
HG03831	gs://fc-fd42e80c-b41e-4e60-a9cf-b7c0ade168c4/submissions/a1e9b9ce-0d67-4d42-b107-b9821f44dd60/MethylationProfiling/dc402f8e-1836-4161-a812-9b8e3718516a/call-CpgPileup/HG03831.hap1.bed.gz	gs://fc-fd42e80c-b41e-4e60-a9cf-b7c0ade168c4/submissions/a1e9b9ce-0d67-4d42-b107-b9821f44dd60/MethylationProfiling/dc402f8e-1836-4161-a812-9b8e3718516a/call-CpgPileup/HG03831.hap1.bed.gz.tbi	gs://fc-fd42e80c-b41e-4e60-a9cf-b7c0ade168c4/submissions/a1e9b9ce-0d67-4d42-b107-b9821f44dd60/MethylationProfiling/dc402f8e-1836-4161-a812-9b8e3718516a/call-CpgPileup/HG03831.hap2.bed.gz	gs://fc-fd42e80c-b41e-4e60-a9cf-b7c0ade168c4/submissions/a1e9b9ce-0d67-4d42-b107-b9821f44dd60/MethylationProfiling/dc402f8e-1836-4161-a812-9b8e3718516a/call-CpgPileup/HG03831.hap2.bed.gz.tbi
HG03834	gs://fc-fd42e80c-b41e-4e60-a9cf-b7c0ade168c4/submissions/a1e9b9ce-0d67-4d42-b107-b9821f44dd60/MethylationProfiling/4be70f51-bc6f-402f-a650-9be371a6c110/call-CpgPileup/HG03834.hap1.bed.gz	gs://fc-fd42e80c-b41e-4e60-a9cf-b7c0ade168c4/submissions/a1e9b9ce-0d67-4d42-b107-b9821f44dd60/MethylationProfiling/4be70f51-bc6f-402f-a650-9be371a6c110/call-CpgPileup/HG03834.hap1.bed.gz.tbi	gs://fc-fd42e80c-b41e-4e60-a9cf-b7c0ade168c4/submissions/a1e9b9ce-0d67-4d42-b107-b9821f44dd60/MethylationProfiling/4be70f51-bc6f-402f-a650-9be371a6c110/call-CpgPileup/HG03834.hap2.bed.gz	gs://fc-fd42e80c-b41e-4e60-a9cf-b7c0ade168c4/submissions/a1e9b9ce-0d67-4d42-b107-b9821f44dd60/MethylationProfiling/4be70f51-bc6f-402f-a650-9be371a6c110/call-CpgPileup/HG03834.hap2.bed.gz.tbi
HG03874	gs://fc-fd42e80c-b41e-4e60-a9cf-b7c0ade168c4/submissions/a1e9b9ce-0d67-4d42-b107-b9821f44dd60/MethylationProfiling/d2c358d7-106e-4806-858c-e02642d7e8cb/call-CpgPileup/HG03874.hap1.bed.gz	gs://fc-fd42e80c-b41e-4e60-a9cf-b7c0ade168c4/submissions/a1e9b9ce-0d67-4d42-b107-b9821f44dd60/MethylationProfiling/d2c358d7-106e-4806-858c-e02642d7e8cb/call-CpgPileup/HG03874.hap1.bed.gz.tbi	gs://fc-fd42e80c-b41e-4e60-a9cf-b7c0ade168c4/submissions/a1e9b9ce-0d67-4d42-b107-b9821f44dd60/MethylationProfiling/d2c358d7-106e-4806-858c-e02642d7e8cb/call-CpgPileup/HG03874.hap2.bed.gz	gs://fc-fd42e80c-b41e-4e60-a9cf-b7c0ade168c4/submissions/a1e9b9ce-0d67-4d42-b107-b9821f44dd60/MethylationProfiling/d2c358d7-106e-4806-858c-e02642d7e8cb/call-CpgPileup/HG03874.hap2.bed.gz.tbi
HG03927	gs://fc-fd42e80c-b41e-4e60-a9cf-b7c0ade168c4/submissions/a1e9b9ce-0d67-4d42-b107-b9821f44dd60/MethylationProfiling/a1d3b297-7156-4050-b871-3fcbc4ce520d/call-CpgPileup/HG03927.hap1.bed.gz	gs://fc-fd42e80c-b41e-4e60-a9cf-b7c0ade168c4/submissions/a1e9b9ce-0d67-4d42-b107-b9821f44dd60/MethylationProfiling/a1d3b297-7156-4050-b871-3fcbc4ce520d/call-CpgPileup/HG03927.hap1.bed.gz.tbi	gs://fc-fd42e80c-b41e-4e60-a9cf-b7c0ade168c4/submissions/a1e9b9ce-0d67-4d42-b107-b9821f44dd60/MethylationProfiling/a1d3b297-7156-4050-b871-3fcbc4ce520d/call-CpgPileup/HG03927.hap2.bed.gz	gs://fc-fd42e80c-b41e-4e60-a9cf-b7c0ade168c4/submissions/a1e9b9ce-0d67-4d42-b107-b9821f44dd60/MethylationProfiling/a1d3b297-7156-4050-b871-3fcbc4ce520d/call-CpgPileup/HG03927.hap2.bed.gz.tbi
HG03942	gs://fc-fd42e80c-b41e-4e60-a9cf-b7c0ade168c4/submissions/569a9e19-4a00-4d9c-98ff-6de0000f6e8f/MethylationProfiling/ec95f2a8-b285-4eef-acc6-6b0b0efbd2f8/call-CpgPileup/attempt-3/HG03942.hap1.bed.gz	gs://fc-fd42e80c-b41e-4e60-a9cf-b7c0ade168c4/submissions/569a9e19-4a00-4d9c-98ff-6de0000f6e8f/MethylationProfiling/ec95f2a8-b285-4eef-acc6-6b0b0efbd2f8/call-CpgPileup/attempt-3/HG03942.hap1.bed.gz.tbi	gs://fc-fd42e80c-b41e-4e60-a9cf-b7c0ade168c4/submissions/569a9e19-4a00-4d9c-98ff-6de0000f6e8f/MethylationProfiling/ec95f2a8-b285-4eef-acc6-6b0b0efbd2f8/call-CpgPileup/attempt-3/HG03942.hap2.bed.gz	gs://fc-fd42e80c-b41e-4e60-a9cf-b7c0ade168c4/submissions/569a9e19-4a00-4d9c-98ff-6de0000f6e8f/MethylationProfiling/ec95f2a8-b285-4eef-acc6-6b0b0efbd2f8/call-CpgPileup/attempt-3/HG03942.hap2.bed.gz.tbi
HG04115	gs://fc-fd42e80c-b41e-4e60-a9cf-b7c0ade168c4/submissions/a1e9b9ce-0d67-4d42-b107-b9821f44dd60/MethylationProfiling/1b16c89d-2de7-42a7-b121-0521553eba5d/call-CpgPileup/HG04115.hap1.bed.gz	gs://fc-fd42e80c-b41e-4e60-a9cf-b7c0ade168c4/submissions/a1e9b9ce-0d67-4d42-b107-b9821f44dd60/MethylationProfiling/1b16c89d-2de7-42a7-b121-0521553eba5d/call-CpgPileup/HG04115.hap1.bed.gz.tbi	gs://fc-fd42e80c-b41e-4e60-a9cf-b7c0ade168c4/submissions/a1e9b9ce-0d67-4d42-b107-b9821f44dd60/MethylationProfiling/1b16c89d-2de7-42a7-b121-0521553eba5d/call-CpgPileup/HG04115.hap2.bed.gz	gs://fc-fd42e80c-b41e-4e60-a9cf-b7c0ade168c4/submissions/a1e9b9ce-0d67-4d42-b107-b9821f44dd60/MethylationProfiling/1b16c89d-2de7-42a7-b121-0521553eba5d/call-CpgPileup/HG04115.hap2.bed.gz.tbi
HG04157	gs://fc-fd42e80c-b41e-4e60-a9cf-b7c0ade168c4/submissions/a1e9b9ce-0d67-4d42-b107-b9821f44dd60/MethylationProfiling/62e50ccf-63df-4701-94b2-3d14d2d293d4/call-CpgPileup/HG04157.hap1.bed.gz	gs://fc-fd42e80c-b41e-4e60-a9cf-b7c0ade168c4/submissions/a1e9b9ce-0d67-4d42-b107-b9821f44dd60/MethylationProfiling/62e50ccf-63df-4701-94b2-3d14d2d293d4/call-CpgPileup/HG04157.hap1.bed.gz.tbi	gs://fc-fd42e80c-b41e-4e60-a9cf-b7c0ade168c4/submissions/a1e9b9ce-0d67-4d42-b107-b9821f44dd60/MethylationProfiling/62e50ccf-63df-4701-94b2-3d14d2d293d4/call-CpgPileup/HG04157.hap2.bed.gz	gs://fc-fd42e80c-b41e-4e60-a9cf-b7c0ade168c4/submissions/a1e9b9ce-0d67-4d42-b107-b9821f44dd60/MethylationProfiling/62e50ccf-63df-4701-94b2-3d14d2d293d4/call-CpgPileup/HG04157.hap2.bed.gz.tbi
HG04160	gs://fc-fd42e80c-b41e-4e60-a9cf-b7c0ade168c4/submissions/a1e9b9ce-0d67-4d42-b107-b9821f44dd60/MethylationProfiling/8864331f-6877-4aab-8b88-7d3fe3d5f1ae/call-CpgPileup/HG04160.hap1.bed.gz	gs://fc-fd42e80c-b41e-4e60-a9cf-b7c0ade168c4/submissions/a1e9b9ce-0d67-4d42-b107-b9821f44dd60/MethylationProfiling/8864331f-6877-4aab-8b88-7d3fe3d5f1ae/call-CpgPileup/HG04160.hap1.bed.gz.tbi	gs://fc-fd42e80c-b41e-4e60-a9cf-b7c0ade168c4/submissions/a1e9b9ce-0d67-4d42-b107-b9821f44dd60/MethylationProfiling/8864331f-6877-4aab-8b88-7d3fe3d5f1ae/call-CpgPileup/HG04160.hap2.bed.gz	gs://fc-fd42e80c-b41e-4e60-a9cf-b7c0ade168c4/submissions/a1e9b9ce-0d67-4d42-b107-b9821f44dd60/MethylationProfiling/8864331f-6877-4aab-8b88-7d3fe3d5f1ae/call-CpgPileup/HG04160.hap2.bed.gz.tbi
HG04184	gs://fc-fd42e80c-b41e-4e60-a9cf-b7c0ade168c4/submissions/a1e9b9ce-0d67-4d42-b107-b9821f44dd60/MethylationProfiling/e8489121-e5e6-420f-bac1-17ded9338ad6/call-CpgPileup/HG04184.hap1.bed.gz	gs://fc-fd42e80c-b41e-4e60-a9cf-b7c0ade168c4/submissions/a1e9b9ce-0d67-4d42-b107-b9821f44dd60/MethylationProfiling/e8489121-e5e6-420f-bac1-17ded9338ad6/call-CpgPileup/HG04184.hap1.bed.gz.tbi	gs://fc-fd42e80c-b41e-4e60-a9cf-b7c0ade168c4/submissions/a1e9b9ce-0d67-4d42-b107-b9821f44dd60/MethylationProfiling/e8489121-e5e6-420f-bac1-17ded9338ad6/call-CpgPileup/HG04184.hap2.bed.gz	gs://fc-fd42e80c-b41e-4e60-a9cf-b7c0ade168c4/submissions/a1e9b9ce-0d67-4d42-b107-b9821f44dd60/MethylationProfiling/e8489121-e5e6-420f-bac1-17ded9338ad6/call-CpgPileup/HG04184.hap2.bed.gz.tbi
HG04187	gs://fc-fd42e80c-b41e-4e60-a9cf-b7c0ade168c4/submissions/a1e9b9ce-0d67-4d42-b107-b9821f44dd60/MethylationProfiling/64becc1c-8dc1-4e2b-916b-44199ec3e64c/call-CpgPileup/HG04187.hap1.bed.gz	gs://fc-fd42e80c-b41e-4e60-a9cf-b7c0ade168c4/submissions/a1e9b9ce-0d67-4d42-b107-b9821f44dd60/MethylationProfiling/64becc1c-8dc1-4e2b-916b-44199ec3e64c/call-CpgPileup/HG04187.hap1.bed.gz.tbi	gs://fc-fd42e80c-b41e-4e60-a9cf-b7c0ade168c4/submissions/a1e9b9ce-0d67-4d42-b107-b9821f44dd60/MethylationProfiling/64becc1c-8dc1-4e2b-916b-44199ec3e64c/call-CpgPileup/HG04187.hap2.bed.gz	gs://fc-fd42e80c-b41e-4e60-a9cf-b7c0ade168c4/submissions/a1e9b9ce-0d67-4d42-b107-b9821f44dd60/MethylationProfiling/64becc1c-8dc1-4e2b-916b-44199ec3e64c/call-CpgPileup/HG04187.hap2.bed.gz.tbi
HG04199	gs://fc-fd42e80c-b41e-4e60-a9cf-b7c0ade168c4/submissions/a1e9b9ce-0d67-4d42-b107-b9821f44dd60/MethylationProfiling/6068b55e-1866-47a6-956e-74df50af92b3/call-CpgPileup/HG04199.hap1.bed.gz	gs://fc-fd42e80c-b41e-4e60-a9cf-b7c0ade168c4/submissions/a1e9b9ce-0d67-4d42-b107-b9821f44dd60/MethylationProfiling/6068b55e-1866-47a6-956e-74df50af92b3/call-CpgPileup/HG04199.hap1.bed.gz.tbi	gs://fc-fd42e80c-b41e-4e60-a9cf-b7c0ade168c4/submissions/a1e9b9ce-0d67-4d42-b107-b9821f44dd60/MethylationProfiling/6068b55e-1866-47a6-956e-74df50af92b3/call-CpgPileup/HG04199.hap2.bed.gz	gs://fc-fd42e80c-b41e-4e60-a9cf-b7c0ade168c4/submissions/a1e9b9ce-0d67-4d42-b107-b9821f44dd60/MethylationProfiling/6068b55e-1866-47a6-956e-74df50af92b3/call-CpgPileup/HG04199.hap2.bed.gz.tbi
HG04204	gs://fc-fd42e80c-b41e-4e60-a9cf-b7c0ade168c4/submissions/a1e9b9ce-0d67-4d42-b107-b9821f44dd60/MethylationProfiling/a6161cdc-9c06-4c0a-8418-3dd87f4b920f/call-CpgPileup/HG04204.hap1.bed.gz	gs://fc-fd42e80c-b41e-4e60-a9cf-b7c0ade168c4/submissions/a1e9b9ce-0d67-4d42-b107-b9821f44dd60/MethylationProfiling/a6161cdc-9c06-4c0a-8418-3dd87f4b920f/call-CpgPileup/HG04204.hap1.bed.gz.tbi	gs://fc-fd42e80c-b41e-4e60-a9cf-b7c0ade168c4/submissions/a1e9b9ce-0d67-4d42-b107-b9821f44dd60/MethylationProfiling/a6161cdc-9c06-4c0a-8418-3dd87f4b920f/call-CpgPileup/HG04204.hap2.bed.gz	gs://fc-fd42e80c-b41e-4e60-a9cf-b7c0ade168c4/submissions/a1e9b9ce-0d67-4d42-b107-b9821f44dd60/MethylationProfiling/a6161cdc-9c06-4c0a-8418-3dd87f4b920f/call-CpgPileup/HG04204.hap2.bed.gz.tbi
HG04228	gs://fc-fd42e80c-b41e-4e60-a9cf-b7c0ade168c4/submissions/a1e9b9ce-0d67-4d42-b107-b9821f44dd60/MethylationProfiling/feedbd05-4cc5-4413-8e20-3a4aa0f27dc8/call-CpgPileup/HG04228.hap1.bed.gz	gs://fc-fd42e80c-b41e-4e60-a9cf-b7c0ade168c4/submissions/a1e9b9ce-0d67-4d42-b107-b9821f44dd60/MethylationProfiling/feedbd05-4cc5-4413-8e20-3a4aa0f27dc8/call-CpgPileup/HG04228.hap1.bed.gz.tbi	gs://fc-fd42e80c-b41e-4e60-a9cf-b7c0ade168c4/submissions/a1e9b9ce-0d67-4d42-b107-b9821f44dd60/MethylationProfiling/feedbd05-4cc5-4413-8e20-3a4aa0f27dc8/call-CpgPileup/HG04228.hap2.bed.gz	gs://fc-fd42e80c-b41e-4e60-a9cf-b7c0ade168c4/submissions/a1e9b9ce-0d67-4d42-b107-b9821f44dd60/MethylationProfiling/feedbd05-4cc5-4413-8e20-3a4aa0f27dc8/call-CpgPileup/HG04228.hap2.bed.gz.tbi
HG06807	gs://fc-fd42e80c-b41e-4e60-a9cf-b7c0ade168c4/submissions/a1e9b9ce-0d67-4d42-b107-b9821f44dd60/MethylationProfiling/ea412637-b6a4-48d0-9205-3dd4a3ee2f0f/call-CpgPileup/HG06807.hap1.bed.gz	gs://fc-fd42e80c-b41e-4e60-a9cf-b7c0ade168c4/submissions/a1e9b9ce-0d67-4d42-b107-b9821f44dd60/MethylationProfiling/ea412637-b6a4-48d0-9205-3dd4a3ee2f0f/call-CpgPileup/HG06807.hap1.bed.gz.tbi	gs://fc-fd42e80c-b41e-4e60-a9cf-b7c0ade168c4/submissions/a1e9b9ce-0d67-4d42-b107-b9821f44dd60/MethylationProfiling/ea412637-b6a4-48d0-9205-3dd4a3ee2f0f/call-CpgPileup/HG06807.hap2.bed.gz	gs://fc-fd42e80c-b41e-4e60-a9cf-b7c0ade168c4/submissions/a1e9b9ce-0d67-4d42-b107-b9821f44dd60/MethylationProfiling/ea412637-b6a4-48d0-9205-3dd4a3ee2f0f/call-CpgPileup/HG06807.hap2.bed.gz.tbi
NA18505	gs://fc-fd42e80c-b41e-4e60-a9cf-b7c0ade168c4/submissions/a1e9b9ce-0d67-4d42-b107-b9821f44dd60/MethylationProfiling/e4443a0c-07b9-4533-b22d-d7dd8485baf7/call-CpgPileup/NA18505.hap1.bed.gz	gs://fc-fd42e80c-b41e-4e60-a9cf-b7c0ade168c4/submissions/a1e9b9ce-0d67-4d42-b107-b9821f44dd60/MethylationProfiling/e4443a0c-07b9-4533-b22d-d7dd8485baf7/call-CpgPileup/NA18505.hap1.bed.gz.tbi	gs://fc-fd42e80c-b41e-4e60-a9cf-b7c0ade168c4/submissions/a1e9b9ce-0d67-4d42-b107-b9821f44dd60/MethylationProfiling/e4443a0c-07b9-4533-b22d-d7dd8485baf7/call-CpgPileup/NA18505.hap2.bed.gz	gs://fc-fd42e80c-b41e-4e60-a9cf-b7c0ade168c4/submissions/a1e9b9ce-0d67-4d42-b107-b9821f44dd60/MethylationProfiling/e4443a0c-07b9-4533-b22d-d7dd8485baf7/call-CpgPileup/NA18505.hap2.bed.gz.tbi
NA18508	gs://fc-fd42e80c-b41e-4e60-a9cf-b7c0ade168c4/submissions/a1e9b9ce-0d67-4d42-b107-b9821f44dd60/MethylationProfiling/fee4c5aa-01f2-40d6-8226-b1a8d9058621/call-CpgPileup/NA18508.hap1.bed.gz	gs://fc-fd42e80c-b41e-4e60-a9cf-b7c0ade168c4/submissions/a1e9b9ce-0d67-4d42-b107-b9821f44dd60/MethylationProfiling/fee4c5aa-01f2-40d6-8226-b1a8d9058621/call-CpgPileup/NA18508.hap1.bed.gz.tbi	gs://fc-fd42e80c-b41e-4e60-a9cf-b7c0ade168c4/submissions/a1e9b9ce-0d67-4d42-b107-b9821f44dd60/MethylationProfiling/fee4c5aa-01f2-40d6-8226-b1a8d9058621/call-CpgPileup/NA18508.hap2.bed.gz	gs://fc-fd42e80c-b41e-4e60-a9cf-b7c0ade168c4/submissions/a1e9b9ce-0d67-4d42-b107-b9821f44dd60/MethylationProfiling/fee4c5aa-01f2-40d6-8226-b1a8d9058621/call-CpgPileup/NA18508.hap2.bed.gz.tbi
NA18522	gs://fc-fd42e80c-b41e-4e60-a9cf-b7c0ade168c4/submissions/a1e9b9ce-0d67-4d42-b107-b9821f44dd60/MethylationProfiling/13e67116-7d0f-4861-a740-5e607e66265c/call-CpgPileup/NA18522.hap1.bed.gz	gs://fc-fd42e80c-b41e-4e60-a9cf-b7c0ade168c4/submissions/a1e9b9ce-0d67-4d42-b107-b9821f44dd60/MethylationProfiling/13e67116-7d0f-4861-a740-5e607e66265c/call-CpgPileup/NA18522.hap1.bed.gz.tbi	gs://fc-fd42e80c-b41e-4e60-a9cf-b7c0ade168c4/submissions/a1e9b9ce-0d67-4d42-b107-b9821f44dd60/MethylationProfiling/13e67116-7d0f-4861-a740-5e607e66265c/call-CpgPileup/NA18522.hap2.bed.gz	gs://fc-fd42e80c-b41e-4e60-a9cf-b7c0ade168c4/submissions/a1e9b9ce-0d67-4d42-b107-b9821f44dd60/MethylationProfiling/13e67116-7d0f-4861-a740-5e607e66265c/call-CpgPileup/NA18522.hap2.bed.gz.tbi
NA18565	gs://fc-fd42e80c-b41e-4e60-a9cf-b7c0ade168c4/submissions/a1e9b9ce-0d67-4d42-b107-b9821f44dd60/MethylationProfiling/07a6b2b0-0366-49b8-8248-b14b14bdce15/call-CpgPileup/NA18565.hap1.bed.gz	gs://fc-fd42e80c-b41e-4e60-a9cf-b7c0ade168c4/submissions/a1e9b9ce-0d67-4d42-b107-b9821f44dd60/MethylationProfiling/07a6b2b0-0366-49b8-8248-b14b14bdce15/call-CpgPileup/NA18565.hap1.bed.gz.tbi	gs://fc-fd42e80c-b41e-4e60-a9cf-b7c0ade168c4/submissions/a1e9b9ce-0d67-4d42-b107-b9821f44dd60/MethylationProfiling/07a6b2b0-0366-49b8-8248-b14b14bdce15/call-CpgPileup/NA18565.hap2.bed.gz	gs://fc-fd42e80c-b41e-4e60-a9cf-b7c0ade168c4/submissions/a1e9b9ce-0d67-4d42-b107-b9821f44dd60/MethylationProfiling/07a6b2b0-0366-49b8-8248-b14b14bdce15/call-CpgPileup/NA18565.hap2.bed.gz.tbi
NA18570	gs://fc-fd42e80c-b41e-4e60-a9cf-b7c0ade168c4/submissions/a1e9b9ce-0d67-4d42-b107-b9821f44dd60/MethylationProfiling/61311682-6a4b-4215-800c-dc4a3f6e6f55/call-CpgPileup/NA18570.hap1.bed.gz	gs://fc-fd42e80c-b41e-4e60-a9cf-b7c0ade168c4/submissions/a1e9b9ce-0d67-4d42-b107-b9821f44dd60/MethylationProfiling/61311682-6a4b-4215-800c-dc4a3f6e6f55/call-CpgPileup/NA18570.hap1.bed.gz.tbi	gs://fc-fd42e80c-b41e-4e60-a9cf-b7c0ade168c4/submissions/a1e9b9ce-0d67-4d42-b107-b9821f44dd60/MethylationProfiling/61311682-6a4b-4215-800c-dc4a3f6e6f55/call-CpgPileup/NA18570.hap2.bed.gz	gs://fc-fd42e80c-b41e-4e60-a9cf-b7c0ade168c4/submissions/a1e9b9ce-0d67-4d42-b107-b9821f44dd60/MethylationProfiling/61311682-6a4b-4215-800c-dc4a3f6e6f55/call-CpgPileup/NA18570.hap2.bed.gz.tbi
NA18608	gs://fc-fd42e80c-b41e-4e60-a9cf-b7c0ade168c4/submissions/a1e9b9ce-0d67-4d42-b107-b9821f44dd60/MethylationProfiling/1eb6ff18-8e90-44a5-9b8f-180bb74226f8/call-CpgPileup/NA18608.hap1.bed.gz	gs://fc-fd42e80c-b41e-4e60-a9cf-b7c0ade168c4/submissions/a1e9b9ce-0d67-4d42-b107-b9821f44dd60/MethylationProfiling/1eb6ff18-8e90-44a5-9b8f-180bb74226f8/call-CpgPileup/NA18608.hap1.bed.gz.tbi	gs://fc-fd42e80c-b41e-4e60-a9cf-b7c0ade168c4/submissions/a1e9b9ce-0d67-4d42-b107-b9821f44dd60/MethylationProfiling/1eb6ff18-8e90-44a5-9b8f-180bb74226f8/call-CpgPileup/NA18608.hap2.bed.gz	gs://fc-fd42e80c-b41e-4e60-a9cf-b7c0ade168c4/submissions/a1e9b9ce-0d67-4d42-b107-b9821f44dd60/MethylationProfiling/1eb6ff18-8e90-44a5-9b8f-180bb74226f8/call-CpgPileup/NA18608.hap2.bed.gz.tbi
NA18620	gs://fc-fd42e80c-b41e-4e60-a9cf-b7c0ade168c4/submissions/a1e9b9ce-0d67-4d42-b107-b9821f44dd60/MethylationProfiling/56f085f7-fda3-4cec-b303-b1d97c1533df/call-CpgPileup/NA18620.hap1.bed.gz	gs://fc-fd42e80c-b41e-4e60-a9cf-b7c0ade168c4/submissions/a1e9b9ce-0d67-4d42-b107-b9821f44dd60/MethylationProfiling/56f085f7-fda3-4cec-b303-b1d97c1533df/call-CpgPileup/NA18620.hap1.bed.gz.tbi	gs://fc-fd42e80c-b41e-4e60-a9cf-b7c0ade168c4/submissions/a1e9b9ce-0d67-4d42-b107-b9821f44dd60/MethylationProfiling/56f085f7-fda3-4cec-b303-b1d97c1533df/call-CpgPileup/NA18620.hap2.bed.gz	gs://fc-fd42e80c-b41e-4e60-a9cf-b7c0ade168c4/submissions/a1e9b9ce-0d67-4d42-b107-b9821f44dd60/MethylationProfiling/56f085f7-fda3-4cec-b303-b1d97c1533df/call-CpgPileup/NA18620.hap2.bed.gz.tbi
NA18747	gs://fc-fd42e80c-b41e-4e60-a9cf-b7c0ade168c4/submissions/a1e9b9ce-0d67-4d42-b107-b9821f44dd60/MethylationProfiling/34fc4896-c9eb-40e1-b4af-5ca00f503eb6/call-CpgPileup/NA18747.hap1.bed.gz	gs://fc-fd42e80c-b41e-4e60-a9cf-b7c0ade168c4/submissions/a1e9b9ce-0d67-4d42-b107-b9821f44dd60/MethylationProfiling/34fc4896-c9eb-40e1-b4af-5ca00f503eb6/call-CpgPileup/NA18747.hap1.bed.gz.tbi	gs://fc-fd42e80c-b41e-4e60-a9cf-b7c0ade168c4/submissions/a1e9b9ce-0d67-4d42-b107-b9821f44dd60/MethylationProfiling/34fc4896-c9eb-40e1-b4af-5ca00f503eb6/call-CpgPileup/NA18747.hap2.bed.gz	gs://fc-fd42e80c-b41e-4e60-a9cf-b7c0ade168c4/submissions/a1e9b9ce-0d67-4d42-b107-b9821f44dd60/MethylationProfiling/34fc4896-c9eb-40e1-b4af-5ca00f503eb6/call-CpgPileup/NA18747.hap2.bed.gz.tbi
NA18879	gs://fc-fd42e80c-b41e-4e60-a9cf-b7c0ade168c4/submissions/a1e9b9ce-0d67-4d42-b107-b9821f44dd60/MethylationProfiling/67543d52-5c10-4164-8bfb-e8d75001adc3/call-CpgPileup/NA18879.hap1.bed.gz	gs://fc-fd42e80c-b41e-4e60-a9cf-b7c0ade168c4/submissions/a1e9b9ce-0d67-4d42-b107-b9821f44dd60/MethylationProfiling/67543d52-5c10-4164-8bfb-e8d75001adc3/call-CpgPileup/NA18879.hap1.bed.gz.tbi	gs://fc-fd42e80c-b41e-4e60-a9cf-b7c0ade168c4/submissions/a1e9b9ce-0d67-4d42-b107-b9821f44dd60/MethylationProfiling/67543d52-5c10-4164-8bfb-e8d75001adc3/call-CpgPileup/NA18879.hap2.bed.gz	gs://fc-fd42e80c-b41e-4e60-a9cf-b7c0ade168c4/submissions/a1e9b9ce-0d67-4d42-b107-b9821f44dd60/MethylationProfiling/67543d52-5c10-4164-8bfb-e8d75001adc3/call-CpgPileup/NA18879.hap2.bed.gz.tbi
NA18906	gs://fc-fd42e80c-b41e-4e60-a9cf-b7c0ade168c4/submissions/f0ab26b0-d66f-45be-8322-24218670bc4d/MethylationProfiling/5fc98b04-ee11-4d1b-bf6e-20e86ddd622d/call-CpgPileup/NA18906.hap1.bed.gz	gs://fc-fd42e80c-b41e-4e60-a9cf-b7c0ade168c4/submissions/f0ab26b0-d66f-45be-8322-24218670bc4d/MethylationProfiling/5fc98b04-ee11-4d1b-bf6e-20e86ddd622d/call-CpgPileup/NA18906.hap1.bed.gz.tbi	gs://fc-fd42e80c-b41e-4e60-a9cf-b7c0ade168c4/submissions/f0ab26b0-d66f-45be-8322-24218670bc4d/MethylationProfiling/5fc98b04-ee11-4d1b-bf6e-20e86ddd622d/call-CpgPileup/NA18906.hap2.bed.gz	gs://fc-fd42e80c-b41e-4e60-a9cf-b7c0ade168c4/submissions/f0ab26b0-d66f-45be-8322-24218670bc4d/MethylationProfiling/5fc98b04-ee11-4d1b-bf6e-20e86ddd622d/call-CpgPileup/NA18906.hap2.bed.gz.tbi
NA18940	gs://fc-fd42e80c-b41e-4e60-a9cf-b7c0ade168c4/submissions/2f59494a-3bd3-4cb5-8924-bca8cb669391/MethylationProfiling/15a7897b-d3ac-420f-8d30-b6592c9b200d/call-CpgPileup/NA18940.hap1.bed.gz	gs://fc-fd42e80c-b41e-4e60-a9cf-b7c0ade168c4/submissions/2f59494a-3bd3-4cb5-8924-bca8cb669391/MethylationProfiling/15a7897b-d3ac-420f-8d30-b6592c9b200d/call-CpgPileup/NA18940.hap1.bed.gz.tbi	gs://fc-fd42e80c-b41e-4e60-a9cf-b7c0ade168c4/submissions/2f59494a-3bd3-4cb5-8924-bca8cb669391/MethylationProfiling/15a7897b-d3ac-420f-8d30-b6592c9b200d/call-CpgPileup/NA18940.hap2.bed.gz	gs://fc-fd42e80c-b41e-4e60-a9cf-b7c0ade168c4/submissions/2f59494a-3bd3-4cb5-8924-bca8cb669391/MethylationProfiling/15a7897b-d3ac-420f-8d30-b6592c9b200d/call-CpgPileup/NA18940.hap2.bed.gz.tbi
NA18943	gs://fc-fd42e80c-b41e-4e60-a9cf-b7c0ade168c4/submissions/2f59494a-3bd3-4cb5-8924-bca8cb669391/MethylationProfiling/47a3fa95-9d84-4c26-861a-b9ba5f3c477d/call-CpgPileup/NA18943.hap1.bed.gz	gs://fc-fd42e80c-b41e-4e60-a9cf-b7c0ade168c4/submissions/2f59494a-3bd3-4cb5-8924-bca8cb669391/MethylationProfiling/47a3fa95-9d84-4c26-861a-b9ba5f3c477d/call-CpgPileup/NA18943.hap1.bed.gz.tbi	gs://fc-fd42e80c-b41e-4e60-a9cf-b7c0ade168c4/submissions/2f59494a-3bd3-4cb5-8924-bca8cb669391/MethylationProfiling/47a3fa95-9d84-4c26-861a-b9ba5f3c477d/call-CpgPileup/NA18943.hap2.bed.gz	gs://fc-fd42e80c-b41e-4e60-a9cf-b7c0ade168c4/submissions/2f59494a-3bd3-4cb5-8924-bca8cb669391/MethylationProfiling/47a3fa95-9d84-4c26-861a-b9ba5f3c477d/call-CpgPileup/NA18943.hap2.bed.gz.tbi
NA18944	gs://fc-fd42e80c-b41e-4e60-a9cf-b7c0ade168c4/submissions/2f59494a-3bd3-4cb5-8924-bca8cb669391/MethylationProfiling/9c27b5ec-5210-4590-87b3-25589f543bba/call-CpgPileup/NA18944.hap1.bed.gz	gs://fc-fd42e80c-b41e-4e60-a9cf-b7c0ade168c4/submissions/2f59494a-3bd3-4cb5-8924-bca8cb669391/MethylationProfiling/9c27b5ec-5210-4590-87b3-25589f543bba/call-CpgPileup/NA18944.hap1.bed.gz.tbi	gs://fc-fd42e80c-b41e-4e60-a9cf-b7c0ade168c4/submissions/2f59494a-3bd3-4cb5-8924-bca8cb669391/MethylationProfiling/9c27b5ec-5210-4590-87b3-25589f543bba/call-CpgPileup/NA18944.hap2.bed.gz	gs://fc-fd42e80c-b41e-4e60-a9cf-b7c0ade168c4/submissions/2f59494a-3bd3-4cb5-8924-bca8cb669391/MethylationProfiling/9c27b5ec-5210-4590-87b3-25589f543bba/call-CpgPileup/NA18944.hap2.bed.gz.tbi
NA18945	gs://fc-fd42e80c-b41e-4e60-a9cf-b7c0ade168c4/submissions/2f59494a-3bd3-4cb5-8924-bca8cb669391/MethylationProfiling/9cd15637-4e8d-4fb4-8088-065be4cff471/call-CpgPileup/NA18945.hap1.bed.gz	gs://fc-fd42e80c-b41e-4e60-a9cf-b7c0ade168c4/submissions/2f59494a-3bd3-4cb5-8924-bca8cb669391/MethylationProfiling/9cd15637-4e8d-4fb4-8088-065be4cff471/call-CpgPileup/NA18945.hap1.bed.gz.tbi	gs://fc-fd42e80c-b41e-4e60-a9cf-b7c0ade168c4/submissions/2f59494a-3bd3-4cb5-8924-bca8cb669391/MethylationProfiling/9cd15637-4e8d-4fb4-8088-065be4cff471/call-CpgPileup/NA18945.hap2.bed.gz	gs://fc-fd42e80c-b41e-4e60-a9cf-b7c0ade168c4/submissions/2f59494a-3bd3-4cb5-8924-bca8cb669391/MethylationProfiling/9cd15637-4e8d-4fb4-8088-065be4cff471/call-CpgPileup/NA18945.hap2.bed.gz.tbi
NA18948	gs://fc-fd42e80c-b41e-4e60-a9cf-b7c0ade168c4/submissions/2f59494a-3bd3-4cb5-8924-bca8cb669391/MethylationProfiling/0f79a33c-0514-4759-8a5b-059449407d54/call-CpgPileup/attempt-3/NA18948.hap1.bed.gz	gs://fc-fd42e80c-b41e-4e60-a9cf-b7c0ade168c4/submissions/2f59494a-3bd3-4cb5-8924-bca8cb669391/MethylationProfiling/0f79a33c-0514-4759-8a5b-059449407d54/call-CpgPileup/attempt-3/NA18948.hap1.bed.gz.tbi	gs://fc-fd42e80c-b41e-4e60-a9cf-b7c0ade168c4/submissions/2f59494a-3bd3-4cb5-8924-bca8cb669391/MethylationProfiling/0f79a33c-0514-4759-8a5b-059449407d54/call-CpgPileup/attempt-3/NA18948.hap2.bed.gz	gs://fc-fd42e80c-b41e-4e60-a9cf-b7c0ade168c4/submissions/2f59494a-3bd3-4cb5-8924-bca8cb669391/MethylationProfiling/0f79a33c-0514-4759-8a5b-059449407d54/call-CpgPileup/attempt-3/NA18948.hap2.bed.gz.tbi
NA18952	gs://fc-fd42e80c-b41e-4e60-a9cf-b7c0ade168c4/submissions/569a9e19-4a00-4d9c-98ff-6de0000f6e8f/MethylationProfiling/24f8495b-86f2-4728-9946-075a314fdca3/call-CpgPileup/NA18952.hap1.bed.gz	gs://fc-fd42e80c-b41e-4e60-a9cf-b7c0ade168c4/submissions/569a9e19-4a00-4d9c-98ff-6de0000f6e8f/MethylationProfiling/24f8495b-86f2-4728-9946-075a314fdca3/call-CpgPileup/NA18952.hap1.bed.gz.tbi	gs://fc-fd42e80c-b41e-4e60-a9cf-b7c0ade168c4/submissions/569a9e19-4a00-4d9c-98ff-6de0000f6e8f/MethylationProfiling/24f8495b-86f2-4728-9946-075a314fdca3/call-CpgPileup/NA18952.hap2.bed.gz	gs://fc-fd42e80c-b41e-4e60-a9cf-b7c0ade168c4/submissions/569a9e19-4a00-4d9c-98ff-6de0000f6e8f/MethylationProfiling/24f8495b-86f2-4728-9946-075a314fdca3/call-CpgPileup/NA18952.hap2.bed.gz.tbi
NA18959	gs://fc-fd42e80c-b41e-4e60-a9cf-b7c0ade168c4/submissions/2f59494a-3bd3-4cb5-8924-bca8cb669391/MethylationProfiling/373e5dd5-94ef-4d1b-a66a-54d2f3468c5b/call-CpgPileup/attempt-2/NA18959.hap1.bed.gz	gs://fc-fd42e80c-b41e-4e60-a9cf-b7c0ade168c4/submissions/2f59494a-3bd3-4cb5-8924-bca8cb669391/MethylationProfiling/373e5dd5-94ef-4d1b-a66a-54d2f3468c5b/call-CpgPileup/attempt-2/NA18959.hap1.bed.gz.tbi	gs://fc-fd42e80c-b41e-4e60-a9cf-b7c0ade168c4/submissions/2f59494a-3bd3-4cb5-8924-bca8cb669391/MethylationProfiling/373e5dd5-94ef-4d1b-a66a-54d2f3468c5b/call-CpgPileup/attempt-2/NA18959.hap2.bed.gz	gs://fc-fd42e80c-b41e-4e60-a9cf-b7c0ade168c4/submissions/2f59494a-3bd3-4cb5-8924-bca8cb669391/MethylationProfiling/373e5dd5-94ef-4d1b-a66a-54d2f3468c5b/call-CpgPileup/attempt-2/NA18959.hap2.bed.gz.tbi
NA18960	gs://fc-fd42e80c-b41e-4e60-a9cf-b7c0ade168c4/submissions/2f59494a-3bd3-4cb5-8924-bca8cb669391/MethylationProfiling/b3e42a17-36f3-46b9-bd09-728cd1be784c/call-CpgPileup/NA18960.hap1.bed.gz	gs://fc-fd42e80c-b41e-4e60-a9cf-b7c0ade168c4/submissions/2f59494a-3bd3-4cb5-8924-bca8cb669391/MethylationProfiling/b3e42a17-36f3-46b9-bd09-728cd1be784c/call-CpgPileup/NA18960.hap1.bed.gz.tbi	gs://fc-fd42e80c-b41e-4e60-a9cf-b7c0ade168c4/submissions/2f59494a-3bd3-4cb5-8924-bca8cb669391/MethylationProfiling/b3e42a17-36f3-46b9-bd09-728cd1be784c/call-CpgPileup/NA18960.hap2.bed.gz	gs://fc-fd42e80c-b41e-4e60-a9cf-b7c0ade168c4/submissions/2f59494a-3bd3-4cb5-8924-bca8cb669391/MethylationProfiling/b3e42a17-36f3-46b9-bd09-728cd1be784c/call-CpgPileup/NA18960.hap2.bed.gz.tbi
NA18967	gs://fc-fd42e80c-b41e-4e60-a9cf-b7c0ade168c4/submissions/2f59494a-3bd3-4cb5-8924-bca8cb669391/MethylationProfiling/18018d6f-73ba-4556-b062-6f788a765b2c/call-CpgPileup/NA18967.hap1.bed.gz	gs://fc-fd42e80c-b41e-4e60-a9cf-b7c0ade168c4/submissions/2f59494a-3bd3-4cb5-8924-bca8cb669391/MethylationProfiling/18018d6f-73ba-4556-b062-6f788a765b2c/call-CpgPileup/NA18967.hap1.bed.gz.tbi	gs://fc-fd42e80c-b41e-4e60-a9cf-b7c0ade168c4/submissions/2f59494a-3bd3-4cb5-8924-bca8cb669391/MethylationProfiling/18018d6f-73ba-4556-b062-6f788a765b2c/call-CpgPileup/NA18967.hap2.bed.gz	gs://fc-fd42e80c-b41e-4e60-a9cf-b7c0ade168c4/submissions/2f59494a-3bd3-4cb5-8924-bca8cb669391/MethylationProfiling/18018d6f-73ba-4556-b062-6f788a765b2c/call-CpgPileup/NA18967.hap2.bed.gz.tbi
NA18970	gs://fc-fd42e80c-b41e-4e60-a9cf-b7c0ade168c4/submissions/2f59494a-3bd3-4cb5-8924-bca8cb669391/MethylationProfiling/1d65e81f-1488-48c4-868e-f86da43676e6/call-CpgPileup/attempt-2/NA18970.hap1.bed.gz	gs://fc-fd42e80c-b41e-4e60-a9cf-b7c0ade168c4/submissions/2f59494a-3bd3-4cb5-8924-bca8cb669391/MethylationProfiling/1d65e81f-1488-48c4-868e-f86da43676e6/call-CpgPileup/attempt-2/NA18970.hap1.bed.gz.tbi	gs://fc-fd42e80c-b41e-4e60-a9cf-b7c0ade168c4/submissions/2f59494a-3bd3-4cb5-8924-bca8cb669391/MethylationProfiling/1d65e81f-1488-48c4-868e-f86da43676e6/call-CpgPileup/attempt-2/NA18970.hap2.bed.gz	gs://fc-fd42e80c-b41e-4e60-a9cf-b7c0ade168c4/submissions/2f59494a-3bd3-4cb5-8924-bca8cb669391/MethylationProfiling/1d65e81f-1488-48c4-868e-f86da43676e6/call-CpgPileup/attempt-2/NA18970.hap2.bed.gz.tbi
NA18971	gs://fc-fd42e80c-b41e-4e60-a9cf-b7c0ade168c4/submissions/a1e9b9ce-0d67-4d42-b107-b9821f44dd60/MethylationProfiling/a1f907db-6a18-4bb9-8bd8-6c83708461df/call-CpgPileup/NA18971.hap1.bed.gz	gs://fc-fd42e80c-b41e-4e60-a9cf-b7c0ade168c4/submissions/a1e9b9ce-0d67-4d42-b107-b9821f44dd60/MethylationProfiling/a1f907db-6a18-4bb9-8bd8-6c83708461df/call-CpgPileup/NA18971.hap1.bed.gz.tbi	gs://fc-fd42e80c-b41e-4e60-a9cf-b7c0ade168c4/submissions/a1e9b9ce-0d67-4d42-b107-b9821f44dd60/MethylationProfiling/a1f907db-6a18-4bb9-8bd8-6c83708461df/call-CpgPileup/NA18971.hap2.bed.gz	gs://fc-fd42e80c-b41e-4e60-a9cf-b7c0ade168c4/submissions/a1e9b9ce-0d67-4d42-b107-b9821f44dd60/MethylationProfiling/a1f907db-6a18-4bb9-8bd8-6c83708461df/call-CpgPileup/NA18971.hap2.bed.gz.tbi
NA18974	gs://fc-fd42e80c-b41e-4e60-a9cf-b7c0ade168c4/submissions/a1e9b9ce-0d67-4d42-b107-b9821f44dd60/MethylationProfiling/0630c48c-aaf9-4411-9a04-440ad749b38c/call-CpgPileup/NA18974.hap1.bed.gz	gs://fc-fd42e80c-b41e-4e60-a9cf-b7c0ade168c4/submissions/a1e9b9ce-0d67-4d42-b107-b9821f44dd60/MethylationProfiling/0630c48c-aaf9-4411-9a04-440ad749b38c/call-CpgPileup/NA18974.hap1.bed.gz.tbi	gs://fc-fd42e80c-b41e-4e60-a9cf-b7c0ade168c4/submissions/a1e9b9ce-0d67-4d42-b107-b9821f44dd60/MethylationProfiling/0630c48c-aaf9-4411-9a04-440ad749b38c/call-CpgPileup/NA18974.hap2.bed.gz	gs://fc-fd42e80c-b41e-4e60-a9cf-b7c0ade168c4/submissions/a1e9b9ce-0d67-4d42-b107-b9821f44dd60/MethylationProfiling/0630c48c-aaf9-4411-9a04-440ad749b38c/call-CpgPileup/NA18974.hap2.bed.gz.tbi
NA18976	gs://fc-fd42e80c-b41e-4e60-a9cf-b7c0ade168c4/submissions/a1e9b9ce-0d67-4d42-b107-b9821f44dd60/MethylationProfiling/ec620f09-f267-44f8-93b0-39fabac32d0d/call-CpgPileup/NA18976.hap1.bed.gz	gs://fc-fd42e80c-b41e-4e60-a9cf-b7c0ade168c4/submissions/a1e9b9ce-0d67-4d42-b107-b9821f44dd60/MethylationProfiling/ec620f09-f267-44f8-93b0-39fabac32d0d/call-CpgPileup/NA18976.hap1.bed.gz.tbi	gs://fc-fd42e80c-b41e-4e60-a9cf-b7c0ade168c4/submissions/a1e9b9ce-0d67-4d42-b107-b9821f44dd60/MethylationProfiling/ec620f09-f267-44f8-93b0-39fabac32d0d/call-CpgPileup/NA18976.hap2.bed.gz	gs://fc-fd42e80c-b41e-4e60-a9cf-b7c0ade168c4/submissions/a1e9b9ce-0d67-4d42-b107-b9821f44dd60/MethylationProfiling/ec620f09-f267-44f8-93b0-39fabac32d0d/call-CpgPileup/NA18976.hap2.bed.gz.tbi
NA18982	gs://fc-fd42e80c-b41e-4e60-a9cf-b7c0ade168c4/submissions/437952b1-176f-45fa-9407-a752bf0a7a74/MethylationProfiling/dd3f680e-e183-47b6-bea3-ea8b8af2a265/call-CpgPileup/attempt-2/NA18982.hap1.bed.gz	gs://fc-fd42e80c-b41e-4e60-a9cf-b7c0ade168c4/submissions/437952b1-176f-45fa-9407-a752bf0a7a74/MethylationProfiling/dd3f680e-e183-47b6-bea3-ea8b8af2a265/call-CpgPileup/attempt-2/NA18982.hap1.bed.gz.tbi	gs://fc-fd42e80c-b41e-4e60-a9cf-b7c0ade168c4/submissions/437952b1-176f-45fa-9407-a752bf0a7a74/MethylationProfiling/dd3f680e-e183-47b6-bea3-ea8b8af2a265/call-CpgPileup/attempt-2/NA18982.hap2.bed.gz	gs://fc-fd42e80c-b41e-4e60-a9cf-b7c0ade168c4/submissions/437952b1-176f-45fa-9407-a752bf0a7a74/MethylationProfiling/dd3f680e-e183-47b6-bea3-ea8b8af2a265/call-CpgPileup/attempt-2/NA18982.hap2.bed.gz.tbi
NA18983	gs://fc-fd42e80c-b41e-4e60-a9cf-b7c0ade168c4/submissions/a1e9b9ce-0d67-4d42-b107-b9821f44dd60/MethylationProfiling/653702c1-922d-4584-b6ae-8f207d96c841/call-CpgPileup/NA18983.hap1.bed.gz	gs://fc-fd42e80c-b41e-4e60-a9cf-b7c0ade168c4/submissions/a1e9b9ce-0d67-4d42-b107-b9821f44dd60/MethylationProfiling/653702c1-922d-4584-b6ae-8f207d96c841/call-CpgPileup/NA18983.hap1.bed.gz.tbi	gs://fc-fd42e80c-b41e-4e60-a9cf-b7c0ade168c4/submissions/a1e9b9ce-0d67-4d42-b107-b9821f44dd60/MethylationProfiling/653702c1-922d-4584-b6ae-8f207d96c841/call-CpgPileup/NA18983.hap2.bed.gz	gs://fc-fd42e80c-b41e-4e60-a9cf-b7c0ade168c4/submissions/a1e9b9ce-0d67-4d42-b107-b9821f44dd60/MethylationProfiling/653702c1-922d-4584-b6ae-8f207d96c841/call-CpgPileup/NA18983.hap2.bed.gz.tbi
NA19036	gs://fc-fd42e80c-b41e-4e60-a9cf-b7c0ade168c4/submissions/a1e9b9ce-0d67-4d42-b107-b9821f44dd60/MethylationProfiling/a379f79c-a34d-447b-9eca-1e9d3b8ec5ab/call-CpgPileup/NA19036.hap1.bed.gz	gs://fc-fd42e80c-b41e-4e60-a9cf-b7c0ade168c4/submissions/a1e9b9ce-0d67-4d42-b107-b9821f44dd60/MethylationProfiling/a379f79c-a34d-447b-9eca-1e9d3b8ec5ab/call-CpgPileup/NA19036.hap1.bed.gz.tbi	gs://fc-fd42e80c-b41e-4e60-a9cf-b7c0ade168c4/submissions/a1e9b9ce-0d67-4d42-b107-b9821f44dd60/MethylationProfiling/a379f79c-a34d-447b-9eca-1e9d3b8ec5ab/call-CpgPileup/NA19036.hap2.bed.gz	gs://fc-fd42e80c-b41e-4e60-a9cf-b7c0ade168c4/submissions/a1e9b9ce-0d67-4d42-b107-b9821f44dd60/MethylationProfiling/a379f79c-a34d-447b-9eca-1e9d3b8ec5ab/call-CpgPileup/NA19036.hap2.bed.gz.tbi
NA19043	gs://fc-fd42e80c-b41e-4e60-a9cf-b7c0ade168c4/submissions/a1e9b9ce-0d67-4d42-b107-b9821f44dd60/MethylationProfiling/2f4844a3-8610-458b-9e2b-01e469fde9d0/call-CpgPileup/NA19043.hap1.bed.gz	gs://fc-fd42e80c-b41e-4e60-a9cf-b7c0ade168c4/submissions/a1e9b9ce-0d67-4d42-b107-b9821f44dd60/MethylationProfiling/2f4844a3-8610-458b-9e2b-01e469fde9d0/call-CpgPileup/NA19043.hap1.bed.gz.tbi	gs://fc-fd42e80c-b41e-4e60-a9cf-b7c0ade168c4/submissions/a1e9b9ce-0d67-4d42-b107-b9821f44dd60/MethylationProfiling/2f4844a3-8610-458b-9e2b-01e469fde9d0/call-CpgPileup/NA19043.hap2.bed.gz	gs://fc-fd42e80c-b41e-4e60-a9cf-b7c0ade168c4/submissions/a1e9b9ce-0d67-4d42-b107-b9821f44dd60/MethylationProfiling/2f4844a3-8610-458b-9e2b-01e469fde9d0/call-CpgPileup/NA19043.hap2.bed.gz.tbi
NA19087	gs://fc-fd42e80c-b41e-4e60-a9cf-b7c0ade168c4/submissions/a1e9b9ce-0d67-4d42-b107-b9821f44dd60/MethylationProfiling/223344fa-4174-45de-953f-b50e72d355d1/call-CpgPileup/NA19087.hap1.bed.gz	gs://fc-fd42e80c-b41e-4e60-a9cf-b7c0ade168c4/submissions/a1e9b9ce-0d67-4d42-b107-b9821f44dd60/MethylationProfiling/223344fa-4174-45de-953f-b50e72d355d1/call-CpgPileup/NA19087.hap1.bed.gz.tbi	gs://fc-fd42e80c-b41e-4e60-a9cf-b7c0ade168c4/submissions/a1e9b9ce-0d67-4d42-b107-b9821f44dd60/MethylationProfiling/223344fa-4174-45de-953f-b50e72d355d1/call-CpgPileup/NA19087.hap2.bed.gz	gs://fc-fd42e80c-b41e-4e60-a9cf-b7c0ade168c4/submissions/a1e9b9ce-0d67-4d42-b107-b9821f44dd60/MethylationProfiling/223344fa-4174-45de-953f-b50e72d355d1/call-CpgPileup/NA19087.hap2.bed.gz.tbi
NA19159	gs://fc-fd42e80c-b41e-4e60-a9cf-b7c0ade168c4/submissions/a1e9b9ce-0d67-4d42-b107-b9821f44dd60/MethylationProfiling/4c1eef77-c09a-436a-ba41-ca9e094fbe45/call-CpgPileup/NA19159.hap1.bed.gz	gs://fc-fd42e80c-b41e-4e60-a9cf-b7c0ade168c4/submissions/a1e9b9ce-0d67-4d42-b107-b9821f44dd60/MethylationProfiling/4c1eef77-c09a-436a-ba41-ca9e094fbe45/call-CpgPileup/NA19159.hap1.bed.gz.tbi	gs://fc-fd42e80c-b41e-4e60-a9cf-b7c0ade168c4/submissions/a1e9b9ce-0d67-4d42-b107-b9821f44dd60/MethylationProfiling/4c1eef77-c09a-436a-ba41-ca9e094fbe45/call-CpgPileup/NA19159.hap2.bed.gz	gs://fc-fd42e80c-b41e-4e60-a9cf-b7c0ade168c4/submissions/a1e9b9ce-0d67-4d42-b107-b9821f44dd60/MethylationProfiling/4c1eef77-c09a-436a-ba41-ca9e094fbe45/call-CpgPileup/NA19159.hap2.bed.gz.tbi
NA19185	gs://fc-fd42e80c-b41e-4e60-a9cf-b7c0ade168c4/submissions/a1e9b9ce-0d67-4d42-b107-b9821f44dd60/MethylationProfiling/47aa587e-dcbc-4168-952f-07b88e5827d8/call-CpgPileup/NA19185.hap1.bed.gz	gs://fc-fd42e80c-b41e-4e60-a9cf-b7c0ade168c4/submissions/a1e9b9ce-0d67-4d42-b107-b9821f44dd60/MethylationProfiling/47aa587e-dcbc-4168-952f-07b88e5827d8/call-CpgPileup/NA19185.hap1.bed.gz.tbi	gs://fc-fd42e80c-b41e-4e60-a9cf-b7c0ade168c4/submissions/a1e9b9ce-0d67-4d42-b107-b9821f44dd60/MethylationProfiling/47aa587e-dcbc-4168-952f-07b88e5827d8/call-CpgPileup/NA19185.hap2.bed.gz	gs://fc-fd42e80c-b41e-4e60-a9cf-b7c0ade168c4/submissions/a1e9b9ce-0d67-4d42-b107-b9821f44dd60/MethylationProfiling/47aa587e-dcbc-4168-952f-07b88e5827d8/call-CpgPileup/NA19185.hap2.bed.gz.tbi
NA19240	gs://fc-fd42e80c-b41e-4e60-a9cf-b7c0ade168c4/submissions/f0ab26b0-d66f-45be-8322-24218670bc4d/MethylationProfiling/14189c85-0ecd-4294-b7ba-fa301b381f8b/call-CpgPileup/NA19240.hap1.bed.gz	gs://fc-fd42e80c-b41e-4e60-a9cf-b7c0ade168c4/submissions/f0ab26b0-d66f-45be-8322-24218670bc4d/MethylationProfiling/14189c85-0ecd-4294-b7ba-fa301b381f8b/call-CpgPileup/NA19240.hap1.bed.gz.tbi	gs://fc-fd42e80c-b41e-4e60-a9cf-b7c0ade168c4/submissions/f0ab26b0-d66f-45be-8322-24218670bc4d/MethylationProfiling/14189c85-0ecd-4294-b7ba-fa301b381f8b/call-CpgPileup/NA19240.hap2.bed.gz	gs://fc-fd42e80c-b41e-4e60-a9cf-b7c0ade168c4/submissions/f0ab26b0-d66f-45be-8322-24218670bc4d/MethylationProfiling/14189c85-0ecd-4294-b7ba-fa301b381f8b/call-CpgPileup/NA19240.hap2.bed.gz.tbi
NA19338	gs://fc-fd42e80c-b41e-4e60-a9cf-b7c0ade168c4/submissions/a1e9b9ce-0d67-4d42-b107-b9821f44dd60/MethylationProfiling/f0eea21e-1dc4-481d-b13b-c4c65f97754f/call-CpgPileup/NA19338.hap1.bed.gz	gs://fc-fd42e80c-b41e-4e60-a9cf-b7c0ade168c4/submissions/a1e9b9ce-0d67-4d42-b107-b9821f44dd60/MethylationProfiling/f0eea21e-1dc4-481d-b13b-c4c65f97754f/call-CpgPileup/NA19338.hap1.bed.gz.tbi	gs://fc-fd42e80c-b41e-4e60-a9cf-b7c0ade168c4/submissions/a1e9b9ce-0d67-4d42-b107-b9821f44dd60/MethylationProfiling/f0eea21e-1dc4-481d-b13b-c4c65f97754f/call-CpgPileup/NA19338.hap2.bed.gz	gs://fc-fd42e80c-b41e-4e60-a9cf-b7c0ade168c4/submissions/a1e9b9ce-0d67-4d42-b107-b9821f44dd60/MethylationProfiling/f0eea21e-1dc4-481d-b13b-c4c65f97754f/call-CpgPileup/NA19338.hap2.bed.gz.tbi
NA19391	gs://fc-fd42e80c-b41e-4e60-a9cf-b7c0ade168c4/submissions/a1e9b9ce-0d67-4d42-b107-b9821f44dd60/MethylationProfiling/66a9b1a8-ba60-463f-8789-091a007e24e5/call-CpgPileup/NA19391.hap1.bed.gz	gs://fc-fd42e80c-b41e-4e60-a9cf-b7c0ade168c4/submissions/a1e9b9ce-0d67-4d42-b107-b9821f44dd60/MethylationProfiling/66a9b1a8-ba60-463f-8789-091a007e24e5/call-CpgPileup/NA19391.hap1.bed.gz.tbi	gs://fc-fd42e80c-b41e-4e60-a9cf-b7c0ade168c4/submissions/a1e9b9ce-0d67-4d42-b107-b9821f44dd60/MethylationProfiling/66a9b1a8-ba60-463f-8789-091a007e24e5/call-CpgPileup/NA19391.hap2.bed.gz	gs://fc-fd42e80c-b41e-4e60-a9cf-b7c0ade168c4/submissions/a1e9b9ce-0d67-4d42-b107-b9821f44dd60/MethylationProfiling/66a9b1a8-ba60-463f-8789-091a007e24e5/call-CpgPileup/NA19391.hap2.bed.gz.tbi
NA19443	gs://fc-fd42e80c-b41e-4e60-a9cf-b7c0ade168c4/submissions/a1e9b9ce-0d67-4d42-b107-b9821f44dd60/MethylationProfiling/8e65c549-b3db-41c8-b613-3e64c04ebfc1/call-CpgPileup/NA19443.hap1.bed.gz	gs://fc-fd42e80c-b41e-4e60-a9cf-b7c0ade168c4/submissions/a1e9b9ce-0d67-4d42-b107-b9821f44dd60/MethylationProfiling/8e65c549-b3db-41c8-b613-3e64c04ebfc1/call-CpgPileup/NA19443.hap1.bed.gz.tbi	gs://fc-fd42e80c-b41e-4e60-a9cf-b7c0ade168c4/submissions/a1e9b9ce-0d67-4d42-b107-b9821f44dd60/MethylationProfiling/8e65c549-b3db-41c8-b613-3e64c04ebfc1/call-CpgPileup/NA19443.hap2.bed.gz	gs://fc-fd42e80c-b41e-4e60-a9cf-b7c0ade168c4/submissions/a1e9b9ce-0d67-4d42-b107-b9821f44dd60/MethylationProfiling/8e65c549-b3db-41c8-b613-3e64c04ebfc1/call-CpgPileup/NA19443.hap2.bed.gz.tbi
NA19468	gs://fc-fd42e80c-b41e-4e60-a9cf-b7c0ade168c4/submissions/a1e9b9ce-0d67-4d42-b107-b9821f44dd60/MethylationProfiling/41999a4e-69fc-495b-8293-2904fd3e73d0/call-CpgPileup/NA19468.hap1.bed.gz	gs://fc-fd42e80c-b41e-4e60-a9cf-b7c0ade168c4/submissions/a1e9b9ce-0d67-4d42-b107-b9821f44dd60/MethylationProfiling/41999a4e-69fc-495b-8293-2904fd3e73d0/call-CpgPileup/NA19468.hap1.bed.gz.tbi	gs://fc-fd42e80c-b41e-4e60-a9cf-b7c0ade168c4/submissions/a1e9b9ce-0d67-4d42-b107-b9821f44dd60/MethylationProfiling/41999a4e-69fc-495b-8293-2904fd3e73d0/call-CpgPileup/NA19468.hap2.bed.gz	gs://fc-fd42e80c-b41e-4e60-a9cf-b7c0ade168c4/submissions/a1e9b9ce-0d67-4d42-b107-b9821f44dd60/MethylationProfiling/41999a4e-69fc-495b-8293-2904fd3e73d0/call-CpgPileup/NA19468.hap2.bed.gz.tbi
NA19682	gs://fc-fd42e80c-b41e-4e60-a9cf-b7c0ade168c4/submissions/a1e9b9ce-0d67-4d42-b107-b9821f44dd60/MethylationProfiling/2dcddf69-bdfa-4b4a-b75b-509e30e37457/call-CpgPileup/NA19682.hap1.bed.gz	gs://fc-fd42e80c-b41e-4e60-a9cf-b7c0ade168c4/submissions/a1e9b9ce-0d67-4d42-b107-b9821f44dd60/MethylationProfiling/2dcddf69-bdfa-4b4a-b75b-509e30e37457/call-CpgPileup/NA19682.hap1.bed.gz.tbi	gs://fc-fd42e80c-b41e-4e60-a9cf-b7c0ade168c4/submissions/a1e9b9ce-0d67-4d42-b107-b9821f44dd60/MethylationProfiling/2dcddf69-bdfa-4b4a-b75b-509e30e37457/call-CpgPileup/NA19682.hap2.bed.gz	gs://fc-fd42e80c-b41e-4e60-a9cf-b7c0ade168c4/submissions/a1e9b9ce-0d67-4d42-b107-b9821f44dd60/MethylationProfiling/2dcddf69-bdfa-4b4a-b75b-509e30e37457/call-CpgPileup/NA19682.hap2.bed.gz.tbi
NA19700	gs://fc-fd42e80c-b41e-4e60-a9cf-b7c0ade168c4/submissions/a1e9b9ce-0d67-4d42-b107-b9821f44dd60/MethylationProfiling/dfb55789-8835-4581-88dc-605909e1ff91/call-CpgPileup/NA19700.hap1.bed.gz	gs://fc-fd42e80c-b41e-4e60-a9cf-b7c0ade168c4/submissions/a1e9b9ce-0d67-4d42-b107-b9821f44dd60/MethylationProfiling/dfb55789-8835-4581-88dc-605909e1ff91/call-CpgPileup/NA19700.hap1.bed.gz.tbi	gs://fc-fd42e80c-b41e-4e60-a9cf-b7c0ade168c4/submissions/a1e9b9ce-0d67-4d42-b107-b9821f44dd60/MethylationProfiling/dfb55789-8835-4581-88dc-605909e1ff91/call-CpgPileup/NA19700.hap2.bed.gz	gs://fc-fd42e80c-b41e-4e60-a9cf-b7c0ade168c4/submissions/a1e9b9ce-0d67-4d42-b107-b9821f44dd60/MethylationProfiling/dfb55789-8835-4581-88dc-605909e1ff91/call-CpgPileup/NA19700.hap2.bed.gz.tbi
NA19776	gs://fc-fd42e80c-b41e-4e60-a9cf-b7c0ade168c4/submissions/a1e9b9ce-0d67-4d42-b107-b9821f44dd60/MethylationProfiling/38538106-c4fc-4c36-8f1c-1d8b2daac314/call-CpgPileup/NA19776.hap1.bed.gz	gs://fc-fd42e80c-b41e-4e60-a9cf-b7c0ade168c4/submissions/a1e9b9ce-0d67-4d42-b107-b9821f44dd60/MethylationProfiling/38538106-c4fc-4c36-8f1c-1d8b2daac314/call-CpgPileup/NA19776.hap1.bed.gz.tbi	gs://fc-fd42e80c-b41e-4e60-a9cf-b7c0ade168c4/submissions/a1e9b9ce-0d67-4d42-b107-b9821f44dd60/MethylationProfiling/38538106-c4fc-4c36-8f1c-1d8b2daac314/call-CpgPileup/NA19776.hap2.bed.gz	gs://fc-fd42e80c-b41e-4e60-a9cf-b7c0ade168c4/submissions/a1e9b9ce-0d67-4d42-b107-b9821f44dd60/MethylationProfiling/38538106-c4fc-4c36-8f1c-1d8b2daac314/call-CpgPileup/NA19776.hap2.bed.gz.tbi
NA19835	gs://fc-fd42e80c-b41e-4e60-a9cf-b7c0ade168c4/submissions/a1e9b9ce-0d67-4d42-b107-b9821f44dd60/MethylationProfiling/ee7cdb36-c1a4-421b-af95-ada23f5ea40f/call-CpgPileup/NA19835.hap1.bed.gz	gs://fc-fd42e80c-b41e-4e60-a9cf-b7c0ade168c4/submissions/a1e9b9ce-0d67-4d42-b107-b9821f44dd60/MethylationProfiling/ee7cdb36-c1a4-421b-af95-ada23f5ea40f/call-CpgPileup/NA19835.hap1.bed.gz.tbi	gs://fc-fd42e80c-b41e-4e60-a9cf-b7c0ade168c4/submissions/a1e9b9ce-0d67-4d42-b107-b9821f44dd60/MethylationProfiling/ee7cdb36-c1a4-421b-af95-ada23f5ea40f/call-CpgPileup/NA19835.hap2.bed.gz	gs://fc-fd42e80c-b41e-4e60-a9cf-b7c0ade168c4/submissions/a1e9b9ce-0d67-4d42-b107-b9821f44dd60/MethylationProfiling/ee7cdb36-c1a4-421b-af95-ada23f5ea40f/call-CpgPileup/NA19835.hap2.bed.gz.tbi
NA19909	gs://fc-fd42e80c-b41e-4e60-a9cf-b7c0ade168c4/submissions/8a45ea72-7281-4066-a1f5-271fd628b8e6/MethylationProfiling/ac5a1ca7-bf26-4330-976d-08e441a5c4a5/call-CpgPileup/NA19909.hap1.bed.gz	gs://fc-fd42e80c-b41e-4e60-a9cf-b7c0ade168c4/submissions/8a45ea72-7281-4066-a1f5-271fd628b8e6/MethylationProfiling/ac5a1ca7-bf26-4330-976d-08e441a5c4a5/call-CpgPileup/NA19909.hap1.bed.gz.tbi	gs://fc-fd42e80c-b41e-4e60-a9cf-b7c0ade168c4/submissions/8a45ea72-7281-4066-a1f5-271fd628b8e6/MethylationProfiling/ac5a1ca7-bf26-4330-976d-08e441a5c4a5/call-CpgPileup/NA19909.hap2.bed.gz	gs://fc-fd42e80c-b41e-4e60-a9cf-b7c0ade168c4/submissions/8a45ea72-7281-4066-a1f5-271fd628b8e6/MethylationProfiling/ac5a1ca7-bf26-4330-976d-08e441a5c4a5/call-CpgPileup/NA19909.hap2.bed.gz.tbi
NA20129	gs://fc-fd42e80c-b41e-4e60-a9cf-b7c0ade168c4/submissions/f0ab26b0-d66f-45be-8322-24218670bc4d/MethylationProfiling/b8cc3ccb-ace5-4dcc-afab-ca82ea8277f3/call-CpgPileup/NA20129.hap1.bed.gz	gs://fc-fd42e80c-b41e-4e60-a9cf-b7c0ade168c4/submissions/f0ab26b0-d66f-45be-8322-24218670bc4d/MethylationProfiling/b8cc3ccb-ace5-4dcc-afab-ca82ea8277f3/call-CpgPileup/NA20129.hap1.bed.gz.tbi	gs://fc-fd42e80c-b41e-4e60-a9cf-b7c0ade168c4/submissions/f0ab26b0-d66f-45be-8322-24218670bc4d/MethylationProfiling/b8cc3ccb-ace5-4dcc-afab-ca82ea8277f3/call-CpgPileup/NA20129.hap2.bed.gz	gs://fc-fd42e80c-b41e-4e60-a9cf-b7c0ade168c4/submissions/f0ab26b0-d66f-45be-8322-24218670bc4d/MethylationProfiling/b8cc3ccb-ace5-4dcc-afab-ca82ea8277f3/call-CpgPileup/NA20129.hap2.bed.gz.tbi
NA20282	gs://fc-fd42e80c-b41e-4e60-a9cf-b7c0ade168c4/submissions/569a9e19-4a00-4d9c-98ff-6de0000f6e8f/MethylationProfiling/196f6973-f1b5-4454-ab25-a962a4a38775/call-CpgPileup/NA20282.hap1.bed.gz	gs://fc-fd42e80c-b41e-4e60-a9cf-b7c0ade168c4/submissions/569a9e19-4a00-4d9c-98ff-6de0000f6e8f/MethylationProfiling/196f6973-f1b5-4454-ab25-a962a4a38775/call-CpgPileup/NA20282.hap1.bed.gz.tbi	gs://fc-fd42e80c-b41e-4e60-a9cf-b7c0ade168c4/submissions/569a9e19-4a00-4d9c-98ff-6de0000f6e8f/MethylationProfiling/196f6973-f1b5-4454-ab25-a962a4a38775/call-CpgPileup/NA20282.hap2.bed.gz	gs://fc-fd42e80c-b41e-4e60-a9cf-b7c0ade168c4/submissions/569a9e19-4a00-4d9c-98ff-6de0000f6e8f/MethylationProfiling/196f6973-f1b5-4454-ab25-a962a4a38775/call-CpgPileup/NA20282.hap2.bed.gz.tbi
NA20346	gs://fc-fd42e80c-b41e-4e60-a9cf-b7c0ade168c4/submissions/a1e9b9ce-0d67-4d42-b107-b9821f44dd60/MethylationProfiling/0d1adfe1-2e2b-4189-bd5e-6ba6090f8802/call-CpgPileup/NA20346.hap1.bed.gz	gs://fc-fd42e80c-b41e-4e60-a9cf-b7c0ade168c4/submissions/a1e9b9ce-0d67-4d42-b107-b9821f44dd60/MethylationProfiling/0d1adfe1-2e2b-4189-bd5e-6ba6090f8802/call-CpgPileup/NA20346.hap1.bed.gz.tbi	gs://fc-fd42e80c-b41e-4e60-a9cf-b7c0ade168c4/submissions/a1e9b9ce-0d67-4d42-b107-b9821f44dd60/MethylationProfiling/0d1adfe1-2e2b-4189-bd5e-6ba6090f8802/call-CpgPileup/NA20346.hap2.bed.gz	gs://fc-fd42e80c-b41e-4e60-a9cf-b7c0ade168c4/submissions/a1e9b9ce-0d67-4d42-b107-b9821f44dd60/MethylationProfiling/0d1adfe1-2e2b-4189-bd5e-6ba6090f8802/call-CpgPileup/NA20346.hap2.bed.gz.tbi
NA20503	gs://fc-fd42e80c-b41e-4e60-a9cf-b7c0ade168c4/submissions/a1e9b9ce-0d67-4d42-b107-b9821f44dd60/MethylationProfiling/b9a47bf3-1bd3-46fb-bfe7-092f18f82d44/call-CpgPileup/NA20503.hap1.bed.gz	gs://fc-fd42e80c-b41e-4e60-a9cf-b7c0ade168c4/submissions/a1e9b9ce-0d67-4d42-b107-b9821f44dd60/MethylationProfiling/b9a47bf3-1bd3-46fb-bfe7-092f18f82d44/call-CpgPileup/NA20503.hap1.bed.gz.tbi	gs://fc-fd42e80c-b41e-4e60-a9cf-b7c0ade168c4/submissions/a1e9b9ce-0d67-4d42-b107-b9821f44dd60/MethylationProfiling/b9a47bf3-1bd3-46fb-bfe7-092f18f82d44/call-CpgPileup/NA20503.hap2.bed.gz	gs://fc-fd42e80c-b41e-4e60-a9cf-b7c0ade168c4/submissions/a1e9b9ce-0d67-4d42-b107-b9821f44dd60/MethylationProfiling/b9a47bf3-1bd3-46fb-bfe7-092f18f82d44/call-CpgPileup/NA20503.hap2.bed.gz.tbi
NA20752	gs://fc-fd42e80c-b41e-4e60-a9cf-b7c0ade168c4/submissions/a1e9b9ce-0d67-4d42-b107-b9821f44dd60/MethylationProfiling/2a147a49-5fe1-4804-a43a-2a30a4f39558/call-CpgPileup/NA20752.hap1.bed.gz	gs://fc-fd42e80c-b41e-4e60-a9cf-b7c0ade168c4/submissions/a1e9b9ce-0d67-4d42-b107-b9821f44dd60/MethylationProfiling/2a147a49-5fe1-4804-a43a-2a30a4f39558/call-CpgPileup/NA20752.hap1.bed.gz.tbi	gs://fc-fd42e80c-b41e-4e60-a9cf-b7c0ade168c4/submissions/a1e9b9ce-0d67-4d42-b107-b9821f44dd60/MethylationProfiling/2a147a49-5fe1-4804-a43a-2a30a4f39558/call-CpgPileup/NA20752.hap2.bed.gz	gs://fc-fd42e80c-b41e-4e60-a9cf-b7c0ade168c4/submissions/a1e9b9ce-0d67-4d42-b107-b9821f44dd60/MethylationProfiling/2a147a49-5fe1-4804-a43a-2a30a4f39558/call-CpgPileup/NA20752.hap2.bed.gz.tbi
NA20762	gs://fc-fd42e80c-b41e-4e60-a9cf-b7c0ade168c4/submissions/a1e9b9ce-0d67-4d42-b107-b9821f44dd60/MethylationProfiling/d73f7543-de51-45a2-beab-2f32aa8266c4/call-CpgPileup/NA20762.hap1.bed.gz	gs://fc-fd42e80c-b41e-4e60-a9cf-b7c0ade168c4/submissions/a1e9b9ce-0d67-4d42-b107-b9821f44dd60/MethylationProfiling/d73f7543-de51-45a2-beab-2f32aa8266c4/call-CpgPileup/NA20762.hap1.bed.gz.tbi	gs://fc-fd42e80c-b41e-4e60-a9cf-b7c0ade168c4/submissions/a1e9b9ce-0d67-4d42-b107-b9821f44dd60/MethylationProfiling/d73f7543-de51-45a2-beab-2f32aa8266c4/call-CpgPileup/NA20762.hap2.bed.gz	gs://fc-fd42e80c-b41e-4e60-a9cf-b7c0ade168c4/submissions/a1e9b9ce-0d67-4d42-b107-b9821f44dd60/MethylationProfiling/d73f7543-de51-45a2-beab-2f32aa8266c4/call-CpgPileup/NA20762.hap2.bed.gz.tbi
NA20799	gs://fc-fd42e80c-b41e-4e60-a9cf-b7c0ade168c4/submissions/569a9e19-4a00-4d9c-98ff-6de0000f6e8f/MethylationProfiling/2167aca7-d22c-48fc-8e96-395b5a27c8a4/call-CpgPileup/NA20799.hap1.bed.gz	gs://fc-fd42e80c-b41e-4e60-a9cf-b7c0ade168c4/submissions/569a9e19-4a00-4d9c-98ff-6de0000f6e8f/MethylationProfiling/2167aca7-d22c-48fc-8e96-395b5a27c8a4/call-CpgPileup/NA20799.hap1.bed.gz.tbi	gs://fc-fd42e80c-b41e-4e60-a9cf-b7c0ade168c4/submissions/569a9e19-4a00-4d9c-98ff-6de0000f6e8f/MethylationProfiling/2167aca7-d22c-48fc-8e96-395b5a27c8a4/call-CpgPileup/NA20799.hap2.bed.gz	gs://fc-fd42e80c-b41e-4e60-a9cf-b7c0ade168c4/submissions/569a9e19-4a00-4d9c-98ff-6de0000f6e8f/MethylationProfiling/2167aca7-d22c-48fc-8e96-395b5a27c8a4/call-CpgPileup/NA20799.hap2.bed.gz.tbi
NA20805	gs://fc-fd42e80c-b41e-4e60-a9cf-b7c0ade168c4/submissions/a1e9b9ce-0d67-4d42-b107-b9821f44dd60/MethylationProfiling/332b5c35-a955-4cd0-9b4e-a3f50a5e2881/call-CpgPileup/NA20805.hap1.bed.gz	gs://fc-fd42e80c-b41e-4e60-a9cf-b7c0ade168c4/submissions/a1e9b9ce-0d67-4d42-b107-b9821f44dd60/MethylationProfiling/332b5c35-a955-4cd0-9b4e-a3f50a5e2881/call-CpgPileup/NA20805.hap1.bed.gz.tbi	gs://fc-fd42e80c-b41e-4e60-a9cf-b7c0ade168c4/submissions/a1e9b9ce-0d67-4d42-b107-b9821f44dd60/MethylationProfiling/332b5c35-a955-4cd0-9b4e-a3f50a5e2881/call-CpgPileup/NA20805.hap2.bed.gz	gs://fc-fd42e80c-b41e-4e60-a9cf-b7c0ade168c4/submissions/a1e9b9ce-0d67-4d42-b107-b9821f44dd60/MethylationProfiling/332b5c35-a955-4cd0-9b4e-a3f50a5e2881/call-CpgPileup/NA20805.hap2.bed.gz.tbi
NA20806	gs://fc-fd42e80c-b41e-4e60-a9cf-b7c0ade168c4/submissions/a1e9b9ce-0d67-4d42-b107-b9821f44dd60/MethylationProfiling/616a1f56-cf29-4faf-8cea-9afa07eb7f1a/call-CpgPileup/NA20806.hap1.bed.gz	gs://fc-fd42e80c-b41e-4e60-a9cf-b7c0ade168c4/submissions/a1e9b9ce-0d67-4d42-b107-b9821f44dd60/MethylationProfiling/616a1f56-cf29-4faf-8cea-9afa07eb7f1a/call-CpgPileup/NA20806.hap1.bed.gz.tbi	gs://fc-fd42e80c-b41e-4e60-a9cf-b7c0ade168c4/submissions/a1e9b9ce-0d67-4d42-b107-b9821f44dd60/MethylationProfiling/616a1f56-cf29-4faf-8cea-9afa07eb7f1a/call-CpgPileup/NA20806.hap2.bed.gz	gs://fc-fd42e80c-b41e-4e60-a9cf-b7c0ade168c4/submissions/a1e9b9ce-0d67-4d42-b107-b9821f44dd60/MethylationProfiling/616a1f56-cf29-4faf-8cea-9afa07eb7f1a/call-CpgPileup/NA20806.hap2.bed.gz.tbi
NA20809	gs://fc-fd42e80c-b41e-4e60-a9cf-b7c0ade168c4/submissions/a1e9b9ce-0d67-4d42-b107-b9821f44dd60/MethylationProfiling/a82858fb-0dd0-4e97-8829-582d4f33e20c/call-CpgPileup/NA20809.hap1.bed.gz	gs://fc-fd42e80c-b41e-4e60-a9cf-b7c0ade168c4/submissions/a1e9b9ce-0d67-4d42-b107-b9821f44dd60/MethylationProfiling/a82858fb-0dd0-4e97-8829-582d4f33e20c/call-CpgPileup/NA20809.hap1.bed.gz.tbi	gs://fc-fd42e80c-b41e-4e60-a9cf-b7c0ade168c4/submissions/a1e9b9ce-0d67-4d42-b107-b9821f44dd60/MethylationProfiling/a82858fb-0dd0-4e97-8829-582d4f33e20c/call-CpgPileup/NA20809.hap2.bed.gz	gs://fc-fd42e80c-b41e-4e60-a9cf-b7c0ade168c4/submissions/a1e9b9ce-0d67-4d42-b107-b9821f44dd60/MethylationProfiling/a82858fb-0dd0-4e97-8829-582d4f33e20c/call-CpgPileup/NA20809.hap2.bed.gz.tbi
NA20827	gs://fc-fd42e80c-b41e-4e60-a9cf-b7c0ade168c4/submissions/569a9e19-4a00-4d9c-98ff-6de0000f6e8f/MethylationProfiling/8c033f34-058b-446f-8d10-671ba5052bbd/call-CpgPileup/attempt-3/NA20827.hap1.bed.gz	gs://fc-fd42e80c-b41e-4e60-a9cf-b7c0ade168c4/submissions/569a9e19-4a00-4d9c-98ff-6de0000f6e8f/MethylationProfiling/8c033f34-058b-446f-8d10-671ba5052bbd/call-CpgPileup/attempt-3/NA20827.hap1.bed.gz.tbi	gs://fc-fd42e80c-b41e-4e60-a9cf-b7c0ade168c4/submissions/569a9e19-4a00-4d9c-98ff-6de0000f6e8f/MethylationProfiling/8c033f34-058b-446f-8d10-671ba5052bbd/call-CpgPileup/attempt-3/NA20827.hap2.bed.gz	gs://fc-fd42e80c-b41e-4e60-a9cf-b7c0ade168c4/submissions/569a9e19-4a00-4d9c-98ff-6de0000f6e8f/MethylationProfiling/8c033f34-058b-446f-8d10-671ba5052bbd/call-CpgPileup/attempt-3/NA20827.hap2.bed.gz.tbi
NA20850	gs://fc-fd42e80c-b41e-4e60-a9cf-b7c0ade168c4/submissions/a1e9b9ce-0d67-4d42-b107-b9821f44dd60/MethylationProfiling/7cab51a2-6c6b-4f41-b64c-fd836efd3feb/call-CpgPileup/NA20850.hap1.bed.gz	gs://fc-fd42e80c-b41e-4e60-a9cf-b7c0ade168c4/submissions/a1e9b9ce-0d67-4d42-b107-b9821f44dd60/MethylationProfiling/7cab51a2-6c6b-4f41-b64c-fd836efd3feb/call-CpgPileup/NA20850.hap1.bed.gz.tbi	gs://fc-fd42e80c-b41e-4e60-a9cf-b7c0ade168c4/submissions/a1e9b9ce-0d67-4d42-b107-b9821f44dd60/MethylationProfiling/7cab51a2-6c6b-4f41-b64c-fd836efd3feb/call-CpgPileup/NA20850.hap2.bed.gz	gs://fc-fd42e80c-b41e-4e60-a9cf-b7c0ade168c4/submissions/a1e9b9ce-0d67-4d42-b107-b9821f44dd60/MethylationProfiling/7cab51a2-6c6b-4f41-b64c-fd836efd3feb/call-CpgPileup/NA20850.hap2.bed.gz.tbi
NA20870	gs://fc-fd42e80c-b41e-4e60-a9cf-b7c0ade168c4/submissions/a1e9b9ce-0d67-4d42-b107-b9821f44dd60/MethylationProfiling/e91a8bb0-8106-4025-b748-b14f11cc590d/call-CpgPileup/NA20870.hap1.bed.gz	gs://fc-fd42e80c-b41e-4e60-a9cf-b7c0ade168c4/submissions/a1e9b9ce-0d67-4d42-b107-b9821f44dd60/MethylationProfiling/e91a8bb0-8106-4025-b748-b14f11cc590d/call-CpgPileup/NA20870.hap1.bed.gz.tbi	gs://fc-fd42e80c-b41e-4e60-a9cf-b7c0ade168c4/submissions/a1e9b9ce-0d67-4d42-b107-b9821f44dd60/MethylationProfiling/e91a8bb0-8106-4025-b748-b14f11cc590d/call-CpgPileup/NA20870.hap2.bed.gz	gs://fc-fd42e80c-b41e-4e60-a9cf-b7c0ade168c4/submissions/a1e9b9ce-0d67-4d42-b107-b9821f44dd60/MethylationProfiling/e91a8bb0-8106-4025-b748-b14f11cc590d/call-CpgPileup/NA20870.hap2.bed.gz.tbi
NA20905	gs://fc-fd42e80c-b41e-4e60-a9cf-b7c0ade168c4/submissions/a1e9b9ce-0d67-4d42-b107-b9821f44dd60/MethylationProfiling/63ddcaa4-58b2-4750-ae3b-0f9005bedded/call-CpgPileup/NA20905.hap1.bed.gz	gs://fc-fd42e80c-b41e-4e60-a9cf-b7c0ade168c4/submissions/a1e9b9ce-0d67-4d42-b107-b9821f44dd60/MethylationProfiling/63ddcaa4-58b2-4750-ae3b-0f9005bedded/call-CpgPileup/NA20905.hap1.bed.gz.tbi	gs://fc-fd42e80c-b41e-4e60-a9cf-b7c0ade168c4/submissions/a1e9b9ce-0d67-4d42-b107-b9821f44dd60/MethylationProfiling/63ddcaa4-58b2-4750-ae3b-0f9005bedded/call-CpgPileup/NA20905.hap2.bed.gz	gs://fc-fd42e80c-b41e-4e60-a9cf-b7c0ade168c4/submissions/a1e9b9ce-0d67-4d42-b107-b9821f44dd60/MethylationProfiling/63ddcaa4-58b2-4750-ae3b-0f9005bedded/call-CpgPileup/NA20905.hap2.bed.gz.tbi
NA21093	gs://fc-fd42e80c-b41e-4e60-a9cf-b7c0ade168c4/submissions/a1e9b9ce-0d67-4d42-b107-b9821f44dd60/MethylationProfiling/649d4e74-a41c-4603-90db-4a174e0ebfc3/call-CpgPileup/NA21093.hap1.bed.gz	gs://fc-fd42e80c-b41e-4e60-a9cf-b7c0ade168c4/submissions/a1e9b9ce-0d67-4d42-b107-b9821f44dd60/MethylationProfiling/649d4e74-a41c-4603-90db-4a174e0ebfc3/call-CpgPileup/NA21093.hap1.bed.gz.tbi	gs://fc-fd42e80c-b41e-4e60-a9cf-b7c0ade168c4/submissions/a1e9b9ce-0d67-4d42-b107-b9821f44dd60/MethylationProfiling/649d4e74-a41c-4603-90db-4a174e0ebfc3/call-CpgPileup/NA21093.hap2.bed.gz	gs://fc-fd42e80c-b41e-4e60-a9cf-b7c0ade168c4/submissions/a1e9b9ce-0d67-4d42-b107-b9821f44dd60/MethylationProfiling/649d4e74-a41c-4603-90db-4a174e0ebfc3/call-CpgPileup/NA21093.hap2.bed.gz.tbi
NA21102	gs://fc-fd42e80c-b41e-4e60-a9cf-b7c0ade168c4/submissions/a1e9b9ce-0d67-4d42-b107-b9821f44dd60/MethylationProfiling/5ef59a7d-ebbf-4307-8abf-4c6ce82157cc/call-CpgPileup/NA21102.hap1.bed.gz	gs://fc-fd42e80c-b41e-4e60-a9cf-b7c0ade168c4/submissions/a1e9b9ce-0d67-4d42-b107-b9821f44dd60/MethylationProfiling/5ef59a7d-ebbf-4307-8abf-4c6ce82157cc/call-CpgPileup/NA21102.hap1.bed.gz.tbi	gs://fc-fd42e80c-b41e-4e60-a9cf-b7c0ade168c4/submissions/a1e9b9ce-0d67-4d42-b107-b9821f44dd60/MethylationProfiling/5ef59a7d-ebbf-4307-8abf-4c6ce82157cc/call-CpgPileup/NA21102.hap2.bed.gz	gs://fc-fd42e80c-b41e-4e60-a9cf-b7c0ade168c4/submissions/a1e9b9ce-0d67-4d42-b107-b9821f44dd60/MethylationProfiling/5ef59a7d-ebbf-4307-8abf-4c6ce82157cc/call-CpgPileup/NA21102.hap2.bed.gz.tbi
NA21106	gs://fc-fd42e80c-b41e-4e60-a9cf-b7c0ade168c4/submissions/a1e9b9ce-0d67-4d42-b107-b9821f44dd60/MethylationProfiling/f4696f93-91e4-42f5-9b20-d7dd13993805/call-CpgPileup/NA21106.hap1.bed.gz	gs://fc-fd42e80c-b41e-4e60-a9cf-b7c0ade168c4/submissions/a1e9b9ce-0d67-4d42-b107-b9821f44dd60/MethylationProfiling/f4696f93-91e4-42f5-9b20-d7dd13993805/call-CpgPileup/NA21106.hap1.bed.gz.tbi	gs://fc-fd42e80c-b41e-4e60-a9cf-b7c0ade168c4/submissions/a1e9b9ce-0d67-4d42-b107-b9821f44dd60/MethylationProfiling/f4696f93-91e4-42f5-9b20-d7dd13993805/call-CpgPileup/NA21106.hap2.bed.gz	gs://fc-fd42e80c-b41e-4e60-a9cf-b7c0ade168c4/submissions/a1e9b9ce-0d67-4d42-b107-b9821f44dd60/MethylationProfiling/f4696f93-91e4-42f5-9b20-d7dd13993805/call-CpgPileup/NA21106.hap2.bed.gz.tbi
NA21110	gs://fc-fd42e80c-b41e-4e60-a9cf-b7c0ade168c4/submissions/a1e9b9ce-0d67-4d42-b107-b9821f44dd60/MethylationProfiling/61a8e200-2296-42be-b4c0-28f73bcceb16/call-CpgPileup/NA21110.hap1.bed.gz	gs://fc-fd42e80c-b41e-4e60-a9cf-b7c0ade168c4/submissions/a1e9b9ce-0d67-4d42-b107-b9821f44dd60/MethylationProfiling/61a8e200-2296-42be-b4c0-28f73bcceb16/call-CpgPileup/NA21110.hap1.bed.gz.tbi	gs://fc-fd42e80c-b41e-4e60-a9cf-b7c0ade168c4/submissions/a1e9b9ce-0d67-4d42-b107-b9821f44dd60/MethylationProfiling/61a8e200-2296-42be-b4c0-28f73bcceb16/call-CpgPileup/NA21110.hap2.bed.gz	gs://fc-fd42e80c-b41e-4e60-a9cf-b7c0ade168c4/submissions/a1e9b9ce-0d67-4d42-b107-b9821f44dd60/MethylationProfiling/61a8e200-2296-42be-b4c0-28f73bcceb16/call-CpgPileup/NA21110.hap2.bed.gz.tbi
NA21144	gs://fc-fd42e80c-b41e-4e60-a9cf-b7c0ade168c4/submissions/a1e9b9ce-0d67-4d42-b107-b9821f44dd60/MethylationProfiling/06e4c675-e026-4a0d-b0a2-1db20510e026/call-CpgPileup/NA21144.hap1.bed.gz	gs://fc-fd42e80c-b41e-4e60-a9cf-b7c0ade168c4/submissions/a1e9b9ce-0d67-4d42-b107-b9821f44dd60/MethylationProfiling/06e4c675-e026-4a0d-b0a2-1db20510e026/call-CpgPileup/NA21144.hap1.bed.gz.tbi	gs://fc-fd42e80c-b41e-4e60-a9cf-b7c0ade168c4/submissions/a1e9b9ce-0d67-4d42-b107-b9821f44dd60/MethylationProfiling/06e4c675-e026-4a0d-b0a2-1db20510e026/call-CpgPileup/NA21144.hap2.bed.gz	gs://fc-fd42e80c-b41e-4e60-a9cf-b7c0ade168c4/submissions/a1e9b9ce-0d67-4d42-b107-b9821f44dd60/MethylationProfiling/06e4c675-e026-4a0d-b0a2-1db20510e026/call-CpgPileup/NA21144.hap2.bed.gz.tbi
NA21309	gs://fc-fd42e80c-b41e-4e60-a9cf-b7c0ade168c4/submissions/f0ab26b0-d66f-45be-8322-24218670bc4d/MethylationProfiling/fc1cf64d-ae4b-4eaa-a6aa-4361acc76b05/call-CpgPileup/NA21309.hap1.bed.gz	gs://fc-fd42e80c-b41e-4e60-a9cf-b7c0ade168c4/submissions/f0ab26b0-d66f-45be-8322-24218670bc4d/MethylationProfiling/fc1cf64d-ae4b-4eaa-a6aa-4361acc76b05/call-CpgPileup/NA21309.hap1.bed.gz.tbi	gs://fc-fd42e80c-b41e-4e60-a9cf-b7c0ade168c4/submissions/f0ab26b0-d66f-45be-8322-24218670bc4d/MethylationProfiling/fc1cf64d-ae4b-4eaa-a6aa-4361acc76b05/call-CpgPileup/NA21309.hap2.bed.gz	gs://fc-fd42e80c-b41e-4e60-a9cf-b7c0ade168c4/submissions/f0ab26b0-d66f-45be-8322-24218670bc4d/MethylationProfiling/fc1cf64d-ae4b-4eaa-a6aa-4361acc76b05/call-CpgPileup/NA21309.hap2.bed.gz.tbi
