sample_id	slot	source_field	discovery_uri	generation	byte_size	checksum_algorithm	checksum_value	created_at	updated_at	immutable_read_uri	metageneration	crc32c_base64	md5_base64	etag
HG00097	combined_bed	cpg_combined_bed	gs://fc-fd42e80c-b41e-4e60-a9cf-b7c0ade168c4/submissions/a1e9b9ce-0d67-4d42-b107-b9821f44dd60/MethylationProfiling/4944aeb1-faf3-49a0-995e-93454b836d2f/call-CpgPileup/HG00097.combined.bed.gz	1777748016475903	334868580	md5_base64	L+IPlRWd5bNfn8GGX0gasQ==	2026-05-02T18:53:36.479Z	2026-06-02T20:33:20.162Z	gs://fc-fd42e80c-b41e-4e60-a9cf-b7c0ade168c4/submissions/a1e9b9ce-0d67-4d42-b107-b9821f44dd60/MethylationProfiling/4944aeb1-faf3-49a0-995e-93454b836d2f/call-CpgPileup/HG00097.combined.bed.gz?generation=1777748016475903	2	+OPsPw==	L+IPlRWd5bNfn8GGX0gasQ==	CP/dlrijm5QDEAI=
HG00097	combined_bed_index	independently_verified_combined_bed_index	gs://fc-fd42e80c-b41e-4e60-a9cf-b7c0ade168c4/submissions/a1e9b9ce-0d67-4d42-b107-b9821f44dd60/MethylationProfiling/4944aeb1-faf3-49a0-995e-93454b836d2f/call-CpgPileup/HG00097.combined.bed.gz.tbi	1777748004803103	1684181	md5_base64	JAj0OCPxIIXYXbn/MfkEIg==	2026-05-02T18:53:24.806Z	2026-06-03T15:48:12.757Z	gs://fc-fd42e80c-b41e-4e60-a9cf-b7c0ade168c4/submissions/a1e9b9ce-0d67-4d42-b107-b9821f44dd60/MethylationProfiling/4944aeb1-faf3-49a0-995e-93454b836d2f/call-CpgPileup/HG00097.combined.bed.gz.tbi?generation=1777748004803103	3	0motCQ==	JAj0OCPxIIXYXbn/MfkEIg==	CJ+kzrKjm5QDEAM=
HG00097	hap1_bed	cpg_hap1_bed	gs://fc-fd42e80c-b41e-4e60-a9cf-b7c0ade168c4/submissions/a1e9b9ce-0d67-4d42-b107-b9821f44dd60/MethylationProfiling/4944aeb1-faf3-49a0-995e-93454b836d2f/call-CpgPileup/HG00097.hap1.bed.gz	1777748028405778	296691390	md5_base64	h8QoE/2fwhqmvOrZ2cQDJQ==	2026-05-02T18:53:48.410Z	2026-06-03T14:54:57.911Z	gs://fc-fd42e80c-b41e-4e60-a9cf-b7c0ade168c4/submissions/a1e9b9ce-0d67-4d42-b107-b9821f44dd60/MethylationProfiling/4944aeb1-faf3-49a0-995e-93454b836d2f/call-CpgPileup/HG00097.hap1.bed.gz?generation=1777748028405778	3	5n4ytg==	h8QoE/2fwhqmvOrZ2cQDJQ==	CJLw7r2jm5QDEAM=
HG00097	hap1_bed_index	cpg_hap1_bed_idx	gs://fc-fd42e80c-b41e-4e60-a9cf-b7c0ade168c4/submissions/a1e9b9ce-0d67-4d42-b107-b9821f44dd60/MethylationProfiling/4944aeb1-faf3-49a0-995e-93454b836d2f/call-CpgPileup/HG00097.hap1.bed.gz.tbi	1777748044506344	1647467	md5_base64	318vOAD3zpRTeHsyvfaMxg==	2026-05-02T18:54:04.509Z	2026-06-03T15:34:09.159Z	gs://fc-fd42e80c-b41e-4e60-a9cf-b7c0ade168c4/submissions/a1e9b9ce-0d67-4d42-b107-b9821f44dd60/MethylationProfiling/4944aeb1-faf3-49a0-995e-93454b836d2f/call-CpgPileup/HG00097.hap1.bed.gz.tbi?generation=1777748044506344	3	0XyI/Q==	318vOAD3zpRTeHsyvfaMxg==	COjJxcWjm5QDEAM=
HG00097	hap2_bed	cpg_hap2_bed	gs://fc-fd42e80c-b41e-4e60-a9cf-b7c0ade168c4/submissions/a1e9b9ce-0d67-4d42-b107-b9821f44dd60/MethylationProfiling/4944aeb1-faf3-49a0-995e-93454b836d2f/call-CpgPileup/HG00097.hap2.bed.gz	1777748042587961	296601280	md5_base64	s89Xmf1pe5z20+IqOyjSoA==	2026-05-02T18:54:02.592Z	2026-06-03T15:32:06.207Z	gs://fc-fd42e80c-b41e-4e60-a9cf-b7c0ade168c4/submissions/a1e9b9ce-0d67-4d42-b107-b9821f44dd60/MethylationProfiling/4944aeb1-faf3-49a0-995e-93454b836d2f/call-CpgPileup/HG00097.hap2.bed.gz?generation=1777748042587961	3	G9oKGA==	s89Xmf1pe5z20+IqOyjSoA==	CLm+0MSjm5QDEAM=
HG00097	hap2_bed_index	cpg_hap2_bed_idx	gs://fc-fd42e80c-b41e-4e60-a9cf-b7c0ade168c4/submissions/a1e9b9ce-0d67-4d42-b107-b9821f44dd60/MethylationProfiling/4944aeb1-faf3-49a0-995e-93454b836d2f/call-CpgPileup/HG00097.hap2.bed.gz.tbi	1777748006729678	1647456	md5_base64	YsrW5QEvhhvQav8KPj9xmQ==	2026-05-02T18:53:26.733Z	2026-06-02T20:27:02.830Z	gs://fc-fd42e80c-b41e-4e60-a9cf-b7c0ade168c4/submissions/a1e9b9ce-0d67-4d42-b107-b9821f44dd60/MethylationProfiling/4944aeb1-faf3-49a0-995e-93454b836d2f/call-CpgPileup/HG00097.hap2.bed.gz.tbi?generation=1777748006729678	2	ZSOPPg==	YsrW5QEvhhvQav8KPj9xmQ==	CM7vw7Ojm5QDEAI=
HG00099	combined_bed	cpg_combined_bed	gs://fc-fd42e80c-b41e-4e60-a9cf-b7c0ade168c4/submissions/a1e9b9ce-0d67-4d42-b107-b9821f44dd60/MethylationProfiling/ee422c06-35b7-41bd-98cb-7a50d7641828/call-CpgPileup/HG00099.combined.bed.gz	1777750366647572	331116040	md5_base64	J7qISxA/TQLzqKoa50Nb/w==	2026-05-02T19:32:46.652Z	2026-06-03T16:03:59.754Z	gs://fc-fd42e80c-b41e-4e60-a9cf-b7c0ade168c4/submissions/a1e9b9ce-0d67-4d42-b107-b9821f44dd60/MethylationProfiling/ee422c06-35b7-41bd-98cb-7a50d7641828/call-CpgPileup/HG00099.combined.bed.gz?generation=1777750366647572	3	CWnqvw==	J7qISxA/TQLzqKoa50Nb/w==	CJTq6Zism5QDEAM=
HG00099	combined_bed_index	independently_verified_combined_bed_index	gs://fc-fd42e80c-b41e-4e60-a9cf-b7c0ade168c4/submissions/a1e9b9ce-0d67-4d42-b107-b9821f44dd60/MethylationProfiling/ee422c06-35b7-41bd-98cb-7a50d7641828/call-CpgPileup/HG00099.combined.bed.gz.tbi	1777750379443682	1683700	md5_base64	falfO7gEhxMnL9p5SuWhoA==	2026-05-02T19:32:59.447Z	2026-06-03T15:11:03.655Z	gs://fc-fd42e80c-b41e-4e60-a9cf-b7c0ade168c4/submissions/a1e9b9ce-0d67-4d42-b107-b9821f44dd60/MethylationProfiling/ee422c06-35b7-41bd-98cb-7a50d7641828/call-CpgPileup/HG00099.combined.bed.gz.tbi?generation=1777750379443682	3	b+NgsQ==	falfO7gEhxMnL9p5SuWhoA==	COLr9p6sm5QDEAM=
HG00099	hap1_bed	cpg_hap1_bed	gs://fc-fd42e80c-b41e-4e60-a9cf-b7c0ade168c4/submissions/a1e9b9ce-0d67-4d42-b107-b9821f44dd60/MethylationProfiling/ee422c06-35b7-41bd-98cb-7a50d7641828/call-CpgPileup/HG00099.hap1.bed.gz	1777750394721582	292843462	md5_base64	H65NOeElSotMT36xW8zDyA==	2026-05-02T19:33:14.731Z	2026-06-03T15:37:04.176Z	gs://fc-fd42e80c-b41e-4e60-a9cf-b7c0ade168c4/submissions/a1e9b9ce-0d67-4d42-b107-b9821f44dd60/MethylationProfiling/ee422c06-35b7-41bd-98cb-7a50d7641828/call-CpgPileup/HG00099.hap1.bed.gz?generation=1777750394721582	3	iK66YA==	H65NOeElSotMT36xW8zDyA==	CK6qm6asm5QDEAM=
HG00099	hap1_bed_index	cpg_hap1_bed_idx	gs://fc-fd42e80c-b41e-4e60-a9cf-b7c0ade168c4/submissions/a1e9b9ce-0d67-4d42-b107-b9821f44dd60/MethylationProfiling/ee422c06-35b7-41bd-98cb-7a50d7641828/call-CpgPileup/HG00099.hap1.bed.gz.tbi	1777750350044716	1651508	md5_base64	WKaV46uAnWArpTfqr+OsOQ==	2026-05-02T19:32:30.054Z	2026-06-02T20:05:57.713Z	gs://fc-fd42e80c-b41e-4e60-a9cf-b7c0ade168c4/submissions/a1e9b9ce-0d67-4d42-b107-b9821f44dd60/MethylationProfiling/ee422c06-35b7-41bd-98cb-7a50d7641828/call-CpgPileup/HG00099.hap1.bed.gz.tbi?generation=1777750350044716	2	PANpNw==	WKaV46uAnWArpTfqr+OsOQ==	CKy89JCsm5QDEAI=
HG00099	hap2_bed	cpg_hap2_bed	gs://fc-fd42e80c-b41e-4e60-a9cf-b7c0ade168c4/submissions/a1e9b9ce-0d67-4d42-b107-b9821f44dd60/MethylationProfiling/ee422c06-35b7-41bd-98cb-7a50d7641828/call-CpgPileup/HG00099.hap2.bed.gz	1777750377592785	293025975	md5_base64	dKbd61TxRaRYkgo8xVZrvA==	2026-05-02T19:32:57.597Z	2026-06-03T15:00:02.731Z	gs://fc-fd42e80c-b41e-4e60-a9cf-b7c0ade168c4/submissions/a1e9b9ce-0d67-4d42-b107-b9821f44dd60/MethylationProfiling/ee422c06-35b7-41bd-98cb-7a50d7641828/call-CpgPileup/HG00099.hap2.bed.gz?generation=1777750377592785	3	4v8vJA==	dKbd61TxRaRYkgo8xVZrvA==	CNHvhZ6sm5QDEAM=
HG00099	hap2_bed_index	cpg_hap2_bed_idx	gs://fc-fd42e80c-b41e-4e60-a9cf-b7c0ade168c4/submissions/a1e9b9ce-0d67-4d42-b107-b9821f44dd60/MethylationProfiling/ee422c06-35b7-41bd-98cb-7a50d7641828/call-CpgPileup/HG00099.hap2.bed.gz.tbi	1777750351953509	1651593	md5_base64	Rvc30H8FfcB/D5AuHopdqQ==	2026-05-02T19:32:31.957Z	2026-06-03T15:44:09.430Z	gs://fc-fd42e80c-b41e-4e60-a9cf-b7c0ade168c4/submissions/a1e9b9ce-0d67-4d42-b107-b9821f44dd60/MethylationProfiling/ee422c06-35b7-41bd-98cb-7a50d7641828/call-CpgPileup/HG00099.hap2.bed.gz.tbi?generation=1777750351953509	3	mVNrVg==	Rvc30H8FfcB/D5AuHopdqQ==	COX86JGsm5QDEAM=
HG00126	combined_bed	cpg_combined_bed	gs://fc-fd42e80c-b41e-4e60-a9cf-b7c0ade168c4/submissions/a1e9b9ce-0d67-4d42-b107-b9821f44dd60/MethylationProfiling/6ca6fdf8-6014-40c2-a05c-ac53ab32c206/call-CpgPileup/HG00126.combined.bed.gz	1777748753823241	327334091	md5_base64	Z68AYyw3LyP6Ew3USSJ70w==	2026-05-02T19:05:53.834Z	2026-06-02T20:36:16.646Z	gs://fc-fd42e80c-b41e-4e60-a9cf-b7c0ade168c4/submissions/a1e9b9ce-0d67-4d42-b107-b9821f44dd60/MethylationProfiling/6ca6fdf8-6014-40c2-a05c-ac53ab32c206/call-CpgPileup/HG00126.combined.bed.gz?generation=1777748753823241	2	h8Xk1Q==	Z68AYyw3LyP6Ew3USSJ70w==	CIns4pemm5QDEAI=
HG00126	combined_bed_index	independently_verified_combined_bed_index	gs://fc-fd42e80c-b41e-4e60-a9cf-b7c0ade168c4/submissions/a1e9b9ce-0d67-4d42-b107-b9821f44dd60/MethylationProfiling/6ca6fdf8-6014-40c2-a05c-ac53ab32c206/call-CpgPileup/HG00126.combined.bed.gz.tbi	1777748741330497	1694847	md5_base64	v62azYXkm74LxyCKCwoodQ==	2026-05-02T19:05:41.333Z	2026-06-03T14:54:06.556Z	gs://fc-fd42e80c-b41e-4e60-a9cf-b7c0ade168c4/submissions/a1e9b9ce-0d67-4d42-b107-b9821f44dd60/MethylationProfiling/6ca6fdf8-6014-40c2-a05c-ac53ab32c206/call-CpgPileup/HG00126.combined.bed.gz.tbi?generation=1777748741330497	3	+DZ37g==	v62azYXkm74LxyCKCwoodQ==	CMGs6JGmm5QDEAM=
HG00126	hap1_bed	cpg_hap1_bed	gs://fc-fd42e80c-b41e-4e60-a9cf-b7c0ade168c4/submissions/a1e9b9ce-0d67-4d42-b107-b9821f44dd60/MethylationProfiling/6ca6fdf8-6014-40c2-a05c-ac53ab32c206/call-CpgPileup/HG00126.hap1.bed.gz	1777748769011934	278685357	md5_base64	pRsrmZh1RiahqdKlGJV2hg==	2026-05-02T19:06:09.015Z	2026-06-03T16:04:01.521Z	gs://fc-fd42e80c-b41e-4e60-a9cf-b7c0ade168c4/submissions/a1e9b9ce-0d67-4d42-b107-b9821f44dd60/MethylationProfiling/6ca6fdf8-6014-40c2-a05c-ac53ab32c206/call-CpgPileup/HG00126.hap1.bed.gz?generation=1777748769011934	3	gj7fqw==	pRsrmZh1RiahqdKlGJV2hg==	CN7xgZ+mm5QDEAM=
HG00126	hap1_bed_index	cpg_hap1_bed_idx	gs://fc-fd42e80c-b41e-4e60-a9cf-b7c0ade168c4/submissions/a1e9b9ce-0d67-4d42-b107-b9821f44dd60/MethylationProfiling/6ca6fdf8-6014-40c2-a05c-ac53ab32c206/call-CpgPileup/HG00126.hap1.bed.gz.tbi	1777748770912568	1565217	md5_base64	akAVgw4JXHk4DVC6PeQ/tw==	2026-05-02T19:06:10.916Z	2026-06-03T15:00:00.403Z	gs://fc-fd42e80c-b41e-4e60-a9cf-b7c0ade168c4/submissions/a1e9b9ce-0d67-4d42-b107-b9821f44dd60/MethylationProfiling/6ca6fdf8-6014-40c2-a05c-ac53ab32c206/call-CpgPileup/HG00126.hap1.bed.gz.tbi?generation=1777748770912568	3	Rs/Z8A==	akAVgw4JXHk4DVC6PeQ/tw==	CLjy9Z+mm5QDEAM=
HG00126	hap2_bed	cpg_hap2_bed	gs://fc-fd42e80c-b41e-4e60-a9cf-b7c0ade168c4/submissions/a1e9b9ce-0d67-4d42-b107-b9821f44dd60/MethylationProfiling/6ca6fdf8-6014-40c2-a05c-ac53ab32c206/call-CpgPileup/HG00126.hap2.bed.gz	1777748749146359	278581265	md5_base64	AHgOBwRxH2QQP7DCrmIANw==	2026-05-02T19:05:49.150Z	2026-06-03T16:00:19.926Z	gs://fc-fd42e80c-b41e-4e60-a9cf-b7c0ade168c4/submissions/a1e9b9ce-0d67-4d42-b107-b9821f44dd60/MethylationProfiling/6ca6fdf8-6014-40c2-a05c-ac53ab32c206/call-CpgPileup/HG00126.hap2.bed.gz?generation=1777748749146359	3	aJP1GA==	AHgOBwRxH2QQP7DCrmIANw==	CPexxZWmm5QDEAM=
HG00126	hap2_bed_index	cpg_hap2_bed_idx	gs://fc-fd42e80c-b41e-4e60-a9cf-b7c0ade168c4/submissions/a1e9b9ce-0d67-4d42-b107-b9821f44dd60/MethylationProfiling/6ca6fdf8-6014-40c2-a05c-ac53ab32c206/call-CpgPileup/HG00126.hap2.bed.gz.tbi	1777748755700223	1565527	md5_base64	i6BfHrpY768sii9NouSKNg==	2026-05-02T19:05:55.703Z	2026-06-02T19:51:07.544Z	gs://fc-fd42e80c-b41e-4e60-a9cf-b7c0ade168c4/submissions/a1e9b9ce-0d67-4d42-b107-b9821f44dd60/MethylationProfiling/6ca6fdf8-6014-40c2-a05c-ac53ab32c206/call-CpgPileup/HG00126.hap2.bed.gz.tbi?generation=1777748755700223	2	5r5sXA==	i6BfHrpY768sii9NouSKNg==	CP+z1Zimm5QDEAI=
HG00128	combined_bed	cpg_combined_bed	gs://fc-fd42e80c-b41e-4e60-a9cf-b7c0ade168c4/submissions/a1e9b9ce-0d67-4d42-b107-b9821f44dd60/MethylationProfiling/3b09d084-6341-4fb5-8df1-e436618ddc98/call-CpgPileup/HG00128.combined.bed.gz	1777747624220185	332394918	md5_base64	u1UkgmBdLmdnxU3zgFvnGA==	2026-05-02T18:47:04.228Z	2026-06-02T20:33:07.950Z	gs://fc-fd42e80c-b41e-4e60-a9cf-b7c0ade168c4/submissions/a1e9b9ce-0d67-4d42-b107-b9821f44dd60/MethylationProfiling/3b09d084-6341-4fb5-8df1-e436618ddc98/call-CpgPileup/HG00128.combined.bed.gz?generation=1777747624220185	2	CF1UDg==	u1UkgmBdLmdnxU3zgFvnGA==	CJmskf2hm5QDEAI=
HG00128	combined_bed_index	independently_verified_combined_bed_index	gs://fc-fd42e80c-b41e-4e60-a9cf-b7c0ade168c4/submissions/a1e9b9ce-0d67-4d42-b107-b9821f44dd60/MethylationProfiling/3b09d084-6341-4fb5-8df1-e436618ddc98/call-CpgPileup/HG00128.combined.bed.gz.tbi	1777747600576654	1684103	md5_base64	iHCn0O/qkYC1R7dbJgUnuQ==	2026-05-02T18:46:40.580Z	2026-06-02T19:53:01.245Z	gs://fc-fd42e80c-b41e-4e60-a9cf-b7c0ade168c4/submissions/a1e9b9ce-0d67-4d42-b107-b9821f44dd60/MethylationProfiling/3b09d084-6341-4fb5-8df1-e436618ddc98/call-CpgPileup/HG00128.combined.bed.gz.tbi?generation=1777747600576654	2	epkdPQ==	iHCn0O/qkYC1R7dbJgUnuQ==	CI6h7vGhm5QDEAI=
HG00128	hap1_bed	cpg_hap1_bed	gs://fc-fd42e80c-b41e-4e60-a9cf-b7c0ade168c4/submissions/a1e9b9ce-0d67-4d42-b107-b9821f44dd60/MethylationProfiling/3b09d084-6341-4fb5-8df1-e436618ddc98/call-CpgPileup/HG00128.hap1.bed.gz	1777747610136392	293117803	md5_base64	Ft2Cx4nWPff4YxrjxlwWRQ==	2026-05-02T18:46:50.139Z	2026-06-03T14:42:06.838Z	gs://fc-fd42e80c-b41e-4e60-a9cf-b7c0ade168c4/submissions/a1e9b9ce-0d67-4d42-b107-b9821f44dd60/MethylationProfiling/3b09d084-6341-4fb5-8df1-e436618ddc98/call-CpgPileup/HG00128.hap1.bed.gz?generation=1777747610136392	3	9YMCFQ==	Ft2Cx4nWPff4YxrjxlwWRQ==	CMjetfahm5QDEAM=
HG00128	hap1_bed_index	cpg_hap1_bed_idx	gs://fc-fd42e80c-b41e-4e60-a9cf-b7c0ade168c4/submissions/a1e9b9ce-0d67-4d42-b107-b9821f44dd60/MethylationProfiling/3b09d084-6341-4fb5-8df1-e436618ddc98/call-CpgPileup/HG00128.hap1.bed.gz.tbi	1777747626215047	1642255	md5_base64	9z/lAj2MEoJR2sOHkOlslQ==	2026-05-02T18:47:06.219Z	2026-06-03T15:00:05.411Z	gs://fc-fd42e80c-b41e-4e60-a9cf-b7c0ade168c4/submissions/a1e9b9ce-0d67-4d42-b107-b9821f44dd60/MethylationProfiling/3b09d084-6341-4fb5-8df1-e436618ddc98/call-CpgPileup/HG00128.hap1.bed.gz.tbi?generation=1777747626215047	3	SVFPWQ==	9z/lAj2MEoJR2sOHkOlslQ==	CIeNi/6hm5QDEAM=
HG00128	hap2_bed	cpg_hap2_bed	gs://fc-fd42e80c-b41e-4e60-a9cf-b7c0ade168c4/submissions/a1e9b9ce-0d67-4d42-b107-b9821f44dd60/MethylationProfiling/3b09d084-6341-4fb5-8df1-e436618ddc98/call-CpgPileup/HG00128.hap2.bed.gz	1777747617468378	292482826	md5_base64	DYifsrb1y4WDHlgxdKAOog==	2026-05-02T18:46:57.472Z	2026-06-03T16:00:37.779Z	gs://fc-fd42e80c-b41e-4e60-a9cf-b7c0ade168c4/submissions/a1e9b9ce-0d67-4d42-b107-b9821f44dd60/MethylationProfiling/3b09d084-6341-4fb5-8df1-e436618ddc98/call-CpgPileup/HG00128.hap2.bed.gz?generation=1777747617468378	3	IbCjVw==	DYifsrb1y4WDHlgxdKAOog==	CNqf9fmhm5QDEAM=
HG00128	hap2_bed_index	cpg_hap2_bed_idx	gs://fc-fd42e80c-b41e-4e60-a9cf-b7c0ade168c4/submissions/a1e9b9ce-0d67-4d42-b107-b9821f44dd60/MethylationProfiling/3b09d084-6341-4fb5-8df1-e436618ddc98/call-CpgPileup/HG00128.hap2.bed.gz.tbi	1777747602505802	1641842	md5_base64	RPsQVmp505n7nEXC7A2h4g==	2026-05-02T18:46:42.509Z	2026-06-03T15:41:03.505Z	gs://fc-fd42e80c-b41e-4e60-a9cf-b7c0ade168c4/submissions/a1e9b9ce-0d67-4d42-b107-b9821f44dd60/MethylationProfiling/3b09d084-6341-4fb5-8df1-e436618ddc98/call-CpgPileup/HG00128.hap2.bed.gz.tbi?generation=1777747602505802	3	9Mut4A==	RPsQVmp505n7nEXC7A2h4g==	CMqA5PKhm5QDEAM=
HG00133	combined_bed	cpg_combined_bed	gs://fc-fd42e80c-b41e-4e60-a9cf-b7c0ade168c4/submissions/a1e9b9ce-0d67-4d42-b107-b9821f44dd60/MethylationProfiling/aaca93fb-01a9-4835-8632-f55c0bce277e/call-CpgPileup/HG00133.combined.bed.gz	1777748668712177	327015636	md5_base64	TGFqM8Fj4FBqzaAkJgz+TA==	2026-05-02T19:04:28.717Z	2026-06-03T15:58:02.378Z	gs://fc-fd42e80c-b41e-4e60-a9cf-b7c0ade168c4/submissions/a1e9b9ce-0d67-4d42-b107-b9821f44dd60/MethylationProfiling/aaca93fb-01a9-4835-8632-f55c0bce277e/call-CpgPileup/HG00133.combined.bed.gz?generation=1777748668712177	3	XZaWKA==	TGFqM8Fj4FBqzaAkJgz+TA==	CPGJmO+lm5QDEAM=
HG00133	combined_bed_index	independently_verified_combined_bed_index	gs://fc-fd42e80c-b41e-4e60-a9cf-b7c0ade168c4/submissions/a1e9b9ce-0d67-4d42-b107-b9821f44dd60/MethylationProfiling/aaca93fb-01a9-4835-8632-f55c0bce277e/call-CpgPileup/HG00133.combined.bed.gz.tbi	1777748670606461	1684153	md5_base64	OxQryW1XFd64EB5VwrWSTA==	2026-05-02T19:04:30.609Z	2026-06-02T19:47:06.166Z	gs://fc-fd42e80c-b41e-4e60-a9cf-b7c0ade168c4/submissions/a1e9b9ce-0d67-4d42-b107-b9821f44dd60/MethylationProfiling/aaca93fb-01a9-4835-8632-f55c0bce277e/call-CpgPileup/HG00133.combined.bed.gz.tbi?generation=1777748670606461	2	qmZF5w==	OxQryW1XFd64EB5VwrWSTA==	CP3Yi/Clm5QDEAI=
HG00133	hap1_bed	cpg_hap1_bed	gs://fc-fd42e80c-b41e-4e60-a9cf-b7c0ade168c4/submissions/a1e9b9ce-0d67-4d42-b107-b9821f44dd60/MethylationProfiling/aaca93fb-01a9-4835-8632-f55c0bce277e/call-CpgPileup/HG00133.hap1.bed.gz	1777748688352168	293146415	md5_base64	em3MGNi4xNQTZ/QnDC+kPw==	2026-05-02T19:04:48.355Z	2026-06-03T15:24:11.050Z	gs://fc-fd42e80c-b41e-4e60-a9cf-b7c0ade168c4/submissions/a1e9b9ce-0d67-4d42-b107-b9821f44dd60/MethylationProfiling/aaca93fb-01a9-4835-8632-f55c0bce277e/call-CpgPileup/HG00133.hap1.bed.gz?generation=1777748688352168	3	FuYrwQ==	em3MGNi4xNQTZ/QnDC+kPw==	CKjnxvilm5QDEAM=
HG00133	hap1_bed_index	cpg_hap1_bed_idx	gs://fc-fd42e80c-b41e-4e60-a9cf-b7c0ade168c4/submissions/a1e9b9ce-0d67-4d42-b107-b9821f44dd60/MethylationProfiling/aaca93fb-01a9-4835-8632-f55c0bce277e/call-CpgPileup/HG00133.hap1.bed.gz.tbi	1777748661856890	1661815	md5_base64	FN6P4jzeCb8PANH6zrXwSg==	2026-05-02T19:04:21.862Z	2026-06-02T20:36:30.178Z	gs://fc-fd42e80c-b41e-4e60-a9cf-b7c0ade168c4/submissions/a1e9b9ce-0d67-4d42-b107-b9821f44dd60/MethylationProfiling/aaca93fb-01a9-4835-8632-f55c0bce277e/call-CpgPileup/HG00133.hap1.bed.gz.tbi?generation=1777748661856890	2	nmujCw==	FN6P4jzeCb8PANH6zrXwSg==	CPrU9eulm5QDEAI=
HG00133	hap2_bed	cpg_hap2_bed	gs://fc-fd42e80c-b41e-4e60-a9cf-b7c0ade168c4/submissions/a1e9b9ce-0d67-4d42-b107-b9821f44dd60/MethylationProfiling/aaca93fb-01a9-4835-8632-f55c0bce277e/call-CpgPileup/HG00133.hap2.bed.gz	1777748678619314	293130725	md5_base64	sfN3dlGZO8TSdbpkzMjtpA==	2026-05-02T19:04:38.623Z	2026-06-02T19:46:22.022Z	gs://fc-fd42e80c-b41e-4e60-a9cf-b7c0ade168c4/submissions/a1e9b9ce-0d67-4d42-b107-b9821f44dd60/MethylationProfiling/aaca93fb-01a9-4835-8632-f55c0bce277e/call-CpgPileup/HG00133.hap2.bed.gz?generation=1777748678619314	2	IQGe2Q==	sfN3dlGZO8TSdbpkzMjtpA==	CLLh9POlm5QDEAI=
HG00133	hap2_bed_index	cpg_hap2_bed_idx	gs://fc-fd42e80c-b41e-4e60-a9cf-b7c0ade168c4/submissions/a1e9b9ce-0d67-4d42-b107-b9821f44dd60/MethylationProfiling/aaca93fb-01a9-4835-8632-f55c0bce277e/call-CpgPileup/HG00133.hap2.bed.gz.tbi	1777748680665625	1660327	md5_base64	s4f8ruVic8r53uJy3mLUtA==	2026-05-02T19:04:40.669Z	2026-06-02T20:14:48.683Z	gs://fc-fd42e80c-b41e-4e60-a9cf-b7c0ade168c4/submissions/a1e9b9ce-0d67-4d42-b107-b9821f44dd60/MethylationProfiling/aaca93fb-01a9-4835-8632-f55c0bce277e/call-CpgPileup/HG00133.hap2.bed.gz.tbi?generation=1777748680665625	2	HAVrPw==	s4f8ruVic8r53uJy3mLUtA==	CJnU8fSlm5QDEAI=
HG00140	combined_bed	cpg_combined_bed	gs://fc-fd42e80c-b41e-4e60-a9cf-b7c0ade168c4/submissions/a1e9b9ce-0d67-4d42-b107-b9821f44dd60/MethylationProfiling/6d4c37e4-f784-4a1a-8ef8-966dfc9e7886/call-CpgPileup/HG00140.combined.bed.gz	1777749790346234	357499606	md5_base64	6pxCoRpPAjfsUl/1gtEhXA==	2026-05-02T19:23:10.350Z	2026-06-03T15:42:19.598Z	gs://fc-fd42e80c-b41e-4e60-a9cf-b7c0ade168c4/submissions/a1e9b9ce-0d67-4d42-b107-b9821f44dd60/MethylationProfiling/6d4c37e4-f784-4a1a-8ef8-966dfc9e7886/call-CpgPileup/HG00140.combined.bed.gz?generation=1777749790346234	3	pNNf8w==	6pxCoRpPAjfsUl/1gtEhXA==	CPqXg4aqm5QDEAM=
HG00140	combined_bed_index	independently_verified_combined_bed_index	gs://fc-fd42e80c-b41e-4e60-a9cf-b7c0ade168c4/submissions/a1e9b9ce-0d67-4d42-b107-b9821f44dd60/MethylationProfiling/6d4c37e4-f784-4a1a-8ef8-966dfc9e7886/call-CpgPileup/HG00140.combined.bed.gz.tbi	1777749767690968	1695130	md5_base64	PTU7nI7tVoZ19O6i7FVijw==	2026-05-02T19:22:47.694Z	2026-06-03T15:32:03.988Z	gs://fc-fd42e80c-b41e-4e60-a9cf-b7c0ade168c4/submissions/a1e9b9ce-0d67-4d42-b107-b9821f44dd60/MethylationProfiling/6d4c37e4-f784-4a1a-8ef8-966dfc9e7886/call-CpgPileup/HG00140.combined.bed.gz.tbi?generation=1777749767690968	3	MSMfnQ==	PTU7nI7tVoZ19O6i7FVijw==	CNi1nPupm5QDEAM=
HG00140	hap1_bed	cpg_hap1_bed	gs://fc-fd42e80c-b41e-4e60-a9cf-b7c0ade168c4/submissions/a1e9b9ce-0d67-4d42-b107-b9821f44dd60/MethylationProfiling/6d4c37e4-f784-4a1a-8ef8-966dfc9e7886/call-CpgPileup/HG00140.hap1.bed.gz	1777749783979551	300476631	md5_base64	rNk1g5uUBPn4SoL9b8p6Dg==	2026-05-02T19:23:03.984Z	2026-06-03T16:04:00.799Z	gs://fc-fd42e80c-b41e-4e60-a9cf-b7c0ade168c4/submissions/a1e9b9ce-0d67-4d42-b107-b9821f44dd60/MethylationProfiling/6d4c37e4-f784-4a1a-8ef8-966dfc9e7886/call-CpgPileup/HG00140.hap1.bed.gz?generation=1777749783979551	3	Q00LcQ==	rNk1g5uUBPn4SoL9b8p6Dg==	CJ/M/oKqm5QDEAM=
HG00140	hap1_bed_index	cpg_hap1_bed_idx	gs://fc-fd42e80c-b41e-4e60-a9cf-b7c0ade168c4/submissions/a1e9b9ce-0d67-4d42-b107-b9821f44dd60/MethylationProfiling/6d4c37e4-f784-4a1a-8ef8-966dfc9e7886/call-CpgPileup/HG00140.hap1.bed.gz.tbi	1777749792357153	1567068	md5_base64	lPF54GgFcsaWDdEyiaiFRw==	2026-05-02T19:23:12.360Z	2026-06-02T19:52:11.483Z	gs://fc-fd42e80c-b41e-4e60-a9cf-b7c0ade168c4/submissions/a1e9b9ce-0d67-4d42-b107-b9821f44dd60/MethylationProfiling/6d4c37e4-f784-4a1a-8ef8-966dfc9e7886/call-CpgPileup/HG00140.hap1.bed.gz.tbi?generation=1777749792357153	2	d1DylA==	lPF54GgFcsaWDdEyiaiFRw==	CKH2/Yaqm5QDEAI=
HG00140	hap2_bed	cpg_hap2_bed	gs://fc-fd42e80c-b41e-4e60-a9cf-b7c0ade168c4/submissions/a1e9b9ce-0d67-4d42-b107-b9821f44dd60/MethylationProfiling/6d4c37e4-f784-4a1a-8ef8-966dfc9e7886/call-CpgPileup/HG00140.hap2.bed.gz	1777749775112495	300203981	md5_base64	cJVkqlLcPM6OwoQWw37nqA==	2026-05-02T19:22:55.117Z	2026-06-03T15:54:25.626Z	gs://fc-fd42e80c-b41e-4e60-a9cf-b7c0ade168c4/submissions/a1e9b9ce-0d67-4d42-b107-b9821f44dd60/MethylationProfiling/6d4c37e4-f784-4a1a-8ef8-966dfc9e7886/call-CpgPileup/HG00140.hap2.bed.gz?generation=1777749775112495	3	A5Gceg==	cJVkqlLcPM6OwoQWw37nqA==	CK+y4f6pm5QDEAM=
HG00140	hap2_bed_index	cpg_hap2_bed_idx	gs://fc-fd42e80c-b41e-4e60-a9cf-b7c0ade168c4/submissions/a1e9b9ce-0d67-4d42-b107-b9821f44dd60/MethylationProfiling/6d4c37e4-f784-4a1a-8ef8-966dfc9e7886/call-CpgPileup/HG00140.hap2.bed.gz.tbi	1777749777169635	1567263	md5_base64	xt+6P0GjU5w5kFJpeN9bQg==	2026-05-02T19:22:57.174Z	2026-06-03T14:48:09.855Z	gs://fc-fd42e80c-b41e-4e60-a9cf-b7c0ade168c4/submissions/a1e9b9ce-0d67-4d42-b107-b9821f44dd60/MethylationProfiling/6d4c37e4-f784-4a1a-8ef8-966dfc9e7886/call-CpgPileup/HG00140.hap2.bed.gz.tbi?generation=1777749777169635	3	Ezsufg==	xt+6P0GjU5w5kFJpeN9bQg==	COP53v+pm5QDEAM=
HG00146	combined_bed	cpg_combined_bed	gs://fc-fd42e80c-b41e-4e60-a9cf-b7c0ade168c4/submissions/a1e9b9ce-0d67-4d42-b107-b9821f44dd60/MethylationProfiling/a8cc4267-64d2-4ec4-b6fe-6d8b1067fcdd/call-CpgPileup/HG00146.combined.bed.gz	1777749039678095	341050050	md5_base64	C/UouNBy8F8L1Zh9lGRGRw==	2026-05-02T19:10:39.682Z	2026-06-03T16:04:16.227Z	gs://fc-fd42e80c-b41e-4e60-a9cf-b7c0ade168c4/submissions/a1e9b9ce-0d67-4d42-b107-b9821f44dd60/MethylationProfiling/a8cc4267-64d2-4ec4-b6fe-6d8b1067fcdd/call-CpgPileup/HG00146.combined.bed.gz?generation=1777749039678095	3	LNEJeg==	C/UouNBy8F8L1Zh9lGRGRw==	CI+FiqCnm5QDEAM=
HG00146	combined_bed_index	independently_verified_combined_bed_index	gs://fc-fd42e80c-b41e-4e60-a9cf-b7c0ade168c4/submissions/a1e9b9ce-0d67-4d42-b107-b9821f44dd60/MethylationProfiling/a8cc4267-64d2-4ec4-b6fe-6d8b1067fcdd/call-CpgPileup/HG00146.combined.bed.gz.tbi	1777749043761647	1684013	md5_base64	CNbMh1F6zlRFvIwVTt96lQ==	2026-05-02T19:10:43.765Z	2026-06-03T14:40:56.636Z	gs://fc-fd42e80c-b41e-4e60-a9cf-b7c0ade168c4/submissions/a1e9b9ce-0d67-4d42-b107-b9821f44dd60/MethylationProfiling/a8cc4267-64d2-4ec4-b6fe-6d8b1067fcdd/call-CpgPileup/HG00146.combined.bed.gz.tbi?generation=1777749043761647	3	9kGiKQ==	CNbMh1F6zlRFvIwVTt96lQ==	CO+jg6Knm5QDEAM=
HG00146	hap1_bed	cpg_hap1_bed	gs://fc-fd42e80c-b41e-4e60-a9cf-b7c0ade168c4/submissions/a1e9b9ce-0d67-4d42-b107-b9821f44dd60/MethylationProfiling/a8cc4267-64d2-4ec4-b6fe-6d8b1067fcdd/call-CpgPileup/HG00146.hap1.bed.gz	1777749028562308	303069879	md5_base64	T4pfNcxOUNj0BpLo6G38QQ==	2026-05-02T19:10:28.566Z	2026-06-02T20:26:15.384Z	gs://fc-fd42e80c-b41e-4e60-a9cf-b7c0ade168c4/submissions/a1e9b9ce-0d67-4d42-b107-b9821f44dd60/MethylationProfiling/a8cc4267-64d2-4ec4-b6fe-6d8b1067fcdd/call-CpgPileup/HG00146.hap1.bed.gz?generation=1777749028562308	2	zG3VHw==	T4pfNcxOUNj0BpLo6G38QQ==	CITL45qnm5QDEAI=
HG00146	hap1_bed_index	cpg_hap1_bed_idx	gs://fc-fd42e80c-b41e-4e60-a9cf-b7c0ade168c4/submissions/a1e9b9ce-0d67-4d42-b107-b9821f44dd60/MethylationProfiling/a8cc4267-64d2-4ec4-b6fe-6d8b1067fcdd/call-CpgPileup/HG00146.hap1.bed.gz.tbi	1777749041823086	1653083	md5_base64	6jBtiX0y8j4hAL8xmKy7Ow==	2026-05-02T19:10:41.826Z	2026-06-02T20:06:29.100Z	gs://fc-fd42e80c-b41e-4e60-a9cf-b7c0ade168c4/submissions/a1e9b9ce-0d67-4d42-b107-b9821f44dd60/MethylationProfiling/a8cc4267-64d2-4ec4-b6fe-6d8b1067fcdd/call-CpgPileup/HG00146.hap1.bed.gz.tbi?generation=1777749041823086	2	6tobsg==	6jBtiX0y8j4hAL8xmKy7Ow==	CO76jKGnm5QDEAI=
HG00146	hap2_bed	cpg_hap2_bed	gs://fc-fd42e80c-b41e-4e60-a9cf-b7c0ade168c4/submissions/a1e9b9ce-0d67-4d42-b107-b9821f44dd60/MethylationProfiling/a8cc4267-64d2-4ec4-b6fe-6d8b1067fcdd/call-CpgPileup/HG00146.hap2.bed.gz	1777749062237847	302670573	md5_base64	GYM3Lb5pSdHxize4gXUsJQ==	2026-05-02T19:11:02.241Z	2026-06-02T20:06:15.954Z	gs://fc-fd42e80c-b41e-4e60-a9cf-b7c0ade168c4/submissions/a1e9b9ce-0d67-4d42-b107-b9821f44dd60/MethylationProfiling/a8cc4267-64d2-4ec4-b6fe-6d8b1067fcdd/call-CpgPileup/HG00146.hap2.bed.gz?generation=1777749062237847	2	ukATtQ==	GYM3Lb5pSdHxize4gXUsJQ==	CJf96qqnm5QDEAI=
HG00146	hap2_bed_index	cpg_hap2_bed_idx	gs://fc-fd42e80c-b41e-4e60-a9cf-b7c0ade168c4/submissions/a1e9b9ce-0d67-4d42-b107-b9821f44dd60/MethylationProfiling/a8cc4267-64d2-4ec4-b6fe-6d8b1067fcdd/call-CpgPileup/HG00146.hap2.bed.gz.tbi	1777749045716146	1653280	md5_base64	irvcsCW7PsmVy2a4FFxKTw==	2026-05-02T19:10:45.719Z	2026-06-02T19:53:29.033Z	gs://fc-fd42e80c-b41e-4e60-a9cf-b7c0ade168c4/submissions/a1e9b9ce-0d67-4d42-b107-b9821f44dd60/MethylationProfiling/a8cc4267-64d2-4ec4-b6fe-6d8b1067fcdd/call-CpgPileup/HG00146.hap2.bed.gz.tbi?generation=1777749045716146	2	GO0CbA==	irvcsCW7PsmVy2a4FFxKTw==	CLLJ+qKnm5QDEAI=
HG002	combined_bed	cpg_combined_bed	gs://fc-fd42e80c-b41e-4e60-a9cf-b7c0ade168c4/submissions/a1e9b9ce-0d67-4d42-b107-b9821f44dd60/MethylationProfiling/1f398d01-343b-4fca-9c5e-88b42e6f6081/call-CpgPileup/HG002.combined.bed.gz	1777749219435919	317248643	md5_base64	C2Vr0VKnJZ8Ih75UqNDZeg==	2026-05-02T19:13:39.439Z	2026-06-03T15:40:06.957Z	gs://fc-fd42e80c-b41e-4e60-a9cf-b7c0ade168c4/submissions/a1e9b9ce-0d67-4d42-b107-b9821f44dd60/MethylationProfiling/1f398d01-343b-4fca-9c5e-88b42e6f6081/call-CpgPileup/HG002.combined.bed.gz?generation=1777749219435919	3	9MCBqA==	C2Vr0VKnJZ8Ih75UqNDZeg==	CI/L5fWnm5QDEAM=
HG002	combined_bed_index	independently_verified_combined_bed_index	gs://fc-fd42e80c-b41e-4e60-a9cf-b7c0ade168c4/submissions/a1e9b9ce-0d67-4d42-b107-b9821f44dd60/MethylationProfiling/1f398d01-343b-4fca-9c5e-88b42e6f6081/call-CpgPileup/HG002.combined.bed.gz.tbi	1777749226730766	1690840	md5_base64	ZwDpf8loQVs5cyBVZJ8HaQ==	2026-05-02T19:13:46.733Z	2026-06-02T20:05:21.042Z	gs://fc-fd42e80c-b41e-4e60-a9cf-b7c0ade168c4/submissions/a1e9b9ce-0d67-4d42-b107-b9821f44dd60/MethylationProfiling/1f398d01-343b-4fca-9c5e-88b42e6f6081/call-CpgPileup/HG002.combined.bed.gz.tbi?generation=1777749226730766	2	dp1ckw==	ZwDpf8loQVs5cyBVZJ8HaQ==	CI7qovmnm5QDEAI=
HG002	hap1_bed	cpg_hap1_bed	gs://fc-fd42e80c-b41e-4e60-a9cf-b7c0ade168c4/submissions/a1e9b9ce-0d67-4d42-b107-b9821f44dd60/MethylationProfiling/1f398d01-343b-4fca-9c5e-88b42e6f6081/call-CpgPileup/HG002.hap1.bed.gz	1777749214378489	261264568	md5_base64	lU50WC2qnInA8RywIc5HXA==	2026-05-02T19:13:34.381Z	2026-06-03T15:06:58.507Z	gs://fc-fd42e80c-b41e-4e60-a9cf-b7c0ade168c4/submissions/a1e9b9ce-0d67-4d42-b107-b9821f44dd60/MethylationProfiling/1f398d01-343b-4fca-9c5e-88b42e6f6081/call-CpgPileup/HG002.hap1.bed.gz?generation=1777749214378489	3	FNtIdA==	lU50WC2qnInA8RywIc5HXA==	CPnzsPOnm5QDEAM=
HG002	hap1_bed_index	cpg_hap1_bed_idx	gs://fc-fd42e80c-b41e-4e60-a9cf-b7c0ade168c4/submissions/a1e9b9ce-0d67-4d42-b107-b9821f44dd60/MethylationProfiling/1f398d01-343b-4fca-9c5e-88b42e6f6081/call-CpgPileup/HG002.hap1.bed.gz.tbi	1777749228705118	1546606	md5_base64	yY/cQwQiF+QJCElHpQBjPA==	2026-05-02T19:13:48.708Z	2026-06-02T19:42:56.976Z	gs://fc-fd42e80c-b41e-4e60-a9cf-b7c0ade168c4/submissions/a1e9b9ce-0d67-4d42-b107-b9821f44dd60/MethylationProfiling/1f398d01-343b-4fca-9c5e-88b42e6f6081/call-CpgPileup/HG002.hap1.bed.gz.tbi?generation=1777749228705118	2	w2k9kA==	yY/cQwQiF+QJCElHpQBjPA==	CN6qm/qnm5QDEAI=
HG002	hap2_bed	cpg_hap2_bed	gs://fc-fd42e80c-b41e-4e60-a9cf-b7c0ade168c4/submissions/a1e9b9ce-0d67-4d42-b107-b9821f44dd60/MethylationProfiling/1f398d01-343b-4fca-9c5e-88b42e6f6081/call-CpgPileup/HG002.hap2.bed.gz	1777749224792995	261017267	md5_base64	NPKamB7/oTttIF5kbW/nJw==	2026-05-02T19:13:44.796Z	2026-06-03T15:48:12.757Z	gs://fc-fd42e80c-b41e-4e60-a9cf-b7c0ade168c4/submissions/a1e9b9ce-0d67-4d42-b107-b9821f44dd60/MethylationProfiling/1f398d01-343b-4fca-9c5e-88b42e6f6081/call-CpgPileup/HG002.hap2.bed.gz?generation=1777749224792995	3	pHR9Ww==	NPKamB7/oTttIF5kbW/nJw==	CKPHrPinm5QDEAM=
HG002	hap2_bed_index	cpg_hap2_bed_idx	gs://fc-fd42e80c-b41e-4e60-a9cf-b7c0ade168c4/submissions/a1e9b9ce-0d67-4d42-b107-b9821f44dd60/MethylationProfiling/1f398d01-343b-4fca-9c5e-88b42e6f6081/call-CpgPileup/HG002.hap2.bed.gz.tbi	1777749207755511	1545424	md5_base64	64wtIpDXm4MVPSz9vKt3AA==	2026-05-02T19:13:27.759Z	2026-06-03T14:59:01.486Z	gs://fc-fd42e80c-b41e-4e60-a9cf-b7c0ade168c4/submissions/a1e9b9ce-0d67-4d42-b107-b9821f44dd60/MethylationProfiling/1f398d01-343b-4fca-9c5e-88b42e6f6081/call-CpgPileup/HG002.hap2.bed.gz.tbi?generation=1777749207755511	3	0Ri6pw==	64wtIpDXm4MVPSz9vKt3AA==	CPfVnPCnm5QDEAM=
HG00232	combined_bed	cpg_combined_bed	gs://fc-fd42e80c-b41e-4e60-a9cf-b7c0ade168c4/submissions/a1e9b9ce-0d67-4d42-b107-b9821f44dd60/MethylationProfiling/1d4229f1-edeb-431b-9f29-670722ae31f5/call-CpgPileup/HG00232.combined.bed.gz	1777747830238531	339980304	md5_base64	+8wPLvmtjfQ7T4coogmKBg==	2026-05-02T18:50:30.242Z	2026-06-03T14:55:02.227Z	gs://fc-fd42e80c-b41e-4e60-a9cf-b7c0ade168c4/submissions/a1e9b9ce-0d67-4d42-b107-b9821f44dd60/MethylationProfiling/1d4229f1-edeb-431b-9f29-670722ae31f5/call-CpgPileup/HG00232.combined.bed.gz?generation=1777747830238531	3	+oVdTA==	+8wPLvmtjfQ7T4coogmKBg==	CMPar9+im5QDEAM=
HG00232	combined_bed_index	independently_verified_combined_bed_index	gs://fc-fd42e80c-b41e-4e60-a9cf-b7c0ade168c4/submissions/a1e9b9ce-0d67-4d42-b107-b9821f44dd60/MethylationProfiling/1d4229f1-edeb-431b-9f29-670722ae31f5/call-CpgPileup/HG00232.combined.bed.gz.tbi	1777747839423380	1684840	md5_base64	6n5wvwZs/8vSJgKrFxJTZA==	2026-05-02T18:50:39.427Z	2026-06-03T16:01:33.203Z	gs://fc-fd42e80c-b41e-4e60-a9cf-b7c0ade168c4/submissions/a1e9b9ce-0d67-4d42-b107-b9821f44dd60/MethylationProfiling/1d4229f1-edeb-431b-9f29-670722ae31f5/call-CpgPileup/HG00232.combined.bed.gz.tbi?generation=1777747839423380	3	E2hwhQ==	6n5wvwZs/8vSJgKrFxJTZA==	CJSn4OOim5QDEAM=
HG00232	hap1_bed	cpg_hap1_bed	gs://fc-fd42e80c-b41e-4e60-a9cf-b7c0ade168c4/submissions/a1e9b9ce-0d67-4d42-b107-b9821f44dd60/MethylationProfiling/1d4229f1-edeb-431b-9f29-670722ae31f5/call-CpgPileup/HG00232.hap1.bed.gz	1777747825677656	298446057	md5_base64	nNSf0HaLaUIEO4uV+kJI5g==	2026-05-02T18:50:25.681Z	2026-06-03T15:50:07.816Z	gs://fc-fd42e80c-b41e-4e60-a9cf-b7c0ade168c4/submissions/a1e9b9ce-0d67-4d42-b107-b9821f44dd60/MethylationProfiling/1d4229f1-edeb-431b-9f29-670722ae31f5/call-CpgPileup/HG00232.hap1.bed.gz?generation=1777747825677656	3	xNgdYg==	nNSf0HaLaUIEO4uV+kJI5g==	CNiqmd2im5QDEAM=
HG00232	hap1_bed_index	cpg_hap1_bed_idx	gs://fc-fd42e80c-b41e-4e60-a9cf-b7c0ade168c4/submissions/a1e9b9ce-0d67-4d42-b107-b9821f44dd60/MethylationProfiling/1d4229f1-edeb-431b-9f29-670722ae31f5/call-CpgPileup/HG00232.hap1.bed.gz.tbi	1777747841372927	1642678	md5_base64	eMNYh7d5i8I/Oy3hTJSVLw==	2026-05-02T18:50:41.376Z	2026-06-03T15:22:59.345Z	gs://fc-fd42e80c-b41e-4e60-a9cf-b7c0ade168c4/submissions/a1e9b9ce-0d67-4d42-b107-b9821f44dd60/MethylationProfiling/1d4229f1-edeb-431b-9f29-670722ae31f5/call-CpgPileup/HG00232.hap1.bed.gz.tbi?generation=1777747841372927	3	PMZ9Pw==	eMNYh7d5i8I/Oy3hTJSVLw==	CP+l1+Sim5QDEAM=
HG00232	hap2_bed	cpg_hap2_bed	gs://fc-fd42e80c-b41e-4e60-a9cf-b7c0ade168c4/submissions/a1e9b9ce-0d67-4d42-b107-b9821f44dd60/MethylationProfiling/1d4229f1-edeb-431b-9f29-670722ae31f5/call-CpgPileup/HG00232.hap2.bed.gz	1777747837561203	298234146	md5_base64	a9vR4K1Vlpfaw5toMH/spg==	2026-05-02T18:50:37.565Z	2026-06-03T14:41:06.882Z	gs://fc-fd42e80c-b41e-4e60-a9cf-b7c0ade168c4/submissions/a1e9b9ce-0d67-4d42-b107-b9821f44dd60/MethylationProfiling/1d4229f1-edeb-431b-9f29-670722ae31f5/call-CpgPileup/HG00232.hap2.bed.gz?generation=1777747837561203	3	jOxLLQ==	a9vR4K1Vlpfaw5toMH/spg==	CPPS7uKim5QDEAM=
HG00232	hap2_bed_index	cpg_hap2_bed_idx	gs://fc-fd42e80c-b41e-4e60-a9cf-b7c0ade168c4/submissions/a1e9b9ce-0d67-4d42-b107-b9821f44dd60/MethylationProfiling/1d4229f1-edeb-431b-9f29-670722ae31f5/call-CpgPileup/HG00232.hap2.bed.gz.tbi	1777747832135962	1642766	md5_base64	JpLCU34ihsJvjZPFqtKdxQ==	2026-05-02T18:50:32.139Z	2026-06-02T20:08:35.199Z	gs://fc-fd42e80c-b41e-4e60-a9cf-b7c0ade168c4/submissions/a1e9b9ce-0d67-4d42-b107-b9821f44dd60/MethylationProfiling/1d4229f1-edeb-431b-9f29-670722ae31f5/call-CpgPileup/HG00232.hap2.bed.gz.tbi?generation=1777747832135962	2	xfL0JQ==	JpLCU34ihsJvjZPFqtKdxQ==	CJrCo+Cim5QDEAI=
HG00235	combined_bed	cpg_combined_bed	gs://fc-fd42e80c-b41e-4e60-a9cf-b7c0ade168c4/submissions/a1e9b9ce-0d67-4d42-b107-b9821f44dd60/MethylationProfiling/6822ad53-fc61-4410-9a9a-8e8306f06452/call-CpgPileup/HG00235.combined.bed.gz	1777748903728192	331333742	md5_base64	CiHQ98e/clLAS6No0TZQig==	2026-05-02T19:08:23.733Z	2026-06-02T19:47:57.645Z	gs://fc-fd42e80c-b41e-4e60-a9cf-b7c0ade168c4/submissions/a1e9b9ce-0d67-4d42-b107-b9821f44dd60/MethylationProfiling/6822ad53-fc61-4410-9a9a-8e8306f06452/call-CpgPileup/HG00235.combined.bed.gz?generation=1777748903728192	2	fihbOA==	CiHQ98e/clLAS6No0TZQig==	CMCooN+mm5QDEAI=
HG00235	combined_bed_index	independently_verified_combined_bed_index	gs://fc-fd42e80c-b41e-4e60-a9cf-b7c0ade168c4/submissions/a1e9b9ce-0d67-4d42-b107-b9821f44dd60/MethylationProfiling/6822ad53-fc61-4410-9a9a-8e8306f06452/call-CpgPileup/HG00235.combined.bed.gz.tbi	1777748869411246	1684516	md5_base64	93UVnyPswQW3v7FLQIrvQg==	2026-05-02T19:07:49.415Z	2026-06-03T15:51:58.949Z	gs://fc-fd42e80c-b41e-4e60-a9cf-b7c0ade168c4/submissions/a1e9b9ce-0d67-4d42-b107-b9821f44dd60/MethylationProfiling/6822ad53-fc61-4410-9a9a-8e8306f06452/call-CpgPileup/HG00235.combined.bed.gz.tbi?generation=1777748869411246	3	2EBIsg==	93UVnyPswQW3v7FLQIrvQg==	CK7j8c6mm5QDEAM=
HG00235	hap1_bed	cpg_hap1_bed	gs://fc-fd42e80c-b41e-4e60-a9cf-b7c0ade168c4/submissions/a1e9b9ce-0d67-4d42-b107-b9821f44dd60/MethylationProfiling/6822ad53-fc61-4410-9a9a-8e8306f06452/call-CpgPileup/HG00235.hap1.bed.gz	1777748886878275	295128963	md5_base64	UVSnSoj2dzVyxcAR24btEA==	2026-05-02T19:08:06.882Z	2026-06-03T15:13:05.399Z	gs://fc-fd42e80c-b41e-4e60-a9cf-b7c0ade168c4/submissions/a1e9b9ce-0d67-4d42-b107-b9821f44dd60/MethylationProfiling/6822ad53-fc61-4410-9a9a-8e8306f06452/call-CpgPileup/HG00235.hap1.bed.gz?generation=1777748886878275	3	bDU7Dw==	UVSnSoj2dzVyxcAR24btEA==	CMPwm9emm5QDEAM=
HG00235	hap1_bed_index	cpg_hap1_bed_idx	gs://fc-fd42e80c-b41e-4e60-a9cf-b7c0ade168c4/submissions/a1e9b9ce-0d67-4d42-b107-b9821f44dd60/MethylationProfiling/6822ad53-fc61-4410-9a9a-8e8306f06452/call-CpgPileup/HG00235.hap1.bed.gz.tbi	1777748888807905	1657132	md5_base64	4LC/Ab0CS1KG77Iq4cOkfQ==	2026-05-02T19:08:08.811Z	2026-06-02T20:19:30.535Z	gs://fc-fd42e80c-b41e-4e60-a9cf-b7c0ade168c4/submissions/a1e9b9ce-0d67-4d42-b107-b9821f44dd60/MethylationProfiling/6822ad53-fc61-4410-9a9a-8e8306f06452/call-CpgPileup/HG00235.hap1.bed.gz.tbi?generation=1777748888807905	2	OvqJlw==	4LC/Ab0CS1KG77Iq4cOkfQ==	COHTkdimm5QDEAI=
HG00235	hap2_bed	cpg_hap2_bed	gs://fc-fd42e80c-b41e-4e60-a9cf-b7c0ade168c4/submissions/a1e9b9ce-0d67-4d42-b107-b9821f44dd60/MethylationProfiling/6822ad53-fc61-4410-9a9a-8e8306f06452/call-CpgPileup/HG00235.hap2.bed.gz	1777748913349920	295013582	md5_base64	QTZ0c14aI9zbmTsXQPMgCA==	2026-05-02T19:08:33.354Z	2026-06-03T14:31:02.196Z	gs://fc-fd42e80c-b41e-4e60-a9cf-b7c0ade168c4/submissions/a1e9b9ce-0d67-4d42-b107-b9821f44dd60/MethylationProfiling/6822ad53-fc61-4410-9a9a-8e8306f06452/call-CpgPileup/HG00235.hap2.bed.gz?generation=1777748913349920	3	B9HMqg==	QTZ0c14aI9zbmTsXQPMgCA==	CKDK6+Omm5QDEAM=
HG00235	hap2_bed_index	cpg_hap2_bed_idx	gs://fc-fd42e80c-b41e-4e60-a9cf-b7c0ade168c4/submissions/a1e9b9ce-0d67-4d42-b107-b9821f44dd60/MethylationProfiling/6822ad53-fc61-4410-9a9a-8e8306f06452/call-CpgPileup/HG00235.hap2.bed.gz.tbi	1777748890762982	1656331	md5_base64	l1Dl0B99NT67ZC/plOzdxg==	2026-05-02T19:08:10.766Z	2026-06-03T15:52:15.819Z	gs://fc-fd42e80c-b41e-4e60-a9cf-b7c0ade168c4/submissions/a1e9b9ce-0d67-4d42-b107-b9821f44dd60/MethylationProfiling/6822ad53-fc61-4410-9a9a-8e8306f06452/call-CpgPileup/HG00235.hap2.bed.gz.tbi?generation=1777748890762982	3	sY7C+w==	l1Dl0B99NT67ZC/plOzdxg==	COb9iNmmm5QDEAM=
HG00253	combined_bed	cpg_combined_bed	gs://fc-fd42e80c-b41e-4e60-a9cf-b7c0ade168c4/submissions/a1e9b9ce-0d67-4d42-b107-b9821f44dd60/MethylationProfiling/87c1f561-218c-486b-8490-4f1d11bc4259/call-CpgPileup/HG00253.combined.bed.gz	1777748352892856	333874878	md5_base64	McyoeUX0qOIjyJZ6vV40zQ==	2026-05-02T18:59:12.897Z	2026-06-03T15:07:59.915Z	gs://fc-fd42e80c-b41e-4e60-a9cf-b7c0ade168c4/submissions/a1e9b9ce-0d67-4d42-b107-b9821f44dd60/MethylationProfiling/87c1f561-218c-486b-8490-4f1d11bc4259/call-CpgPileup/HG00253.combined.bed.gz?generation=1777748352892856	3	4eA1WQ==	McyoeUX0qOIjyJZ6vV40zQ==	CLj/y9ikm5QDEAM=
HG00253	combined_bed_index	independently_verified_combined_bed_index	gs://fc-fd42e80c-b41e-4e60-a9cf-b7c0ade168c4/submissions/a1e9b9ce-0d67-4d42-b107-b9821f44dd60/MethylationProfiling/87c1f561-218c-486b-8490-4f1d11bc4259/call-CpgPileup/HG00253.combined.bed.gz.tbi	1777748325346567	1684440	md5_base64	d1YB8uXJh5s8T41oZHOyZA==	2026-05-02T18:58:45.350Z	2026-06-02T20:11:47.384Z	gs://fc-fd42e80c-b41e-4e60-a9cf-b7c0ade168c4/submissions/a1e9b9ce-0d67-4d42-b107-b9821f44dd60/MethylationProfiling/87c1f561-218c-486b-8490-4f1d11bc4259/call-CpgPileup/HG00253.combined.bed.gz.tbi?generation=1777748325346567	2	ak2nmA==	d1YB8uXJh5s8T41oZHOyZA==	CIfausukm5QDEAI=
HG00253	hap1_bed	cpg_hap1_bed	gs://fc-fd42e80c-b41e-4e60-a9cf-b7c0ade168c4/submissions/a1e9b9ce-0d67-4d42-b107-b9821f44dd60/MethylationProfiling/87c1f561-218c-486b-8490-4f1d11bc4259/call-CpgPileup/HG00253.hap1.bed.gz	1777748333440916	297147944	md5_base64	PvEO5sS3EwFM1grajZ1vrw==	2026-05-02T18:58:53.445Z	2026-06-03T15:46:00.893Z	gs://fc-fd42e80c-b41e-4e60-a9cf-b7c0ade168c4/submissions/a1e9b9ce-0d67-4d42-b107-b9821f44dd60/MethylationProfiling/87c1f561-218c-486b-8490-4f1d11bc4259/call-CpgPileup/HG00253.hap1.bed.gz?generation=1777748333440916	3	+q8HbA==	PvEO5sS3EwFM1grajZ1vrw==	CJTfqM+km5QDEAM=
HG00253	hap1_bed_index	cpg_hap1_bed_idx	gs://fc-fd42e80c-b41e-4e60-a9cf-b7c0ade168c4/submissions/a1e9b9ce-0d67-4d42-b107-b9821f44dd60/MethylationProfiling/87c1f561-218c-486b-8490-4f1d11bc4259/call-CpgPileup/HG00253.hap1.bed.gz.tbi	1777748335493607	1656774	md5_base64	YWcvFYwWX7Bm12CM7F9sZw==	2026-05-02T18:58:55.496Z	2026-06-02T19:55:02.693Z	gs://fc-fd42e80c-b41e-4e60-a9cf-b7c0ade168c4/submissions/a1e9b9ce-0d67-4d42-b107-b9821f44dd60/MethylationProfiling/87c1f561-218c-486b-8490-4f1d11bc4259/call-CpgPileup/HG00253.hap1.bed.gz.tbi?generation=1777748335493607	2	lLn0UA==	YWcvFYwWX7Bm12CM7F9sZw==	COeDptCkm5QDEAI=
HG00253	hap2_bed	cpg_hap2_bed	gs://fc-fd42e80c-b41e-4e60-a9cf-b7c0ade168c4/submissions/a1e9b9ce-0d67-4d42-b107-b9821f44dd60/MethylationProfiling/87c1f561-218c-486b-8490-4f1d11bc4259/call-CpgPileup/HG00253.hap2.bed.gz	1777748345594465	297417984	md5_base64	kAJxI+Li9pIkieJ7NVR/yA==	2026-05-02T18:59:05.599Z	2026-06-03T15:21:07.795Z	gs://fc-fd42e80c-b41e-4e60-a9cf-b7c0ade168c4/submissions/a1e9b9ce-0d67-4d42-b107-b9821f44dd60/MethylationProfiling/87c1f561-218c-486b-8490-4f1d11bc4259/call-CpgPileup/HG00253.hap2.bed.gz?generation=1777748345594465	3	+JnaxQ==	kAJxI+Li9pIkieJ7NVR/yA==	COHEjtWkm5QDEAM=
HG00253	hap2_bed_index	cpg_hap2_bed_idx	gs://fc-fd42e80c-b41e-4e60-a9cf-b7c0ade168c4/submissions/a1e9b9ce-0d67-4d42-b107-b9821f44dd60/MethylationProfiling/87c1f561-218c-486b-8490-4f1d11bc4259/call-CpgPileup/HG00253.hap2.bed.gz.tbi	1777748337435426	1656700	md5_base64	YHfRVhM+CbTOVMjgB3GQfQ==	2026-05-02T18:58:57.439Z	2026-06-02T20:25:23.432Z	gs://fc-fd42e80c-b41e-4e60-a9cf-b7c0ade168c4/submissions/a1e9b9ce-0d67-4d42-b107-b9821f44dd60/MethylationProfiling/87c1f561-218c-486b-8490-4f1d11bc4259/call-CpgPileup/HG00253.hap2.bed.gz.tbi?generation=1777748337435426	2	q5WBBg==	YHfRVhM+CbTOVMjgB3GQfQ==	CKLGnNGkm5QDEAI=
HG00280	combined_bed	cpg_combined_bed	gs://fc-fd42e80c-b41e-4e60-a9cf-b7c0ade168c4/submissions/a1e9b9ce-0d67-4d42-b107-b9821f44dd60/MethylationProfiling/d1638daf-ec65-49cb-ba47-d1dfd3b494de/call-CpgPileup/HG00280.combined.bed.gz	1777749854064917	332929629	md5_base64	xeXHW8xCoJLI0QF97ASvSg==	2026-05-02T19:24:14.074Z	2026-06-03T15:48:27.286Z	gs://fc-fd42e80c-b41e-4e60-a9cf-b7c0ade168c4/submissions/a1e9b9ce-0d67-4d42-b107-b9821f44dd60/MethylationProfiling/d1638daf-ec65-49cb-ba47-d1dfd3b494de/call-CpgPileup/HG00280.combined.bed.gz?generation=1777749854064917	3	O65WIg==	xeXHW8xCoJLI0QF97ASvSg==	CJWitKSqm5QDEAM=
HG00280	combined_bed_index	independently_verified_combined_bed_index	gs://fc-fd42e80c-b41e-4e60-a9cf-b7c0ade168c4/submissions/a1e9b9ce-0d67-4d42-b107-b9821f44dd60/MethylationProfiling/d1638daf-ec65-49cb-ba47-d1dfd3b494de/call-CpgPileup/HG00280.combined.bed.gz.tbi	1777749828575818	1693586	md5_base64	TecRO2kTLJ47hugIQuMKHQ==	2026-05-02T19:23:48.580Z	2026-06-02T19:47:57.645Z	gs://fc-fd42e80c-b41e-4e60-a9cf-b7c0ade168c4/submissions/a1e9b9ce-0d67-4d42-b107-b9821f44dd60/MethylationProfiling/d1638daf-ec65-49cb-ba47-d1dfd3b494de/call-CpgPileup/HG00280.combined.bed.gz.tbi?generation=1777749828575818	2	rH5SpQ==	TecRO2kTLJ47hugIQuMKHQ==	CMrEoJiqm5QDEAI=
HG00280	hap1_bed	cpg_hap1_bed	gs://fc-fd42e80c-b41e-4e60-a9cf-b7c0ade168c4/submissions/a1e9b9ce-0d67-4d42-b107-b9821f44dd60/MethylationProfiling/d1638daf-ec65-49cb-ba47-d1dfd3b494de/call-CpgPileup/HG00280.hap1.bed.gz	1777749848342543	281326865	md5_base64	fA4eBN3sbHhSysVQetcTOw==	2026-05-02T19:24:08.349Z	2026-06-03T15:34:38.975Z	gs://fc-fd42e80c-b41e-4e60-a9cf-b7c0ade168c4/submissions/a1e9b9ce-0d67-4d42-b107-b9821f44dd60/MethylationProfiling/d1638daf-ec65-49cb-ba47-d1dfd3b494de/call-CpgPileup/HG00280.hap1.bed.gz?generation=1777749848342543	3	IFcfSw==	fA4eBN3sbHhSysVQetcTOw==	CI+A16Gqm5QDEAM=
HG00280	hap1_bed_index	cpg_hap1_bed_idx	gs://fc-fd42e80c-b41e-4e60-a9cf-b7c0ade168c4/submissions/a1e9b9ce-0d67-4d42-b107-b9821f44dd60/MethylationProfiling/d1638daf-ec65-49cb-ba47-d1dfd3b494de/call-CpgPileup/HG00280.hap1.bed.gz.tbi	1777749824837550	1557415	md5_base64	gUW8EkwvS6gH/FlFRzAsJg==	2026-05-02T19:23:44.841Z	2026-06-03T16:01:14.574Z	gs://fc-fd42e80c-b41e-4e60-a9cf-b7c0ade168c4/submissions/a1e9b9ce-0d67-4d42-b107-b9821f44dd60/MethylationProfiling/d1638daf-ec65-49cb-ba47-d1dfd3b494de/call-CpgPileup/HG00280.hap1.bed.gz.tbi?generation=1777749824837550	3	x7l8ew==	gUW8EkwvS6gH/FlFRzAsJg==	CK6vvJaqm5QDEAM=
HG00280	hap2_bed	cpg_hap2_bed	gs://fc-fd42e80c-b41e-4e60-a9cf-b7c0ade168c4/submissions/a1e9b9ce-0d67-4d42-b107-b9821f44dd60/MethylationProfiling/d1638daf-ec65-49cb-ba47-d1dfd3b494de/call-CpgPileup/HG00280.hap2.bed.gz	1777749840107611	281443779	md5_base64	OMSC2RfgFNaCBWaPP/ciCg==	2026-05-02T19:24:00.111Z	2026-06-02T19:58:36.208Z	gs://fc-fd42e80c-b41e-4e60-a9cf-b7c0ade168c4/submissions/a1e9b9ce-0d67-4d42-b107-b9821f44dd60/MethylationProfiling/d1638daf-ec65-49cb-ba47-d1dfd3b494de/call-CpgPileup/HG00280.hap2.bed.gz?generation=1777749840107611	2	FhpTNw==	OMSC2RfgFNaCBWaPP/ciCg==	CNuw4J2qm5QDEAI=
HG00280	hap2_bed_index	cpg_hap2_bed_idx	gs://fc-fd42e80c-b41e-4e60-a9cf-b7c0ade168c4/submissions/a1e9b9ce-0d67-4d42-b107-b9821f44dd60/MethylationProfiling/d1638daf-ec65-49cb-ba47-d1dfd3b494de/call-CpgPileup/HG00280.hap2.bed.gz.tbi	1777749826726030	1557376	md5_base64	WraqTprF9gJQliOP8QLvGA==	2026-05-02T19:23:46.729Z	2026-06-02T20:08:13.682Z	gs://fc-fd42e80c-b41e-4e60-a9cf-b7c0ade168c4/submissions/a1e9b9ce-0d67-4d42-b107-b9821f44dd60/MethylationProfiling/d1638daf-ec65-49cb-ba47-d1dfd3b494de/call-CpgPileup/HG00280.hap2.bed.gz.tbi?generation=1777749826726030	2	Ml6bxQ==	WraqTprF9gJQliOP8QLvGA==	CI7Rr5eqm5QDEAI=
HG00290	combined_bed	cpg_combined_bed	gs://fc-fd42e80c-b41e-4e60-a9cf-b7c0ade168c4/submissions/a1e9b9ce-0d67-4d42-b107-b9821f44dd60/MethylationProfiling/50487350-253b-4e06-a096-2fdd1775df1a/call-CpgPileup/HG00290.combined.bed.gz	1777748488973482	332916853	md5_base64	5FgwnFtde4k6wcOQS7Yp4g==	2026-05-02T19:01:28.977Z	2026-06-02T20:21:39.371Z	gs://fc-fd42e80c-b41e-4e60-a9cf-b7c0ade168c4/submissions/a1e9b9ce-0d67-4d42-b107-b9821f44dd60/MethylationProfiling/50487350-253b-4e06-a096-2fdd1775df1a/call-CpgPileup/HG00290.combined.bed.gz?generation=1777748488973482	2	9lgZnQ==	5FgwnFtde4k6wcOQS7Yp4g==	CKrZvZmlm5QDEAI=
HG00290	combined_bed_index	independently_verified_combined_bed_index	gs://fc-fd42e80c-b41e-4e60-a9cf-b7c0ade168c4/submissions/a1e9b9ce-0d67-4d42-b107-b9821f44dd60/MethylationProfiling/50487350-253b-4e06-a096-2fdd1775df1a/call-CpgPileup/HG00290.combined.bed.gz.tbi	1777748482655175	1693644	md5_base64	4Zl+xeFa9A58El9HE6bVMQ==	2026-05-02T19:01:22.658Z	2026-06-03T16:01:03.139Z	gs://fc-fd42e80c-b41e-4e60-a9cf-b7c0ade168c4/submissions/a1e9b9ce-0d67-4d42-b107-b9821f44dd60/MethylationProfiling/50487350-253b-4e06-a096-2fdd1775df1a/call-CpgPileup/HG00290.combined.bed.gz.tbi?generation=1777748482655175	3	PIB7KA==	4Zl+xeFa9A58El9HE6bVMQ==	CMeHvJalm5QDEAM=
HG00290	hap1_bed	cpg_hap1_bed	gs://fc-fd42e80c-b41e-4e60-a9cf-b7c0ade168c4/submissions/a1e9b9ce-0d67-4d42-b107-b9821f44dd60/MethylationProfiling/50487350-253b-4e06-a096-2fdd1775df1a/call-CpgPileup/HG00290.hap1.bed.gz	1777748505394435	280008886	md5_base64	HkaGlyGBLN5DH3gAoEvmQg==	2026-05-02T19:01:45.398Z	2026-06-03T15:40:02.499Z	gs://fc-fd42e80c-b41e-4e60-a9cf-b7c0ade168c4/submissions/a1e9b9ce-0d67-4d42-b107-b9821f44dd60/MethylationProfiling/50487350-253b-4e06-a096-2fdd1775df1a/call-CpgPileup/HG00290.hap1.bed.gz?generation=1777748505394435	3	/U4mYQ==	HkaGlyGBLN5DH3gAoEvmQg==	CIP6p6Glm5QDEAM=
HG00290	hap1_bed_index	cpg_hap1_bed_idx	gs://fc-fd42e80c-b41e-4e60-a9cf-b7c0ade168c4/submissions/a1e9b9ce-0d67-4d42-b107-b9821f44dd60/MethylationProfiling/50487350-253b-4e06-a096-2fdd1775df1a/call-CpgPileup/HG00290.hap1.bed.gz.tbi	1777748492796670	1559189	md5_base64	FlrBpqQKhg/hzwuTmAssZw==	2026-05-02T19:01:32.800Z	2026-06-03T15:17:34.886Z	gs://fc-fd42e80c-b41e-4e60-a9cf-b7c0ade168c4/submissions/a1e9b9ce-0d67-4d42-b107-b9821f44dd60/MethylationProfiling/50487350-253b-4e06-a096-2fdd1775df1a/call-CpgPileup/HG00290.hap1.bed.gz.tbi?generation=1777748492796670	3	DeegGA==	FlrBpqQKhg/hzwuTmAssZw==	CP6Fp5ulm5QDEAM=
HG00290	hap2_bed	cpg_hap2_bed	gs://fc-fd42e80c-b41e-4e60-a9cf-b7c0ade168c4/submissions/a1e9b9ce-0d67-4d42-b107-b9821f44dd60/MethylationProfiling/50487350-253b-4e06-a096-2fdd1775df1a/call-CpgPileup/HG00290.hap2.bed.gz	1777748499643217	279673526	md5_base64	81lNDRdNvsGlG6Ia5iugqg==	2026-05-02T19:01:39.649Z	2026-06-03T15:44:16.263Z	gs://fc-fd42e80c-b41e-4e60-a9cf-b7c0ade168c4/submissions/a1e9b9ce-0d67-4d42-b107-b9821f44dd60/MethylationProfiling/50487350-253b-4e06-a096-2fdd1775df1a/call-CpgPileup/HG00290.hap2.bed.gz?generation=1777748499643217	3	0nOTPQ==	81lNDRdNvsGlG6Ia5iugqg==	CNH2yJ6lm5QDEAM=
HG00290	hap2_bed_index	cpg_hap2_bed_idx	gs://fc-fd42e80c-b41e-4e60-a9cf-b7c0ade168c4/submissions/a1e9b9ce-0d67-4d42-b107-b9821f44dd60/MethylationProfiling/50487350-253b-4e06-a096-2fdd1775df1a/call-CpgPileup/HG00290.hap2.bed.gz.tbi	1777748490836421	1557883	md5_base64	CUpP6b4/MLmmaU7n0X3Uxw==	2026-05-02T19:01:30.840Z	2026-06-03T14:37:58.756Z	gs://fc-fd42e80c-b41e-4e60-a9cf-b7c0ade168c4/submissions/a1e9b9ce-0d67-4d42-b107-b9821f44dd60/MethylationProfiling/50487350-253b-4e06-a096-2fdd1775df1a/call-CpgPileup/HG00290.hap2.bed.gz.tbi?generation=1777748490836421	3	TbYeSA==	CUpP6b4/MLmmaU7n0X3Uxw==	CMWzr5qlm5QDEAM=
HG00320	combined_bed	cpg_combined_bed	gs://fc-fd42e80c-b41e-4e60-a9cf-b7c0ade168c4/submissions/a1e9b9ce-0d67-4d42-b107-b9821f44dd60/MethylationProfiling/3fd8c726-99e1-4921-8a11-c0e9c97359fd/call-CpgPileup/HG00320.combined.bed.gz	1777748464919924	342708993	md5_base64	grFhBtTsLh5j4Sl1gaqwpw==	2026-05-02T19:01:04.923Z	2026-06-03T15:16:09.134Z	gs://fc-fd42e80c-b41e-4e60-a9cf-b7c0ade168c4/submissions/a1e9b9ce-0d67-4d42-b107-b9821f44dd60/MethylationProfiling/3fd8c726-99e1-4921-8a11-c0e9c97359fd/call-CpgPileup/HG00320.combined.bed.gz?generation=1777748464919924	3	2hn0oQ==	grFhBtTsLh5j4Sl1gaqwpw==	CPTKgY6lm5QDEAM=
HG00320	combined_bed_index	independently_verified_combined_bed_index	gs://fc-fd42e80c-b41e-4e60-a9cf-b7c0ade168c4/submissions/a1e9b9ce-0d67-4d42-b107-b9821f44dd60/MethylationProfiling/3fd8c726-99e1-4921-8a11-c0e9c97359fd/call-CpgPileup/HG00320.combined.bed.gz.tbi	1777748430861045	1684723	md5_base64	VSAm07jc4SiYKC12vUdKlQ==	2026-05-02T19:00:30.865Z	2026-06-03T15:09:09.469Z	gs://fc-fd42e80c-b41e-4e60-a9cf-b7c0ade168c4/submissions/a1e9b9ce-0d67-4d42-b107-b9821f44dd60/MethylationProfiling/3fd8c726-99e1-4921-8a11-c0e9c97359fd/call-CpgPileup/HG00320.combined.bed.gz.tbi?generation=1777748430861045	3	8nFCFQ==	VSAm07jc4SiYKC12vUdKlQ==	CPXl4v2km5QDEAM=
HG00320	hap1_bed	cpg_hap1_bed	gs://fc-fd42e80c-b41e-4e60-a9cf-b7c0ade168c4/submissions/a1e9b9ce-0d67-4d42-b107-b9821f44dd60/MethylationProfiling/3fd8c726-99e1-4921-8a11-c0e9c97359fd/call-CpgPileup/HG00320.hap1.bed.gz	1777748446436485	301622297	md5_base64	rz6/ImrKkBcWjnBYCztYxQ==	2026-05-02T19:00:46.441Z	2026-06-03T16:05:05.915Z	gs://fc-fd42e80c-b41e-4e60-a9cf-b7c0ade168c4/submissions/a1e9b9ce-0d67-4d42-b107-b9821f44dd60/MethylationProfiling/3fd8c726-99e1-4921-8a11-c0e9c97359fd/call-CpgPileup/HG00320.hap1.bed.gz?generation=1777748446436485	3	HIL93A==	rz6/ImrKkBcWjnBYCztYxQ==	CIW5mYWlm5QDEAM=
HG00320	hap1_bed_index	cpg_hap1_bed_idx	gs://fc-fd42e80c-b41e-4e60-a9cf-b7c0ade168c4/submissions/a1e9b9ce-0d67-4d42-b107-b9821f44dd60/MethylationProfiling/3fd8c726-99e1-4921-8a11-c0e9c97359fd/call-CpgPileup/HG00320.hap1.bed.gz.tbi	1777748428824890	1640154	md5_base64	0FQSLvpumwzdSzRSx/GKzg==	2026-05-02T19:00:28.828Z	2026-06-02T20:29:08.643Z	gs://fc-fd42e80c-b41e-4e60-a9cf-b7c0ade168c4/submissions/a1e9b9ce-0d67-4d42-b107-b9821f44dd60/MethylationProfiling/3fd8c726-99e1-4921-8a11-c0e9c97359fd/call-CpgPileup/HG00320.hap1.bed.gz.tbi?generation=1777748428824890	2	Qj3Tdg==	0FQSLvpumwzdSzRSx/GKzg==	CLrC5vykm5QDEAI=
HG00320	hap2_bed	cpg_hap2_bed	gs://fc-fd42e80c-b41e-4e60-a9cf-b7c0ade168c4/submissions/a1e9b9ce-0d67-4d42-b107-b9821f44dd60/MethylationProfiling/3fd8c726-99e1-4921-8a11-c0e9c97359fd/call-CpgPileup/HG00320.hap2.bed.gz	1777748426759674	301340942	md5_base64	/fRlTn+lM+VGaXlosyUp5w==	2026-05-02T19:00:26.763Z	2026-06-02T20:31:18.575Z	gs://fc-fd42e80c-b41e-4e60-a9cf-b7c0ade168c4/submissions/a1e9b9ce-0d67-4d42-b107-b9821f44dd60/MethylationProfiling/3fd8c726-99e1-4921-8a11-c0e9c97359fd/call-CpgPileup/HG00320.hap2.bed.gz?generation=1777748426759674	2	dGwWIA==	/fRlTn+lM+VGaXlosyUp5w==	CPq76Pukm5QDEAI=
HG00320	hap2_bed_index	cpg_hap2_bed_idx	gs://fc-fd42e80c-b41e-4e60-a9cf-b7c0ade168c4/submissions/a1e9b9ce-0d67-4d42-b107-b9821f44dd60/MethylationProfiling/3fd8c726-99e1-4921-8a11-c0e9c97359fd/call-CpgPileup/HG00320.hap2.bed.gz.tbi	1777748432828916	1640147	md5_base64	5tp729Mq4vuOQkBmrKkmgw==	2026-05-02T19:00:32.833Z	2026-06-02T19:58:57.999Z	gs://fc-fd42e80c-b41e-4e60-a9cf-b7c0ade168c4/submissions/a1e9b9ce-0d67-4d42-b107-b9821f44dd60/MethylationProfiling/3fd8c726-99e1-4921-8a11-c0e9c97359fd/call-CpgPileup/HG00320.hap2.bed.gz.tbi?generation=1777748432828916	2	szPOnQ==	5tp729Mq4vuOQkBmrKkmgw==	CPTz2v6km5QDEAI=
HG00321	combined_bed	cpg_combined_bed	gs://fc-fd42e80c-b41e-4e60-a9cf-b7c0ade168c4/submissions/a1e9b9ce-0d67-4d42-b107-b9821f44dd60/MethylationProfiling/129356cc-d064-44f2-82cf-d9336d703f65/call-CpgPileup/HG00321.combined.bed.gz	1777747683649705	333430274	md5_base64	W6QIe/Pg1fTpddOQCizTZA==	2026-05-02T18:48:03.654Z	2026-06-03T15:19:57.306Z	gs://fc-fd42e80c-b41e-4e60-a9cf-b7c0ade168c4/submissions/a1e9b9ce-0d67-4d42-b107-b9821f44dd60/MethylationProfiling/129356cc-d064-44f2-82cf-d9336d703f65/call-CpgPileup/HG00321.combined.bed.gz?generation=1777747683649705	3	kNBxsg==	W6QIe/Pg1fTpddOQCizTZA==	CKnRvJmim5QDEAM=
HG00321	combined_bed_index	independently_verified_combined_bed_index	gs://fc-fd42e80c-b41e-4e60-a9cf-b7c0ade168c4/submissions/a1e9b9ce-0d67-4d42-b107-b9821f44dd60/MethylationProfiling/129356cc-d064-44f2-82cf-d9336d703f65/call-CpgPileup/HG00321.combined.bed.gz.tbi	1777747685527408	1693471	md5_base64	sv0DWNI2Xxl4HC3/fUfUEQ==	2026-05-02T18:48:05.531Z	2026-06-02T20:00:58.367Z	gs://fc-fd42e80c-b41e-4e60-a9cf-b7c0ade168c4/submissions/a1e9b9ce-0d67-4d42-b107-b9821f44dd60/MethylationProfiling/129356cc-d064-44f2-82cf-d9336d703f65/call-CpgPileup/HG00321.combined.bed.gz.tbi?generation=1777747685527408	2	IGmsdA==	sv0DWNI2Xxl4HC3/fUfUEQ==	CPCer5qim5QDEAI=
HG00321	hap1_bed	cpg_hap1_bed	gs://fc-fd42e80c-b41e-4e60-a9cf-b7c0ade168c4/submissions/a1e9b9ce-0d67-4d42-b107-b9821f44dd60/MethylationProfiling/129356cc-d064-44f2-82cf-d9336d703f65/call-CpgPileup/HG00321.hap1.bed.gz	1777747665929608	279628393	md5_base64	yxOpCxkEECSR+3dlUmmhXQ==	2026-05-02T18:47:45.934Z	2026-06-02T20:29:23.153Z	gs://fc-fd42e80c-b41e-4e60-a9cf-b7c0ade168c4/submissions/a1e9b9ce-0d67-4d42-b107-b9821f44dd60/MethylationProfiling/129356cc-d064-44f2-82cf-d9336d703f65/call-CpgPileup/HG00321.hap1.bed.gz?generation=1777747665929608	2	Gm4J/w==	yxOpCxkEECSR+3dlUmmhXQ==	CIiLg5Gim5QDEAI=
HG00321	hap1_bed_index	cpg_hap1_bed_idx	gs://fc-fd42e80c-b41e-4e60-a9cf-b7c0ade168c4/submissions/a1e9b9ce-0d67-4d42-b107-b9821f44dd60/MethylationProfiling/129356cc-d064-44f2-82cf-d9336d703f65/call-CpgPileup/HG00321.hap1.bed.gz.tbi	1777747673865479	1553517	md5_base64	JTEuhHCwgX3hmvZGNaFsGQ==	2026-05-02T18:47:53.870Z	2026-06-03T14:47:06.059Z	gs://fc-fd42e80c-b41e-4e60-a9cf-b7c0ade168c4/submissions/a1e9b9ce-0d67-4d42-b107-b9821f44dd60/MethylationProfiling/129356cc-d064-44f2-82cf-d9336d703f65/call-CpgPileup/HG00321.hap1.bed.gz.tbi?generation=1777747673865479	3	rZomkQ==	JTEuhHCwgX3hmvZGNaFsGQ==	CIe655Sim5QDEAM=
HG00321	hap2_bed	cpg_hap2_bed	gs://fc-fd42e80c-b41e-4e60-a9cf-b7c0ade168c4/submissions/a1e9b9ce-0d67-4d42-b107-b9821f44dd60/MethylationProfiling/129356cc-d064-44f2-82cf-d9336d703f65/call-CpgPileup/HG00321.hap2.bed.gz	1777747672006881	279522110	md5_base64	qBEf2wrZj/hZg0LC9XPJFw==	2026-05-02T18:47:52.011Z	2026-06-03T16:04:01.521Z	gs://fc-fd42e80c-b41e-4e60-a9cf-b7c0ade168c4/submissions/a1e9b9ce-0d67-4d42-b107-b9821f44dd60/MethylationProfiling/129356cc-d064-44f2-82cf-d9336d703f65/call-CpgPileup/HG00321.hap2.bed.gz?generation=1777747672006881	3	mu7xxw==	qBEf2wrZj/hZg0LC9XPJFw==	COGB9pOim5QDEAM=
HG00321	hap2_bed_index	cpg_hap2_bed_idx	gs://fc-fd42e80c-b41e-4e60-a9cf-b7c0ade168c4/submissions/a1e9b9ce-0d67-4d42-b107-b9821f44dd60/MethylationProfiling/129356cc-d064-44f2-82cf-d9336d703f65/call-CpgPileup/HG00321.hap2.bed.gz.tbi	1777747675845411	1553671	md5_base64	aXTk/gIuM8EHCUBAcUA6yw==	2026-05-02T18:47:55.848Z	2026-06-02T19:48:11.718Z	gs://fc-fd42e80c-b41e-4e60-a9cf-b7c0ade168c4/submissions/a1e9b9ce-0d67-4d42-b107-b9821f44dd60/MethylationProfiling/129356cc-d064-44f2-82cf-d9336d703f65/call-CpgPileup/HG00321.hap2.bed.gz.tbi?generation=1777747675845411	2	pbMguA==	aXTk/gIuM8EHCUBAcUA6yw==	CKOm4JWim5QDEAI=
HG00323	combined_bed	cpg_combined_bed	gs://fc-fd42e80c-b41e-4e60-a9cf-b7c0ade168c4/submissions/a1e9b9ce-0d67-4d42-b107-b9821f44dd60/MethylationProfiling/30f777ea-8e98-4057-8ee6-3c33096be5b5/call-CpgPileup/HG00323.combined.bed.gz	1777748812740434	357326543	md5_base64	Ily3zp6znwAfpF3psNMgEg==	2026-05-02T19:06:52.745Z	2026-06-03T15:33:09.108Z	gs://fc-fd42e80c-b41e-4e60-a9cf-b7c0ade168c4/submissions/a1e9b9ce-0d67-4d42-b107-b9821f44dd60/MethylationProfiling/30f777ea-8e98-4057-8ee6-3c33096be5b5/call-CpgPileup/HG00323.combined.bed.gz?generation=1777748812740434	3	R0EeoA==	Ily3zp6znwAfpF3psNMgEg==	CNLu7rOmm5QDEAM=
HG00323	combined_bed_index	independently_verified_combined_bed_index	gs://fc-fd42e80c-b41e-4e60-a9cf-b7c0ade168c4/submissions/a1e9b9ce-0d67-4d42-b107-b9821f44dd60/MethylationProfiling/30f777ea-8e98-4057-8ee6-3c33096be5b5/call-CpgPileup/HG00323.combined.bed.gz.tbi	1777748806033161	1684337	md5_base64	Oo86E1yI1Xd/7bnszTHNhA==	2026-05-02T19:06:46.037Z	2026-06-03T14:28:57.657Z	gs://fc-fd42e80c-b41e-4e60-a9cf-b7c0ade168c4/submissions/a1e9b9ce-0d67-4d42-b107-b9821f44dd60/MethylationProfiling/30f777ea-8e98-4057-8ee6-3c33096be5b5/call-CpgPileup/HG00323.combined.bed.gz.tbi?generation=1777748806033161	3	iQhYvw==	Oo86E1yI1Xd/7bnszTHNhA==	CIm+1bCmm5QDEAM=
HG00323	hap1_bed	cpg_hap1_bed	gs://fc-fd42e80c-b41e-4e60-a9cf-b7c0ade168c4/submissions/a1e9b9ce-0d67-4d42-b107-b9821f44dd60/MethylationProfiling/30f777ea-8e98-4057-8ee6-3c33096be5b5/call-CpgPileup/HG00323.hap1.bed.gz	1777748821979985	307792688	md5_base64	UhdEUTZ3nq9h+Ivpg3q3yw==	2026-05-02T19:07:01.984Z	2026-06-03T15:07:59.915Z	gs://fc-fd42e80c-b41e-4e60-a9cf-b7c0ade168c4/submissions/a1e9b9ce-0d67-4d42-b107-b9821f44dd60/MethylationProfiling/30f777ea-8e98-4057-8ee6-3c33096be5b5/call-CpgPileup/HG00323.hap1.bed.gz?generation=1777748821979985	3	u2Mquw==	UhdEUTZ3nq9h+Ivpg3q3yw==	CNHmorimm5QDEAM=
HG00323	hap1_bed_index	cpg_hap1_bed_idx	gs://fc-fd42e80c-b41e-4e60-a9cf-b7c0ade168c4/submissions/a1e9b9ce-0d67-4d42-b107-b9821f44dd60/MethylationProfiling/30f777ea-8e98-4057-8ee6-3c33096be5b5/call-CpgPileup/HG00323.hap1.bed.gz.tbi	1777748804127893	1627729	md5_base64	TntSR8qvv+gvRoCCWHqTAg==	2026-05-02T19:06:44.130Z	2026-06-03T16:03:23.007Z	gs://fc-fd42e80c-b41e-4e60-a9cf-b7c0ade168c4/submissions/a1e9b9ce-0d67-4d42-b107-b9821f44dd60/MethylationProfiling/30f777ea-8e98-4057-8ee6-3c33096be5b5/call-CpgPileup/HG00323.hap1.bed.gz.tbi?generation=1777748804127893	3	iF259A==	TntSR8qvv+gvRoCCWHqTAg==	CJWZ4a+mm5QDEAM=
HG00323	hap2_bed	cpg_hap2_bed	gs://fc-fd42e80c-b41e-4e60-a9cf-b7c0ade168c4/submissions/a1e9b9ce-0d67-4d42-b107-b9821f44dd60/MethylationProfiling/30f777ea-8e98-4057-8ee6-3c33096be5b5/call-CpgPileup/HG00323.hap2.bed.gz	1777748802223067	307554602	md5_base64	/t8WcyqFQiT6N5DJg9D+pg==	2026-05-02T19:06:42.227Z	2026-06-03T16:00:47.430Z	gs://fc-fd42e80c-b41e-4e60-a9cf-b7c0ade168c4/submissions/a1e9b9ce-0d67-4d42-b107-b9821f44dd60/MethylationProfiling/30f777ea-8e98-4057-8ee6-3c33096be5b5/call-CpgPileup/HG00323.hap2.bed.gz?generation=1777748802223067	3	WqtdRw==	/t8WcyqFQiT6N5DJg9D+pg==	CNv37K6mm5QDEAM=
HG00323	hap2_bed_index	cpg_hap2_bed_idx	gs://fc-fd42e80c-b41e-4e60-a9cf-b7c0ade168c4/submissions/a1e9b9ce-0d67-4d42-b107-b9821f44dd60/MethylationProfiling/30f777ea-8e98-4057-8ee6-3c33096be5b5/call-CpgPileup/HG00323.hap2.bed.gz.tbi	1777748814717511	1628606	md5_base64	LfdZ7xF4n5Q30k5yolHs6g==	2026-05-02T19:06:54.720Z	2026-06-03T15:03:06.182Z	gs://fc-fd42e80c-b41e-4e60-a9cf-b7c0ade168c4/submissions/a1e9b9ce-0d67-4d42-b107-b9821f44dd60/MethylationProfiling/30f777ea-8e98-4057-8ee6-3c33096be5b5/call-CpgPileup/HG00323.hap2.bed.gz.tbi?generation=1777748814717511	3	hDIzoA==	LfdZ7xF4n5Q30k5yolHs6g==	CMfE57Smm5QDEAM=
HG00329	combined_bed	cpg_combined_bed	gs://fc-fd42e80c-b41e-4e60-a9cf-b7c0ade168c4/submissions/a1e9b9ce-0d67-4d42-b107-b9821f44dd60/MethylationProfiling/cdcb38a8-77f2-4bb6-baf3-67982c82dedb/call-CpgPileup/HG00329.combined.bed.gz	1777748543177656	335011328	md5_base64	dPVQhRzhxUtz1knNPdlHTQ==	2026-05-02T19:02:23.181Z	2026-06-02T20:34:38.892Z	gs://fc-fd42e80c-b41e-4e60-a9cf-b7c0ade168c4/submissions/a1e9b9ce-0d67-4d42-b107-b9821f44dd60/MethylationProfiling/cdcb38a8-77f2-4bb6-baf3-67982c82dedb/call-CpgPileup/HG00329.combined.bed.gz?generation=1777748543177656	2	IG2ipw==	dPVQhRzhxUtz1knNPdlHTQ==	CLiHqrOlm5QDEAI=
HG00329	combined_bed_index	independently_verified_combined_bed_index	gs://fc-fd42e80c-b41e-4e60-a9cf-b7c0ade168c4/submissions/a1e9b9ce-0d67-4d42-b107-b9821f44dd60/MethylationProfiling/cdcb38a8-77f2-4bb6-baf3-67982c82dedb/call-CpgPileup/HG00329.combined.bed.gz.tbi	1777748526104265	1694087	md5_base64	Di0gNLkOR5k0XI2ncmOKiw==	2026-05-02T19:02:06.107Z	2026-06-03T15:15:57.471Z	gs://fc-fd42e80c-b41e-4e60-a9cf-b7c0ade168c4/submissions/a1e9b9ce-0d67-4d42-b107-b9821f44dd60/MethylationProfiling/cdcb38a8-77f2-4bb6-baf3-67982c82dedb/call-CpgPileup/HG00329.combined.bed.gz.tbi?generation=1777748526104265	3	VlLiww==	Di0gNLkOR5k0XI2ncmOKiw==	CMn9l6ulm5QDEAM=
HG00329	hap1_bed	cpg_hap1_bed	gs://fc-fd42e80c-b41e-4e60-a9cf-b7c0ade168c4/submissions/a1e9b9ce-0d67-4d42-b107-b9821f44dd60/MethylationProfiling/cdcb38a8-77f2-4bb6-baf3-67982c82dedb/call-CpgPileup/HG00329.hap1.bed.gz	1777748533841602	284952614	md5_base64	wv33nVFXSOopxMOA4aGpFA==	2026-05-02T19:02:13.846Z	2026-06-03T15:47:57.987Z	gs://fc-fd42e80c-b41e-4e60-a9cf-b7c0ade168c4/submissions/a1e9b9ce-0d67-4d42-b107-b9821f44dd60/MethylationProfiling/cdcb38a8-77f2-4bb6-baf3-67982c82dedb/call-CpgPileup/HG00329.hap1.bed.gz?generation=1777748533841602	3	RHm2bQ==	wv33nVFXSOopxMOA4aGpFA==	CMKd8K6lm5QDEAM=
HG00329	hap1_bed_index	cpg_hap1_bed_idx	gs://fc-fd42e80c-b41e-4e60-a9cf-b7c0ade168c4/submissions/a1e9b9ce-0d67-4d42-b107-b9821f44dd60/MethylationProfiling/cdcb38a8-77f2-4bb6-baf3-67982c82dedb/call-CpgPileup/HG00329.hap1.bed.gz.tbi	1777748552024236	1566687	md5_base64	pDNisGyqcMC75geb0797IQ==	2026-05-02T19:02:32.027Z	2026-06-03T14:34:01.653Z	gs://fc-fd42e80c-b41e-4e60-a9cf-b7c0ade168c4/submissions/a1e9b9ce-0d67-4d42-b107-b9821f44dd60/MethylationProfiling/cdcb38a8-77f2-4bb6-baf3-67982c82dedb/call-CpgPileup/HG00329.hap1.bed.gz.tbi?generation=1777748552024236	3	CGem9A==	pDNisGyqcMC75geb0797IQ==	CKyBxrelm5QDEAM=
HG00329	hap2_bed	cpg_hap2_bed	gs://fc-fd42e80c-b41e-4e60-a9cf-b7c0ade168c4/submissions/a1e9b9ce-0d67-4d42-b107-b9821f44dd60/MethylationProfiling/cdcb38a8-77f2-4bb6-baf3-67982c82dedb/call-CpgPileup/HG00329.hap2.bed.gz	1777748549940381	284748975	md5_base64	/jThl59RtpVtLBoaOWXdeg==	2026-05-02T19:02:29.946Z	2026-06-03T15:44:16.263Z	gs://fc-fd42e80c-b41e-4e60-a9cf-b7c0ade168c4/submissions/a1e9b9ce-0d67-4d42-b107-b9821f44dd60/MethylationProfiling/cdcb38a8-77f2-4bb6-baf3-67982c82dedb/call-CpgPileup/HG00329.hap2.bed.gz?generation=1777748549940381	3	naC3vw==	/jThl59RtpVtLBoaOWXdeg==	CJ3pxralm5QDEAM=
HG00329	hap2_bed_index	cpg_hap2_bed_idx	gs://fc-fd42e80c-b41e-4e60-a9cf-b7c0ade168c4/submissions/a1e9b9ce-0d67-4d42-b107-b9821f44dd60/MethylationProfiling/cdcb38a8-77f2-4bb6-baf3-67982c82dedb/call-CpgPileup/HG00329.hap2.bed.gz.tbi	1777748535810714	1566851	md5_base64	1pDi0CjndI/F4cM6Vex0dA==	2026-05-02T19:02:15.814Z	2026-06-03T15:00:59.982Z	gs://fc-fd42e80c-b41e-4e60-a9cf-b7c0ade168c4/submissions/a1e9b9ce-0d67-4d42-b107-b9821f44dd60/MethylationProfiling/cdcb38a8-77f2-4bb6-baf3-67982c82dedb/call-CpgPileup/HG00329.hap2.bed.gz.tbi?generation=1777748535810714	3	lQO8wQ==	1pDi0CjndI/F4cM6Vex0dA==	CJq16K+lm5QDEAM=
HG00344	combined_bed	cpg_combined_bed	gs://fc-fd42e80c-b41e-4e60-a9cf-b7c0ade168c4/submissions/a1e9b9ce-0d67-4d42-b107-b9821f44dd60/MethylationProfiling/8046c2c6-2bc8-48b7-aa84-9c8c32077d1c/call-CpgPileup/HG00344.combined.bed.gz	1777747494964770	341124935	md5_base64	r+bt9ux0VRgLABvHSYTG9Q==	2026-05-02T18:44:54.970Z	2026-06-02T20:04:25.760Z	gs://fc-fd42e80c-b41e-4e60-a9cf-b7c0ade168c4/submissions/a1e9b9ce-0d67-4d42-b107-b9821f44dd60/MethylationProfiling/8046c2c6-2bc8-48b7-aa84-9c8c32077d1c/call-CpgPileup/HG00344.combined.bed.gz?generation=1777747494964770	2	158hoQ==	r+bt9ux0VRgLABvHSYTG9Q==	CKKcwL+hm5QDEAI=
HG00344	combined_bed_index	independently_verified_combined_bed_index	gs://fc-fd42e80c-b41e-4e60-a9cf-b7c0ade168c4/submissions/a1e9b9ce-0d67-4d42-b107-b9821f44dd60/MethylationProfiling/8046c2c6-2bc8-48b7-aa84-9c8c32077d1c/call-CpgPileup/HG00344.combined.bed.gz.tbi	1777747503345103	1684717	md5_base64	VjJ6VhLCAcycWBojE/+IzQ==	2026-05-02T18:45:03.351Z	2026-06-02T20:31:43.501Z	gs://fc-fd42e80c-b41e-4e60-a9cf-b7c0ade168c4/submissions/a1e9b9ce-0d67-4d42-b107-b9821f44dd60/MethylationProfiling/8046c2c6-2bc8-48b7-aa84-9c8c32077d1c/call-CpgPileup/HG00344.combined.bed.gz.tbi?generation=1777747503345103	2	nQUYEw==	VjJ6VhLCAcycWBojE/+IzQ==	CM/bv8Ohm5QDEAI=
HG00344	hap1_bed	cpg_hap1_bed	gs://fc-fd42e80c-b41e-4e60-a9cf-b7c0ade168c4/submissions/a1e9b9ce-0d67-4d42-b107-b9821f44dd60/MethylationProfiling/8046c2c6-2bc8-48b7-aa84-9c8c32077d1c/call-CpgPileup/HG00344.hap1.bed.gz	1777747485959176	301148990	md5_base64	nOnK3+EjLWyVrm9VDpKgjA==	2026-05-02T18:44:45.964Z	2026-06-02T19:56:49.802Z	gs://fc-fd42e80c-b41e-4e60-a9cf-b7c0ade168c4/submissions/a1e9b9ce-0d67-4d42-b107-b9821f44dd60/MethylationProfiling/8046c2c6-2bc8-48b7-aa84-9c8c32077d1c/call-CpgPileup/HG00344.hap1.bed.gz?generation=1777747485959176	2	DG8Nnw==	nOnK3+EjLWyVrm9VDpKgjA==	CIjImruhm5QDEAI=
HG00344	hap1_bed_index	cpg_hap1_bed_idx	gs://fc-fd42e80c-b41e-4e60-a9cf-b7c0ade168c4/submissions/a1e9b9ce-0d67-4d42-b107-b9821f44dd60/MethylationProfiling/8046c2c6-2bc8-48b7-aa84-9c8c32077d1c/call-CpgPileup/HG00344.hap1.bed.gz.tbi	1777747487854748	1646270	md5_base64	50ZCOzxE0ZFUCdWpTuaPng==	2026-05-02T18:44:47.860Z	2026-06-02T20:18:56.418Z	gs://fc-fd42e80c-b41e-4e60-a9cf-b7c0ade168c4/submissions/a1e9b9ce-0d67-4d42-b107-b9821f44dd60/MethylationProfiling/8046c2c6-2bc8-48b7-aa84-9c8c32077d1c/call-CpgPileup/HG00344.hap1.bed.gz.tbi?generation=1777747487854748	2	7NPyow==	50ZCOzxE0ZFUCdWpTuaPng==	CJyhjryhm5QDEAI=
HG00344	hap2_bed	cpg_hap2_bed	gs://fc-fd42e80c-b41e-4e60-a9cf-b7c0ade168c4/submissions/a1e9b9ce-0d67-4d42-b107-b9821f44dd60/MethylationProfiling/8046c2c6-2bc8-48b7-aa84-9c8c32077d1c/call-CpgPileup/HG00344.hap2.bed.gz	1777747501415578	300832727	md5_base64	o4WGpnK6pFiMfenBbMt4eg==	2026-05-02T18:45:01.427Z	2026-06-03T14:37:58.756Z	gs://fc-fd42e80c-b41e-4e60-a9cf-b7c0ade168c4/submissions/a1e9b9ce-0d67-4d42-b107-b9821f44dd60/MethylationProfiling/8046c2c6-2bc8-48b7-aa84-9c8c32077d1c/call-CpgPileup/HG00344.hap2.bed.gz?generation=1777747501415578	3	vKCmOA==	o4WGpnK6pFiMfenBbMt4eg==	CJr5ycKhm5QDEAM=
HG00344	hap2_bed_index	cpg_hap2_bed_idx	gs://fc-fd42e80c-b41e-4e60-a9cf-b7c0ade168c4/submissions/a1e9b9ce-0d67-4d42-b107-b9821f44dd60/MethylationProfiling/8046c2c6-2bc8-48b7-aa84-9c8c32077d1c/call-CpgPileup/HG00344.hap2.bed.gz.tbi	1777747505283451	1646044	md5_base64	YVdlW2WnFA+FR7a+5eBowg==	2026-05-02T18:45:05.287Z	2026-06-03T15:13:58.898Z	gs://fc-fd42e80c-b41e-4e60-a9cf-b7c0ade168c4/submissions/a1e9b9ce-0d67-4d42-b107-b9821f44dd60/MethylationProfiling/8046c2c6-2bc8-48b7-aa84-9c8c32077d1c/call-CpgPileup/HG00344.hap2.bed.gz.tbi?generation=1777747505283451	3	o4bqbQ==	YVdlW2WnFA+FR7a+5eBowg==	CPuCtsShm5QDEAM=
HG00350	combined_bed	cpg_combined_bed	gs://fc-fd42e80c-b41e-4e60-a9cf-b7c0ade168c4/submissions/a1e9b9ce-0d67-4d42-b107-b9821f44dd60/MethylationProfiling/26ed9325-707f-40b1-84be-930191b9879c/call-CpgPileup/HG00350.combined.bed.gz	1777747789335857	339035419	md5_base64	Douq2iVXEQyQHPy2dRzY2g==	2026-05-02T18:49:49.339Z	2026-06-02T20:35:24.845Z	gs://fc-fd42e80c-b41e-4e60-a9cf-b7c0ade168c4/submissions/a1e9b9ce-0d67-4d42-b107-b9821f44dd60/MethylationProfiling/26ed9325-707f-40b1-84be-930191b9879c/call-CpgPileup/HG00350.combined.bed.gz?generation=1777747789335857	2	ltPY/w==	Douq2iVXEQyQHPy2dRzY2g==	CLGa78uim5QDEAI=
HG00350	combined_bed_index	independently_verified_combined_bed_index	gs://fc-fd42e80c-b41e-4e60-a9cf-b7c0ade168c4/submissions/a1e9b9ce-0d67-4d42-b107-b9821f44dd60/MethylationProfiling/26ed9325-707f-40b1-84be-930191b9879c/call-CpgPileup/HG00350.combined.bed.gz.tbi	1777747809749041	1683586	md5_base64	dBRcF/cFzlDSNQQS2uzLHg==	2026-05-02T18:50:09.753Z	2026-06-03T15:36:29.053Z	gs://fc-fd42e80c-b41e-4e60-a9cf-b7c0ade168c4/submissions/a1e9b9ce-0d67-4d42-b107-b9821f44dd60/MethylationProfiling/26ed9325-707f-40b1-84be-930191b9879c/call-CpgPileup/HG00350.combined.bed.gz.tbi?generation=1777747809749041	3	bWfm3g==	dBRcF/cFzlDSNQQS2uzLHg==	CLGQzdWim5QDEAM=
HG00350	hap1_bed	cpg_hap1_bed	gs://fc-fd42e80c-b41e-4e60-a9cf-b7c0ade168c4/submissions/a1e9b9ce-0d67-4d42-b107-b9821f44dd60/MethylationProfiling/26ed9325-707f-40b1-84be-930191b9879c/call-CpgPileup/HG00350.hap1.bed.gz	1777747807844111	298428311	md5_base64	QJ/vOuvJz4fqYqvmG8rNmw==	2026-05-02T18:50:07.848Z	2026-06-03T15:42:19.598Z	gs://fc-fd42e80c-b41e-4e60-a9cf-b7c0ade168c4/submissions/a1e9b9ce-0d67-4d42-b107-b9821f44dd60/MethylationProfiling/26ed9325-707f-40b1-84be-930191b9879c/call-CpgPileup/HG00350.hap1.bed.gz?generation=1777747807844111	3	fprEWQ==	QJ/vOuvJz4fqYqvmG8rNmw==	CI/u2NSim5QDEAM=
HG00350	hap1_bed_index	cpg_hap1_bed_idx	gs://fc-fd42e80c-b41e-4e60-a9cf-b7c0ade168c4/submissions/a1e9b9ce-0d67-4d42-b107-b9821f44dd60/MethylationProfiling/26ed9325-707f-40b1-84be-930191b9879c/call-CpgPileup/HG00350.hap1.bed.gz.tbi	1777747811679083	1641140	md5_base64	I7gmq+guoHeFeqxSQ7PHIw==	2026-05-02T18:50:11.683Z	2026-06-03T14:51:57.528Z	gs://fc-fd42e80c-b41e-4e60-a9cf-b7c0ade168c4/submissions/a1e9b9ce-0d67-4d42-b107-b9821f44dd60/MethylationProfiling/26ed9325-707f-40b1-84be-930191b9879c/call-CpgPileup/HG00350.hap1.bed.gz.tbi?generation=1777747811679083	3	c6eWMg==	I7gmq+guoHeFeqxSQ7PHIw==	COv2wtaim5QDEAM=
HG00350	hap2_bed	cpg_hap2_bed	gs://fc-fd42e80c-b41e-4e60-a9cf-b7c0ade168c4/submissions/a1e9b9ce-0d67-4d42-b107-b9821f44dd60/MethylationProfiling/26ed9325-707f-40b1-84be-930191b9879c/call-CpgPileup/HG00350.hap2.bed.gz	1777747800583236	298784643	md5_base64	5PRrxGHVYmssRnyH2VPd/A==	2026-05-02T18:50:00.587Z	2026-06-03T15:55:22.446Z	gs://fc-fd42e80c-b41e-4e60-a9cf-b7c0ade168c4/submissions/a1e9b9ce-0d67-4d42-b107-b9821f44dd60/MethylationProfiling/26ed9325-707f-40b1-84be-930191b9879c/call-CpgPileup/HG00350.hap2.bed.gz?generation=1777747800583236	3	79j6gw==	5PRrxGHVYmssRnyH2VPd/A==	CMTYndGim5QDEAM=
HG00350	hap2_bed_index	cpg_hap2_bed_idx	gs://fc-fd42e80c-b41e-4e60-a9cf-b7c0ade168c4/submissions/a1e9b9ce-0d67-4d42-b107-b9821f44dd60/MethylationProfiling/26ed9325-707f-40b1-84be-930191b9879c/call-CpgPileup/HG00350.hap2.bed.gz.tbi	1777747791320454	1642311	md5_base64	7Ig12cUZVmAzfKjoOikfjQ==	2026-05-02T18:49:51.323Z	2026-06-03T15:55:18.601Z	gs://fc-fd42e80c-b41e-4e60-a9cf-b7c0ade168c4/submissions/a1e9b9ce-0d67-4d42-b107-b9821f44dd60/MethylationProfiling/26ed9325-707f-40b1-84be-930191b9879c/call-CpgPileup/HG00350.hap2.bed.gz.tbi?generation=1777747791320454	3	kHkJdw==	7Ig12cUZVmAzfKjoOikfjQ==	CIar6Myim5QDEAM=
HG00408	combined_bed	cpg_combined_bed	gs://fc-fd42e80c-b41e-4e60-a9cf-b7c0ade168c4/submissions/a1e9b9ce-0d67-4d42-b107-b9821f44dd60/MethylationProfiling/d73ee6a1-0e59-4d18-b4f3-808dbeec33f6/call-CpgPileup/HG00408.combined.bed.gz	1777750193192749	357662084	md5_base64	WvEgaWktzpZZ9hoQVH8exQ==	2026-05-02T19:29:53.196Z	2026-06-02T19:52:21.902Z	gs://fc-fd42e80c-b41e-4e60-a9cf-b7c0ade168c4/submissions/a1e9b9ce-0d67-4d42-b107-b9821f44dd60/MethylationProfiling/d73ee6a1-0e59-4d18-b4f3-808dbeec33f6/call-CpgPileup/HG00408.combined.bed.gz?generation=1777750193192749	2	GIiceg==	WvEgaWktzpZZ9hoQVH8exQ==	CK3+jsarm5QDEAI=
HG00408	combined_bed_index	independently_verified_combined_bed_index	gs://fc-fd42e80c-b41e-4e60-a9cf-b7c0ade168c4/submissions/a1e9b9ce-0d67-4d42-b107-b9821f44dd60/MethylationProfiling/d73ee6a1-0e59-4d18-b4f3-808dbeec33f6/call-CpgPileup/HG00408.combined.bed.gz.tbi	1777750194950896	1684231	md5_base64	hy8A58SRcl6I1S3WbOm2tQ==	2026-05-02T19:29:54.954Z	2026-06-03T16:00:19.926Z	gs://fc-fd42e80c-b41e-4e60-a9cf-b7c0ade168c4/submissions/a1e9b9ce-0d67-4d42-b107-b9821f44dd60/MethylationProfiling/d73ee6a1-0e59-4d18-b4f3-808dbeec33f6/call-CpgPileup/HG00408.combined.bed.gz.tbi?generation=1777750194950896	3	3/HXxw==	hy8A58SRcl6I1S3WbOm2tQ==	CPCl+sarm5QDEAM=
HG00408	hap1_bed	cpg_hap1_bed	gs://fc-fd42e80c-b41e-4e60-a9cf-b7c0ade168c4/submissions/a1e9b9ce-0d67-4d42-b107-b9821f44dd60/MethylationProfiling/d73ee6a1-0e59-4d18-b4f3-808dbeec33f6/call-CpgPileup/HG00408.hap1.bed.gz	1777750202971687	311517297	md5_base64	7kr+6ymWHzRDL5Ocf10SEQ==	2026-05-02T19:30:02.975Z	2026-06-02T20:29:19.098Z	gs://fc-fd42e80c-b41e-4e60-a9cf-b7c0ade168c4/submissions/a1e9b9ce-0d67-4d42-b107-b9821f44dd60/MethylationProfiling/d73ee6a1-0e59-4d18-b4f3-808dbeec33f6/call-CpgPileup/HG00408.hap1.bed.gz?generation=1777750202971687	2	YHPX+w==	7kr+6ymWHzRDL5Ocf10SEQ==	CKfs48qrm5QDEAI=
HG00408	hap1_bed_index	cpg_hap1_bed_idx	gs://fc-fd42e80c-b41e-4e60-a9cf-b7c0ade168c4/submissions/a1e9b9ce-0d67-4d42-b107-b9821f44dd60/MethylationProfiling/d73ee6a1-0e59-4d18-b4f3-808dbeec33f6/call-CpgPileup/HG00408.hap1.bed.gz.tbi	1777750185657547	1644129	md5_base64	pPaun5oMn0AM57I7jnXlvw==	2026-05-02T19:29:45.660Z	2026-06-03T14:40:56.636Z	gs://fc-fd42e80c-b41e-4e60-a9cf-b7c0ade168c4/submissions/a1e9b9ce-0d67-4d42-b107-b9821f44dd60/MethylationProfiling/d73ee6a1-0e59-4d18-b4f3-808dbeec33f6/call-CpgPileup/HG00408.hap1.bed.gz.tbi?generation=1777750185657547	3	+B6JJw==	pPaun5oMn0AM57I7jnXlvw==	CMuJw8Krm5QDEAM=
HG00408	hap2_bed	cpg_hap2_bed	gs://fc-fd42e80c-b41e-4e60-a9cf-b7c0ade168c4/submissions/a1e9b9ce-0d67-4d42-b107-b9821f44dd60/MethylationProfiling/d73ee6a1-0e59-4d18-b4f3-808dbeec33f6/call-CpgPileup/HG00408.hap2.bed.gz	1777750183799009	311288232	md5_base64	SBy7VRFoJEKDphY98RUmcw==	2026-05-02T19:29:43.803Z	2026-06-02T19:47:57.645Z	gs://fc-fd42e80c-b41e-4e60-a9cf-b7c0ade168c4/submissions/a1e9b9ce-0d67-4d42-b107-b9821f44dd60/MethylationProfiling/d73ee6a1-0e59-4d18-b4f3-808dbeec33f6/call-CpgPileup/HG00408.hap2.bed.gz?generation=1777750183799009	2	l3pzyg==	SBy7VRFoJEKDphY98RUmcw==	COHR0cGrm5QDEAI=
HG00408	hap2_bed_index	cpg_hap2_bed_idx	gs://fc-fd42e80c-b41e-4e60-a9cf-b7c0ade168c4/submissions/a1e9b9ce-0d67-4d42-b107-b9821f44dd60/MethylationProfiling/d73ee6a1-0e59-4d18-b4f3-808dbeec33f6/call-CpgPileup/HG00408.hap2.bed.gz.tbi	1777750204835756	1642801	md5_base64	Q3E+k3u6riY1FbwJmhMfYQ==	2026-05-02T19:30:04.840Z	2026-06-03T15:02:04.516Z	gs://fc-fd42e80c-b41e-4e60-a9cf-b7c0ade168c4/submissions/a1e9b9ce-0d67-4d42-b107-b9821f44dd60/MethylationProfiling/d73ee6a1-0e59-4d18-b4f3-808dbeec33f6/call-CpgPileup/HG00408.hap2.bed.gz.tbi?generation=1777750204835756	3	Imko3g==	Q3E+k3u6riY1FbwJmhMfYQ==	CKzP1curm5QDEAM=
HG00423	combined_bed	cpg_combined_bed	gs://fc-fd42e80c-b41e-4e60-a9cf-b7c0ade168c4/submissions/a1e9b9ce-0d67-4d42-b107-b9821f44dd60/MethylationProfiling/f508728d-aec7-413e-ab6a-c7c6198e0dba/call-CpgPileup/HG00423.combined.bed.gz	1777751157963610	221030595	md5_base64	xQiO5vYmg6hNeenDOaLzMw==	2026-05-02T19:45:57.968Z	2026-06-02T20:35:48.178Z	gs://fc-fd42e80c-b41e-4e60-a9cf-b7c0ade168c4/submissions/a1e9b9ce-0d67-4d42-b107-b9821f44dd60/MethylationProfiling/f508728d-aec7-413e-ab6a-c7c6198e0dba/call-CpgPileup/HG00423.combined.bed.gz?generation=1777751157963610	2	ez/faA==	xQiO5vYmg6hNeenDOaLzMw==	CNr2k5Kvm5QDEAI=
HG00423	combined_bed_index	independently_verified_combined_bed_index	gs://fc-fd42e80c-b41e-4e60-a9cf-b7c0ade168c4/submissions/a1e9b9ce-0d67-4d42-b107-b9821f44dd60/MethylationProfiling/f508728d-aec7-413e-ab6a-c7c6198e0dba/call-CpgPileup/HG00423.combined.bed.gz.tbi	1777751162032610	1621688	md5_base64	aZJ4z5UuxlVIfxSqDaBzsQ==	2026-05-02T19:46:02.036Z	2026-06-03T15:30:00.331Z	gs://fc-fd42e80c-b41e-4e60-a9cf-b7c0ade168c4/submissions/a1e9b9ce-0d67-4d42-b107-b9821f44dd60/MethylationProfiling/f508728d-aec7-413e-ab6a-c7c6198e0dba/call-CpgPileup/HG00423.combined.bed.gz.tbi?generation=1777751162032610	3	P0pBaQ==	aZJ4z5UuxlVIfxSqDaBzsQ==	COKjjJSvm5QDEAM=
HG00423	hap1_bed	cpg_hap1_bed	gs://fc-fd42e80c-b41e-4e60-a9cf-b7c0ade168c4/submissions/a1e9b9ce-0d67-4d42-b107-b9821f44dd60/MethylationProfiling/f508728d-aec7-413e-ab6a-c7c6198e0dba/call-CpgPileup/HG00423.hap1.bed.gz	1777751165105982	84345565	md5_base64	SLTJIxtz6LjmYXa7dCXVGQ==	2026-05-02T19:46:05.111Z	2026-06-02T20:17:27.508Z	gs://fc-fd42e80c-b41e-4e60-a9cf-b7c0ade168c4/submissions/a1e9b9ce-0d67-4d42-b107-b9821f44dd60/MethylationProfiling/f508728d-aec7-413e-ab6a-c7c6198e0dba/call-CpgPileup/HG00423.hap1.bed.gz?generation=1777751165105982	2	N/ApoQ==	SLTJIxtz6LjmYXa7dCXVGQ==	CL7ux5Wvm5QDEAI=
HG00423	hap1_bed_index	cpg_hap1_bed_idx	gs://fc-fd42e80c-b41e-4e60-a9cf-b7c0ade168c4/submissions/a1e9b9ce-0d67-4d42-b107-b9821f44dd60/MethylationProfiling/f508728d-aec7-413e-ab6a-c7c6198e0dba/call-CpgPileup/HG00423.hap1.bed.gz.tbi	1777751167064076	1061566	md5_base64	Irw+vUsme/dGrCEVixgG5w==	2026-05-02T19:46:07.068Z	2026-06-02T20:15:39.955Z	gs://fc-fd42e80c-b41e-4e60-a9cf-b7c0ade168c4/submissions/a1e9b9ce-0d67-4d42-b107-b9821f44dd60/MethylationProfiling/f508728d-aec7-413e-ab6a-c7c6198e0dba/call-CpgPileup/HG00423.hap1.bed.gz.tbi?generation=1777751167064076	2	QzfdKA==	Irw+vUsme/dGrCEVixgG5w==	CIywv5avm5QDEAI=
HG00423	hap2_bed	cpg_hap2_bed	gs://fc-fd42e80c-b41e-4e60-a9cf-b7c0ade168c4/submissions/a1e9b9ce-0d67-4d42-b107-b9821f44dd60/MethylationProfiling/f508728d-aec7-413e-ab6a-c7c6198e0dba/call-CpgPileup/HG00423.hap2.bed.gz	1777751149385339	84560446	md5_base64	c00MKOgGEX1LTMP/iUoWWQ==	2026-05-02T19:45:49.389Z	2026-06-02T19:51:01.924Z	gs://fc-fd42e80c-b41e-4e60-a9cf-b7c0ade168c4/submissions/a1e9b9ce-0d67-4d42-b107-b9821f44dd60/MethylationProfiling/f508728d-aec7-413e-ab6a-c7c6198e0dba/call-CpgPileup/HG00423.hap2.bed.gz?generation=1777751149385339	2	XNIlaQ==	c00MKOgGEX1LTMP/iUoWWQ==	CPusiI6vm5QDEAI=
HG00423	hap2_bed_index	cpg_hap2_bed_idx	gs://fc-fd42e80c-b41e-4e60-a9cf-b7c0ade168c4/submissions/a1e9b9ce-0d67-4d42-b107-b9821f44dd60/MethylationProfiling/f508728d-aec7-413e-ab6a-c7c6198e0dba/call-CpgPileup/HG00423.hap2.bed.gz.tbi	1777751160018560	1057351	md5_base64	meZ7D+R4uExfhkOOlNLJvA==	2026-05-02T19:46:00.023Z	2026-06-02T19:49:17.703Z	gs://fc-fd42e80c-b41e-4e60-a9cf-b7c0ade168c4/submissions/a1e9b9ce-0d67-4d42-b107-b9821f44dd60/MethylationProfiling/f508728d-aec7-413e-ab6a-c7c6198e0dba/call-CpgPileup/HG00423.hap2.bed.gz.tbi?generation=1777751160018560	2	xLMWcg==	meZ7D+R4uExfhkOOlNLJvA==	CICtkZOvm5QDEAI=
HG00438	combined_bed	cpg_combined_bed	gs://fc-fd42e80c-b41e-4e60-a9cf-b7c0ade168c4/submissions/6e7de2d8-07c0-4a64-9766-3068b4df2e43/MethylationProfiling/e4f26a66-2859-4681-bc09-dbdbc091b0e1/call-CpgPileup/attempt-2/HG00438.combined.bed.gz	1782876409785416	324447723	md5_base64	KUQ6oo39skLRnWexN44LGQ==	2026-07-01T03:26:49.791Z	2026-07-01T03:26:49.791Z	gs://fc-fd42e80c-b41e-4e60-a9cf-b7c0ade168c4/submissions/6e7de2d8-07c0-4a64-9766-3068b4df2e43/MethylationProfiling/e4f26a66-2859-4681-bc09-dbdbc091b0e1/call-CpgPileup/attempt-2/HG00438.combined.bed.gz?generation=1782876409785416	1	6CjC3A==	KUQ6oo39skLRnWexN44LGQ==	CMjY1ZjEsJUDEAE=
HG00438	combined_bed_index	independently_verified_combined_bed_index	gs://fc-fd42e80c-b41e-4e60-a9cf-b7c0ade168c4/submissions/6e7de2d8-07c0-4a64-9766-3068b4df2e43/MethylationProfiling/e4f26a66-2859-4681-bc09-dbdbc091b0e1/call-CpgPileup/attempt-2/HG00438.combined.bed.gz.tbi	1782876396684043	1682708	md5_base64	wQ+UcWarKZPpY5oEKAU/lw==	2026-07-01T03:26:36.687Z	2026-07-01T03:26:36.687Z	gs://fc-fd42e80c-b41e-4e60-a9cf-b7c0ade168c4/submissions/6e7de2d8-07c0-4a64-9766-3068b4df2e43/MethylationProfiling/e4f26a66-2859-4681-bc09-dbdbc091b0e1/call-CpgPileup/attempt-2/HG00438.combined.bed.gz.tbi?generation=1782876396684043	1	5GDkuQ==	wQ+UcWarKZPpY5oEKAU/lw==	CIuGtpLEsJUDEAE=
HG00438	hap1_bed	cpg_hap1_bed	gs://fc-fd42e80c-b41e-4e60-a9cf-b7c0ade168c4/submissions/6e7de2d8-07c0-4a64-9766-3068b4df2e43/MethylationProfiling/e4f26a66-2859-4681-bc09-dbdbc091b0e1/call-CpgPileup/attempt-2/HG00438.hap1.bed.gz	1782876395028044	287097745	md5_base64	UjN5xBhiMsKq+MCix/z3RA==	2026-07-01T03:26:35.031Z	2026-07-01T03:26:35.031Z	gs://fc-fd42e80c-b41e-4e60-a9cf-b7c0ade168c4/submissions/6e7de2d8-07c0-4a64-9766-3068b4df2e43/MethylationProfiling/e4f26a66-2859-4681-bc09-dbdbc091b0e1/call-CpgPileup/attempt-2/HG00438.hap1.bed.gz?generation=1782876395028044	1	xJUQfg==	UjN5xBhiMsKq+MCix/z3RA==	CMz80JHEsJUDEAE=
HG00438	hap1_bed_index	cpg_hap1_bed_idx	gs://fc-fd42e80c-b41e-4e60-a9cf-b7c0ade168c4/submissions/6e7de2d8-07c0-4a64-9766-3068b4df2e43/MethylationProfiling/e4f26a66-2859-4681-bc09-dbdbc091b0e1/call-CpgPileup/attempt-2/HG00438.hap1.bed.gz.tbi	1782876411495878	1650098	md5_base64	yHsWRKUi6JwLaErA9CZYeg==	2026-07-01T03:26:51.499Z	2026-07-01T03:26:51.499Z	gs://fc-fd42e80c-b41e-4e60-a9cf-b7c0ade168c4/submissions/6e7de2d8-07c0-4a64-9766-3068b4df2e43/MethylationProfiling/e4f26a66-2859-4681-bc09-dbdbc091b0e1/call-CpgPileup/attempt-2/HG00438.hap1.bed.gz.tbi?generation=1782876411495878	1	7Bo8cg==	yHsWRKUi6JwLaErA9CZYeg==	CMaLvpnEsJUDEAE=
HG00438	hap2_bed	cpg_hap2_bed	gs://fc-fd42e80c-b41e-4e60-a9cf-b7c0ade168c4/submissions/6e7de2d8-07c0-4a64-9766-3068b4df2e43/MethylationProfiling/e4f26a66-2859-4681-bc09-dbdbc091b0e1/call-CpgPileup/attempt-2/HG00438.hap2.bed.gz	1782876387092929	286588623	md5_base64	rHVSOgpytmpwhOmWPmIqCQ==	2026-07-01T03:26:27.098Z	2026-07-01T03:26:27.098Z	gs://fc-fd42e80c-b41e-4e60-a9cf-b7c0ade168c4/submissions/6e7de2d8-07c0-4a64-9766-3068b4df2e43/MethylationProfiling/e4f26a66-2859-4681-bc09-dbdbc091b0e1/call-CpgPileup/attempt-2/HG00438.hap2.bed.gz?generation=1782876387092929	1	Jq+4CA==	rHVSOgpytmpwhOmWPmIqCQ==	CMHT7I3EsJUDEAE=
HG00438	hap2_bed_index	cpg_hap2_bed_idx	gs://fc-fd42e80c-b41e-4e60-a9cf-b7c0ade168c4/submissions/6e7de2d8-07c0-4a64-9766-3068b4df2e43/MethylationProfiling/e4f26a66-2859-4681-bc09-dbdbc091b0e1/call-CpgPileup/attempt-2/HG00438.hap2.bed.gz.tbi	1782876413196833	1649378	md5_base64	Ufw7OmBN+CU4HlqLOiwYpQ==	2026-07-01T03:26:53.199Z	2026-07-01T03:26:53.199Z	gs://fc-fd42e80c-b41e-4e60-a9cf-b7c0ade168c4/submissions/6e7de2d8-07c0-4a64-9766-3068b4df2e43/MethylationProfiling/e4f26a66-2859-4681-bc09-dbdbc091b0e1/call-CpgPileup/attempt-2/HG00438.hap2.bed.gz.tbi?generation=1782876413196833	1	KVu/mQ==	Ufw7OmBN+CU4HlqLOiwYpQ==	CKH0pZrEsJUDEAE=
HG005	combined_bed	cpg_combined_bed	gs://fc-fd42e80c-b41e-4e60-a9cf-b7c0ade168c4/submissions/f0ab26b0-d66f-45be-8322-24218670bc4d/MethylationProfiling/616ccc54-7332-4041-925f-c55dd9ef98ae/call-CpgPileup/HG005.combined.bed.gz	1783874033265611	197639873	md5_base64	A+kNA94Mr/axatHpypdSig==	2026-07-12T16:33:53.269Z	2026-07-12T16:33:53.269Z	gs://fc-fd42e80c-b41e-4e60-a9cf-b7c0ade168c4/submissions/f0ab26b0-d66f-45be-8322-24218670bc4d/MethylationProfiling/616ccc54-7332-4041-925f-c55dd9ef98ae/call-CpgPileup/HG005.combined.bed.gz?generation=1783874033265611	1	l310TQ==	A+kNA94Mr/axatHpypdSig==	CMvXztDIzZUDEAE=
HG005	combined_bed_index	independently_verified_combined_bed_index	gs://fc-fd42e80c-b41e-4e60-a9cf-b7c0ade168c4/submissions/f0ab26b0-d66f-45be-8322-24218670bc4d/MethylationProfiling/616ccc54-7332-4041-925f-c55dd9ef98ae/call-CpgPileup/HG005.combined.bed.gz.tbi	1783874037103547	1693103	md5_base64	Fkymgii6ZveeG86eBaurwg==	2026-07-12T16:33:57.105Z	2026-07-12T16:33:57.105Z	gs://fc-fd42e80c-b41e-4e60-a9cf-b7c0ade168c4/submissions/f0ab26b0-d66f-45be-8322-24218670bc4d/MethylationProfiling/616ccc54-7332-4041-925f-c55dd9ef98ae/call-CpgPileup/HG005.combined.bed.gz.tbi?generation=1783874037103547	1	5Y6HCg==	Fkymgii6ZveeG86eBaurwg==	CLv3uNLIzZUDEAE=
HG005	hap1_bed	cpg_hap1_bed	gs://fc-fd42e80c-b41e-4e60-a9cf-b7c0ade168c4/submissions/f0ab26b0-d66f-45be-8322-24218670bc4d/MethylationProfiling/616ccc54-7332-4041-925f-c55dd9ef98ae/call-CpgPileup/HG005.hap1.bed.gz	1783874047414455	172856408	md5_base64	tqXjBKwJzQHb/ut97jGzXw==	2026-07-12T16:34:07.419Z	2026-07-12T16:34:07.419Z	gs://fc-fd42e80c-b41e-4e60-a9cf-b7c0ade168c4/submissions/f0ab26b0-d66f-45be-8322-24218670bc4d/MethylationProfiling/616ccc54-7332-4041-925f-c55dd9ef98ae/call-CpgPileup/HG005.hap1.bed.gz?generation=1783874047414455	1	TA2pPA==	tqXjBKwJzQHb/ut97jGzXw==	CLehrtfIzZUDEAE=
HG005	hap1_bed_index	cpg_hap1_bed_idx	gs://fc-fd42e80c-b41e-4e60-a9cf-b7c0ade168c4/submissions/f0ab26b0-d66f-45be-8322-24218670bc4d/MethylationProfiling/616ccc54-7332-4041-925f-c55dd9ef98ae/call-CpgPileup/HG005.hap1.bed.gz.tbi	1783874035181262	1555705	md5_base64	jiuyKU/jJmrUO9xIjQ3x1w==	2026-07-12T16:33:55.185Z	2026-07-12T16:33:55.185Z	gs://fc-fd42e80c-b41e-4e60-a9cf-b7c0ade168c4/submissions/f0ab26b0-d66f-45be-8322-24218670bc4d/MethylationProfiling/616ccc54-7332-4041-925f-c55dd9ef98ae/call-CpgPileup/HG005.hap1.bed.gz.tbi?generation=1783874035181262	1	nz7K5g==	jiuyKU/jJmrUO9xIjQ3x1w==	CM7Nw9HIzZUDEAE=
HG005	hap2_bed	cpg_hap2_bed	gs://fc-fd42e80c-b41e-4e60-a9cf-b7c0ade168c4/submissions/f0ab26b0-d66f-45be-8322-24218670bc4d/MethylationProfiling/616ccc54-7332-4041-925f-c55dd9ef98ae/call-CpgPileup/HG005.hap2.bed.gz	1783874041237781	172666006	md5_base64	4dw/Nro4dXseHRZmTqbebg==	2026-07-12T16:34:01.242Z	2026-07-12T16:34:01.242Z	gs://fc-fd42e80c-b41e-4e60-a9cf-b7c0ade168c4/submissions/f0ab26b0-d66f-45be-8322-24218670bc4d/MethylationProfiling/616ccc54-7332-4041-925f-c55dd9ef98ae/call-CpgPileup/HG005.hap2.bed.gz?generation=1783874041237781	1	Ld7JKQ==	4dw/Nro4dXseHRZmTqbebg==	CJWitdTIzZUDEAE=
HG005	hap2_bed_index	cpg_hap2_bed_idx	gs://fc-fd42e80c-b41e-4e60-a9cf-b7c0ade168c4/submissions/f0ab26b0-d66f-45be-8322-24218670bc4d/MethylationProfiling/616ccc54-7332-4041-925f-c55dd9ef98ae/call-CpgPileup/HG005.hap2.bed.gz.tbi	1783874049293964	1556207	md5_base64	BOBcjW+uDXUzKOFkS1wP8w==	2026-07-12T16:34:09.298Z	2026-07-12T16:34:09.298Z	gs://fc-fd42e80c-b41e-4e60-a9cf-b7c0ade168c4/submissions/f0ab26b0-d66f-45be-8322-24218670bc4d/MethylationProfiling/616ccc54-7332-4041-925f-c55dd9ef98ae/call-CpgPileup/HG005.hap2.bed.gz.tbi?generation=1783874049293964	1	LwqUYg==	BOBcjW+uDXUzKOFkS1wP8w==	CIz9oNjIzZUDEAE=
HG00544	combined_bed	cpg_combined_bed	gs://fc-fd42e80c-b41e-4e60-a9cf-b7c0ade168c4/submissions/a1e9b9ce-0d67-4d42-b107-b9821f44dd60/MethylationProfiling/825b7bef-9be9-4856-9671-cf0206d7b44d/call-CpgPileup/HG00544.combined.bed.gz	1777751124135722	289816710	md5_base64	5Xh22y//gbApk8mw31es+g==	2026-05-02T19:45:24.143Z	2026-06-03T14:42:09.641Z	gs://fc-fd42e80c-b41e-4e60-a9cf-b7c0ade168c4/submissions/a1e9b9ce-0d67-4d42-b107-b9821f44dd60/MethylationProfiling/825b7bef-9be9-4856-9671-cf0206d7b44d/call-CpgPileup/HG00544.combined.bed.gz?generation=1777751124135722	3	ng37FQ==	5Xh22y//gbApk8mw31es+g==	CKqeg4Kvm5QDEAM=
HG00544	combined_bed_index	independently_verified_combined_bed_index	gs://fc-fd42e80c-b41e-4e60-a9cf-b7c0ade168c4/submissions/a1e9b9ce-0d67-4d42-b107-b9821f44dd60/MethylationProfiling/825b7bef-9be9-4856-9671-cf0206d7b44d/call-CpgPileup/HG00544.combined.bed.gz.tbi	1777751102807980	1675847	md5_base64	2sHfKHazYP8x5ECAYDSd+A==	2026-05-02T19:45:02.828Z	2026-06-03T14:36:59.278Z	gs://fc-fd42e80c-b41e-4e60-a9cf-b7c0ade168c4/submissions/a1e9b9ce-0d67-4d42-b107-b9821f44dd60/MethylationProfiling/825b7bef-9be9-4856-9671-cf0206d7b44d/call-CpgPileup/HG00544.combined.bed.gz.tbi?generation=1777751102807980	3	OJqToA==	2sHfKHazYP8x5ECAYDSd+A==	CKy/7feum5QDEAM=
HG00544	hap1_bed	cpg_hap1_bed	gs://fc-fd42e80c-b41e-4e60-a9cf-b7c0ade168c4/submissions/a1e9b9ce-0d67-4d42-b107-b9821f44dd60/MethylationProfiling/825b7bef-9be9-4856-9671-cf0206d7b44d/call-CpgPileup/HG00544.hap1.bed.gz	1777751110185242	236324684	md5_base64	DsN+4MK2oRw8E+7CFrNUWw==	2026-05-02T19:45:10.189Z	2026-06-02T20:21:39.371Z	gs://fc-fd42e80c-b41e-4e60-a9cf-b7c0ade168c4/submissions/a1e9b9ce-0d67-4d42-b107-b9821f44dd60/MethylationProfiling/825b7bef-9be9-4856-9671-cf0206d7b44d/call-CpgPileup/HG00544.hap1.bed.gz?generation=1777751110185242	2	eq3lYQ==	DsN+4MK2oRw8E+7CFrNUWw==	CJrir/uum5QDEAI=
HG00544	hap1_bed_index	cpg_hap1_bed_idx	gs://fc-fd42e80c-b41e-4e60-a9cf-b7c0ade168c4/submissions/a1e9b9ce-0d67-4d42-b107-b9821f44dd60/MethylationProfiling/825b7bef-9be9-4856-9671-cf0206d7b44d/call-CpgPileup/HG00544.hap1.bed.gz.tbi	1777751112211095	1604861	md5_base64	lwNb2g1v5C9Z4k+UWNHI8Q==	2026-05-02T19:45:12.215Z	2026-06-02T20:31:31.325Z	gs://fc-fd42e80c-b41e-4e60-a9cf-b7c0ade168c4/submissions/a1e9b9ce-0d67-4d42-b107-b9821f44dd60/MethylationProfiling/825b7bef-9be9-4856-9671-cf0206d7b44d/call-CpgPileup/HG00544.hap1.bed.gz.tbi?generation=1777751112211095	2	pNNBIw==	lwNb2g1v5C9Z4k+UWNHI8Q==	CJe1q/yum5QDEAI=
HG00544	hap2_bed	cpg_hap2_bed	gs://fc-fd42e80c-b41e-4e60-a9cf-b7c0ade168c4/submissions/a1e9b9ce-0d67-4d42-b107-b9821f44dd60/MethylationProfiling/825b7bef-9be9-4856-9671-cf0206d7b44d/call-CpgPileup/HG00544.hap2.bed.gz	1777751100731564	236324208	md5_base64	tFl2P+1v4ZcJdJlkYUjaqA==	2026-05-02T19:45:00.735Z	2026-06-03T16:03:59.754Z	gs://fc-fd42e80c-b41e-4e60-a9cf-b7c0ade168c4/submissions/a1e9b9ce-0d67-4d42-b107-b9821f44dd60/MethylationProfiling/825b7bef-9be9-4856-9671-cf0206d7b44d/call-CpgPileup/HG00544.hap2.bed.gz?generation=1777751100731564	3	X7PVpg==	tFl2P+1v4ZcJdJlkYUjaqA==	CKzh7vaum5QDEAM=
HG00544	hap2_bed_index	cpg_hap2_bed_idx	gs://fc-fd42e80c-b41e-4e60-a9cf-b7c0ade168c4/submissions/a1e9b9ce-0d67-4d42-b107-b9821f44dd60/MethylationProfiling/825b7bef-9be9-4856-9671-cf0206d7b44d/call-CpgPileup/HG00544.hap2.bed.gz.tbi	1777751126326995	1603807	md5_base64	Dkwbn1MuI9qIttIsi6ewlg==	2026-05-02T19:45:26.331Z	2026-06-03T16:01:14.574Z	gs://fc-fd42e80c-b41e-4e60-a9cf-b7c0ade168c4/submissions/a1e9b9ce-0d67-4d42-b107-b9821f44dd60/MethylationProfiling/825b7bef-9be9-4856-9671-cf0206d7b44d/call-CpgPileup/HG00544.hap2.bed.gz.tbi?generation=1777751126326995	3	j1ls/A==	Dkwbn1MuI9qIttIsi6ewlg==	CNP9iIOvm5QDEAM=
HG00558	combined_bed	cpg_combined_bed	gs://fc-fd42e80c-b41e-4e60-a9cf-b7c0ade168c4/submissions/a1e9b9ce-0d67-4d42-b107-b9821f44dd60/MethylationProfiling/635a0d90-a969-4dee-885e-69e7dc005f54/call-CpgPileup/HG00558.combined.bed.gz	1777749734454560	338273083	md5_base64	6VWD7bJQHEbMMKx10xcQEA==	2026-05-02T19:22:14.458Z	2026-06-03T14:42:06.838Z	gs://fc-fd42e80c-b41e-4e60-a9cf-b7c0ade168c4/submissions/a1e9b9ce-0d67-4d42-b107-b9821f44dd60/MethylationProfiling/635a0d90-a969-4dee-885e-69e7dc005f54/call-CpgPileup/HG00558.combined.bed.gz?generation=1777749734454560	3	z/abrg==	6VWD7bJQHEbMMKx10xcQEA==	CKDqr+upm5QDEAM=
HG00558	combined_bed_index	independently_verified_combined_bed_index	gs://fc-fd42e80c-b41e-4e60-a9cf-b7c0ade168c4/submissions/a1e9b9ce-0d67-4d42-b107-b9821f44dd60/MethylationProfiling/635a0d90-a969-4dee-885e-69e7dc005f54/call-CpgPileup/HG00558.combined.bed.gz.tbi	1777749726254477	1683822	md5_base64	5mXFJ6aHo5M6A+DZ3wBCmw==	2026-05-02T19:22:06.257Z	2026-06-03T16:00:02.190Z	gs://fc-fd42e80c-b41e-4e60-a9cf-b7c0ade168c4/submissions/a1e9b9ce-0d67-4d42-b107-b9821f44dd60/MethylationProfiling/635a0d90-a969-4dee-885e-69e7dc005f54/call-CpgPileup/HG00558.combined.bed.gz.tbi?generation=1777749726254477	3	xRf4gg==	5mXFJ6aHo5M6A+DZ3wBCmw==	CI2ru+epm5QDEAM=
HG00558	hap1_bed	cpg_hap1_bed	gs://fc-fd42e80c-b41e-4e60-a9cf-b7c0ade168c4/submissions/a1e9b9ce-0d67-4d42-b107-b9821f44dd60/MethylationProfiling/635a0d90-a969-4dee-885e-69e7dc005f54/call-CpgPileup/HG00558.hap1.bed.gz	1777749724333636	298978116	md5_base64	62OtlHQZhKI1yr4OZ/aavQ==	2026-05-02T19:22:04.338Z	2026-06-02T19:47:06.166Z	gs://fc-fd42e80c-b41e-4e60-a9cf-b7c0ade168c4/submissions/a1e9b9ce-0d67-4d42-b107-b9821f44dd60/MethylationProfiling/635a0d90-a969-4dee-885e-69e7dc005f54/call-CpgPileup/HG00558.hap1.bed.gz?generation=1777749724333636	2	1m5dYw==	62OtlHQZhKI1yr4OZ/aavQ==	CMSMxuapm5QDEAI=
HG00558	hap1_bed_index	cpg_hap1_bed_idx	gs://fc-fd42e80c-b41e-4e60-a9cf-b7c0ade168c4/submissions/a1e9b9ce-0d67-4d42-b107-b9821f44dd60/MethylationProfiling/635a0d90-a969-4dee-885e-69e7dc005f54/call-CpgPileup/HG00558.hap1.bed.gz.tbi	1777749710322409	1651137	md5_base64	at0VbCdr5iMB95aGBqTSVw==	2026-05-02T19:21:50.326Z	2026-06-02T19:54:17.687Z	gs://fc-fd42e80c-b41e-4e60-a9cf-b7c0ade168c4/submissions/a1e9b9ce-0d67-4d42-b107-b9821f44dd60/MethylationProfiling/635a0d90-a969-4dee-885e-69e7dc005f54/call-CpgPileup/HG00558.hap1.bed.gz.tbi?generation=1777749710322409	2	LpYGUA==	at0VbCdr5iMB95aGBqTSVw==	COn17t+pm5QDEAI=
HG00558	hap2_bed	cpg_hap2_bed	gs://fc-fd42e80c-b41e-4e60-a9cf-b7c0ade168c4/submissions/a1e9b9ce-0d67-4d42-b107-b9821f44dd60/MethylationProfiling/635a0d90-a969-4dee-885e-69e7dc005f54/call-CpgPileup/HG00558.hap2.bed.gz	1777749716768079	298839272	md5_base64	oprMXx5FwR9OS7Dbk/Oomg==	2026-05-02T19:21:56.772Z	2026-06-02T20:14:40.037Z	gs://fc-fd42e80c-b41e-4e60-a9cf-b7c0ade168c4/submissions/a1e9b9ce-0d67-4d42-b107-b9821f44dd60/MethylationProfiling/635a0d90-a969-4dee-885e-69e7dc005f54/call-CpgPileup/HG00558.hap2.bed.gz?generation=1777749716768079	2	1pEsRg==	oprMXx5FwR9OS7Dbk/Oomg==	CM+q+OKpm5QDEAI=
HG00558	hap2_bed_index	cpg_hap2_bed_idx	gs://fc-fd42e80c-b41e-4e60-a9cf-b7c0ade168c4/submissions/a1e9b9ce-0d67-4d42-b107-b9821f44dd60/MethylationProfiling/635a0d90-a969-4dee-885e-69e7dc005f54/call-CpgPileup/HG00558.hap2.bed.gz.tbi	1777749708289262	1651439	md5_base64	vQ7dnZSEkDbvBLxm+13OBQ==	2026-05-02T19:21:48.292Z	2026-06-03T15:40:06.957Z	gs://fc-fd42e80c-b41e-4e60-a9cf-b7c0ade168c4/submissions/a1e9b9ce-0d67-4d42-b107-b9821f44dd60/MethylationProfiling/635a0d90-a969-4dee-885e-69e7dc005f54/call-CpgPileup/HG00558.hap2.bed.gz.tbi?generation=1777749708289262	3	8CYyoA==	vQ7dnZSEkDbvBLxm+13OBQ==	CO7p8t6pm5QDEAM=
HG00597	combined_bed	cpg_combined_bed	gs://fc-fd42e80c-b41e-4e60-a9cf-b7c0ade168c4/submissions/a1e9b9ce-0d67-4d42-b107-b9821f44dd60/MethylationProfiling/4735a94c-0fdd-44aa-9fa3-636e7098a9da/call-CpgPileup/HG00597.combined.bed.gz	1777749971158882	362063889	md5_base64	/lV844VlgaqZns9D8UnAfA==	2026-05-02T19:26:11.163Z	2026-06-03T15:55:18.601Z	gs://fc-fd42e80c-b41e-4e60-a9cf-b7c0ade168c4/submissions/a1e9b9ce-0d67-4d42-b107-b9821f44dd60/MethylationProfiling/4735a94c-0fdd-44aa-9fa3-636e7098a9da/call-CpgPileup/HG00597.combined.bed.gz?generation=1777749971158882	3	IcrrWw==	/lV844VlgaqZns9D8UnAfA==	COKOn9yqm5QDEAM=
HG00597	combined_bed_index	independently_verified_combined_bed_index	gs://fc-fd42e80c-b41e-4e60-a9cf-b7c0ade168c4/submissions/a1e9b9ce-0d67-4d42-b107-b9821f44dd60/MethylationProfiling/4735a94c-0fdd-44aa-9fa3-636e7098a9da/call-CpgPileup/HG00597.combined.bed.gz.tbi	1777749939196374	1684891	md5_base64	ybyJRxq9uPPNjO4YNfxrcw==	2026-05-02T19:25:39.200Z	2026-06-02T20:29:32.664Z	gs://fc-fd42e80c-b41e-4e60-a9cf-b7c0ade168c4/submissions/a1e9b9ce-0d67-4d42-b107-b9821f44dd60/MethylationProfiling/4735a94c-0fdd-44aa-9fa3-636e7098a9da/call-CpgPileup/HG00597.combined.bed.gz.tbi?generation=1777749939196374	2	JTFmqg==	ybyJRxq9uPPNjO4YNfxrcw==	CNajgM2qm5QDEAI=
HG00597	hap1_bed	cpg_hap1_bed	gs://fc-fd42e80c-b41e-4e60-a9cf-b7c0ade168c4/submissions/a1e9b9ce-0d67-4d42-b107-b9821f44dd60/MethylationProfiling/4735a94c-0fdd-44aa-9fa3-636e7098a9da/call-CpgPileup/HG00597.hap1.bed.gz	1777749950216744	314772560	md5_base64	JBqLEMpMeswJoVIx+J0FNQ==	2026-05-02T19:25:50.221Z	2026-06-03T15:37:03.485Z	gs://fc-fd42e80c-b41e-4e60-a9cf-b7c0ade168c4/submissions/a1e9b9ce-0d67-4d42-b107-b9821f44dd60/MethylationProfiling/4735a94c-0fdd-44aa-9fa3-636e7098a9da/call-CpgPileup/HG00597.hap1.bed.gz?generation=1777749950216744	3	IjljUA==	JBqLEMpMeswJoVIx+J0FNQ==	CKj0oNKqm5QDEAM=
HG00597	hap1_bed_index	cpg_hap1_bed_idx	gs://fc-fd42e80c-b41e-4e60-a9cf-b7c0ade168c4/submissions/a1e9b9ce-0d67-4d42-b107-b9821f44dd60/MethylationProfiling/4735a94c-0fdd-44aa-9fa3-636e7098a9da/call-CpgPileup/HG00597.hap1.bed.gz.tbi	1777749961790679	1641655	md5_base64	JZel3a/RfE4WBphDNHRsvw==	2026-05-02T19:26:01.802Z	2026-06-03T15:22:59.345Z	gs://fc-fd42e80c-b41e-4e60-a9cf-b7c0ade168c4/submissions/a1e9b9ce-0d67-4d42-b107-b9821f44dd60/MethylationProfiling/4735a94c-0fdd-44aa-9fa3-636e7098a9da/call-CpgPileup/HG00597.hap1.bed.gz.tbi?generation=1777749961790679	3	BMWegQ==	JZel3a/RfE4WBphDNHRsvw==	CNep49eqm5QDEAM=
HG00597	hap2_bed	cpg_hap2_bed	gs://fc-fd42e80c-b41e-4e60-a9cf-b7c0ade168c4/submissions/a1e9b9ce-0d67-4d42-b107-b9821f44dd60/MethylationProfiling/4735a94c-0fdd-44aa-9fa3-636e7098a9da/call-CpgPileup/HG00597.hap2.bed.gz	1777749957908098	314325756	md5_base64	jqVk5BZmjg6qSh86+/ViIw==	2026-05-02T19:25:57.916Z	2026-06-03T15:07:59.915Z	gs://fc-fd42e80c-b41e-4e60-a9cf-b7c0ade168c4/submissions/a1e9b9ce-0d67-4d42-b107-b9821f44dd60/MethylationProfiling/4735a94c-0fdd-44aa-9fa3-636e7098a9da/call-CpgPileup/HG00597.hap2.bed.gz?generation=1777749957908098	3	PzLW2w==	jqVk5BZmjg6qSh86+/ViIw==	CIKt9tWqm5QDEAM=
HG00597	hap2_bed_index	cpg_hap2_bed_idx	gs://fc-fd42e80c-b41e-4e60-a9cf-b7c0ade168c4/submissions/a1e9b9ce-0d67-4d42-b107-b9821f44dd60/MethylationProfiling/4735a94c-0fdd-44aa-9fa3-636e7098a9da/call-CpgPileup/HG00597.hap2.bed.gz.tbi	1777749959900810	1641119	md5_base64	DWAc93wwIwLokuGsUPZpCQ==	2026-05-02T19:25:59.904Z	2026-06-03T15:51:48.463Z	gs://fc-fd42e80c-b41e-4e60-a9cf-b7c0ade168c4/submissions/a1e9b9ce-0d67-4d42-b107-b9821f44dd60/MethylationProfiling/4735a94c-0fdd-44aa-9fa3-636e7098a9da/call-CpgPileup/HG00597.hap2.bed.gz.tbi?generation=1777749959900810	3	Cip6IQ==	DWAc93wwIwLokuGsUPZpCQ==	CIr979aqm5QDEAM=
HG00609	combined_bed	cpg_combined_bed	gs://fc-fd42e80c-b41e-4e60-a9cf-b7c0ade168c4/submissions/a1e9b9ce-0d67-4d42-b107-b9821f44dd60/MethylationProfiling/3eea5dc0-5068-4995-87f7-3985e29fb6f5/call-CpgPileup/HG00609.combined.bed.gz	1777750829617134	305375894	md5_base64	w1HZpqBsDQJ/tAtA6lOC+w==	2026-05-02T19:40:29.621Z	2026-06-03T15:09:23.982Z	gs://fc-fd42e80c-b41e-4e60-a9cf-b7c0ade168c4/submissions/a1e9b9ce-0d67-4d42-b107-b9821f44dd60/MethylationProfiling/3eea5dc0-5068-4995-87f7-3985e29fb6f5/call-CpgPileup/HG00609.combined.bed.gz?generation=1777750829617134	3	suFj0A==	w1HZpqBsDQJ/tAtA6lOC+w==	CO6fy/Wtm5QDEAM=
HG00609	combined_bed_index	independently_verified_combined_bed_index	gs://fc-fd42e80c-b41e-4e60-a9cf-b7c0ade168c4/submissions/a1e9b9ce-0d67-4d42-b107-b9821f44dd60/MethylationProfiling/3eea5dc0-5068-4995-87f7-3985e29fb6f5/call-CpgPileup/HG00609.combined.bed.gz.tbi	1777750831513928	1690283	md5_base64	fc91HksMDSrAbqaE98WnAA==	2026-05-02T19:40:31.517Z	2026-06-03T15:56:35.014Z	gs://fc-fd42e80c-b41e-4e60-a9cf-b7c0ade168c4/submissions/a1e9b9ce-0d67-4d42-b107-b9821f44dd60/MethylationProfiling/3eea5dc0-5068-4995-87f7-3985e29fb6f5/call-CpgPileup/HG00609.combined.bed.gz.tbi?generation=1777750831513928	3	tXRS8g==	fc91HksMDSrAbqaE98WnAA==	CMiCv/atm5QDEAM=
HG00609	hap1_bed	cpg_hap1_bed	gs://fc-fd42e80c-b41e-4e60-a9cf-b7c0ade168c4/submissions/a1e9b9ce-0d67-4d42-b107-b9821f44dd60/MethylationProfiling/3eea5dc0-5068-4995-87f7-3985e29fb6f5/call-CpgPileup/HG00609.hap1.bed.gz	1777750861021982	251002111	md5_base64	HFENcD9BAIVhnzlm5eNOhA==	2026-05-02T19:41:01.033Z	2026-06-02T20:21:04.524Z	gs://fc-fd42e80c-b41e-4e60-a9cf-b7c0ade168c4/submissions/a1e9b9ce-0d67-4d42-b107-b9821f44dd60/MethylationProfiling/3eea5dc0-5068-4995-87f7-3985e29fb6f5/call-CpgPileup/HG00609.hap1.bed.gz?generation=1777750861021982	2	ydii7w==	HFENcD9BAIVhnzlm5eNOhA==	CJ6GyISum5QDEAI=
HG00609	hap1_bed_index	cpg_hap1_bed_idx	gs://fc-fd42e80c-b41e-4e60-a9cf-b7c0ade168c4/submissions/a1e9b9ce-0d67-4d42-b107-b9821f44dd60/MethylationProfiling/3eea5dc0-5068-4995-87f7-3985e29fb6f5/call-CpgPileup/HG00609.hap1.bed.gz.tbi	1777750862988115	1546150	md5_base64	35kTbO/iPb/hvmaHStSmEA==	2026-05-02T19:41:02.993Z	2026-06-03T15:15:57.471Z	gs://fc-fd42e80c-b41e-4e60-a9cf-b7c0ade168c4/submissions/a1e9b9ce-0d67-4d42-b107-b9821f44dd60/MethylationProfiling/3eea5dc0-5068-4995-87f7-3985e29fb6f5/call-CpgPileup/HG00609.hap1.bed.gz.tbi?generation=1777750862988115	3	PpQwsA==	35kTbO/iPb/hvmaHStSmEA==	CNOGwIWum5QDEAM=
HG00609	hap2_bed	cpg_hap2_bed	gs://fc-fd42e80c-b41e-4e60-a9cf-b7c0ade168c4/submissions/a1e9b9ce-0d67-4d42-b107-b9821f44dd60/MethylationProfiling/3eea5dc0-5068-4995-87f7-3985e29fb6f5/call-CpgPileup/HG00609.hap2.bed.gz	1777750844510843	250917523	md5_base64	j29I1OgglQFbdalPEWJ+MA==	2026-05-02T19:40:44.515Z	2026-06-03T15:01:01.138Z	gs://fc-fd42e80c-b41e-4e60-a9cf-b7c0ade168c4/submissions/a1e9b9ce-0d67-4d42-b107-b9821f44dd60/MethylationProfiling/3eea5dc0-5068-4995-87f7-3985e29fb6f5/call-CpgPileup/HG00609.hap2.bed.gz?generation=1777750844510843	3	T2f8JA==	j29I1OgglQFbdalPEWJ+MA==	CPuk2Pytm5QDEAM=
HG00609	hap2_bed_index	cpg_hap2_bed_idx	gs://fc-fd42e80c-b41e-4e60-a9cf-b7c0ade168c4/submissions/a1e9b9ce-0d67-4d42-b107-b9821f44dd60/MethylationProfiling/3eea5dc0-5068-4995-87f7-3985e29fb6f5/call-CpgPileup/HG00609.hap2.bed.gz.tbi	1777750846415962	1545821	md5_base64	7idHCFyyXUTymaCTtJ401w==	2026-05-02T19:40:46.422Z	2026-06-02T19:42:56.976Z	gs://fc-fd42e80c-b41e-4e60-a9cf-b7c0ade168c4/submissions/a1e9b9ce-0d67-4d42-b107-b9821f44dd60/MethylationProfiling/3eea5dc0-5068-4995-87f7-3985e29fb6f5/call-CpgPileup/HG00609.hap2.bed.gz.tbi?generation=1777750846415962	2	g4+hhQ==	7idHCFyyXUTymaCTtJ401w==	CNrIzP2tm5QDEAI=
HG00621	combined_bed	cpg_combined_bed	gs://fc-fd42e80c-b41e-4e60-a9cf-b7c0ade168c4/submissions/a1e9b9ce-0d67-4d42-b107-b9821f44dd60/MethylationProfiling/85bf3536-578a-47f6-a5c1-5ec55ebdb794/call-CpgPileup/HG00621.combined.bed.gz	1777750987845211	258348635	md5_base64	MrHuKA6uVFrW0GdKMgvPCA==	2026-05-02T19:43:07.858Z	2026-06-02T20:31:31.325Z	gs://fc-fd42e80c-b41e-4e60-a9cf-b7c0ade168c4/submissions/a1e9b9ce-0d67-4d42-b107-b9821f44dd60/MethylationProfiling/85bf3536-578a-47f6-a5c1-5ec55ebdb794/call-CpgPileup/HG00621.combined.bed.gz?generation=1777750987845211	2	gqkFEQ==	MrHuKA6uVFrW0GdKMgvPCA==	CNvchMGum5QDEAI=
HG00621	combined_bed_index	independently_verified_combined_bed_index	gs://fc-fd42e80c-b41e-4e60-a9cf-b7c0ade168c4/submissions/a1e9b9ce-0d67-4d42-b107-b9821f44dd60/MethylationProfiling/85bf3536-578a-47f6-a5c1-5ec55ebdb794/call-CpgPileup/HG00621.combined.bed.gz.tbi	1777750993338498	1668342	md5_base64	6UHHI+9dWDOORy1BjrArtg==	2026-05-02T19:43:13.343Z	2026-06-03T15:22:59.345Z	gs://fc-fd42e80c-b41e-4e60-a9cf-b7c0ade168c4/submissions/a1e9b9ce-0d67-4d42-b107-b9821f44dd60/MethylationProfiling/85bf3536-578a-47f6-a5c1-5ec55ebdb794/call-CpgPileup/HG00621.combined.bed.gz.tbi?generation=1777750993338498	3	QukVLg==	6UHHI+9dWDOORy1BjrArtg==	CIKB1MOum5QDEAM=
HG00621	hap1_bed	cpg_hap1_bed	gs://fc-fd42e80c-b41e-4e60-a9cf-b7c0ade168c4/submissions/a1e9b9ce-0d67-4d42-b107-b9821f44dd60/MethylationProfiling/85bf3536-578a-47f6-a5c1-5ec55ebdb794/call-CpgPileup/HG00621.hap1.bed.gz	1777750983346042	156762240	md5_base64	epZjpDII8O/V3kAV7d8MGw==	2026-05-02T19:43:03.349Z	2026-06-03T15:17:08.129Z	gs://fc-fd42e80c-b41e-4e60-a9cf-b7c0ade168c4/submissions/a1e9b9ce-0d67-4d42-b107-b9821f44dd60/MethylationProfiling/85bf3536-578a-47f6-a5c1-5ec55ebdb794/call-CpgPileup/HG00621.hap1.bed.gz?generation=1777750983346042	3	EsvX2A==	epZjpDII8O/V3kAV7d8MGw==	CPqO8r6um5QDEAM=
HG00621	hap1_bed_index	cpg_hap1_bed_idx	gs://fc-fd42e80c-b41e-4e60-a9cf-b7c0ade168c4/submissions/a1e9b9ce-0d67-4d42-b107-b9821f44dd60/MethylationProfiling/85bf3536-578a-47f6-a5c1-5ec55ebdb794/call-CpgPileup/HG00621.hap1.bed.gz.tbi	1777750989697927	1371141	md5_base64	hRX6PWfWf8ORNOkvI3mGlw==	2026-05-02T19:43:09.701Z	2026-06-03T14:28:57.657Z	gs://fc-fd42e80c-b41e-4e60-a9cf-b7c0ade168c4/submissions/a1e9b9ce-0d67-4d42-b107-b9821f44dd60/MethylationProfiling/85bf3536-578a-47f6-a5c1-5ec55ebdb794/call-CpgPileup/HG00621.hap1.bed.gz.tbi?generation=1777750989697927	3	ZjiHcg==	hRX6PWfWf8ORNOkvI3mGlw==	CIfn9cGum5QDEAM=
HG00621	hap2_bed	cpg_hap2_bed	gs://fc-fd42e80c-b41e-4e60-a9cf-b7c0ade168c4/submissions/a1e9b9ce-0d67-4d42-b107-b9821f44dd60/MethylationProfiling/85bf3536-578a-47f6-a5c1-5ec55ebdb794/call-CpgPileup/HG00621.hap2.bed.gz	1777750977922393	155747414	md5_base64	GrubLrqNk3Ol+6G5FX+Klg==	2026-05-02T19:42:57.928Z	2026-06-03T15:01:01.138Z	gs://fc-fd42e80c-b41e-4e60-a9cf-b7c0ade168c4/submissions/a1e9b9ce-0d67-4d42-b107-b9821f44dd60/MethylationProfiling/85bf3536-578a-47f6-a5c1-5ec55ebdb794/call-CpgPileup/HG00621.hap2.bed.gz?generation=1777750977922393	3	0RUE6Q==	GrubLrqNk3Ol+6G5FX+Klg==	CNmKp7yum5QDEAM=
HG00621	hap2_bed_index	cpg_hap2_bed_idx	gs://fc-fd42e80c-b41e-4e60-a9cf-b7c0ade168c4/submissions/a1e9b9ce-0d67-4d42-b107-b9821f44dd60/MethylationProfiling/85bf3536-578a-47f6-a5c1-5ec55ebdb794/call-CpgPileup/HG00621.hap2.bed.gz.tbi	1777750991512869	1364297	md5_base64	Cxy406wNE/4FBnhpCu6Htw==	2026-05-02T19:43:11.518Z	2026-06-03T14:55:00.288Z	gs://fc-fd42e80c-b41e-4e60-a9cf-b7c0ade168c4/submissions/a1e9b9ce-0d67-4d42-b107-b9821f44dd60/MethylationProfiling/85bf3536-578a-47f6-a5c1-5ec55ebdb794/call-CpgPileup/HG00621.hap2.bed.gz.tbi?generation=1777750991512869	3	GtARjw==	Cxy406wNE/4FBnhpCu6Htw==	CKXK5MKum5QDEAM=
HG00639	combined_bed	cpg_combined_bed	gs://fc-fd42e80c-b41e-4e60-a9cf-b7c0ade168c4/submissions/a1e9b9ce-0d67-4d42-b107-b9821f44dd60/MethylationProfiling/efd14e6d-60c6-4b2f-b133-b2e9cdc642b8/call-CpgPileup/HG00639.combined.bed.gz	1777749952155227	339161052	md5_base64	Wytci46j6yp6qZaLrNyGBA==	2026-05-02T19:25:52.160Z	2026-06-03T15:27:01.507Z	gs://fc-fd42e80c-b41e-4e60-a9cf-b7c0ade168c4/submissions/a1e9b9ce-0d67-4d42-b107-b9821f44dd60/MethylationProfiling/efd14e6d-60c6-4b2f-b133-b2e9cdc642b8/call-CpgPileup/HG00639.combined.bed.gz?generation=1777749952155227	3	n457iA==	Wytci46j6yp6qZaLrNyGBA==	CNucl9Oqm5QDEAM=
HG00639	combined_bed_index	independently_verified_combined_bed_index	gs://fc-fd42e80c-b41e-4e60-a9cf-b7c0ade168c4/submissions/a1e9b9ce-0d67-4d42-b107-b9821f44dd60/MethylationProfiling/efd14e6d-60c6-4b2f-b133-b2e9cdc642b8/call-CpgPileup/HG00639.combined.bed.gz.tbi	1777749961542613	1684252	md5_base64	uFnE1a6tOQGJJnIj7Vco3A==	2026-05-02T19:26:01.545Z	2026-06-02T19:45:24.035Z	gs://fc-fd42e80c-b41e-4e60-a9cf-b7c0ade168c4/submissions/a1e9b9ce-0d67-4d42-b107-b9821f44dd60/MethylationProfiling/efd14e6d-60c6-4b2f-b133-b2e9cdc642b8/call-CpgPileup/HG00639.combined.bed.gz.tbi?generation=1777749961542613	2	YcxJeQ==	uFnE1a6tOQGJJnIj7Vco3A==	CNWX1Neqm5QDEAI=
HG00639	hap1_bed	cpg_hap1_bed	gs://fc-fd42e80c-b41e-4e60-a9cf-b7c0ade168c4/submissions/a1e9b9ce-0d67-4d42-b107-b9821f44dd60/MethylationProfiling/efd14e6d-60c6-4b2f-b133-b2e9cdc642b8/call-CpgPileup/HG00639.hap1.bed.gz	1777749946523254	302143296	md5_base64	haa6ZsKK0EwYVapKC0FosA==	2026-05-02T19:25:46.528Z	2026-06-03T15:52:11.946Z	gs://fc-fd42e80c-b41e-4e60-a9cf-b7c0ade168c4/submissions/a1e9b9ce-0d67-4d42-b107-b9821f44dd60/MethylationProfiling/efd14e6d-60c6-4b2f-b133-b2e9cdc642b8/call-CpgPileup/HG00639.hap1.bed.gz?generation=1777749946523254	3	NzVVNQ==	haa6ZsKK0EwYVapKC0FosA==	CPa8v9Cqm5QDEAM=
HG00639	hap1_bed_index	cpg_hap1_bed_idx	gs://fc-fd42e80c-b41e-4e60-a9cf-b7c0ade168c4/submissions/a1e9b9ce-0d67-4d42-b107-b9821f44dd60/MethylationProfiling/efd14e6d-60c6-4b2f-b133-b2e9cdc642b8/call-CpgPileup/HG00639.hap1.bed.gz.tbi	1777749954035835	1660103	md5_base64	6T7dCsu/w874fis2ZGt3UA==	2026-05-02T19:25:54.039Z	2026-06-03T14:30:02.485Z	gs://fc-fd42e80c-b41e-4e60-a9cf-b7c0ade168c4/submissions/a1e9b9ce-0d67-4d42-b107-b9821f44dd60/MethylationProfiling/efd14e6d-60c6-4b2f-b133-b2e9cdc642b8/call-CpgPileup/HG00639.hap1.bed.gz.tbi?generation=1777749954035835	3	5hzOqg==	6T7dCsu/w874fis2ZGt3UA==	CPuAitSqm5QDEAM=
HG00639	hap2_bed	cpg_hap2_bed	gs://fc-fd42e80c-b41e-4e60-a9cf-b7c0ade168c4/submissions/a1e9b9ce-0d67-4d42-b107-b9821f44dd60/MethylationProfiling/efd14e6d-60c6-4b2f-b133-b2e9cdc642b8/call-CpgPileup/HG00639.hap2.bed.gz	1777749959738440	302259688	md5_base64	gFU/98h/EkZd0HM8mWbmSw==	2026-05-02T19:25:59.743Z	2026-06-02T20:13:05.941Z	gs://fc-fd42e80c-b41e-4e60-a9cf-b7c0ade168c4/submissions/a1e9b9ce-0d67-4d42-b107-b9821f44dd60/MethylationProfiling/efd14e6d-60c6-4b2f-b133-b2e9cdc642b8/call-CpgPileup/HG00639.hap2.bed.gz?generation=1777749959738440	2	0Psbww==	gFU/98h/EkZd0HM8mWbmSw==	CMiI5taqm5QDEAI=
HG00639	hap2_bed_index	cpg_hap2_bed_idx	gs://fc-fd42e80c-b41e-4e60-a9cf-b7c0ade168c4/submissions/a1e9b9ce-0d67-4d42-b107-b9821f44dd60/MethylationProfiling/efd14e6d-60c6-4b2f-b133-b2e9cdc642b8/call-CpgPileup/HG00639.hap2.bed.gz.tbi	1777749963365191	1660896	md5_base64	GI3kEnhb6D+uHGO6PvtxiA==	2026-05-02T19:26:03.372Z	2026-06-02T20:36:03.310Z	gs://fc-fd42e80c-b41e-4e60-a9cf-b7c0ade168c4/submissions/a1e9b9ce-0d67-4d42-b107-b9821f44dd60/MethylationProfiling/efd14e6d-60c6-4b2f-b133-b2e9cdc642b8/call-CpgPileup/HG00639.hap2.bed.gz.tbi?generation=1777749963365191	2	064zWw==	GI3kEnhb6D+uHGO6PvtxiA==	CMe2w9iqm5QDEAI=
HG00642	combined_bed	cpg_combined_bed	gs://fc-fd42e80c-b41e-4e60-a9cf-b7c0ade168c4/submissions/a1e9b9ce-0d67-4d42-b107-b9821f44dd60/MethylationProfiling/0976adab-15be-4cf3-b32b-6750e9a8154b/call-CpgPileup/HG00642.combined.bed.gz	1777750367567723	284716623	md5_base64	Bn6LZmxAP97N9WXOIZA86A==	2026-05-02T19:32:47.572Z	2026-06-03T14:30:57.370Z	gs://fc-fd42e80c-b41e-4e60-a9cf-b7c0ade168c4/submissions/a1e9b9ce-0d67-4d42-b107-b9821f44dd60/MethylationProfiling/0976adab-15be-4cf3-b32b-6750e9a8154b/call-CpgPileup/HG00642.combined.bed.gz?generation=1777750367567723	3	ZmaeuA==	Bn6LZmxAP97N9WXOIZA86A==	COv+oZmsm5QDEAM=
HG00642	combined_bed_index	independently_verified_combined_bed_index	gs://fc-fd42e80c-b41e-4e60-a9cf-b7c0ade168c4/submissions/a1e9b9ce-0d67-4d42-b107-b9821f44dd60/MethylationProfiling/0976adab-15be-4cf3-b32b-6750e9a8154b/call-CpgPileup/HG00642.combined.bed.gz.tbi	1777750369448976	1683640	md5_base64	yFw3oI2i7LyGpbXkC/c9eQ==	2026-05-02T19:32:49.452Z	2026-06-03T15:53:34.942Z	gs://fc-fd42e80c-b41e-4e60-a9cf-b7c0ade168c4/submissions/a1e9b9ce-0d67-4d42-b107-b9821f44dd60/MethylationProfiling/0976adab-15be-4cf3-b32b-6750e9a8154b/call-CpgPileup/HG00642.combined.bed.gz.tbi?generation=1777750369448976	3	oTayTQ==	yFw3oI2i7LyGpbXkC/c9eQ==	CJDolJqsm5QDEAM=
HG00642	hap1_bed	cpg_hap1_bed	gs://fc-fd42e80c-b41e-4e60-a9cf-b7c0ade168c4/submissions/a1e9b9ce-0d67-4d42-b107-b9821f44dd60/MethylationProfiling/0976adab-15be-4cf3-b32b-6750e9a8154b/call-CpgPileup/HG00642.hap1.bed.gz	1777750382431489	217790770	md5_base64	mxHSZO41h5WozbfK8neYSA==	2026-05-02T19:33:02.438Z	2026-06-03T16:03:02.720Z	gs://fc-fd42e80c-b41e-4e60-a9cf-b7c0ade168c4/submissions/a1e9b9ce-0d67-4d42-b107-b9821f44dd60/MethylationProfiling/0976adab-15be-4cf3-b32b-6750e9a8154b/call-CpgPileup/HG00642.hap1.bed.gz?generation=1777750382431489	3	bGGrOg==	mxHSZO41h5WozbfK8neYSA==	CIGaraCsm5QDEAM=
HG00642	hap1_bed_index	cpg_hap1_bed_idx	gs://fc-fd42e80c-b41e-4e60-a9cf-b7c0ade168c4/submissions/a1e9b9ce-0d67-4d42-b107-b9821f44dd60/MethylationProfiling/0976adab-15be-4cf3-b32b-6750e9a8154b/call-CpgPileup/HG00642.hap1.bed.gz.tbi	1777750371391425	1517078	md5_base64	B/yKTTcVcJpGQhHu3XVFAg==	2026-05-02T19:32:51.397Z	2026-06-02T19:57:10.921Z	gs://fc-fd42e80c-b41e-4e60-a9cf-b7c0ade168c4/submissions/a1e9b9ce-0d67-4d42-b107-b9821f44dd60/MethylationProfiling/0976adab-15be-4cf3-b32b-6750e9a8154b/call-CpgPileup/HG00642.hap1.bed.gz.tbi?generation=1777750371391425	2	I+3xqg==	B/yKTTcVcJpGQhHu3XVFAg==	CMGvi5usm5QDEAI=
HG00642	hap2_bed	cpg_hap2_bed	gs://fc-fd42e80c-b41e-4e60-a9cf-b7c0ade168c4/submissions/a1e9b9ce-0d67-4d42-b107-b9821f44dd60/MethylationProfiling/0976adab-15be-4cf3-b32b-6750e9a8154b/call-CpgPileup/HG00642.hap2.bed.gz	1777750375529436	217531978	md5_base64	69yufkXSZ2o3VAIaVysVwQ==	2026-05-02T19:32:55.533Z	2026-06-03T14:44:58.850Z	gs://fc-fd42e80c-b41e-4e60-a9cf-b7c0ade168c4/submissions/a1e9b9ce-0d67-4d42-b107-b9821f44dd60/MethylationProfiling/0976adab-15be-4cf3-b32b-6750e9a8154b/call-CpgPileup/HG00642.hap2.bed.gz?generation=1777750375529436	3	AUePnQ==	69yufkXSZ2o3VAIaVysVwQ==	CNz3h52sm5QDEAM=
HG00642	hap2_bed_index	cpg_hap2_bed_idx	gs://fc-fd42e80c-b41e-4e60-a9cf-b7c0ade168c4/submissions/a1e9b9ce-0d67-4d42-b107-b9821f44dd60/MethylationProfiling/0976adab-15be-4cf3-b32b-6750e9a8154b/call-CpgPileup/HG00642.hap2.bed.gz.tbi	1777750377479224	1515109	md5_base64	d/pVDc0/ltqc2CTAVOa5WA==	2026-05-02T19:32:57.483Z	2026-06-03T14:42:09.641Z	gs://fc-fd42e80c-b41e-4e60-a9cf-b7c0ade168c4/submissions/a1e9b9ce-0d67-4d42-b107-b9821f44dd60/MethylationProfiling/0976adab-15be-4cf3-b32b-6750e9a8154b/call-CpgPileup/HG00642.hap2.bed.gz.tbi?generation=1777750377479224	3	nyR5xw==	d/pVDc0/ltqc2CTAVOa5WA==	CLj4/p2sm5QDEAM=
HG00658	combined_bed	cpg_combined_bed	gs://fc-fd42e80c-b41e-4e60-a9cf-b7c0ade168c4/submissions/a1e9b9ce-0d67-4d42-b107-b9821f44dd60/MethylationProfiling/1354ccd3-6e18-4c75-8d69-d8c2ff8d305e/call-CpgPileup/HG00658.combined.bed.gz	1777750449476926	341875888	md5_base64	l7fHi33FiTEBGwGZ7Gd+bg==	2026-05-02T19:34:09.481Z	2026-06-02T20:31:31.325Z	gs://fc-fd42e80c-b41e-4e60-a9cf-b7c0ade168c4/submissions/a1e9b9ce-0d67-4d42-b107-b9821f44dd60/MethylationProfiling/1354ccd3-6e18-4c75-8d69-d8c2ff8d305e/call-CpgPileup/HG00658.combined.bed.gz?generation=1777750449476926	2	P3OEtg==	l7fHi33FiTEBGwGZ7Gd+bg==	CL6qqcCsm5QDEAI=
HG00658	combined_bed_index	independently_verified_combined_bed_index	gs://fc-fd42e80c-b41e-4e60-a9cf-b7c0ade168c4/submissions/a1e9b9ce-0d67-4d42-b107-b9821f44dd60/MethylationProfiling/1354ccd3-6e18-4c75-8d69-d8c2ff8d305e/call-CpgPileup/HG00658.combined.bed.gz.tbi	1777750451524462	1695579	md5_base64	oUSXRI3alftzcN7NeLcMkQ==	2026-05-02T19:34:11.528Z	2026-06-02T20:03:28.172Z	gs://fc-fd42e80c-b41e-4e60-a9cf-b7c0ade168c4/submissions/a1e9b9ce-0d67-4d42-b107-b9821f44dd60/MethylationProfiling/1354ccd3-6e18-4c75-8d69-d8c2ff8d305e/call-CpgPileup/HG00658.combined.bed.gz.tbi?generation=1777750451524462	2	gO3lWg==	oUSXRI3alftzcN7NeLcMkQ==	CO6mpsGsm5QDEAI=
HG00658	hap1_bed	cpg_hap1_bed	gs://fc-fd42e80c-b41e-4e60-a9cf-b7c0ade168c4/submissions/a1e9b9ce-0d67-4d42-b107-b9821f44dd60/MethylationProfiling/1354ccd3-6e18-4c75-8d69-d8c2ff8d305e/call-CpgPileup/HG00658.hap1.bed.gz	1777750442224737	288076004	md5_base64	Pq1/005Af5GrUo/tAicssw==	2026-05-02T19:34:02.229Z	2026-06-02T19:56:33.476Z	gs://fc-fd42e80c-b41e-4e60-a9cf-b7c0ade168c4/submissions/a1e9b9ce-0d67-4d42-b107-b9821f44dd60/MethylationProfiling/1354ccd3-6e18-4c75-8d69-d8c2ff8d305e/call-CpgPileup/HG00658.hap1.bed.gz?generation=1777750442224737	2	KWUwRA==	Pq1/005Af5GrUo/tAicssw==	COHY7rysm5QDEAI=
HG00658	hap1_bed_index	cpg_hap1_bed_idx	gs://fc-fd42e80c-b41e-4e60-a9cf-b7c0ade168c4/submissions/a1e9b9ce-0d67-4d42-b107-b9821f44dd60/MethylationProfiling/1354ccd3-6e18-4c75-8d69-d8c2ff8d305e/call-CpgPileup/HG00658.hap1.bed.gz.tbi	1777750453451076	1561910	md5_base64	E3cthb7Ie9WQpjKN4rEcpQ==	2026-05-02T19:34:13.454Z	2026-06-02T20:17:23.668Z	gs://fc-fd42e80c-b41e-4e60-a9cf-b7c0ade168c4/submissions/a1e9b9ce-0d67-4d42-b107-b9821f44dd60/MethylationProfiling/1354ccd3-6e18-4c75-8d69-d8c2ff8d305e/call-CpgPileup/HG00658.hap1.bed.gz.tbi?generation=1777750453451076	2	RQbfRA==	E3cthb7Ie9WQpjKN4rEcpQ==	CMTym8Ksm5QDEAI=
HG00658	hap2_bed	cpg_hap2_bed	gs://fc-fd42e80c-b41e-4e60-a9cf-b7c0ade168c4/submissions/a1e9b9ce-0d67-4d42-b107-b9821f44dd60/MethylationProfiling/1354ccd3-6e18-4c75-8d69-d8c2ff8d305e/call-CpgPileup/HG00658.hap2.bed.gz	1777750432885935	287889889	md5_base64	H9Z3JYIP7NGeCDKPhd572Q==	2026-05-02T19:33:52.890Z	2026-06-02T19:44:02.973Z	gs://fc-fd42e80c-b41e-4e60-a9cf-b7c0ade168c4/submissions/a1e9b9ce-0d67-4d42-b107-b9821f44dd60/MethylationProfiling/1354ccd3-6e18-4c75-8d69-d8c2ff8d305e/call-CpgPileup/HG00658.hap2.bed.gz?generation=1777750432885935	2	EUvtwg==	H9Z3JYIP7NGeCDKPhd572Q==	CK/ZtLism5QDEAI=
HG00658	hap2_bed_index	cpg_hap2_bed_idx	gs://fc-fd42e80c-b41e-4e60-a9cf-b7c0ade168c4/submissions/a1e9b9ce-0d67-4d42-b107-b9821f44dd60/MethylationProfiling/1354ccd3-6e18-4c75-8d69-d8c2ff8d305e/call-CpgPileup/HG00658.hap2.bed.gz.tbi	1777750434871617	1560914	md5_base64	y8RcnRYNiMyA+6I3AwRrEw==	2026-05-02T19:33:54.875Z	2026-06-02T20:25:11.483Z	gs://fc-fd42e80c-b41e-4e60-a9cf-b7c0ade168c4/submissions/a1e9b9ce-0d67-4d42-b107-b9821f44dd60/MethylationProfiling/1354ccd3-6e18-4c75-8d69-d8c2ff8d305e/call-CpgPileup/HG00658.hap2.bed.gz.tbi?generation=1777750434871617	2	WkF8VA==	y8RcnRYNiMyA+6I3AwRrEw==	CMHyrbmsm5QDEAI=
HG00673	combined_bed	cpg_combined_bed	gs://fc-fd42e80c-b41e-4e60-a9cf-b7c0ade168c4/submissions/a1e9b9ce-0d67-4d42-b107-b9821f44dd60/MethylationProfiling/2b791803-f246-4ab2-8571-34899833acdc/call-CpgPileup/HG00673.combined.bed.gz	1777750668269350	272194091	md5_base64	uOu6NycHBTVxQ+CP6MKG0g==	2026-05-02T19:37:48.274Z	2026-06-02T19:50:33.116Z	gs://fc-fd42e80c-b41e-4e60-a9cf-b7c0ade168c4/submissions/a1e9b9ce-0d67-4d42-b107-b9821f44dd60/MethylationProfiling/2b791803-f246-4ab2-8571-34899833acdc/call-CpgPileup/HG00673.combined.bed.gz?generation=1777750668269350	2	PsaVsg==	uOu6NycHBTVxQ+CP6MKG0g==	CKau06itm5QDEAI=
HG00673	combined_bed_index	independently_verified_combined_bed_index	gs://fc-fd42e80c-b41e-4e60-a9cf-b7c0ade168c4/submissions/a1e9b9ce-0d67-4d42-b107-b9821f44dd60/MethylationProfiling/2b791803-f246-4ab2-8571-34899833acdc/call-CpgPileup/HG00673.combined.bed.gz.tbi	1777750663292960	1678802	md5_base64	Wb7JB6MBYwKjuIdqWkos7w==	2026-05-02T19:37:43.296Z	2026-06-03T14:50:58.700Z	gs://fc-fd42e80c-b41e-4e60-a9cf-b7c0ade168c4/submissions/a1e9b9ce-0d67-4d42-b107-b9821f44dd60/MethylationProfiling/2b791803-f246-4ab2-8571-34899833acdc/call-CpgPileup/HG00673.combined.bed.gz.tbi?generation=1777750663292960	3	fq7OCA==	Wb7JB6MBYwKjuIdqWkos7w==	CKDQo6atm5QDEAM=
HG00673	hap1_bed	cpg_hap1_bed	gs://fc-fd42e80c-b41e-4e60-a9cf-b7c0ade168c4/submissions/a1e9b9ce-0d67-4d42-b107-b9821f44dd60/MethylationProfiling/2b791803-f246-4ab2-8571-34899833acdc/call-CpgPileup/HG00673.hap1.bed.gz	1777750672971072	184581477	md5_base64	1ifFvpFs5saRkEbu+CzMIQ==	2026-05-02T19:37:52.975Z	2026-06-02T20:06:50.440Z	gs://fc-fd42e80c-b41e-4e60-a9cf-b7c0ade168c4/submissions/a1e9b9ce-0d67-4d42-b107-b9821f44dd60/MethylationProfiling/2b791803-f246-4ab2-8571-34899833acdc/call-CpgPileup/HG00673.hap1.bed.gz?generation=1777750672971072	2	2iOuRg==	1ifFvpFs5saRkEbu+CzMIQ==	CMCq8qqtm5QDEAI=
HG00673	hap1_bed_index	cpg_hap1_bed_idx	gs://fc-fd42e80c-b41e-4e60-a9cf-b7c0ade168c4/submissions/a1e9b9ce-0d67-4d42-b107-b9821f44dd60/MethylationProfiling/2b791803-f246-4ab2-8571-34899833acdc/call-CpgPileup/HG00673.hap1.bed.gz.tbi	1777750661466611	1444452	md5_base64	1iUW38h4+yNI++yNG2atKg==	2026-05-02T19:37:41.470Z	2026-06-03T14:59:01.486Z	gs://fc-fd42e80c-b41e-4e60-a9cf-b7c0ade168c4/submissions/a1e9b9ce-0d67-4d42-b107-b9821f44dd60/MethylationProfiling/2b791803-f246-4ab2-8571-34899833acdc/call-CpgPileup/HG00673.hap1.bed.gz.tbi?generation=1777750661466611	3	oAIarQ==	1iUW38h4+yNI++yNG2atKg==	CPOTtKWtm5QDEAM=
HG00673	hap2_bed	cpg_hap2_bed	gs://fc-fd42e80c-b41e-4e60-a9cf-b7c0ade168c4/submissions/a1e9b9ce-0d67-4d42-b107-b9821f44dd60/MethylationProfiling/2b791803-f246-4ab2-8571-34899833acdc/call-CpgPileup/HG00673.hap2.bed.gz	1777750679139239	184636633	md5_base64	u5VepnYyxe9i+c4HVG2r7g==	2026-05-02T19:37:59.146Z	2026-06-02T19:51:07.544Z	gs://fc-fd42e80c-b41e-4e60-a9cf-b7c0ade168c4/submissions/a1e9b9ce-0d67-4d42-b107-b9821f44dd60/MethylationProfiling/2b791803-f246-4ab2-8571-34899833acdc/call-CpgPileup/HG00673.hap2.bed.gz?generation=1777750679139239	2	yHpVAQ==	u5VepnYyxe9i+c4HVG2r7g==	CKfn6q2tm5QDEAI=
HG00673	hap2_bed_index	cpg_hap2_bed_idx	gs://fc-fd42e80c-b41e-4e60-a9cf-b7c0ade168c4/submissions/a1e9b9ce-0d67-4d42-b107-b9821f44dd60/MethylationProfiling/2b791803-f246-4ab2-8571-34899833acdc/call-CpgPileup/HG00673.hap2.bed.gz.tbi	1777750674781033	1445108	md5_base64	x7uhgs+7t0+j8QCpzcgsVg==	2026-05-02T19:37:54.785Z	2026-06-03T15:57:06.212Z	gs://fc-fd42e80c-b41e-4e60-a9cf-b7c0ade168c4/submissions/a1e9b9ce-0d67-4d42-b107-b9821f44dd60/MethylationProfiling/2b791803-f246-4ab2-8571-34899833acdc/call-CpgPileup/HG00673.hap2.bed.gz.tbi?generation=1777750674781033	3	hdoPuA==	x7uhgs+7t0+j8QCpzcgsVg==	COnm4Kutm5QDEAM=
HG00706	combined_bed	cpg_combined_bed	gs://fc-fd42e80c-b41e-4e60-a9cf-b7c0ade168c4/submissions/a1e9b9ce-0d67-4d42-b107-b9821f44dd60/MethylationProfiling/289b103b-6943-424e-9b12-cd0b4a4f5f3b/call-CpgPileup/HG00706.combined.bed.gz	1777750153834907	339581929	md5_base64	ExJ5AqFIdMkl0EwZ8VIK2A==	2026-05-02T19:29:13.840Z	2026-06-03T14:29:04.452Z	gs://fc-fd42e80c-b41e-4e60-a9cf-b7c0ade168c4/submissions/a1e9b9ce-0d67-4d42-b107-b9821f44dd60/MethylationProfiling/289b103b-6943-424e-9b12-cd0b4a4f5f3b/call-CpgPileup/HG00706.combined.bed.gz?generation=1777750153834907	3	X+0DMA==	ExJ5AqFIdMkl0EwZ8VIK2A==	CJvjrLOrm5QDEAM=
HG00706	combined_bed_index	independently_verified_combined_bed_index	gs://fc-fd42e80c-b41e-4e60-a9cf-b7c0ade168c4/submissions/a1e9b9ce-0d67-4d42-b107-b9821f44dd60/MethylationProfiling/289b103b-6943-424e-9b12-cd0b4a4f5f3b/call-CpgPileup/HG00706.combined.bed.gz.tbi	1777750143589631	1693659	md5_base64	iALDA2N1YytWV+v/9+b8EQ==	2026-05-02T19:29:03.593Z	2026-06-03T15:54:00.267Z	gs://fc-fd42e80c-b41e-4e60-a9cf-b7c0ade168c4/submissions/a1e9b9ce-0d67-4d42-b107-b9821f44dd60/MethylationProfiling/289b103b-6943-424e-9b12-cd0b4a4f5f3b/call-CpgPileup/HG00706.combined.bed.gz.tbi?generation=1777750143589631	3	WSShWA==	iALDA2N1YytWV+v/9+b8EQ==	CP+5u66rm5QDEAM=
HG00706	hap1_bed	cpg_hap1_bed	gs://fc-fd42e80c-b41e-4e60-a9cf-b7c0ade168c4/submissions/a1e9b9ce-0d67-4d42-b107-b9821f44dd60/MethylationProfiling/289b103b-6943-424e-9b12-cd0b4a4f5f3b/call-CpgPileup/HG00706.hap1.bed.gz	1777750160057529	286487377	md5_base64	MS2K4CAFIKFgtMOpryDD3Q==	2026-05-02T19:29:20.062Z	2026-06-03T15:53:34.942Z	gs://fc-fd42e80c-b41e-4e60-a9cf-b7c0ade168c4/submissions/a1e9b9ce-0d67-4d42-b107-b9821f44dd60/MethylationProfiling/289b103b-6943-424e-9b12-cd0b4a4f5f3b/call-CpgPileup/HG00706.hap1.bed.gz?generation=1777750160057529	3	bjPfMw==	MS2K4CAFIKFgtMOpryDD3Q==	CLnJqLarm5QDEAM=
HG00706	hap1_bed_index	cpg_hap1_bed_idx	gs://fc-fd42e80c-b41e-4e60-a9cf-b7c0ade168c4/submissions/a1e9b9ce-0d67-4d42-b107-b9821f44dd60/MethylationProfiling/289b103b-6943-424e-9b12-cd0b4a4f5f3b/call-CpgPileup/HG00706.hap1.bed.gz.tbi	1777750145602807	1564436	md5_base64	i+i7BM2YdKB3dqJQloPtnA==	2026-05-02T19:29:05.606Z	2026-06-02T19:44:26.751Z	gs://fc-fd42e80c-b41e-4e60-a9cf-b7c0ade168c4/submissions/a1e9b9ce-0d67-4d42-b107-b9821f44dd60/MethylationProfiling/289b103b-6943-424e-9b12-cd0b4a4f5f3b/call-CpgPileup/HG00706.hap1.bed.gz.tbi?generation=1777750145602807	2	z5QTPw==	i+i7BM2YdKB3dqJQloPtnA==	CPeptq+rm5QDEAI=
HG00706	hap2_bed	cpg_hap2_bed	gs://fc-fd42e80c-b41e-4e60-a9cf-b7c0ade168c4/submissions/a1e9b9ce-0d67-4d42-b107-b9821f44dd60/MethylationProfiling/289b103b-6943-424e-9b12-cd0b4a4f5f3b/call-CpgPileup/HG00706.hap2.bed.gz	1777750166388675	286261800	md5_base64	rj51/Tio5ed2jxme6TkixA==	2026-05-02T19:29:26.394Z	2026-06-02T20:18:21.859Z	gs://fc-fd42e80c-b41e-4e60-a9cf-b7c0ade168c4/submissions/a1e9b9ce-0d67-4d42-b107-b9821f44dd60/MethylationProfiling/289b103b-6943-424e-9b12-cd0b4a4f5f3b/call-CpgPileup/HG00706.hap2.bed.gz?generation=1777750166388675	2	3mHYIw==	rj51/Tio5ed2jxme6TkixA==	CMP/qrmrm5QDEAI=
HG00706	hap2_bed_index	cpg_hap2_bed_idx	gs://fc-fd42e80c-b41e-4e60-a9cf-b7c0ade168c4/submissions/a1e9b9ce-0d67-4d42-b107-b9821f44dd60/MethylationProfiling/289b103b-6943-424e-9b12-cd0b4a4f5f3b/call-CpgPileup/HG00706.hap2.bed.gz.tbi	1777750147473671	1563422	md5_base64	DZsdRAxT5puQIgbXMDu4sA==	2026-05-02T19:29:07.478Z	2026-06-03T15:35:58.755Z	gs://fc-fd42e80c-b41e-4e60-a9cf-b7c0ade168c4/submissions/a1e9b9ce-0d67-4d42-b107-b9821f44dd60/MethylationProfiling/289b103b-6943-424e-9b12-cd0b4a4f5f3b/call-CpgPileup/HG00706.hap2.bed.gz.tbi?generation=1777750147473671	3	gjgrDg==	DZsdRAxT5puQIgbXMDu4sA==	CIfCqLCrm5QDEAM=
HG00733	combined_bed	cpg_combined_bed	gs://fc-fd42e80c-b41e-4e60-a9cf-b7c0ade168c4/submissions/340b42e2-804b-4cd6-9039-71c032ef2330/MethylationProfiling/585be854-fc10-4f2a-ab21-640068c517ea/call-CpgPileup/HG00733.combined.bed.gz	1778435957662999	349062936	md5_base64	pG6LkkfotBe+FitgkX8MCA==	2026-05-10T17:59:17.668Z	2026-06-12T11:16:26.617Z	gs://fc-fd42e80c-b41e-4e60-a9cf-b7c0ade168c4/submissions/340b42e2-804b-4cd6-9039-71c032ef2330/MethylationProfiling/585be854-fc10-4f2a-ab21-640068c517ea/call-CpgPileup/HG00733.combined.bed.gz?generation=1778435957662999	3	VQ3wPw==	pG6LkkfotBe+FitgkX8MCA==	CJfKjJymr5QDEAM=
HG00733	combined_bed_index	independently_verified_combined_bed_index	gs://fc-fd42e80c-b41e-4e60-a9cf-b7c0ade168c4/submissions/340b42e2-804b-4cd6-9039-71c032ef2330/MethylationProfiling/585be854-fc10-4f2a-ab21-640068c517ea/call-CpgPileup/HG00733.combined.bed.gz.tbi	1778435951458629	1685955	md5_base64	kWplAXxiuf8ZDwHaTHIkqw==	2026-05-10T17:59:11.463Z	2026-06-12T12:20:57.407Z	gs://fc-fd42e80c-b41e-4e60-a9cf-b7c0ade168c4/submissions/340b42e2-804b-4cd6-9039-71c032ef2330/MethylationProfiling/585be854-fc10-4f2a-ab21-640068c517ea/call-CpgPileup/HG00733.combined.bed.gz.tbi?generation=1778435951458629	3	IyJFzQ==	kWplAXxiuf8ZDwHaTHIkqw==	CMXykZmmr5QDEAM=
HG00733	hap1_bed	cpg_hap1_bed	gs://fc-fd42e80c-b41e-4e60-a9cf-b7c0ade168c4/submissions/340b42e2-804b-4cd6-9039-71c032ef2330/MethylationProfiling/585be854-fc10-4f2a-ab21-640068c517ea/call-CpgPileup/HG00733.hap1.bed.gz	1778435949535366	309625871	md5_base64	kQ4Tufv/IEBXQNtbE+SAXw==	2026-05-10T17:59:09.539Z	2026-06-11T04:20:57.580Z	gs://fc-fd42e80c-b41e-4e60-a9cf-b7c0ade168c4/submissions/340b42e2-804b-4cd6-9039-71c032ef2330/MethylationProfiling/585be854-fc10-4f2a-ab21-640068c517ea/call-CpgPileup/HG00733.hap1.bed.gz?generation=1778435949535366	2	Y5TGug==	kQ4Tufv/IEBXQNtbE+SAXw==	CIbBnJimr5QDEAI=
HG00733	hap1_bed_index	cpg_hap1_bed_idx	gs://fc-fd42e80c-b41e-4e60-a9cf-b7c0ade168c4/submissions/340b42e2-804b-4cd6-9039-71c032ef2330/MethylationProfiling/585be854-fc10-4f2a-ab21-640068c517ea/call-CpgPileup/HG00733.hap1.bed.gz.tbi	1778435932545980	1648546	md5_base64	EM9V37htaga+cxhNkWFoNQ==	2026-05-10T17:58:52.550Z	2026-06-12T12:35:02.491Z	gs://fc-fd42e80c-b41e-4e60-a9cf-b7c0ade168c4/submissions/340b42e2-804b-4cd6-9039-71c032ef2330/MethylationProfiling/585be854-fc10-4f2a-ab21-640068c517ea/call-CpgPileup/HG00733.hap1.bed.gz.tbi?generation=1778435932545980	3	bud0aw==	EM9V37htaga+cxhNkWFoNQ==	CLzHj5Cmr5QDEAM=
HG00733	hap2_bed	cpg_hap2_bed	gs://fc-fd42e80c-b41e-4e60-a9cf-b7c0ade168c4/submissions/340b42e2-804b-4cd6-9039-71c032ef2330/MethylationProfiling/585be854-fc10-4f2a-ab21-640068c517ea/call-CpgPileup/HG00733.hap2.bed.gz	1778435928648124	310208978	md5_base64	k4azxrgreQcbs+LVxGMECQ==	2026-05-10T17:58:48.653Z	2026-06-12T12:36:35.051Z	gs://fc-fd42e80c-b41e-4e60-a9cf-b7c0ade168c4/submissions/340b42e2-804b-4cd6-9039-71c032ef2330/MethylationProfiling/585be854-fc10-4f2a-ab21-640068c517ea/call-CpgPileup/HG00733.hap2.bed.gz?generation=1778435928648124	3	gxZxBQ==	k4azxrgreQcbs+LVxGMECQ==	CLzToY6mr5QDEAM=
HG00733	hap2_bed_index	cpg_hap2_bed_idx	gs://fc-fd42e80c-b41e-4e60-a9cf-b7c0ade168c4/submissions/340b42e2-804b-4cd6-9039-71c032ef2330/MethylationProfiling/585be854-fc10-4f2a-ab21-640068c517ea/call-CpgPileup/HG00733.hap2.bed.gz.tbi	1778435930536574	1652676	md5_base64	LX8R98FLDzaPW6Sn0TAgIw==	2026-05-10T17:58:50.540Z	2026-06-12T09:37:23.964Z	gs://fc-fd42e80c-b41e-4e60-a9cf-b7c0ade168c4/submissions/340b42e2-804b-4cd6-9039-71c032ef2330/MethylationProfiling/585be854-fc10-4f2a-ab21-640068c517ea/call-CpgPileup/HG00733.hap2.bed.gz.tbi?generation=1778435930536574	3	7RQrNA==	LX8R98FLDzaPW6Sn0TAgIw==	CP70lI+mr5QDEAM=
HG00735	combined_bed	cpg_combined_bed	gs://fc-fd42e80c-b41e-4e60-a9cf-b7c0ade168c4/submissions/f0ab26b0-d66f-45be-8322-24218670bc4d/MethylationProfiling/85839368-131e-42a2-9484-ad6723659930/call-CpgPileup/HG00735.combined.bed.gz	1783875265066772	329871598	md5_base64	k8OuzhX01h9ykd9PA2Xyig==	2026-07-12T16:54:25.070Z	2026-07-12T16:54:25.070Z	gs://fc-fd42e80c-b41e-4e60-a9cf-b7c0ade168c4/submissions/f0ab26b0-d66f-45be-8322-24218670bc4d/MethylationProfiling/85839368-131e-42a2-9484-ad6723659930/call-CpgPileup/HG00735.combined.bed.gz?generation=1783875265066772	1	VSKixQ==	k8OuzhX01h9ykd9PA2Xyig==	CJTu/ZvNzZUDEAE=
HG00735	combined_bed_index	independently_verified_combined_bed_index	gs://fc-fd42e80c-b41e-4e60-a9cf-b7c0ade168c4/submissions/f0ab26b0-d66f-45be-8322-24218670bc4d/MethylationProfiling/85839368-131e-42a2-9484-ad6723659930/call-CpgPileup/HG00735.combined.bed.gz.tbi	1783875242859971	1681494	md5_base64	rXL0LX7s2C2aVyzQNMMdjw==	2026-07-12T16:54:02.864Z	2026-07-12T16:54:02.864Z	gs://fc-fd42e80c-b41e-4e60-a9cf-b7c0ade168c4/submissions/f0ab26b0-d66f-45be-8322-24218670bc4d/MethylationProfiling/85839368-131e-42a2-9484-ad6723659930/call-CpgPileup/HG00735.combined.bed.gz.tbi?generation=1783875242859971	1	Ay+XHw==	rXL0LX7s2C2aVyzQNMMdjw==	CMO7spHNzZUDEAE=
HG00735	hap1_bed	cpg_hap1_bed	gs://fc-fd42e80c-b41e-4e60-a9cf-b7c0ade168c4/submissions/f0ab26b0-d66f-45be-8322-24218670bc4d/MethylationProfiling/85839368-131e-42a2-9484-ad6723659930/call-CpgPileup/HG00735.hap1.bed.gz	1783875240999393	292548610	md5_base64	NOKZ8VIuN82ShznC/ImNuA==	2026-07-12T16:54:01.004Z	2026-07-12T16:54:01.004Z	gs://fc-fd42e80c-b41e-4e60-a9cf-b7c0ade168c4/submissions/f0ab26b0-d66f-45be-8322-24218670bc4d/MethylationProfiling/85839368-131e-42a2-9484-ad6723659930/call-CpgPileup/HG00735.hap1.bed.gz?generation=1783875240999393	1	hkhDHw==	NOKZ8VIuN82ShznC/ImNuA==	COHzwJDNzZUDEAE=
HG00735	hap1_bed_index	cpg_hap1_bed_idx	gs://fc-fd42e80c-b41e-4e60-a9cf-b7c0ade168c4/submissions/f0ab26b0-d66f-45be-8322-24218670bc4d/MethylationProfiling/85839368-131e-42a2-9484-ad6723659930/call-CpgPileup/HG00735.hap1.bed.gz.tbi	1783875266893733	1648876	md5_base64	ZYczhc3xFrmkXpKbTPVk+A==	2026-07-12T16:54:26.898Z	2026-07-12T16:54:26.898Z	gs://fc-fd42e80c-b41e-4e60-a9cf-b7c0ade168c4/submissions/f0ab26b0-d66f-45be-8322-24218670bc4d/MethylationProfiling/85839368-131e-42a2-9484-ad6723659930/call-CpgPileup/HG00735.hap1.bed.gz.tbi?generation=1783875266893733	1	4VSr+A==	ZYczhc3xFrmkXpKbTPVk+A==	CKWv7ZzNzZUDEAE=
HG00735	hap2_bed	cpg_hap2_bed	gs://fc-fd42e80c-b41e-4e60-a9cf-b7c0ade168c4/submissions/f0ab26b0-d66f-45be-8322-24218670bc4d/MethylationProfiling/85839368-131e-42a2-9484-ad6723659930/call-CpgPileup/HG00735.hap2.bed.gz	1783875254554324	292459809	md5_base64	XtIMtiMn/m3AeCFC/Girlw==	2026-07-12T16:54:14.560Z	2026-07-12T16:54:14.560Z	gs://fc-fd42e80c-b41e-4e60-a9cf-b7c0ade168c4/submissions/f0ab26b0-d66f-45be-8322-24218670bc4d/MethylationProfiling/85839368-131e-42a2-9484-ad6723659930/call-CpgPileup/HG00735.hap2.bed.gz?generation=1783875254554324	1	cZl3WQ==	XtIMtiMn/m3AeCFC/Girlw==	CNSd/JbNzZUDEAE=
HG00735	hap2_bed_index	cpg_hap2_bed_idx	gs://fc-fd42e80c-b41e-4e60-a9cf-b7c0ade168c4/submissions/f0ab26b0-d66f-45be-8322-24218670bc4d/MethylationProfiling/85839368-131e-42a2-9484-ad6723659930/call-CpgPileup/HG00735.hap2.bed.gz.tbi	1783875256395736	1649186	md5_base64	gjLPv6jjqugnV8YwalwuNw==	2026-07-12T16:54:16.399Z	2026-07-12T16:54:16.399Z	gs://fc-fd42e80c-b41e-4e60-a9cf-b7c0ade168c4/submissions/f0ab26b0-d66f-45be-8322-24218670bc4d/MethylationProfiling/85839368-131e-42a2-9484-ad6723659930/call-CpgPileup/HG00735.hap2.bed.gz.tbi?generation=1783875256395736	1	SqsG/Q==	gjLPv6jjqugnV8YwalwuNw==	CNjP7JfNzZUDEAE=
HG00738	combined_bed	cpg_combined_bed	gs://fc-fd42e80c-b41e-4e60-a9cf-b7c0ade168c4/submissions/569a9e19-4a00-4d9c-98ff-6de0000f6e8f/MethylationProfiling/8730e1fd-9d74-4597-916d-024b28ce0908/call-CpgPileup/attempt-2/HG00738.combined.bed.gz	1777764435811134	306950472	md5_base64	DsaAST8D1sx5yunEQBn9ow==	2026-05-02T23:27:15.816Z	2026-06-03T15:21:07.795Z	gs://fc-fd42e80c-b41e-4e60-a9cf-b7c0ade168c4/submissions/569a9e19-4a00-4d9c-98ff-6de0000f6e8f/MethylationProfiling/8730e1fd-9d74-4597-916d-024b28ce0908/call-CpgPileup/attempt-2/HG00738.combined.bed.gz?generation=1777764435811134	3	uipCXg==	DsaAST8D1sx5yunEQBn9ow==	CL62w83gm5QDEAM=
HG00738	combined_bed_index	independently_verified_combined_bed_index	gs://fc-fd42e80c-b41e-4e60-a9cf-b7c0ade168c4/submissions/569a9e19-4a00-4d9c-98ff-6de0000f6e8f/MethylationProfiling/8730e1fd-9d74-4597-916d-024b28ce0908/call-CpgPileup/attempt-2/HG00738.combined.bed.gz.tbi	1777764437675083	1690892	md5_base64	Evf3jeqBNHjDBwwYbL3cMA==	2026-05-02T23:27:17.683Z	2026-06-03T15:48:04.159Z	gs://fc-fd42e80c-b41e-4e60-a9cf-b7c0ade168c4/submissions/569a9e19-4a00-4d9c-98ff-6de0000f6e8f/MethylationProfiling/8730e1fd-9d74-4597-916d-024b28ce0908/call-CpgPileup/attempt-2/HG00738.combined.bed.gz.tbi?generation=1777764437675083	3	H7w6yA==	Evf3jeqBNHjDBwwYbL3cMA==	CMuYtc7gm5QDEAM=
HG00738	hap1_bed	cpg_hap1_bed	gs://fc-fd42e80c-b41e-4e60-a9cf-b7c0ade168c4/submissions/569a9e19-4a00-4d9c-98ff-6de0000f6e8f/MethylationProfiling/8730e1fd-9d74-4597-916d-024b28ce0908/call-CpgPileup/attempt-2/HG00738.hap1.bed.gz	1777764462210962	257346556	md5_base64	pLX5Q7l9fpMLf6rGT1oX4w==	2026-05-02T23:27:42.217Z	2026-06-03T15:24:11.050Z	gs://fc-fd42e80c-b41e-4e60-a9cf-b7c0ade168c4/submissions/569a9e19-4a00-4d9c-98ff-6de0000f6e8f/MethylationProfiling/8730e1fd-9d74-4597-916d-024b28ce0908/call-CpgPileup/attempt-2/HG00738.hap1.bed.gz?generation=1777764462210962	3	C3fZ/Q==	pLX5Q7l9fpMLf6rGT1oX4w==	CJLfjtrgm5QDEAM=
HG00738	hap1_bed_index	cpg_hap1_bed_idx	gs://fc-fd42e80c-b41e-4e60-a9cf-b7c0ade168c4/submissions/569a9e19-4a00-4d9c-98ff-6de0000f6e8f/MethylationProfiling/8730e1fd-9d74-4597-916d-024b28ce0908/call-CpgPileup/attempt-2/HG00738.hap1.bed.gz.tbi	1777764450867039	1557737	md5_base64	UFuSY56uFzO4iszjKnpZNg==	2026-05-02T23:27:30.873Z	2026-06-03T15:56:35.014Z	gs://fc-fd42e80c-b41e-4e60-a9cf-b7c0ade168c4/submissions/569a9e19-4a00-4d9c-98ff-6de0000f6e8f/MethylationProfiling/8730e1fd-9d74-4597-916d-024b28ce0908/call-CpgPileup/attempt-2/HG00738.hap1.bed.gz.tbi?generation=1777764450867039	3	s+P22Q==	UFuSY56uFzO4iszjKnpZNg==	CN+u2tTgm5QDEAM=
HG00738	hap2_bed	cpg_hap2_bed	gs://fc-fd42e80c-b41e-4e60-a9cf-b7c0ade168c4/submissions/569a9e19-4a00-4d9c-98ff-6de0000f6e8f/MethylationProfiling/8730e1fd-9d74-4597-916d-024b28ce0908/call-CpgPileup/attempt-2/HG00738.hap2.bed.gz	1777764448845518	257185976	md5_base64	DwMA/K3IKS3jYtYtXotYSQ==	2026-05-02T23:27:28.849Z	2026-06-02T20:36:41.714Z	gs://fc-fd42e80c-b41e-4e60-a9cf-b7c0ade168c4/submissions/569a9e19-4a00-4d9c-98ff-6de0000f6e8f/MethylationProfiling/8730e1fd-9d74-4597-916d-024b28ce0908/call-CpgPileup/attempt-2/HG00738.hap2.bed.gz?generation=1777764448845518	2	jQ8udg==	DwMA/K3IKS3jYtYtXotYSQ==	CM793tPgm5QDEAI=
HG00738	hap2_bed_index	cpg_hap2_bed_idx	gs://fc-fd42e80c-b41e-4e60-a9cf-b7c0ade168c4/submissions/569a9e19-4a00-4d9c-98ff-6de0000f6e8f/MethylationProfiling/8730e1fd-9d74-4597-916d-024b28ce0908/call-CpgPileup/attempt-2/HG00738.hap2.bed.gz.tbi	1777764452730007	1557407	md5_base64	wg4IT6C7QfFQDJ0Q97uydQ==	2026-05-02T23:27:32.735Z	2026-06-03T15:43:05.395Z	gs://fc-fd42e80c-b41e-4e60-a9cf-b7c0ade168c4/submissions/569a9e19-4a00-4d9c-98ff-6de0000f6e8f/MethylationProfiling/8730e1fd-9d74-4597-916d-024b28ce0908/call-CpgPileup/attempt-2/HG00738.hap2.bed.gz.tbi?generation=1777764452730007	3	2ipE2A==	wg4IT6C7QfFQDJ0Q97uydQ==	CJeJzNXgm5QDEAM=
HG00741	combined_bed	cpg_combined_bed	gs://fc-fd42e80c-b41e-4e60-a9cf-b7c0ade168c4/submissions/a1e9b9ce-0d67-4d42-b107-b9821f44dd60/MethylationProfiling/dc04b209-0d2e-4d4f-9a30-9b20fe9e0012/call-CpgPileup/attempt-2/HG00741.combined.bed.gz	1777752752180683	280581105	md5_base64	iShPwvZzFGhEeGA+Ns9zHw==	2026-05-02T20:12:32.185Z	2026-06-02T19:54:28.782Z	gs://fc-fd42e80c-b41e-4e60-a9cf-b7c0ade168c4/submissions/a1e9b9ce-0d67-4d42-b107-b9821f44dd60/MethylationProfiling/dc04b209-0d2e-4d4f-9a30-9b20fe9e0012/call-CpgPileup/attempt-2/HG00741.combined.bed.gz?generation=1777752752180683	2	ugc+jw==	iShPwvZzFGhEeGA+Ns9zHw==	CMubq4q1m5QDEAI=
HG00741	combined_bed_index	independently_verified_combined_bed_index	gs://fc-fd42e80c-b41e-4e60-a9cf-b7c0ade168c4/submissions/a1e9b9ce-0d67-4d42-b107-b9821f44dd60/MethylationProfiling/dc04b209-0d2e-4d4f-9a30-9b20fe9e0012/call-CpgPileup/attempt-2/HG00741.combined.bed.gz.tbi	1777752754200017	1674457	md5_base64	POo5nDbadydzeGl2yTUW6A==	2026-05-02T20:12:34.203Z	2026-06-03T15:15:57.471Z	gs://fc-fd42e80c-b41e-4e60-a9cf-b7c0ade168c4/submissions/a1e9b9ce-0d67-4d42-b107-b9821f44dd60/MethylationProfiling/dc04b209-0d2e-4d4f-9a30-9b20fe9e0012/call-CpgPileup/attempt-2/HG00741.combined.bed.gz.tbi?generation=1777752754200017	3	ySoodg==	POo5nDbadydzeGl2yTUW6A==	CNG7pou1m5QDEAM=
HG00741	hap1_bed	cpg_hap1_bed	gs://fc-fd42e80c-b41e-4e60-a9cf-b7c0ade168c4/submissions/a1e9b9ce-0d67-4d42-b107-b9821f44dd60/MethylationProfiling/dc04b209-0d2e-4d4f-9a30-9b20fe9e0012/call-CpgPileup/attempt-2/HG00741.hap1.bed.gz	1777752746792966	214987937	md5_base64	ROSF/XN5hoKAwpFLhMjWxA==	2026-05-02T20:12:26.798Z	2026-06-03T15:05:27.723Z	gs://fc-fd42e80c-b41e-4e60-a9cf-b7c0ade168c4/submissions/a1e9b9ce-0d67-4d42-b107-b9821f44dd60/MethylationProfiling/dc04b209-0d2e-4d4f-9a30-9b20fe9e0012/call-CpgPileup/attempt-2/HG00741.hap1.bed.gz?generation=1777752746792966	3	TdvFrQ==	ROSF/XN5hoKAwpFLhMjWxA==	CIaw4oe1m5QDEAM=
HG00741	hap1_bed_index	cpg_hap1_bed_idx	gs://fc-fd42e80c-b41e-4e60-a9cf-b7c0ade168c4/submissions/a1e9b9ce-0d67-4d42-b107-b9821f44dd60/MethylationProfiling/dc04b209-0d2e-4d4f-9a30-9b20fe9e0012/call-CpgPileup/attempt-2/HG00741.hap1.bed.gz.tbi	1777752758268217	1580648	md5_base64	gRMsVfpgsImB63foxgdXWQ==	2026-05-02T20:12:38.273Z	2026-06-02T19:59:15.037Z	gs://fc-fd42e80c-b41e-4e60-a9cf-b7c0ade168c4/submissions/a1e9b9ce-0d67-4d42-b107-b9821f44dd60/MethylationProfiling/dc04b209-0d2e-4d4f-9a30-9b20fe9e0012/call-CpgPileup/attempt-2/HG00741.hap1.bed.gz.tbi?generation=1777752758268217	2	RcSjwg==	gRMsVfpgsImB63foxgdXWQ==	CLnino21m5QDEAI=
HG00741	hap2_bed	cpg_hap2_bed	gs://fc-fd42e80c-b41e-4e60-a9cf-b7c0ade168c4/submissions/a1e9b9ce-0d67-4d42-b107-b9821f44dd60/MethylationProfiling/dc04b209-0d2e-4d4f-9a30-9b20fe9e0012/call-CpgPileup/attempt-2/HG00741.hap2.bed.gz	1777752763770444	213967874	md5_base64	fq05JBNKKl0pncrmRE6Q5w==	2026-05-02T20:12:43.778Z	2026-06-03T15:30:00.331Z	gs://fc-fd42e80c-b41e-4e60-a9cf-b7c0ade168c4/submissions/a1e9b9ce-0d67-4d42-b107-b9821f44dd60/MethylationProfiling/dc04b209-0d2e-4d4f-9a30-9b20fe9e0012/call-CpgPileup/attempt-2/HG00741.hap2.bed.gz?generation=1777752763770444	3	NWbTfg==	fq05JBNKKl0pncrmRE6Q5w==	CMzM7o+1m5QDEAM=
HG00741	hap2_bed_index	cpg_hap2_bed_idx	gs://fc-fd42e80c-b41e-4e60-a9cf-b7c0ade168c4/submissions/a1e9b9ce-0d67-4d42-b107-b9821f44dd60/MethylationProfiling/dc04b209-0d2e-4d4f-9a30-9b20fe9e0012/call-CpgPileup/attempt-2/HG00741.hap2.bed.gz.tbi	1777752756241123	1576663	md5_base64	BcfVJlp0WW2YMxtrnis2gA==	2026-05-02T20:12:36.248Z	2026-06-03T15:13:18.481Z	gs://fc-fd42e80c-b41e-4e60-a9cf-b7c0ade168c4/submissions/a1e9b9ce-0d67-4d42-b107-b9821f44dd60/MethylationProfiling/dc04b209-0d2e-4d4f-9a30-9b20fe9e0012/call-CpgPileup/attempt-2/HG00741.hap2.bed.gz.tbi?generation=1777752756241123	3	U8UjKg==	BcfVJlp0WW2YMxtrnis2gA==	COOFo4y1m5QDEAM=
HG01071	combined_bed	cpg_combined_bed	gs://fc-fd42e80c-b41e-4e60-a9cf-b7c0ade168c4/submissions/a1e9b9ce-0d67-4d42-b107-b9821f44dd60/MethylationProfiling/b626615a-2a11-49e2-8436-fb26ed5a0ac2/call-CpgPileup/HG01071.combined.bed.gz	1777750979352487	287303003	md5_base64	JSwdHOWgLtcFU+UdGUPifA==	2026-05-02T19:42:59.358Z	2026-06-03T15:34:56.626Z	gs://fc-fd42e80c-b41e-4e60-a9cf-b7c0ade168c4/submissions/a1e9b9ce-0d67-4d42-b107-b9821f44dd60/MethylationProfiling/b626615a-2a11-49e2-8436-fb26ed5a0ac2/call-CpgPileup/HG01071.combined.bed.gz?generation=1777750979352487	3	F6ZrUg==	JSwdHOWgLtcFU+UdGUPifA==	CKev/ryum5QDEAM=
HG01071	combined_bed_index	independently_verified_combined_bed_index	gs://fc-fd42e80c-b41e-4e60-a9cf-b7c0ade168c4/submissions/a1e9b9ce-0d67-4d42-b107-b9821f44dd60/MethylationProfiling/b626615a-2a11-49e2-8436-fb26ed5a0ac2/call-CpgPileup/HG01071.combined.bed.gz.tbi	1777750989375192	1675311	md5_base64	bPGG603poKvGdy0rn20IpA==	2026-05-02T19:43:09.379Z	2026-06-03T14:36:58.846Z	gs://fc-fd42e80c-b41e-4e60-a9cf-b7c0ade168c4/submissions/a1e9b9ce-0d67-4d42-b107-b9821f44dd60/MethylationProfiling/b626615a-2a11-49e2-8436-fb26ed5a0ac2/call-CpgPileup/HG01071.combined.bed.gz.tbi?generation=1777750989375192	3	L2Vc2g==	bPGG603poKvGdy0rn20IpA==	CNiN4sGum5QDEAM=
HG01071	hap1_bed	cpg_hap1_bed	gs://fc-fd42e80c-b41e-4e60-a9cf-b7c0ade168c4/submissions/a1e9b9ce-0d67-4d42-b107-b9821f44dd60/MethylationProfiling/b626615a-2a11-49e2-8436-fb26ed5a0ac2/call-CpgPileup/HG01071.hap1.bed.gz	1777750985226339	229855426	md5_base64	GlDNxChOv+fYJeMVrVnUuw==	2026-05-02T19:43:05.230Z	2026-06-03T14:55:02.227Z	gs://fc-fd42e80c-b41e-4e60-a9cf-b7c0ade168c4/submissions/a1e9b9ce-0d67-4d42-b107-b9821f44dd60/MethylationProfiling/b626615a-2a11-49e2-8436-fb26ed5a0ac2/call-CpgPileup/HG01071.hap1.bed.gz?generation=1777750985226339	3	ZuqQkw==	GlDNxChOv+fYJeMVrVnUuw==	COPw5L+um5QDEAM=
HG01071	hap1_bed_index	cpg_hap1_bed_idx	gs://fc-fd42e80c-b41e-4e60-a9cf-b7c0ade168c4/submissions/a1e9b9ce-0d67-4d42-b107-b9821f44dd60/MethylationProfiling/b626615a-2a11-49e2-8436-fb26ed5a0ac2/call-CpgPileup/HG01071.hap1.bed.gz.tbi	1777750987436616	1593021	md5_base64	CbTczOsjHLUnTULLtir6Jw==	2026-05-02T19:43:07.441Z	2026-06-03T15:07:58.463Z	gs://fc-fd42e80c-b41e-4e60-a9cf-b7c0ade168c4/submissions/a1e9b9ce-0d67-4d42-b107-b9821f44dd60/MethylationProfiling/b626615a-2a11-49e2-8436-fb26ed5a0ac2/call-CpgPileup/HG01071.hap1.bed.gz.tbi?generation=1777750987436616	3	NxsIOg==	CbTczOsjHLUnTULLtir6Jw==	CMjk68Cum5QDEAM=
HG01071	hap2_bed	cpg_hap2_bed	gs://fc-fd42e80c-b41e-4e60-a9cf-b7c0ade168c4/submissions/a1e9b9ce-0d67-4d42-b107-b9821f44dd60/MethylationProfiling/b626615a-2a11-49e2-8436-fb26ed5a0ac2/call-CpgPileup/HG01071.hap2.bed.gz	1777750998620147	229625165	md5_base64	5Xe8ABN0hJ3Yvc6Uf0ef+w==	2026-05-02T19:43:18.624Z	2026-06-03T15:45:19.629Z	gs://fc-fd42e80c-b41e-4e60-a9cf-b7c0ade168c4/submissions/a1e9b9ce-0d67-4d42-b107-b9821f44dd60/MethylationProfiling/b626615a-2a11-49e2-8436-fb26ed5a0ac2/call-CpgPileup/HG01071.hap2.bed.gz?generation=1777750998620147	3	NrpuZQ==	5Xe8ABN0hJ3Yvc6Uf0ef+w==	CPOvlsaum5QDEAM=
HG01071	hap2_bed_index	cpg_hap2_bed_idx	gs://fc-fd42e80c-b41e-4e60-a9cf-b7c0ade168c4/submissions/a1e9b9ce-0d67-4d42-b107-b9821f44dd60/MethylationProfiling/b626615a-2a11-49e2-8436-fb26ed5a0ac2/call-CpgPileup/HG01071.hap2.bed.gz.tbi	1777750991432520	1591248	md5_base64	xm7/rAsHTn5Ea5Zi4bINSA==	2026-05-02T19:43:11.436Z	2026-06-02T19:56:33.476Z	gs://fc-fd42e80c-b41e-4e60-a9cf-b7c0ade168c4/submissions/a1e9b9ce-0d67-4d42-b107-b9821f44dd60/MethylationProfiling/b626615a-2a11-49e2-8436-fb26ed5a0ac2/call-CpgPileup/HG01071.hap2.bed.gz.tbi?generation=1777750991432520	2	NVUQzQ==	xm7/rAsHTn5Ea5Zi4bINSA==	CMjW38Kum5QDEAI=
HG01074	combined_bed	cpg_combined_bed	gs://fc-fd42e80c-b41e-4e60-a9cf-b7c0ade168c4/submissions/a1e9b9ce-0d67-4d42-b107-b9821f44dd60/MethylationProfiling/765c0e07-ca79-4548-977a-1a92ed6a61b1/call-CpgPileup/HG01074.combined.bed.gz	1777750114161497	361535131	md5_base64	Hdqaq4wOBXp20mh0KuJCCQ==	2026-05-02T19:28:34.166Z	2026-06-03T16:01:03.139Z	gs://fc-fd42e80c-b41e-4e60-a9cf-b7c0ade168c4/submissions/a1e9b9ce-0d67-4d42-b107-b9821f44dd60/MethylationProfiling/765c0e07-ca79-4548-977a-1a92ed6a61b1/call-CpgPileup/HG01074.combined.bed.gz?generation=1777750114161497	3	Ghp/xg==	Hdqaq4wOBXp20mh0KuJCCQ==	CNmmt6Crm5QDEAM=
HG01074	combined_bed_index	independently_verified_combined_bed_index	gs://fc-fd42e80c-b41e-4e60-a9cf-b7c0ade168c4/submissions/a1e9b9ce-0d67-4d42-b107-b9821f44dd60/MethylationProfiling/765c0e07-ca79-4548-977a-1a92ed6a61b1/call-CpgPileup/HG01074.combined.bed.gz.tbi	1777750117801380	1695812	md5_base64	msbFur4fqBZCexFBNii3LA==	2026-05-02T19:28:37.804Z	2026-06-03T15:18:13.359Z	gs://fc-fd42e80c-b41e-4e60-a9cf-b7c0ade168c4/submissions/a1e9b9ce-0d67-4d42-b107-b9821f44dd60/MethylationProfiling/765c0e07-ca79-4548-977a-1a92ed6a61b1/call-CpgPileup/HG01074.combined.bed.gz.tbi?generation=1777750117801380	3	9Plhgw==	msbFur4fqBZCexFBNii3LA==	CKS7laKrm5QDEAM=
HG01074	hap1_bed	cpg_hap1_bed	gs://fc-fd42e80c-b41e-4e60-a9cf-b7c0ade168c4/submissions/a1e9b9ce-0d67-4d42-b107-b9821f44dd60/MethylationProfiling/765c0e07-ca79-4548-977a-1a92ed6a61b1/call-CpgPileup/HG01074.hap1.bed.gz	1777750102197452	301476754	md5_base64	/pv//KykwSJZNPO/pFna7g==	2026-05-02T19:28:22.202Z	2026-06-03T14:33:00.118Z	gs://fc-fd42e80c-b41e-4e60-a9cf-b7c0ade168c4/submissions/a1e9b9ce-0d67-4d42-b107-b9821f44dd60/MethylationProfiling/765c0e07-ca79-4548-977a-1a92ed6a61b1/call-CpgPileup/HG01074.hap1.bed.gz?generation=1777750102197452	3	Jq8onQ==	/pv//KykwSJZNPO/pFna7g==	CMyJ3Zqrm5QDEAM=
HG01074	hap1_bed_index	cpg_hap1_bed_idx	gs://fc-fd42e80c-b41e-4e60-a9cf-b7c0ade168c4/submissions/a1e9b9ce-0d67-4d42-b107-b9821f44dd60/MethylationProfiling/765c0e07-ca79-4548-977a-1a92ed6a61b1/call-CpgPileup/HG01074.hap1.bed.gz.tbi	1777750115981085	1553983	md5_base64	3d2+gHclaR/UG9g3nB6lDg==	2026-05-02T19:28:35.984Z	2026-06-02T20:18:52.990Z	gs://fc-fd42e80c-b41e-4e60-a9cf-b7c0ade168c4/submissions/a1e9b9ce-0d67-4d42-b107-b9821f44dd60/MethylationProfiling/765c0e07-ca79-4548-977a-1a92ed6a61b1/call-CpgPileup/HG01074.hap1.bed.gz.tbi?generation=1777750115981085	2	HPbQTA==	3d2+gHclaR/UG9g3nB6lDg==	CJ2upqGrm5QDEAI=
HG01074	hap2_bed	cpg_hap2_bed	gs://fc-fd42e80c-b41e-4e60-a9cf-b7c0ade168c4/submissions/a1e9b9ce-0d67-4d42-b107-b9821f44dd60/MethylationProfiling/765c0e07-ca79-4548-977a-1a92ed6a61b1/call-CpgPileup/HG01074.hap2.bed.gz	1777750108676339	301448166	md5_base64	YVphezYgalUyZg/U6PsUjg==	2026-05-02T19:28:28.680Z	2026-06-03T14:51:57.528Z	gs://fc-fd42e80c-b41e-4e60-a9cf-b7c0ade168c4/submissions/a1e9b9ce-0d67-4d42-b107-b9821f44dd60/MethylationProfiling/765c0e07-ca79-4548-977a-1a92ed6a61b1/call-CpgPileup/HG01074.hap2.bed.gz?generation=1777750108676339	3	LNF52w==	YVphezYgalUyZg/U6PsUjg==	CPPB6J2rm5QDEAM=
HG01074	hap2_bed_index	cpg_hap2_bed_idx	gs://fc-fd42e80c-b41e-4e60-a9cf-b7c0ade168c4/submissions/a1e9b9ce-0d67-4d42-b107-b9821f44dd60/MethylationProfiling/765c0e07-ca79-4548-977a-1a92ed6a61b1/call-CpgPileup/HG01074.hap2.bed.gz.tbi	1777750095262625	1554368	md5_base64	fStXwNsphAZTmJvVGEfU/A==	2026-05-02T19:28:15.267Z	2026-06-03T15:19:08.909Z	gs://fc-fd42e80c-b41e-4e60-a9cf-b7c0ade168c4/submissions/a1e9b9ce-0d67-4d42-b107-b9821f44dd60/MethylationProfiling/765c0e07-ca79-4548-977a-1a92ed6a61b1/call-CpgPileup/HG01074.hap2.bed.gz.tbi?generation=1777750095262625	3	wRFxbA==	fStXwNsphAZTmJvVGEfU/A==	CKHntZerm5QDEAM=
HG01081	combined_bed	cpg_combined_bed	gs://fc-fd42e80c-b41e-4e60-a9cf-b7c0ade168c4/submissions/a1e9b9ce-0d67-4d42-b107-b9821f44dd60/MethylationProfiling/b153769d-433f-46cf-bb9a-b7af79911b24/call-CpgPileup/attempt-2/HG01081.combined.bed.gz	1777753920904685	324859150	md5_base64	cc4RPrmqEa/8hh02IDAGYQ==	2026-05-02T20:32:00.910Z	2026-06-02T20:37:11.068Z	gs://fc-fd42e80c-b41e-4e60-a9cf-b7c0ade168c4/submissions/a1e9b9ce-0d67-4d42-b107-b9821f44dd60/MethylationProfiling/b153769d-433f-46cf-bb9a-b7af79911b24/call-CpgPileup/attempt-2/HG01081.combined.bed.gz?generation=1777753920904685	2	+vxUyg==	cc4RPrmqEa/8hh02IDAGYQ==	CO270Le5m5QDEAI=
HG01081	combined_bed_index	independently_verified_combined_bed_index	gs://fc-fd42e80c-b41e-4e60-a9cf-b7c0ade168c4/submissions/a1e9b9ce-0d67-4d42-b107-b9821f44dd60/MethylationProfiling/b153769d-433f-46cf-bb9a-b7af79911b24/call-CpgPileup/attempt-2/HG01081.combined.bed.gz.tbi	1777753928049564	1683512	md5_base64	Aj1aqeq42x6ccXKcdc/dWg==	2026-05-02T20:32:08.054Z	2026-06-02T20:20:41.882Z	gs://fc-fd42e80c-b41e-4e60-a9cf-b7c0ade168c4/submissions/a1e9b9ce-0d67-4d42-b107-b9821f44dd60/MethylationProfiling/b153769d-433f-46cf-bb9a-b7af79911b24/call-CpgPileup/attempt-2/HG01081.combined.bed.gz.tbi?generation=1777753928049564	2	HCo+lg==	Aj1aqeq42x6ccXKcdc/dWg==	CJzHhLu5m5QDEAI=
HG01081	hap1_bed	cpg_hap1_bed	gs://fc-fd42e80c-b41e-4e60-a9cf-b7c0ade168c4/submissions/a1e9b9ce-0d67-4d42-b107-b9821f44dd60/MethylationProfiling/b153769d-433f-46cf-bb9a-b7af79911b24/call-CpgPileup/attempt-2/HG01081.hap1.bed.gz	1777753932448412	290986126	md5_base64	y5VFTs8b6beap2t3dDjY/w==	2026-05-02T20:32:12.452Z	2026-06-03T15:43:22.843Z	gs://fc-fd42e80c-b41e-4e60-a9cf-b7c0ade168c4/submissions/a1e9b9ce-0d67-4d42-b107-b9821f44dd60/MethylationProfiling/b153769d-433f-46cf-bb9a-b7af79911b24/call-CpgPileup/attempt-2/HG01081.hap1.bed.gz?generation=1777753932448412	3	IXld6Q==	y5VFTs8b6beap2t3dDjY/w==	CJyFkb25m5QDEAM=
HG01081	hap1_bed_index	cpg_hap1_bed_idx	gs://fc-fd42e80c-b41e-4e60-a9cf-b7c0ade168c4/submissions/a1e9b9ce-0d67-4d42-b107-b9821f44dd60/MethylationProfiling/b153769d-433f-46cf-bb9a-b7af79911b24/call-CpgPileup/attempt-2/HG01081.hap1.bed.gz.tbi	1777753914765658	1661809	md5_base64	0fPN9hc+jZ3l7ZuEmBLzlQ==	2026-05-02T20:31:54.769Z	2026-06-03T15:26:00.224Z	gs://fc-fd42e80c-b41e-4e60-a9cf-b7c0ade168c4/submissions/a1e9b9ce-0d67-4d42-b107-b9821f44dd60/MethylationProfiling/b153769d-433f-46cf-bb9a-b7af79911b24/call-CpgPileup/attempt-2/HG01081.hap1.bed.gz.tbi?generation=1777753914765658	3	dssSYg==	0fPN9hc+jZ3l7ZuEmBLzlQ==	CNri2bS5m5QDEAM=
HG01081	hap2_bed	cpg_hap2_bed	gs://fc-fd42e80c-b41e-4e60-a9cf-b7c0ade168c4/submissions/a1e9b9ce-0d67-4d42-b107-b9821f44dd60/MethylationProfiling/b153769d-433f-46cf-bb9a-b7af79911b24/call-CpgPileup/attempt-2/HG01081.hap2.bed.gz	1777753926415863	290598983	md5_base64	J6A3hMFBjlA5zq0qRiYHNw==	2026-05-02T20:32:06.420Z	2026-06-03T14:44:00.625Z	gs://fc-fd42e80c-b41e-4e60-a9cf-b7c0ade168c4/submissions/a1e9b9ce-0d67-4d42-b107-b9821f44dd60/MethylationProfiling/b153769d-433f-46cf-bb9a-b7af79911b24/call-CpgPileup/attempt-2/HG01081.hap2.bed.gz?generation=1777753926415863	3	7M8FDw==	J6A3hMFBjlA5zq0qRiYHNw==	CPfroLq5m5QDEAM=
HG01081	hap2_bed_index	cpg_hap2_bed_idx	gs://fc-fd42e80c-b41e-4e60-a9cf-b7c0ade168c4/submissions/a1e9b9ce-0d67-4d42-b107-b9821f44dd60/MethylationProfiling/b153769d-433f-46cf-bb9a-b7af79911b24/call-CpgPileup/attempt-2/HG01081.hap2.bed.gz.tbi	1777753916443826	1661354	md5_base64	7xgyFGCf6z2un4qXOTVHTA==	2026-05-02T20:31:56.448Z	2026-06-03T14:57:58.330Z	gs://fc-fd42e80c-b41e-4e60-a9cf-b7c0ade168c4/submissions/a1e9b9ce-0d67-4d42-b107-b9821f44dd60/MethylationProfiling/b153769d-433f-46cf-bb9a-b7af79911b24/call-CpgPileup/attempt-2/HG01081.hap2.bed.gz.tbi?generation=1777753916443826	3	iIaZTg==	7xgyFGCf6z2un4qXOTVHTA==	CLKZwLW5m5QDEAM=
HG01099	combined_bed	cpg_combined_bed	gs://fc-fd42e80c-b41e-4e60-a9cf-b7c0ade168c4/submissions/a1e9b9ce-0d67-4d42-b107-b9821f44dd60/MethylationProfiling/a6bcabab-4dfb-4eba-9bcb-4cf03d76d8fc/call-CpgPileup/HG01099.combined.bed.gz	1777750062129809	301454180	md5_base64	7BlWT/pYTSgTWrdzVIUEaw==	2026-05-02T19:27:42.135Z	2026-06-03T15:55:07.167Z	gs://fc-fd42e80c-b41e-4e60-a9cf-b7c0ade168c4/submissions/a1e9b9ce-0d67-4d42-b107-b9821f44dd60/MethylationProfiling/a6bcabab-4dfb-4eba-9bcb-4cf03d76d8fc/call-CpgPileup/HG01099.combined.bed.gz?generation=1777750062129809	3	37uo2Q==	7BlWT/pYTSgTWrdzVIUEaw==	CJHFz4erm5QDEAM=
HG01099	combined_bed_index	independently_verified_combined_bed_index	gs://fc-fd42e80c-b41e-4e60-a9cf-b7c0ade168c4/submissions/a1e9b9ce-0d67-4d42-b107-b9821f44dd60/MethylationProfiling/a6bcabab-4dfb-4eba-9bcb-4cf03d76d8fc/call-CpgPileup/HG01099.combined.bed.gz.tbi	1777750056343981	1687897	md5_base64	S3Y8txi2iwbOlgFvIXl+TA==	2026-05-02T19:27:36.348Z	2026-06-03T15:05:03.719Z	gs://fc-fd42e80c-b41e-4e60-a9cf-b7c0ade168c4/submissions/a1e9b9ce-0d67-4d42-b107-b9821f44dd60/MethylationProfiling/a6bcabab-4dfb-4eba-9bcb-4cf03d76d8fc/call-CpgPileup/HG01099.combined.bed.gz.tbi?generation=1777750056343981	3	wk6wLQ==	S3Y8txi2iwbOlgFvIXl+TA==	CK2z7oSrm5QDEAM=
HG01099	hap1_bed	cpg_hap1_bed	gs://fc-fd42e80c-b41e-4e60-a9cf-b7c0ade168c4/submissions/a1e9b9ce-0d67-4d42-b107-b9821f44dd60/MethylationProfiling/a6bcabab-4dfb-4eba-9bcb-4cf03d76d8fc/call-CpgPileup/HG01099.hap1.bed.gz	1777750069016735	249705347	md5_base64	XAhhcdLa3k/drwWPUGMm5Q==	2026-05-02T19:27:49.021Z	2026-06-03T15:27:58.580Z	gs://fc-fd42e80c-b41e-4e60-a9cf-b7c0ade168c4/submissions/a1e9b9ce-0d67-4d42-b107-b9821f44dd60/MethylationProfiling/a6bcabab-4dfb-4eba-9bcb-4cf03d76d8fc/call-CpgPileup/HG01099.hap1.bed.gz?generation=1777750069016735	3	UKp91A==	XAhhcdLa3k/drwWPUGMm5Q==	CJ/x84qrm5QDEAM=
HG01099	hap1_bed_index	cpg_hap1_bed_idx	gs://fc-fd42e80c-b41e-4e60-a9cf-b7c0ade168c4/submissions/a1e9b9ce-0d67-4d42-b107-b9821f44dd60/MethylationProfiling/a6bcabab-4dfb-4eba-9bcb-4cf03d76d8fc/call-CpgPileup/HG01099.hap1.bed.gz.tbi	1777750072870496	1552091	md5_base64	SBy6ZLuDWFJMKPX9OFl9zQ==	2026-05-02T19:27:52.873Z	2026-06-03T15:12:01.736Z	gs://fc-fd42e80c-b41e-4e60-a9cf-b7c0ade168c4/submissions/a1e9b9ce-0d67-4d42-b107-b9821f44dd60/MethylationProfiling/a6bcabab-4dfb-4eba-9bcb-4cf03d76d8fc/call-CpgPileup/HG01099.hap1.bed.gz.tbi?generation=1777750072870496	3	7ngtPg==	SBy6ZLuDWFJMKPX9OFl9zQ==	COCM34yrm5QDEAM=
HG01099	hap2_bed	cpg_hap2_bed	gs://fc-fd42e80c-b41e-4e60-a9cf-b7c0ade168c4/submissions/a1e9b9ce-0d67-4d42-b107-b9821f44dd60/MethylationProfiling/a6bcabab-4dfb-4eba-9bcb-4cf03d76d8fc/call-CpgPileup/HG01099.hap2.bed.gz	1777750054479398	249363969	md5_base64	cJLm3vMp1PAKqMbMbXue/A==	2026-05-02T19:27:34.484Z	2026-06-03T14:41:06.882Z	gs://fc-fd42e80c-b41e-4e60-a9cf-b7c0ade168c4/submissions/a1e9b9ce-0d67-4d42-b107-b9821f44dd60/MethylationProfiling/a6bcabab-4dfb-4eba-9bcb-4cf03d76d8fc/call-CpgPileup/HG01099.hap2.bed.gz?generation=1777750054479398	3	RH8h6A==	cJLm3vMp1PAKqMbMbXue/A==	CKbM/IOrm5QDEAM=
HG01099	hap2_bed_index	cpg_hap2_bed_idx	gs://fc-fd42e80c-b41e-4e60-a9cf-b7c0ade168c4/submissions/a1e9b9ce-0d67-4d42-b107-b9821f44dd60/MethylationProfiling/a6bcabab-4dfb-4eba-9bcb-4cf03d76d8fc/call-CpgPileup/HG01099.hap2.bed.gz.tbi	1777750070984455	1550109	md5_base64	wwQVze+AWLeyvEhurrG6ug==	2026-05-02T19:27:50.988Z	2026-06-02T20:16:42.378Z	gs://fc-fd42e80c-b41e-4e60-a9cf-b7c0ade168c4/submissions/a1e9b9ce-0d67-4d42-b107-b9821f44dd60/MethylationProfiling/a6bcabab-4dfb-4eba-9bcb-4cf03d76d8fc/call-CpgPileup/HG01099.hap2.bed.gz.tbi?generation=1777750070984455	2	yXSijA==	wwQVze+AWLeyvEhurrG6ug==	CIf+64urm5QDEAI=
HG01106	combined_bed	cpg_combined_bed	gs://fc-fd42e80c-b41e-4e60-a9cf-b7c0ade168c4/submissions/f0ab26b0-d66f-45be-8322-24218670bc4d/MethylationProfiling/62b698b1-d5ea-469f-bd92-4ba26a74d65f/call-CpgPileup/attempt-2/HG01106.combined.bed.gz	1783886287516886	332591068	md5_base64	r54zZufsZtckrRiRW9tVKg==	2026-07-12T19:58:07.521Z	2026-07-12T19:58:07.521Z	gs://fc-fd42e80c-b41e-4e60-a9cf-b7c0ade168c4/submissions/f0ab26b0-d66f-45be-8322-24218670bc4d/MethylationProfiling/62b698b1-d5ea-469f-bd92-4ba26a74d65f/call-CpgPileup/attempt-2/HG01106.combined.bed.gz?generation=1783886287516886	1	JUOvOg==	r54zZufsZtckrRiRW9tVKg==	CNbp8qP2zZUDEAE=
HG01106	combined_bed_index	independently_verified_combined_bed_index	gs://fc-fd42e80c-b41e-4e60-a9cf-b7c0ade168c4/submissions/f0ab26b0-d66f-45be-8322-24218670bc4d/MethylationProfiling/62b698b1-d5ea-469f-bd92-4ba26a74d65f/call-CpgPileup/attempt-2/HG01106.combined.bed.gz.tbi	1783886291498446	1693283	md5_base64	gRAsPsZ2tfy3Hd0HiHp21w==	2026-07-12T19:58:11.502Z	2026-07-12T19:58:11.502Z	gs://fc-fd42e80c-b41e-4e60-a9cf-b7c0ade168c4/submissions/f0ab26b0-d66f-45be-8322-24218670bc4d/MethylationProfiling/62b698b1-d5ea-469f-bd92-4ba26a74d65f/call-CpgPileup/attempt-2/HG01106.combined.bed.gz.tbi?generation=1783886291498446	1	jyhzOQ==	gRAsPsZ2tfy3Hd0HiHp21w==	CM7r5aX2zZUDEAE=
HG01106	hap1_bed	cpg_hap1_bed	gs://fc-fd42e80c-b41e-4e60-a9cf-b7c0ade168c4/submissions/f0ab26b0-d66f-45be-8322-24218670bc4d/MethylationProfiling/62b698b1-d5ea-469f-bd92-4ba26a74d65f/call-CpgPileup/attempt-2/HG01106.hap1.bed.gz	1783886320463187	282085698	md5_base64	J5mJUWsuSQSlAdlCwzz6aQ==	2026-07-12T19:58:40.468Z	2026-07-12T19:58:40.468Z	gs://fc-fd42e80c-b41e-4e60-a9cf-b7c0ade168c4/submissions/f0ab26b0-d66f-45be-8322-24218670bc4d/MethylationProfiling/62b698b1-d5ea-469f-bd92-4ba26a74d65f/call-CpgPileup/attempt-2/HG01106.hap1.bed.gz?generation=1783886320463187	1	fNcRtQ==	J5mJUWsuSQSlAdlCwzz6aQ==	CNPazbP2zZUDEAE=
HG01106	hap1_bed_index	cpg_hap1_bed_idx	gs://fc-fd42e80c-b41e-4e60-a9cf-b7c0ade168c4/submissions/f0ab26b0-d66f-45be-8322-24218670bc4d/MethylationProfiling/62b698b1-d5ea-469f-bd92-4ba26a74d65f/call-CpgPileup/attempt-2/HG01106.hap1.bed.gz.tbi	1783886293419415	1564584	md5_base64	JUN3WhEtfh0Wo92H7yzusQ==	2026-07-12T19:58:13.423Z	2026-07-12T19:58:13.423Z	gs://fc-fd42e80c-b41e-4e60-a9cf-b7c0ade168c4/submissions/f0ab26b0-d66f-45be-8322-24218670bc4d/MethylationProfiling/62b698b1-d5ea-469f-bd92-4ba26a74d65f/call-CpgPileup/attempt-2/HG01106.hap1.bed.gz.tbi?generation=1783886293419415	1	a1IAbQ==	JUN3WhEtfh0Wo92H7yzusQ==	CJeL26b2zZUDEAE=
HG01106	hap2_bed	cpg_hap2_bed	gs://fc-fd42e80c-b41e-4e60-a9cf-b7c0ade168c4/submissions/f0ab26b0-d66f-45be-8322-24218670bc4d/MethylationProfiling/62b698b1-d5ea-469f-bd92-4ba26a74d65f/call-CpgPileup/attempt-2/HG01106.hap2.bed.gz	1783886307573798	281984761	md5_base64	e5Na6M5SlSdntYOS03OSBQ==	2026-07-12T19:58:27.578Z	2026-07-12T19:58:27.578Z	gs://fc-fd42e80c-b41e-4e60-a9cf-b7c0ade168c4/submissions/f0ab26b0-d66f-45be-8322-24218670bc4d/MethylationProfiling/62b698b1-d5ea-469f-bd92-4ba26a74d65f/call-CpgPileup/attempt-2/HG01106.hap2.bed.gz?generation=1783886307573798	1	Hi8P0A==	e5Na6M5SlSdntYOS03OSBQ==	CKaAu632zZUDEAE=
HG01106	hap2_bed_index	cpg_hap2_bed_idx	gs://fc-fd42e80c-b41e-4e60-a9cf-b7c0ade168c4/submissions/f0ab26b0-d66f-45be-8322-24218670bc4d/MethylationProfiling/62b698b1-d5ea-469f-bd92-4ba26a74d65f/call-CpgPileup/attempt-2/HG01106.hap2.bed.gz.tbi	1783886289559278	1563690	md5_base64	PyjlvuV7cFUZjvjACCbjmA==	2026-07-12T19:58:09.563Z	2026-07-12T19:58:09.563Z	gs://fc-fd42e80c-b41e-4e60-a9cf-b7c0ade168c4/submissions/f0ab26b0-d66f-45be-8322-24218670bc4d/MethylationProfiling/62b698b1-d5ea-469f-bd92-4ba26a74d65f/call-CpgPileup/attempt-2/HG01106.hap2.bed.gz.tbi?generation=1783886289559278	1	tiFlpw==	PyjlvuV7cFUZjvjACCbjmA==	CO6976T2zZUDEAE=
HG01109	combined_bed	cpg_combined_bed	gs://fc-fd42e80c-b41e-4e60-a9cf-b7c0ade168c4/submissions/f0ab26b0-d66f-45be-8322-24218670bc4d/MethylationProfiling/4c93d1ec-e7bb-4ee3-a104-938f536b42b0/call-CpgPileup/HG01109.combined.bed.gz	1783873825527382	323468384	md5_base64	th57YmpEh5qWE1GUfgI5xw==	2026-07-12T16:30:25.531Z	2026-07-12T16:30:25.531Z	gs://fc-fd42e80c-b41e-4e60-a9cf-b7c0ade168c4/submissions/f0ab26b0-d66f-45be-8322-24218670bc4d/MethylationProfiling/4c93d1ec-e7bb-4ee3-a104-938f536b42b0/call-CpgPileup/HG01109.combined.bed.gz?generation=1783873825527382	1	FP940Q==	th57YmpEh5qWE1GUfgI5xw==	CNasx+3HzZUDEAE=
HG01109	combined_bed_index	independently_verified_combined_bed_index	gs://fc-fd42e80c-b41e-4e60-a9cf-b7c0ade168c4/submissions/f0ab26b0-d66f-45be-8322-24218670bc4d/MethylationProfiling/4c93d1ec-e7bb-4ee3-a104-938f536b42b0/call-CpgPileup/HG01109.combined.bed.gz.tbi	1783873850710396	1691535	md5_base64	qdl8mEUBco3vqmiXzn0tfA==	2026-07-12T16:30:50.714Z	2026-07-12T16:30:50.714Z	gs://fc-fd42e80c-b41e-4e60-a9cf-b7c0ade168c4/submissions/f0ab26b0-d66f-45be-8322-24218670bc4d/MethylationProfiling/4c93d1ec-e7bb-4ee3-a104-938f536b42b0/call-CpgPileup/HG01109.combined.bed.gz.tbi?generation=1783873850710396	1	Awt8yA==	qdl8mEUBco3vqmiXzn0tfA==	CPyyyPnHzZUDEAE=
HG01109	hap1_bed	cpg_hap1_bed	gs://fc-fd42e80c-b41e-4e60-a9cf-b7c0ade168c4/submissions/f0ab26b0-d66f-45be-8322-24218670bc4d/MethylationProfiling/4c93d1ec-e7bb-4ee3-a104-938f536b42b0/call-CpgPileup/HG01109.hap1.bed.gz	1783873848867337	276378768	md5_base64	qHD238R94zclENgJzgbUlQ==	2026-07-12T16:30:48.871Z	2026-07-12T16:30:48.871Z	gs://fc-fd42e80c-b41e-4e60-a9cf-b7c0ade168c4/submissions/f0ab26b0-d66f-45be-8322-24218670bc4d/MethylationProfiling/4c93d1ec-e7bb-4ee3-a104-938f536b42b0/call-CpgPileup/HG01109.hap1.bed.gz?generation=1783873848867337	1	BzKrAw==	qHD238R94zclENgJzgbUlQ==	CIn01/jHzZUDEAE=
HG01109	hap1_bed_index	cpg_hap1_bed_idx	gs://fc-fd42e80c-b41e-4e60-a9cf-b7c0ade168c4/submissions/f0ab26b0-d66f-45be-8322-24218670bc4d/MethylationProfiling/4c93d1ec-e7bb-4ee3-a104-938f536b42b0/call-CpgPileup/HG01109.hap1.bed.gz.tbi	1783873813806814	1572695	md5_base64	AJZe55xHsnDwxzQNVuTQRw==	2026-07-12T16:30:13.810Z	2026-07-12T16:30:13.810Z	gs://fc-fd42e80c-b41e-4e60-a9cf-b7c0ade168c4/submissions/f0ab26b0-d66f-45be-8322-24218670bc4d/MethylationProfiling/4c93d1ec-e7bb-4ee3-a104-938f536b42b0/call-CpgPileup/HG01109.hap1.bed.gz.tbi?generation=1783873813806814	1	fEkaVw==	AJZe55xHsnDwxzQNVuTQRw==	CN79++fHzZUDEAE=
HG01109	hap2_bed	cpg_hap2_bed	gs://fc-fd42e80c-b41e-4e60-a9cf-b7c0ade168c4/submissions/f0ab26b0-d66f-45be-8322-24218670bc4d/MethylationProfiling/4c93d1ec-e7bb-4ee3-a104-938f536b42b0/call-CpgPileup/HG01109.hap2.bed.gz	1783873836721106	276115710	md5_base64	RvhTneF0Gnzd8sD8XTCVNg==	2026-07-12T16:30:36.724Z	2026-07-12T16:30:36.724Z	gs://fc-fd42e80c-b41e-4e60-a9cf-b7c0ade168c4/submissions/f0ab26b0-d66f-45be-8322-24218670bc4d/MethylationProfiling/4c93d1ec-e7bb-4ee3-a104-938f536b42b0/call-CpgPileup/HG01109.hap2.bed.gz?generation=1783873836721106	1	WmQWUw==	RvhTneF0Gnzd8sD8XTCVNg==	CNLH8vLHzZUDEAE=
HG01109	hap2_bed_index	cpg_hap2_bed_idx	gs://fc-fd42e80c-b41e-4e60-a9cf-b7c0ade168c4/submissions/f0ab26b0-d66f-45be-8322-24218670bc4d/MethylationProfiling/4c93d1ec-e7bb-4ee3-a104-938f536b42b0/call-CpgPileup/HG01109.hap2.bed.gz.tbi	1783873852655549	1572476	md5_base64	NoEkSVvNnBSGr4dg+m6ljw==	2026-07-12T16:30:52.657Z	2026-07-12T16:30:52.657Z	gs://fc-fd42e80c-b41e-4e60-a9cf-b7c0ade168c4/submissions/f0ab26b0-d66f-45be-8322-24218670bc4d/MethylationProfiling/4c93d1ec-e7bb-4ee3-a104-938f536b42b0/call-CpgPileup/HG01109.hap2.bed.gz.tbi?generation=1783873852655549	1	WlENKQ==	NoEkSVvNnBSGr4dg+m6ljw==	CL2Pv/rHzZUDEAE=
HG01123	combined_bed	cpg_combined_bed	gs://fc-fd42e80c-b41e-4e60-a9cf-b7c0ade168c4/submissions/a1e9b9ce-0d67-4d42-b107-b9821f44dd60/MethylationProfiling/68f68e6d-3d6a-40a0-8031-0156fd124dbf/call-CpgPileup/HG01123.combined.bed.gz	1777750369911382	308712047	md5_base64	PMXFigBynxTVslBWU+3ulQ==	2026-05-02T19:32:49.915Z	2026-06-03T15:51:08.367Z	gs://fc-fd42e80c-b41e-4e60-a9cf-b7c0ade168c4/submissions/a1e9b9ce-0d67-4d42-b107-b9821f44dd60/MethylationProfiling/68f68e6d-3d6a-40a0-8031-0156fd124dbf/call-CpgPileup/HG01123.combined.bed.gz?generation=1777750369911382	3	cOoVXQ==	PMXFigBynxTVslBWU+3ulQ==	CNaEsZqsm5QDEAM=
HG01123	combined_bed_index	independently_verified_combined_bed_index	gs://fc-fd42e80c-b41e-4e60-a9cf-b7c0ade168c4/submissions/a1e9b9ce-0d67-4d42-b107-b9821f44dd60/MethylationProfiling/68f68e6d-3d6a-40a0-8031-0156fd124dbf/call-CpgPileup/HG01123.combined.bed.gz.tbi	1777750363023457	1680451	md5_base64	7daspsuQU8T84nARhYnC4Q==	2026-05-02T19:32:43.027Z	2026-06-02T19:53:01.245Z	gs://fc-fd42e80c-b41e-4e60-a9cf-b7c0ade168c4/submissions/a1e9b9ce-0d67-4d42-b107-b9821f44dd60/MethylationProfiling/68f68e6d-3d6a-40a0-8031-0156fd124dbf/call-CpgPileup/HG01123.combined.bed.gz.tbi?generation=1777750363023457	2	zfVuNA==	7daspsuQU8T84nARhYnC4Q==	COHQjJesm5QDEAI=
HG01123	hap1_bed	cpg_hap1_bed	gs://fc-fd42e80c-b41e-4e60-a9cf-b7c0ade168c4/submissions/a1e9b9ce-0d67-4d42-b107-b9821f44dd60/MethylationProfiling/68f68e6d-3d6a-40a0-8031-0156fd124dbf/call-CpgPileup/HG01123.hap1.bed.gz	1777750376689128	265392660	md5_base64	ZKD7XZIDtz1skH5C+G0+lA==	2026-05-02T19:32:56.694Z	2026-06-03T15:32:06.207Z	gs://fc-fd42e80c-b41e-4e60-a9cf-b7c0ade168c4/submissions/a1e9b9ce-0d67-4d42-b107-b9821f44dd60/MethylationProfiling/68f68e6d-3d6a-40a0-8031-0156fd124dbf/call-CpgPileup/HG01123.hap1.bed.gz?generation=1777750376689128	3	L8Skkw==	ZKD7XZIDtz1skH5C+G0+lA==	COjbzp2sm5QDEAM=
HG01123	hap1_bed_index	cpg_hap1_bed_idx	gs://fc-fd42e80c-b41e-4e60-a9cf-b7c0ade168c4/submissions/a1e9b9ce-0d67-4d42-b107-b9821f44dd60/MethylationProfiling/68f68e6d-3d6a-40a0-8031-0156fd124dbf/call-CpgPileup/HG01123.hap1.bed.gz.tbi	1777750365096484	1633388	md5_base64	CxAo8xK1iPGZTAYEm4CqSA==	2026-05-02T19:32:45.100Z	2026-06-03T15:30:00.331Z	gs://fc-fd42e80c-b41e-4e60-a9cf-b7c0ade168c4/submissions/a1e9b9ce-0d67-4d42-b107-b9821f44dd60/MethylationProfiling/68f68e6d-3d6a-40a0-8031-0156fd124dbf/call-CpgPileup/HG01123.hap1.bed.gz.tbi?generation=1777750365096484	3	1aM4CA==	CxAo8xK1iPGZTAYEm4CqSA==	CKSUi5ism5QDEAM=
HG01123	hap2_bed	cpg_hap2_bed	gs://fc-fd42e80c-b41e-4e60-a9cf-b7c0ade168c4/submissions/a1e9b9ce-0d67-4d42-b107-b9821f44dd60/MethylationProfiling/68f68e6d-3d6a-40a0-8031-0156fd124dbf/call-CpgPileup/HG01123.hap2.bed.gz	1777750361125438	265319913	md5_base64	KfEXQhmIputX6l8cqa7LqQ==	2026-05-02T19:32:41.129Z	2026-06-03T14:50:59.357Z	gs://fc-fd42e80c-b41e-4e60-a9cf-b7c0ade168c4/submissions/a1e9b9ce-0d67-4d42-b107-b9821f44dd60/MethylationProfiling/68f68e6d-3d6a-40a0-8031-0156fd124dbf/call-CpgPileup/HG01123.hap2.bed.gz?generation=1777750361125438	3	yBeTOg==	KfEXQhmIputX6l8cqa7LqQ==	CL7kmJasm5QDEAM=
HG01123	hap2_bed_index	cpg_hap2_bed_idx	gs://fc-fd42e80c-b41e-4e60-a9cf-b7c0ade168c4/submissions/a1e9b9ce-0d67-4d42-b107-b9821f44dd60/MethylationProfiling/68f68e6d-3d6a-40a0-8031-0156fd124dbf/call-CpgPileup/HG01123.hap2.bed.gz.tbi	1777750353131529	1633498	md5_base64	JpmqO0mGRQlVVHAaB+nvtA==	2026-05-02T19:32:33.139Z	2026-06-03T15:48:05.342Z	gs://fc-fd42e80c-b41e-4e60-a9cf-b7c0ade168c4/submissions/a1e9b9ce-0d67-4d42-b107-b9821f44dd60/MethylationProfiling/68f68e6d-3d6a-40a0-8031-0156fd124dbf/call-CpgPileup/HG01123.hap2.bed.gz.tbi?generation=1777750353131529	3	43wyww==	JpmqO0mGRQlVVHAaB+nvtA==	CInwsJKsm5QDEAM=
HG01150	combined_bed	cpg_combined_bed	gs://fc-fd42e80c-b41e-4e60-a9cf-b7c0ade168c4/submissions/a1e9b9ce-0d67-4d42-b107-b9821f44dd60/MethylationProfiling/81dc365e-c242-49dc-a01c-8ab8ad4ae07f/call-CpgPileup/HG01150.combined.bed.gz	1777749993151439	339412381	md5_base64	C5F2WjUDqg21tTR5O/vbvg==	2026-05-02T19:26:33.155Z	2026-06-03T15:21:58.565Z	gs://fc-fd42e80c-b41e-4e60-a9cf-b7c0ade168c4/submissions/a1e9b9ce-0d67-4d42-b107-b9821f44dd60/MethylationProfiling/81dc365e-c242-49dc-a01c-8ab8ad4ae07f/call-CpgPileup/HG01150.combined.bed.gz?generation=1777749993151439	3	kQvttg==	C5F2WjUDqg21tTR5O/vbvg==	CM+33eaqm5QDEAM=
HG01150	combined_bed_index	independently_verified_combined_bed_index	gs://fc-fd42e80c-b41e-4e60-a9cf-b7c0ade168c4/submissions/a1e9b9ce-0d67-4d42-b107-b9821f44dd60/MethylationProfiling/81dc365e-c242-49dc-a01c-8ab8ad4ae07f/call-CpgPileup/HG01150.combined.bed.gz.tbi	1777750010071432	1684319	md5_base64	h3Wxe8itZ3tppvHGssVPOw==	2026-05-02T19:26:50.075Z	2026-06-03T15:12:02.774Z	gs://fc-fd42e80c-b41e-4e60-a9cf-b7c0ade168c4/submissions/a1e9b9ce-0d67-4d42-b107-b9821f44dd60/MethylationProfiling/81dc365e-c242-49dc-a01c-8ab8ad4ae07f/call-CpgPileup/HG01150.combined.bed.gz.tbi?generation=1777750010071432	3	FXqktg==	h3Wxe8itZ3tppvHGssVPOw==	CIiT5u6qm5QDEAM=
HG01150	hap1_bed	cpg_hap1_bed	gs://fc-fd42e80c-b41e-4e60-a9cf-b7c0ade168c4/submissions/a1e9b9ce-0d67-4d42-b107-b9821f44dd60/MethylationProfiling/81dc365e-c242-49dc-a01c-8ab8ad4ae07f/call-CpgPileup/HG01150.hap1.bed.gz	1777750008221027	296332934	md5_base64	217aHTUBdXu73fLCFAkBRg==	2026-05-02T19:26:48.225Z	2026-06-02T20:29:08.643Z	gs://fc-fd42e80c-b41e-4e60-a9cf-b7c0ade168c4/submissions/a1e9b9ce-0d67-4d42-b107-b9821f44dd60/MethylationProfiling/81dc365e-c242-49dc-a01c-8ab8ad4ae07f/call-CpgPileup/HG01150.hap1.bed.gz?generation=1777750008221027	2	ocxo6A==	217aHTUBdXu73fLCFAkBRg==	COOa9e2qm5QDEAI=
HG01150	hap1_bed_index	cpg_hap1_bed_idx	gs://fc-fd42e80c-b41e-4e60-a9cf-b7c0ade168c4/submissions/a1e9b9ce-0d67-4d42-b107-b9821f44dd60/MethylationProfiling/81dc365e-c242-49dc-a01c-8ab8ad4ae07f/call-CpgPileup/HG01150.hap1.bed.gz.tbi	1777750027465468	1652517	md5_base64	DSMxhOubKntOctrvNtnVRg==	2026-05-02T19:27:07.469Z	2026-06-03T15:19:08.909Z	gs://fc-fd42e80c-b41e-4e60-a9cf-b7c0ade168c4/submissions/a1e9b9ce-0d67-4d42-b107-b9821f44dd60/MethylationProfiling/81dc365e-c242-49dc-a01c-8ab8ad4ae07f/call-CpgPileup/HG01150.hap1.bed.gz.tbi?generation=1777750027465468	3	CwJumQ==	DSMxhOubKntOctrvNtnVRg==	CPzli/eqm5QDEAM=
HG01150	hap2_bed	cpg_hap2_bed	gs://fc-fd42e80c-b41e-4e60-a9cf-b7c0ade168c4/submissions/a1e9b9ce-0d67-4d42-b107-b9821f44dd60/MethylationProfiling/81dc365e-c242-49dc-a01c-8ab8ad4ae07f/call-CpgPileup/HG01150.hap2.bed.gz	1777750023822070	295776159	md5_base64	D1gBMnKGZx899vcg/W3szQ==	2026-05-02T19:27:03.826Z	2026-06-03T14:48:57.878Z	gs://fc-fd42e80c-b41e-4e60-a9cf-b7c0ade168c4/submissions/a1e9b9ce-0d67-4d42-b107-b9821f44dd60/MethylationProfiling/81dc365e-c242-49dc-a01c-8ab8ad4ae07f/call-CpgPileup/HG01150.hap2.bed.gz?generation=1777750023822070	3	o0WfKg==	D1gBMnKGZx899vcg/W3szQ==	CPa1rfWqm5QDEAM=
HG01150	hap2_bed_index	cpg_hap2_bed_idx	gs://fc-fd42e80c-b41e-4e60-a9cf-b7c0ade168c4/submissions/a1e9b9ce-0d67-4d42-b107-b9821f44dd60/MethylationProfiling/81dc365e-c242-49dc-a01c-8ab8ad4ae07f/call-CpgPileup/HG01150.hap2.bed.gz.tbi	1777750025662138	1652153	md5_base64	2q3v6EwM/sHUPSRrxgtsnQ==	2026-05-02T19:27:05.665Z	2026-06-02T20:32:10.571Z	gs://fc-fd42e80c-b41e-4e60-a9cf-b7c0ade168c4/submissions/a1e9b9ce-0d67-4d42-b107-b9821f44dd60/MethylationProfiling/81dc365e-c242-49dc-a01c-8ab8ad4ae07f/call-CpgPileup/HG01150.hap2.bed.gz.tbi?generation=1777750025662138	2	6og6BQ==	2q3v6EwM/sHUPSRrxgtsnQ==	CLrdnfaqm5QDEAI=
HG01167	combined_bed	cpg_combined_bed	gs://fc-fd42e80c-b41e-4e60-a9cf-b7c0ade168c4/submissions/a1e9b9ce-0d67-4d42-b107-b9821f44dd60/MethylationProfiling/190b2e4b-a2b7-40a8-bd06-d5cb87f28f41/call-CpgPileup/HG01167.combined.bed.gz	1777748378673420	335116418	md5_base64	yMdxweN2TcmwSygrWmSfng==	2026-05-02T18:59:38.677Z	2026-06-03T15:24:11.050Z	gs://fc-fd42e80c-b41e-4e60-a9cf-b7c0ade168c4/submissions/a1e9b9ce-0d67-4d42-b107-b9821f44dd60/MethylationProfiling/190b2e4b-a2b7-40a8-bd06-d5cb87f28f41/call-CpgPileup/HG01167.combined.bed.gz?generation=1777748378673420	3	XyXtIg==	yMdxweN2TcmwSygrWmSfng==	CIzC8eSkm5QDEAM=
HG01167	combined_bed_index	independently_verified_combined_bed_index	gs://fc-fd42e80c-b41e-4e60-a9cf-b7c0ade168c4/submissions/a1e9b9ce-0d67-4d42-b107-b9821f44dd60/MethylationProfiling/190b2e4b-a2b7-40a8-bd06-d5cb87f28f41/call-CpgPileup/HG01167.combined.bed.gz.tbi	1777748373683518	1693830	md5_base64	+GXj1+3mOt4L1M4T/zk+KQ==	2026-05-02T18:59:33.686Z	2026-06-03T15:32:06.207Z	gs://fc-fd42e80c-b41e-4e60-a9cf-b7c0ade168c4/submissions/a1e9b9ce-0d67-4d42-b107-b9821f44dd60/MethylationProfiling/190b2e4b-a2b7-40a8-bd06-d5cb87f28f41/call-CpgPileup/HG01167.combined.bed.gz.tbi?generation=1777748373683518	3	snUvtQ==	+GXj1+3mOt4L1M4T/zk+KQ==	CL76wOKkm5QDEAM=
HG01167	hap1_bed	cpg_hap1_bed	gs://fc-fd42e80c-b41e-4e60-a9cf-b7c0ade168c4/submissions/a1e9b9ce-0d67-4d42-b107-b9821f44dd60/MethylationProfiling/190b2e4b-a2b7-40a8-bd06-d5cb87f28f41/call-CpgPileup/HG01167.hap1.bed.gz	1777748363214276	285928256	md5_base64	uThPOFc+1R+POFFukdff5g==	2026-05-02T18:59:23.219Z	2026-06-03T15:40:06.957Z	gs://fc-fd42e80c-b41e-4e60-a9cf-b7c0ade168c4/submissions/a1e9b9ce-0d67-4d42-b107-b9821f44dd60/MethylationProfiling/190b2e4b-a2b7-40a8-bd06-d5cb87f28f41/call-CpgPileup/HG01167.hap1.bed.gz?generation=1777748363214276	3	OD8+ow==	uThPOFc+1R+POFFukdff5g==	CMT7wd2km5QDEAM=
HG01167	hap1_bed_index	cpg_hap1_bed_idx	gs://fc-fd42e80c-b41e-4e60-a9cf-b7c0ade168c4/submissions/a1e9b9ce-0d67-4d42-b107-b9821f44dd60/MethylationProfiling/190b2e4b-a2b7-40a8-bd06-d5cb87f28f41/call-CpgPileup/HG01167.hap1.bed.gz.tbi	1777748380579625	1576722	md5_base64	GrRTTCkel2KFB6j/6Nlukg==	2026-05-02T18:59:40.584Z	2026-06-03T14:42:35.920Z	gs://fc-fd42e80c-b41e-4e60-a9cf-b7c0ade168c4/submissions/a1e9b9ce-0d67-4d42-b107-b9821f44dd60/MethylationProfiling/190b2e4b-a2b7-40a8-bd06-d5cb87f28f41/call-CpgPileup/HG01167.hap1.bed.gz.tbi?generation=1777748380579625	3	mmpKkA==	GrRTTCkel2KFB6j/6Nlukg==	CKnu5eWkm5QDEAM=
HG01167	hap2_bed	cpg_hap2_bed	gs://fc-fd42e80c-b41e-4e60-a9cf-b7c0ade168c4/submissions/a1e9b9ce-0d67-4d42-b107-b9821f44dd60/MethylationProfiling/190b2e4b-a2b7-40a8-bd06-d5cb87f28f41/call-CpgPileup/HG01167.hap2.bed.gz	1777748371786696	286199697	md5_base64	+ppyPwpceSM060GwH6lZIg==	2026-05-02T18:59:31.790Z	2026-06-02T20:16:42.378Z	gs://fc-fd42e80c-b41e-4e60-a9cf-b7c0ade168c4/submissions/a1e9b9ce-0d67-4d42-b107-b9821f44dd60/MethylationProfiling/190b2e4b-a2b7-40a8-bd06-d5cb87f28f41/call-CpgPileup/HG01167.hap2.bed.gz?generation=1777748371786696	2	cN1aEA==	+ppyPwpceSM060GwH6lZIg==	CMiXzeGkm5QDEAI=
HG01167	hap2_bed_index	cpg_hap2_bed_idx	gs://fc-fd42e80c-b41e-4e60-a9cf-b7c0ade168c4/submissions/a1e9b9ce-0d67-4d42-b107-b9821f44dd60/MethylationProfiling/190b2e4b-a2b7-40a8-bd06-d5cb87f28f41/call-CpgPileup/HG01167.hap2.bed.gz.tbi	1777748365191069	1577581	md5_base64	xLlzb9WbIqg4Ulj5NJ2X/Q==	2026-05-02T18:59:25.195Z	2026-06-03T14:33:57.952Z	gs://fc-fd42e80c-b41e-4e60-a9cf-b7c0ade168c4/submissions/a1e9b9ce-0d67-4d42-b107-b9821f44dd60/MethylationProfiling/190b2e4b-a2b7-40a8-bd06-d5cb87f28f41/call-CpgPileup/HG01167.hap2.bed.gz.tbi?generation=1777748365191069	3	euwI2A==	xLlzb9WbIqg4Ulj5NJ2X/Q==	CJ3Put6km5QDEAM=
HG01175	combined_bed	cpg_combined_bed	gs://fc-fd42e80c-b41e-4e60-a9cf-b7c0ade168c4/submissions/a1e9b9ce-0d67-4d42-b107-b9821f44dd60/MethylationProfiling/94b7ea27-9b80-4b65-850f-65e0f824fab0/call-CpgPileup/HG01175.combined.bed.gz	1777750543188418	285662174	md5_base64	Np7qdPWtUdoVfU7P+F46YA==	2026-05-02T19:35:43.192Z	2026-06-02T20:04:25.760Z	gs://fc-fd42e80c-b41e-4e60-a9cf-b7c0ade168c4/submissions/a1e9b9ce-0d67-4d42-b107-b9821f44dd60/MethylationProfiling/94b7ea27-9b80-4b65-850f-65e0f824fab0/call-CpgPileup/HG01175.combined.bed.gz?generation=1777750543188418	2	mQedJw==	Np7qdPWtUdoVfU7P+F46YA==	CMKDge2sm5QDEAI=
HG01175	combined_bed_index	independently_verified_combined_bed_index	gs://fc-fd42e80c-b41e-4e60-a9cf-b7c0ade168c4/submissions/a1e9b9ce-0d67-4d42-b107-b9821f44dd60/MethylationProfiling/94b7ea27-9b80-4b65-850f-65e0f824fab0/call-CpgPileup/HG01175.combined.bed.gz.tbi	1777750549979937	1676014	md5_base64	NyK3EAVDGFmQyF7hLGwQvA==	2026-05-02T19:35:49.984Z	2026-06-03T15:28:03.486Z	gs://fc-fd42e80c-b41e-4e60-a9cf-b7c0ade168c4/submissions/a1e9b9ce-0d67-4d42-b107-b9821f44dd60/MethylationProfiling/94b7ea27-9b80-4b65-850f-65e0f824fab0/call-CpgPileup/HG01175.combined.bed.gz.tbi?generation=1777750549979937	3	evSE7Q==	NyK3EAVDGFmQyF7hLGwQvA==	CKHGn/Csm5QDEAM=
HG01175	hap1_bed	cpg_hap1_bed	gs://fc-fd42e80c-b41e-4e60-a9cf-b7c0ade168c4/submissions/a1e9b9ce-0d67-4d42-b107-b9821f44dd60/MethylationProfiling/94b7ea27-9b80-4b65-850f-65e0f824fab0/call-CpgPileup/HG01175.hap1.bed.gz	1777750535938370	232489190	md5_base64	kJniEuiXNwdZ3bP3GKDfsw==	2026-05-02T19:35:35.943Z	2026-06-02T20:35:36.695Z	gs://fc-fd42e80c-b41e-4e60-a9cf-b7c0ade168c4/submissions/a1e9b9ce-0d67-4d42-b107-b9821f44dd60/MethylationProfiling/94b7ea27-9b80-4b65-850f-65e0f824fab0/call-CpgPileup/HG01175.hap1.bed.gz?generation=1777750535938370	2	Uor5qw==	kJniEuiXNwdZ3bP3GKDfsw==	CMLCxumsm5QDEAI=
HG01175	hap1_bed_index	cpg_hap1_bed_idx	gs://fc-fd42e80c-b41e-4e60-a9cf-b7c0ade168c4/submissions/a1e9b9ce-0d67-4d42-b107-b9821f44dd60/MethylationProfiling/94b7ea27-9b80-4b65-850f-65e0f824fab0/call-CpgPileup/HG01175.hap1.bed.gz.tbi	1777750531006952	1612171	md5_base64	xY+d0JUBjrVKU+Dr5RpCEQ==	2026-05-02T19:35:31.010Z	2026-06-03T15:09:08.341Z	gs://fc-fd42e80c-b41e-4e60-a9cf-b7c0ade168c4/submissions/a1e9b9ce-0d67-4d42-b107-b9821f44dd60/MethylationProfiling/94b7ea27-9b80-4b65-850f-65e0f824fab0/call-CpgPileup/HG01175.hap1.bed.gz.tbi?generation=1777750531006952	3	vb4J6A==	xY+d0JUBjrVKU+Dr5RpCEQ==	COjDmeesm5QDEAM=
HG01175	hap2_bed	cpg_hap2_bed	gs://fc-fd42e80c-b41e-4e60-a9cf-b7c0ade168c4/submissions/a1e9b9ce-0d67-4d42-b107-b9821f44dd60/MethylationProfiling/94b7ea27-9b80-4b65-850f-65e0f824fab0/call-CpgPileup/HG01175.hap2.bed.gz	1777750548048480	232155329	md5_base64	8QW7rIjjff2sEPYB9wOu0A==	2026-05-02T19:35:48.052Z	2026-06-02T20:30:10.437Z	gs://fc-fd42e80c-b41e-4e60-a9cf-b7c0ade168c4/submissions/a1e9b9ce-0d67-4d42-b107-b9821f44dd60/MethylationProfiling/94b7ea27-9b80-4b65-850f-65e0f824fab0/call-CpgPileup/HG01175.hap2.bed.gz?generation=1777750548048480	2	G3o21w==	8QW7rIjjff2sEPYB9wOu0A==	CODUqe+sm5QDEAI=
HG01175	hap2_bed_index	cpg_hap2_bed_idx	gs://fc-fd42e80c-b41e-4e60-a9cf-b7c0ade168c4/submissions/a1e9b9ce-0d67-4d42-b107-b9821f44dd60/MethylationProfiling/94b7ea27-9b80-4b65-850f-65e0f824fab0/call-CpgPileup/HG01175.hap2.bed.gz.tbi	1777750537849404	1610316	md5_base64	NTPsXdYvtAan/8zBNBw0HQ==	2026-05-02T19:35:37.852Z	2026-06-03T14:59:01.486Z	gs://fc-fd42e80c-b41e-4e60-a9cf-b7c0ade168c4/submissions/a1e9b9ce-0d67-4d42-b107-b9821f44dd60/MethylationProfiling/94b7ea27-9b80-4b65-850f-65e0f824fab0/call-CpgPileup/HG01175.hap2.bed.gz.tbi?generation=1777750537849404	3	91+OFg==	NTPsXdYvtAan/8zBNBw0HQ==	CLyUu+qsm5QDEAM=
HG01192	combined_bed	cpg_combined_bed	gs://fc-fd42e80c-b41e-4e60-a9cf-b7c0ade168c4/submissions/a1e9b9ce-0d67-4d42-b107-b9821f44dd60/MethylationProfiling/459d9336-195f-4db0-bf87-5e9475ca316e/call-CpgPileup/attempt-3/HG01192.combined.bed.gz	1777756867441273	336288199	md5_base64	00KzazPXW4LhE+2oCC0sNA==	2026-05-02T21:21:07.447Z	2026-06-03T15:08:56.525Z	gs://fc-fd42e80c-b41e-4e60-a9cf-b7c0ade168c4/submissions/a1e9b9ce-0d67-4d42-b107-b9821f44dd60/MethylationProfiling/459d9336-195f-4db0-bf87-5e9475ca316e/call-CpgPileup/attempt-3/HG01192.combined.bed.gz?generation=1777756867441273	3	cpMRcQ==	00KzazPXW4LhE+2oCC0sNA==	CPnk0rTEm5QDEAM=
HG01192	combined_bed_index	independently_verified_combined_bed_index	gs://fc-fd42e80c-b41e-4e60-a9cf-b7c0ade168c4/submissions/a1e9b9ce-0d67-4d42-b107-b9821f44dd60/MethylationProfiling/459d9336-195f-4db0-bf87-5e9475ca316e/call-CpgPileup/attempt-3/HG01192.combined.bed.gz.tbi	1777756878540839	1694511	md5_base64	I6E0cyF/vwxJT/RBMBV4hw==	2026-05-02T21:21:18.547Z	2026-06-02T20:01:47.872Z	gs://fc-fd42e80c-b41e-4e60-a9cf-b7c0ade168c4/submissions/a1e9b9ce-0d67-4d42-b107-b9821f44dd60/MethylationProfiling/459d9336-195f-4db0-bf87-5e9475ca316e/call-CpgPileup/attempt-3/HG01192.combined.bed.gz.tbi?generation=1777756878540839	2	xXn53w==	I6E0cyF/vwxJT/RBMBV4hw==	CKeg+LnEm5QDEAI=
HG01192	hap1_bed	cpg_hap1_bed	gs://fc-fd42e80c-b41e-4e60-a9cf-b7c0ade168c4/submissions/a1e9b9ce-0d67-4d42-b107-b9821f44dd60/MethylationProfiling/459d9336-195f-4db0-bf87-5e9475ca316e/call-CpgPileup/attempt-3/HG01192.hap1.bed.gz	1777756876595354	286310507	md5_base64	gsB70M4uwBTzbGI7iioAJA==	2026-05-02T21:21:16.600Z	2026-06-03T14:44:03.237Z	gs://fc-fd42e80c-b41e-4e60-a9cf-b7c0ade168c4/submissions/a1e9b9ce-0d67-4d42-b107-b9821f44dd60/MethylationProfiling/459d9336-195f-4db0-bf87-5e9475ca316e/call-CpgPileup/attempt-3/HG01192.hap1.bed.gz?generation=1777756876595354	3	QsMqGw==	gsB70M4uwBTzbGI7iioAJA==	CJrBgbnEm5QDEAM=
HG01192	hap1_bed_index	cpg_hap1_bed_idx	gs://fc-fd42e80c-b41e-4e60-a9cf-b7c0ade168c4/submissions/a1e9b9ce-0d67-4d42-b107-b9821f44dd60/MethylationProfiling/459d9336-195f-4db0-bf87-5e9475ca316e/call-CpgPileup/attempt-3/HG01192.hap1.bed.gz.tbi	1777756869525214	1566441	md5_base64	5Mle+XPLnXTk+l+uCnnaLg==	2026-05-02T21:21:09.529Z	2026-06-02T19:50:33.116Z	gs://fc-fd42e80c-b41e-4e60-a9cf-b7c0ade168c4/submissions/a1e9b9ce-0d67-4d42-b107-b9821f44dd60/MethylationProfiling/459d9336-195f-4db0-bf87-5e9475ca316e/call-CpgPileup/attempt-3/HG01192.hap1.bed.gz.tbi?generation=1777756869525214	2	KLXXpA==	5Mle+XPLnXTk+l+uCnnaLg==	CN790bXEm5QDEAI=
HG01192	hap2_bed	cpg_hap2_bed	gs://fc-fd42e80c-b41e-4e60-a9cf-b7c0ade168c4/submissions/a1e9b9ce-0d67-4d42-b107-b9821f44dd60/MethylationProfiling/459d9336-195f-4db0-bf87-5e9475ca316e/call-CpgPileup/attempt-3/HG01192.hap2.bed.gz	1777756860651143	286180368	md5_base64	U6nif/s6bt5e3KgC8mlKEg==	2026-05-02T21:21:00.658Z	2026-06-02T20:08:35.199Z	gs://fc-fd42e80c-b41e-4e60-a9cf-b7c0ade168c4/submissions/a1e9b9ce-0d67-4d42-b107-b9821f44dd60/MethylationProfiling/459d9336-195f-4db0-bf87-5e9475ca316e/call-CpgPileup/attempt-3/HG01192.hap2.bed.gz?generation=1777756860651143	2	g7TwpA==	U6nif/s6bt5e3KgC8mlKEg==	CIettLHEm5QDEAI=
HG01192	hap2_bed_index	cpg_hap2_bed_idx	gs://fc-fd42e80c-b41e-4e60-a9cf-b7c0ade168c4/submissions/a1e9b9ce-0d67-4d42-b107-b9821f44dd60/MethylationProfiling/459d9336-195f-4db0-bf87-5e9475ca316e/call-CpgPileup/attempt-3/HG01192.hap2.bed.gz.tbi	1777756880611808	1566581	md5_base64	OGF/BG6YlyUHWAPXFibvdQ==	2026-05-02T21:21:20.616Z	2026-06-03T15:36:06.630Z	gs://fc-fd42e80c-b41e-4e60-a9cf-b7c0ade168c4/submissions/a1e9b9ce-0d67-4d42-b107-b9821f44dd60/MethylationProfiling/459d9336-195f-4db0-bf87-5e9475ca316e/call-CpgPileup/attempt-3/HG01192.hap2.bed.gz.tbi?generation=1777756880611808	3	XaEchw==	OGF/BG6YlyUHWAPXFibvdQ==	CODT9rrEm5QDEAM=
HG01243	combined_bed	cpg_combined_bed	gs://fc-fd42e80c-b41e-4e60-a9cf-b7c0ade168c4/submissions/a1e9b9ce-0d67-4d42-b107-b9821f44dd60/MethylationProfiling/0ced1355-9fde-4776-922a-d466d4e5b56d/call-CpgPileup/attempt-3/HG01243.combined.bed.gz	1777759345314412	318821267	md5_base64	9IIa+gWgUmkD4lBFxqGPGQ==	2026-05-02T22:02:25.323Z	2026-06-03T15:33:09.108Z	gs://fc-fd42e80c-b41e-4e60-a9cf-b7c0ade168c4/submissions/a1e9b9ce-0d67-4d42-b107-b9821f44dd60/MethylationProfiling/0ced1355-9fde-4776-922a-d466d4e5b56d/call-CpgPileup/attempt-3/HG01243.combined.bed.gz?generation=1777759345314412	3	4k0K6A==	9IIa+gWgUmkD4lBFxqGPGQ==	COyUmNLNm5QDEAM=
HG01243	combined_bed_index	independently_verified_combined_bed_index	gs://fc-fd42e80c-b41e-4e60-a9cf-b7c0ade168c4/submissions/a1e9b9ce-0d67-4d42-b107-b9821f44dd60/MethylationProfiling/0ced1355-9fde-4776-922a-d466d4e5b56d/call-CpgPileup/attempt-3/HG01243.combined.bed.gz.tbi	1777759336628950	1691293	md5_base64	p5F3tN2ZAJ8xMDEnoDOknQ==	2026-05-02T22:02:16.633Z	2026-06-03T14:56:16.087Z	gs://fc-fd42e80c-b41e-4e60-a9cf-b7c0ade168c4/submissions/a1e9b9ce-0d67-4d42-b107-b9821f44dd60/MethylationProfiling/0ced1355-9fde-4776-922a-d466d4e5b56d/call-CpgPileup/attempt-3/HG01243.combined.bed.gz.tbi?generation=1777759336628950	3	AYNr4g==	p5F3tN2ZAJ8xMDEnoDOknQ==	CNaFhs7Nm5QDEAM=
HG01243	hap1_bed	cpg_hap1_bed	gs://fc-fd42e80c-b41e-4e60-a9cf-b7c0ade168c4/submissions/a1e9b9ce-0d67-4d42-b107-b9821f44dd60/MethylationProfiling/0ced1355-9fde-4776-922a-d466d4e5b56d/call-CpgPileup/attempt-3/HG01243.hap1.bed.gz	1777759351891891	272482692	md5_base64	AlUt70iebC6Jld+n1CNNQg==	2026-05-02T22:02:31.898Z	2026-06-03T15:48:17.725Z	gs://fc-fd42e80c-b41e-4e60-a9cf-b7c0ade168c4/submissions/a1e9b9ce-0d67-4d42-b107-b9821f44dd60/MethylationProfiling/0ced1355-9fde-4776-922a-d466d4e5b56d/call-CpgPileup/attempt-3/HG01243.hap1.bed.gz?generation=1777759351891891	3	FwxiTQ==	AlUt70iebC6Jld+n1CNNQg==	CLPPqdXNm5QDEAM=
HG01243	hap1_bed_index	cpg_hap1_bed_idx	gs://fc-fd42e80c-b41e-4e60-a9cf-b7c0ade168c4/submissions/a1e9b9ce-0d67-4d42-b107-b9821f44dd60/MethylationProfiling/0ced1355-9fde-4776-922a-d466d4e5b56d/call-CpgPileup/attempt-3/HG01243.hap1.bed.gz.tbi	1777759353875051	1579925	md5_base64	zbKr0HjHTADvRl8/YPLPVQ==	2026-05-02T22:02:33.880Z	2026-06-03T14:28:57.657Z	gs://fc-fd42e80c-b41e-4e60-a9cf-b7c0ade168c4/submissions/a1e9b9ce-0d67-4d42-b107-b9821f44dd60/MethylationProfiling/0ced1355-9fde-4776-922a-d466d4e5b56d/call-CpgPileup/attempt-3/HG01243.hap1.bed.gz.tbi?generation=1777759353875051	3	mJzgYQ==	zbKr0HjHTADvRl8/YPLPVQ==	COvUotbNm5QDEAM=
HG01243	hap2_bed	cpg_hap2_bed	gs://fc-fd42e80c-b41e-4e60-a9cf-b7c0ade168c4/submissions/a1e9b9ce-0d67-4d42-b107-b9821f44dd60/MethylationProfiling/0ced1355-9fde-4776-922a-d466d4e5b56d/call-CpgPileup/attempt-3/HG01243.hap2.bed.gz	1777759366436613	272515503	md5_base64	+o571IBmpT2Tk+4Ez++Yyw==	2026-05-02T22:02:46.441Z	2026-06-02T19:42:10.136Z	gs://fc-fd42e80c-b41e-4e60-a9cf-b7c0ade168c4/submissions/a1e9b9ce-0d67-4d42-b107-b9821f44dd60/MethylationProfiling/0ced1355-9fde-4776-922a-d466d4e5b56d/call-CpgPileup/attempt-3/HG01243.hap2.bed.gz?generation=1777759366436613	2	xQ5IfQ==	+o571IBmpT2Tk+4Ez++Yyw==	CIWuodzNm5QDEAI=
HG01243	hap2_bed_index	cpg_hap2_bed_idx	gs://fc-fd42e80c-b41e-4e60-a9cf-b7c0ade168c4/submissions/a1e9b9ce-0d67-4d42-b107-b9821f44dd60/MethylationProfiling/0ced1355-9fde-4776-922a-d466d4e5b56d/call-CpgPileup/attempt-3/HG01243.hap2.bed.gz.tbi	1777759338618553	1579084	md5_base64	URE2SFBHprW0Qxcs5qDM+g==	2026-05-02T22:02:18.623Z	2026-06-03T15:48:05.342Z	gs://fc-fd42e80c-b41e-4e60-a9cf-b7c0ade168c4/submissions/a1e9b9ce-0d67-4d42-b107-b9821f44dd60/MethylationProfiling/0ced1355-9fde-4776-922a-d466d4e5b56d/call-CpgPileup/attempt-3/HG01243.hap2.bed.gz.tbi?generation=1777759338618553	3	EUpYbg==	URE2SFBHprW0Qxcs5qDM+g==	CLm9/87Nm5QDEAM=
HG01252	combined_bed	cpg_combined_bed	gs://fc-fd42e80c-b41e-4e60-a9cf-b7c0ade168c4/submissions/a1e9b9ce-0d67-4d42-b107-b9821f44dd60/MethylationProfiling/022c9991-fb6e-409c-a96f-ab0a5807d68b/call-CpgPileup/HG01252.combined.bed.gz	1777749480150139	330661091	md5_base64	QQqoNNv2VwVXXig47SmJyw==	2026-05-02T19:18:00.154Z	2026-06-03T15:41:57.669Z	gs://fc-fd42e80c-b41e-4e60-a9cf-b7c0ade168c4/submissions/a1e9b9ce-0d67-4d42-b107-b9821f44dd60/MethylationProfiling/022c9991-fb6e-409c-a96f-ab0a5807d68b/call-CpgPileup/HG01252.combined.bed.gz?generation=1777749480150139	3	2c+vnw==	QQqoNNv2VwVXXig47SmJyw==	CPuojvKom5QDEAM=
HG01252	combined_bed_index	independently_verified_combined_bed_index	gs://fc-fd42e80c-b41e-4e60-a9cf-b7c0ade168c4/submissions/a1e9b9ce-0d67-4d42-b107-b9821f44dd60/MethylationProfiling/022c9991-fb6e-409c-a96f-ab0a5807d68b/call-CpgPileup/HG01252.combined.bed.gz.tbi	1777749463635016	1694601	md5_base64	Qp8uMI6nXG2sbNjq4RkVuw==	2026-05-02T19:17:43.640Z	2026-06-02T20:33:31.643Z	gs://fc-fd42e80c-b41e-4e60-a9cf-b7c0ade168c4/submissions/a1e9b9ce-0d67-4d42-b107-b9821f44dd60/MethylationProfiling/022c9991-fb6e-409c-a96f-ab0a5807d68b/call-CpgPileup/HG01252.combined.bed.gz.tbi?generation=1777749463635016	2	J6aXhA==	Qp8uMI6nXG2sbNjq4RkVuw==	CMionuqom5QDEAI=
HG01252	hap1_bed	cpg_hap1_bed	gs://fc-fd42e80c-b41e-4e60-a9cf-b7c0ade168c4/submissions/a1e9b9ce-0d67-4d42-b107-b9821f44dd60/MethylationProfiling/022c9991-fb6e-409c-a96f-ab0a5807d68b/call-CpgPileup/HG01252.hap1.bed.gz	1777749486653555	279756784	md5_base64	2ewz4NV59tf+M4vAmfrDDA==	2026-05-02T19:18:06.658Z	2026-06-03T15:11:07.290Z	gs://fc-fd42e80c-b41e-4e60-a9cf-b7c0ade168c4/submissions/a1e9b9ce-0d67-4d42-b107-b9821f44dd60/MethylationProfiling/022c9991-fb6e-409c-a96f-ab0a5807d68b/call-CpgPileup/HG01252.hap1.bed.gz?generation=1777749486653555	3	Y+c81A==	2ewz4NV59tf+M4vAmfrDDA==	CPOgm/Wom5QDEAM=
HG01252	hap1_bed_index	cpg_hap1_bed_idx	gs://fc-fd42e80c-b41e-4e60-a9cf-b7c0ade168c4/submissions/a1e9b9ce-0d67-4d42-b107-b9821f44dd60/MethylationProfiling/022c9991-fb6e-409c-a96f-ab0a5807d68b/call-CpgPileup/HG01252.hap1.bed.gz.tbi	1777749473621043	1563239	md5_base64	iZan6tp/aqx832kcfQ5GOA==	2026-05-02T19:17:53.624Z	2026-06-02T19:58:03.970Z	gs://fc-fd42e80c-b41e-4e60-a9cf-b7c0ade168c4/submissions/a1e9b9ce-0d67-4d42-b107-b9821f44dd60/MethylationProfiling/022c9991-fb6e-409c-a96f-ab0a5807d68b/call-CpgPileup/HG01252.hap1.bed.gz.tbi?generation=1777749473621043	2	puAD4A==	iZan6tp/aqx832kcfQ5GOA==	CLPo/+6om5QDEAI=
HG01252	hap2_bed	cpg_hap2_bed	gs://fc-fd42e80c-b41e-4e60-a9cf-b7c0ade168c4/submissions/a1e9b9ce-0d67-4d42-b107-b9821f44dd60/MethylationProfiling/022c9991-fb6e-409c-a96f-ab0a5807d68b/call-CpgPileup/HG01252.hap2.bed.gz	1777749471605423	279616151	md5_base64	e0YAmOmg8sn1f/f46X2N2Q==	2026-05-02T19:17:51.608Z	2026-06-02T20:33:56.908Z	gs://fc-fd42e80c-b41e-4e60-a9cf-b7c0ade168c4/submissions/a1e9b9ce-0d67-4d42-b107-b9821f44dd60/MethylationProfiling/022c9991-fb6e-409c-a96f-ab0a5807d68b/call-CpgPileup/HG01252.hap2.bed.gz?generation=1777749471605423	2	jflXJw==	e0YAmOmg8sn1f/f46X2N2Q==	CK/lhO6om5QDEAI=
HG01252	hap2_bed_index	cpg_hap2_bed_idx	gs://fc-fd42e80c-b41e-4e60-a9cf-b7c0ade168c4/submissions/a1e9b9ce-0d67-4d42-b107-b9821f44dd60/MethylationProfiling/022c9991-fb6e-409c-a96f-ab0a5807d68b/call-CpgPileup/HG01252.hap2.bed.gz.tbi	1777749461709841	1563707	md5_base64	REHNyhqvsjVuTULD4tGAoA==	2026-05-02T19:17:41.714Z	2026-06-02T19:45:24.035Z	gs://fc-fd42e80c-b41e-4e60-a9cf-b7c0ade168c4/submissions/a1e9b9ce-0d67-4d42-b107-b9821f44dd60/MethylationProfiling/022c9991-fb6e-409c-a96f-ab0a5807d68b/call-CpgPileup/HG01252.hap2.bed.gz.tbi?generation=1777749461709841	2	p/Gxgg==	REHNyhqvsjVuTULD4tGAoA==	CJHoqOmom5QDEAI=
HG01255	combined_bed	cpg_combined_bed	gs://fc-fd42e80c-b41e-4e60-a9cf-b7c0ade168c4/submissions/a1e9b9ce-0d67-4d42-b107-b9821f44dd60/MethylationProfiling/216e741e-4d5c-406c-ad6d-4b46ce8ecf74/call-CpgPileup/HG01255.combined.bed.gz	1777751035928599	315620319	md5_base64	y2m8iNWIGiBMhbcUoV2B8Q==	2026-05-02T19:43:55.932Z	2026-06-03T15:34:00.160Z	gs://fc-fd42e80c-b41e-4e60-a9cf-b7c0ade168c4/submissions/a1e9b9ce-0d67-4d42-b107-b9821f44dd60/MethylationProfiling/216e741e-4d5c-406c-ad6d-4b46ce8ecf74/call-CpgPileup/HG01255.combined.bed.gz?generation=1777751035928599	3	7B7fJA==	y2m8iNWIGiBMhbcUoV2B8Q==	CJfA+9eum5QDEAM=
HG01255	combined_bed_index	independently_verified_combined_bed_index	gs://fc-fd42e80c-b41e-4e60-a9cf-b7c0ade168c4/submissions/a1e9b9ce-0d67-4d42-b107-b9821f44dd60/MethylationProfiling/216e741e-4d5c-406c-ad6d-4b46ce8ecf74/call-CpgPileup/HG01255.combined.bed.gz.tbi	1777751044662128	1691623	md5_base64	y6LeF2uy4L0rl8wLcskZJg==	2026-05-02T19:44:04.665Z	2026-06-03T15:28:10.910Z	gs://fc-fd42e80c-b41e-4e60-a9cf-b7c0ade168c4/submissions/a1e9b9ce-0d67-4d42-b107-b9821f44dd60/MethylationProfiling/216e741e-4d5c-406c-ad6d-4b46ce8ecf74/call-CpgPileup/HG01255.combined.bed.gz.tbi?generation=1777751044662128	3	RCNo0g==	y6LeF2uy4L0rl8wLcskZJg==	CPDGkNyum5QDEAM=
HG01255	hap1_bed	cpg_hap1_bed	gs://fc-fd42e80c-b41e-4e60-a9cf-b7c0ade168c4/submissions/a1e9b9ce-0d67-4d42-b107-b9821f44dd60/MethylationProfiling/216e741e-4d5c-406c-ad6d-4b46ce8ecf74/call-CpgPileup/HG01255.hap1.bed.gz	1777751042798800	266487794	md5_base64	+tulIUUEFF63K/tQv7rZoQ==	2026-05-02T19:44:02.803Z	2026-06-03T15:03:00.819Z	gs://fc-fd42e80c-b41e-4e60-a9cf-b7c0ade168c4/submissions/a1e9b9ce-0d67-4d42-b107-b9821f44dd60/MethylationProfiling/216e741e-4d5c-406c-ad6d-4b46ce8ecf74/call-CpgPileup/HG01255.hap1.bed.gz?generation=1777751042798800	3	V8aqNQ==	+tulIUUEFF63K/tQv7rZoQ==	CNDpntuum5QDEAM=
HG01255	hap1_bed_index	cpg_hap1_bed_idx	gs://fc-fd42e80c-b41e-4e60-a9cf-b7c0ade168c4/submissions/a1e9b9ce-0d67-4d42-b107-b9821f44dd60/MethylationProfiling/216e741e-4d5c-406c-ad6d-4b46ce8ecf74/call-CpgPileup/HG01255.hap1.bed.gz.tbi	1777751046684260	1561111	md5_base64	m76q1Z3cETWe3MDWKksknQ==	2026-05-02T19:44:06.692Z	2026-06-03T14:33:05.565Z	gs://fc-fd42e80c-b41e-4e60-a9cf-b7c0ade168c4/submissions/a1e9b9ce-0d67-4d42-b107-b9821f44dd60/MethylationProfiling/216e741e-4d5c-406c-ad6d-4b46ce8ecf74/call-CpgPileup/HG01255.hap1.bed.gz.tbi?generation=1777751046684260	3	lrCFjA==	m76q1Z3cETWe3MDWKksknQ==	COT8i92um5QDEAM=
HG01255	hap2_bed	cpg_hap2_bed	gs://fc-fd42e80c-b41e-4e60-a9cf-b7c0ade168c4/submissions/a1e9b9ce-0d67-4d42-b107-b9821f44dd60/MethylationProfiling/216e741e-4d5c-406c-ad6d-4b46ce8ecf74/call-CpgPileup/HG01255.hap2.bed.gz	1777751053558314	266666384	md5_base64	2ePvWmV50yjvOVr/X8gfaA==	2026-05-02T19:44:13.565Z	2026-06-03T15:28:25.705Z	gs://fc-fd42e80c-b41e-4e60-a9cf-b7c0ade168c4/submissions/a1e9b9ce-0d67-4d42-b107-b9821f44dd60/MethylationProfiling/216e741e-4d5c-406c-ad6d-4b46ce8ecf74/call-CpgPileup/HG01255.hap2.bed.gz?generation=1777751053558314	3	6jh3VQ==	2ePvWmV50yjvOVr/X8gfaA==	CKrEr+Cum5QDEAM=
HG01255	hap2_bed_index	cpg_hap2_bed_idx	gs://fc-fd42e80c-b41e-4e60-a9cf-b7c0ade168c4/submissions/a1e9b9ce-0d67-4d42-b107-b9821f44dd60/MethylationProfiling/216e741e-4d5c-406c-ad6d-4b46ce8ecf74/call-CpgPileup/HG01255.hap2.bed.gz.tbi	1777751055521040	1562403	md5_base64	51g6svs+RayYZhpUCjq8Kg==	2026-05-02T19:44:15.526Z	2026-06-02T19:52:17.491Z	gs://fc-fd42e80c-b41e-4e60-a9cf-b7c0ade168c4/submissions/a1e9b9ce-0d67-4d42-b107-b9821f44dd60/MethylationProfiling/216e741e-4d5c-406c-ad6d-4b46ce8ecf74/call-CpgPileup/HG01255.hap2.bed.gz.tbi?generation=1777751055521040	2	vDMfKw==	51g6svs+RayYZhpUCjq8Kg==	CJCqp+Gum5QDEAI=
HG01258	combined_bed	cpg_combined_bed	gs://fc-fd42e80c-b41e-4e60-a9cf-b7c0ade168c4/submissions/a1e9b9ce-0d67-4d42-b107-b9821f44dd60/MethylationProfiling/a6512f93-a916-48f9-ab9d-8b6066d544b0/call-CpgPileup/HG01258.combined.bed.gz	1777750002746079	286285408	md5_base64	vzGq4/PI43oD6dJlm/7pMw==	2026-05-02T19:26:42.750Z	2026-06-02T20:16:54.785Z	gs://fc-fd42e80c-b41e-4e60-a9cf-b7c0ade168c4/submissions/a1e9b9ce-0d67-4d42-b107-b9821f44dd60/MethylationProfiling/a6512f93-a916-48f9-ab9d-8b6066d544b0/call-CpgPileup/HG01258.combined.bed.gz?generation=1777750002746079	2	WeJENg==	vzGq4/PI43oD6dJlm/7pMw==	CN+Fp+uqm5QDEAI=
HG01258	combined_bed_index	independently_verified_combined_bed_index	gs://fc-fd42e80c-b41e-4e60-a9cf-b7c0ade168c4/submissions/a1e9b9ce-0d67-4d42-b107-b9821f44dd60/MethylationProfiling/a6512f93-a916-48f9-ab9d-8b6066d544b0/call-CpgPileup/HG01258.combined.bed.gz.tbi	1777750012203138	1685144	md5_base64	FhjwuhyXfXBCFYiqCOZMoA==	2026-05-02T19:26:52.206Z	2026-06-02T20:03:28.172Z	gs://fc-fd42e80c-b41e-4e60-a9cf-b7c0ade168c4/submissions/a1e9b9ce-0d67-4d42-b107-b9821f44dd60/MethylationProfiling/a6512f93-a916-48f9-ab9d-8b6066d544b0/call-CpgPileup/HG01258.combined.bed.gz.tbi?generation=1777750012203138	2	vNzRUw==	FhjwuhyXfXBCFYiqCOZMoA==	CIKh6O+qm5QDEAI=
HG01258	hap1_bed	cpg_hap1_bed	gs://fc-fd42e80c-b41e-4e60-a9cf-b7c0ade168c4/submissions/a1e9b9ce-0d67-4d42-b107-b9821f44dd60/MethylationProfiling/a6512f93-a916-48f9-ab9d-8b6066d544b0/call-CpgPileup/HG01258.hap1.bed.gz	1777750008190014	222951225	md5_base64	em3t35YJ1ZeMKfThAPVXcw==	2026-05-02T19:26:48.194Z	2026-06-03T15:53:34.942Z	gs://fc-fd42e80c-b41e-4e60-a9cf-b7c0ade168c4/submissions/a1e9b9ce-0d67-4d42-b107-b9821f44dd60/MethylationProfiling/a6512f93-a916-48f9-ab9d-8b6066d544b0/call-CpgPileup/HG01258.hap1.bed.gz?generation=1777750008190014	3	1GanFA==	em3t35YJ1ZeMKfThAPVXcw==	CL6o8+2qm5QDEAM=
HG01258	hap1_bed_index	cpg_hap1_bed_idx	gs://fc-fd42e80c-b41e-4e60-a9cf-b7c0ade168c4/submissions/a1e9b9ce-0d67-4d42-b107-b9821f44dd60/MethylationProfiling/a6512f93-a916-48f9-ab9d-8b6066d544b0/call-CpgPileup/HG01258.hap1.bed.gz.tbi	1777750010263448	1518555	md5_base64	hWave3uvlnv/+LdzIxCyGw==	2026-05-02T19:26:50.266Z	2026-06-02T20:02:11.544Z	gs://fc-fd42e80c-b41e-4e60-a9cf-b7c0ade168c4/submissions/a1e9b9ce-0d67-4d42-b107-b9821f44dd60/MethylationProfiling/a6512f93-a916-48f9-ab9d-8b6066d544b0/call-CpgPileup/HG01258.hap1.bed.gz.tbi?generation=1777750010263448	2	52F4/Q==	hWave3uvlnv/+LdzIxCyGw==	CJjv8e6qm5QDEAI=
HG01258	hap2_bed	cpg_hap2_bed	gs://fc-fd42e80c-b41e-4e60-a9cf-b7c0ade168c4/submissions/a1e9b9ce-0d67-4d42-b107-b9821f44dd60/MethylationProfiling/a6512f93-a916-48f9-ab9d-8b6066d544b0/call-CpgPileup/HG01258.hap2.bed.gz	1777749993348411	223180663	md5_base64	VSrFZnkoCn0elNg/sUsUgA==	2026-05-02T19:26:33.352Z	2026-06-03T15:26:58.629Z	gs://fc-fd42e80c-b41e-4e60-a9cf-b7c0ade168c4/submissions/a1e9b9ce-0d67-4d42-b107-b9821f44dd60/MethylationProfiling/a6512f93-a916-48f9-ab9d-8b6066d544b0/call-CpgPileup/HG01258.hap2.bed.gz?generation=1777749993348411	3	0L2pxw==	VSrFZnkoCn0elNg/sUsUgA==	CLu66eaqm5QDEAM=
HG01258	hap2_bed_index	cpg_hap2_bed_idx	gs://fc-fd42e80c-b41e-4e60-a9cf-b7c0ade168c4/submissions/a1e9b9ce-0d67-4d42-b107-b9821f44dd60/MethylationProfiling/a6512f93-a916-48f9-ab9d-8b6066d544b0/call-CpgPileup/HG01258.hap2.bed.gz.tbi	1777749995388929	1518816	md5_base64	DNk4We7y9tSj25dspmFVFg==	2026-05-02T19:26:35.395Z	2026-06-02T20:16:24.565Z	gs://fc-fd42e80c-b41e-4e60-a9cf-b7c0ade168c4/submissions/a1e9b9ce-0d67-4d42-b107-b9821f44dd60/MethylationProfiling/a6512f93-a916-48f9-ab9d-8b6066d544b0/call-CpgPileup/HG01258.hap2.bed.gz.tbi?generation=1777749995388929	2	2h3X1A==	DNk4We7y9tSj25dspmFVFg==	CIGA5ueqm5QDEAI=
HG01261	combined_bed	cpg_combined_bed	gs://fc-fd42e80c-b41e-4e60-a9cf-b7c0ade168c4/submissions/a1e9b9ce-0d67-4d42-b107-b9821f44dd60/MethylationProfiling/38796caf-e998-4775-84c2-f3f567b932bf/call-CpgPileup/HG01261.combined.bed.gz	1777751220963974	363518282	md5_base64	mkSPskmMtYHPdEOJlpNTkg==	2026-05-02T19:47:00.968Z	2026-06-03T15:34:38.975Z	gs://fc-fd42e80c-b41e-4e60-a9cf-b7c0ade168c4/submissions/a1e9b9ce-0d67-4d42-b107-b9821f44dd60/MethylationProfiling/38796caf-e998-4775-84c2-f3f567b932bf/call-CpgPileup/HG01261.combined.bed.gz?generation=1777751220963974	3	hIduHg==	mkSPskmMtYHPdEOJlpNTkg==	CIaVmbCvm5QDEAM=
HG01261	combined_bed_index	independently_verified_combined_bed_index	gs://fc-fd42e80c-b41e-4e60-a9cf-b7c0ade168c4/submissions/a1e9b9ce-0d67-4d42-b107-b9821f44dd60/MethylationProfiling/38796caf-e998-4775-84c2-f3f567b932bf/call-CpgPileup/HG01261.combined.bed.gz.tbi	1777751223187159	1695985	md5_base64	Zm48HbamWJJpw+6YDcLvqg==	2026-05-02T19:47:03.192Z	2026-06-02T20:03:11.884Z	gs://fc-fd42e80c-b41e-4e60-a9cf-b7c0ade168c4/submissions/a1e9b9ce-0d67-4d42-b107-b9821f44dd60/MethylationProfiling/38796caf-e998-4775-84c2-f3f567b932bf/call-CpgPileup/HG01261.combined.bed.gz.tbi?generation=1777751223187159	2	6Fy4Lg==	Zm48HbamWJJpw+6YDcLvqg==	CNftoLGvm5QDEAI=
HG01261	hap1_bed	cpg_hap1_bed	gs://fc-fd42e80c-b41e-4e60-a9cf-b7c0ade168c4/submissions/a1e9b9ce-0d67-4d42-b107-b9821f44dd60/MethylationProfiling/38796caf-e998-4775-84c2-f3f567b932bf/call-CpgPileup/HG01261.hap1.bed.gz	1777751203989219	306161333	md5_base64	NsmyUPiszhKu5tCZiD9Xhw==	2026-05-02T19:46:43.994Z	2026-06-02T20:07:05.430Z	gs://fc-fd42e80c-b41e-4e60-a9cf-b7c0ade168c4/submissions/a1e9b9ce-0d67-4d42-b107-b9821f44dd60/MethylationProfiling/38796caf-e998-4775-84c2-f3f567b932bf/call-CpgPileup/HG01261.hap1.bed.gz?generation=1777751203989219	2	QJ8LKw==	NsmyUPiszhKu5tCZiD9Xhw==	COONjaivm5QDEAI=
HG01261	hap1_bed_index	cpg_hap1_bed_idx	gs://fc-fd42e80c-b41e-4e60-a9cf-b7c0ade168c4/submissions/a1e9b9ce-0d67-4d42-b107-b9821f44dd60/MethylationProfiling/38796caf-e998-4775-84c2-f3f567b932bf/call-CpgPileup/HG01261.hap1.bed.gz.tbi	1777751185001102	1566763	md5_base64	Jiz/wSDft5rqZ/JIVtGqYA==	2026-05-02T19:46:25.005Z	2026-06-02T19:46:22.022Z	gs://fc-fd42e80c-b41e-4e60-a9cf-b7c0ade168c4/submissions/a1e9b9ce-0d67-4d42-b107-b9821f44dd60/MethylationProfiling/38796caf-e998-4775-84c2-f3f567b932bf/call-CpgPileup/HG01261.hap1.bed.gz.tbi?generation=1777751185001102	2	vZFoGQ==	Jiz/wSDft5rqZ/JIVtGqYA==	CI6Vhp+vm5QDEAI=
HG01261	hap2_bed	cpg_hap2_bed	gs://fc-fd42e80c-b41e-4e60-a9cf-b7c0ade168c4/submissions/a1e9b9ce-0d67-4d42-b107-b9821f44dd60/MethylationProfiling/38796caf-e998-4775-84c2-f3f567b932bf/call-CpgPileup/HG01261.hap2.bed.gz	1777751182803883	305994984	md5_base64	66LXKzX/jWeXAi/o8frMbQ==	2026-05-02T19:46:22.807Z	2026-06-03T15:51:04.936Z	gs://fc-fd42e80c-b41e-4e60-a9cf-b7c0ade168c4/submissions/a1e9b9ce-0d67-4d42-b107-b9821f44dd60/MethylationProfiling/38796caf-e998-4775-84c2-f3f567b932bf/call-CpgPileup/HG01261.hap2.bed.gz?generation=1777751182803883	3	owiHDQ==	66LXKzX/jWeXAi/o8frMbQ==	CKuHgJ6vm5QDEAM=
HG01261	hap2_bed_index	cpg_hap2_bed_idx	gs://fc-fd42e80c-b41e-4e60-a9cf-b7c0ade168c4/submissions/a1e9b9ce-0d67-4d42-b107-b9821f44dd60/MethylationProfiling/38796caf-e998-4775-84c2-f3f567b932bf/call-CpgPileup/HG01261.hap2.bed.gz.tbi	1777751166412785	1566780	md5_base64	OHpc4Kd4mzCAUH1AKEQJOA==	2026-05-02T19:46:06.416Z	2026-06-03T14:37:12.339Z	gs://fc-fd42e80c-b41e-4e60-a9cf-b7c0ade168c4/submissions/a1e9b9ce-0d67-4d42-b107-b9821f44dd60/MethylationProfiling/38796caf-e998-4775-84c2-f3f567b932bf/call-CpgPileup/HG01261.hap2.bed.gz.tbi?generation=1777751166412785	3	171GUw==	OHpc4Kd4mzCAUH1AKEQJOA==	CPHPl5avm5QDEAM=
HG01346	combined_bed	cpg_combined_bed	gs://fc-fd42e80c-b41e-4e60-a9cf-b7c0ade168c4/submissions/a1e9b9ce-0d67-4d42-b107-b9821f44dd60/MethylationProfiling/2771b851-50f2-41f2-878a-a5fc019e6606/call-CpgPileup/HG01346.combined.bed.gz	1777750466317024	295707538	md5_base64	to5LkBO7fIiBp9zi6eynHQ==	2026-05-02T19:34:26.321Z	2026-06-02T20:20:08.510Z	gs://fc-fd42e80c-b41e-4e60-a9cf-b7c0ade168c4/submissions/a1e9b9ce-0d67-4d42-b107-b9821f44dd60/MethylationProfiling/2771b851-50f2-41f2-878a-a5fc019e6606/call-CpgPileup/HG01346.combined.bed.gz?generation=1777750466317024	2	3WW82Q==	to5LkBO7fIiBp9zi6eynHQ==	COCVrcism5QDEAI=
HG01346	combined_bed_index	independently_verified_combined_bed_index	gs://fc-fd42e80c-b41e-4e60-a9cf-b7c0ade168c4/submissions/a1e9b9ce-0d67-4d42-b107-b9821f44dd60/MethylationProfiling/2771b851-50f2-41f2-878a-a5fc019e6606/call-CpgPileup/HG01346.combined.bed.gz.tbi	1777750468282580	1677012	md5_base64	eZ176h9vOMsR/7T+WRlWIg==	2026-05-02T19:34:28.301Z	2026-06-02T20:28:33.284Z	gs://fc-fd42e80c-b41e-4e60-a9cf-b7c0ade168c4/submissions/a1e9b9ce-0d67-4d42-b107-b9821f44dd60/MethylationProfiling/2771b851-50f2-41f2-878a-a5fc019e6606/call-CpgPileup/HG01346.combined.bed.gz.tbi?generation=1777750468282580	2	3I5zeQ==	eZ176h9vOMsR/7T+WRlWIg==	CNSRpcmsm5QDEAI=
HG01346	hap1_bed	cpg_hap1_bed	gs://fc-fd42e80c-b41e-4e60-a9cf-b7c0ade168c4/submissions/a1e9b9ce-0d67-4d42-b107-b9821f44dd60/MethylationProfiling/2771b851-50f2-41f2-878a-a5fc019e6606/call-CpgPileup/HG01346.hap1.bed.gz	1777750483645293	250077700	md5_base64	yezBi2hisuwtfSG2TWWrxQ==	2026-05-02T19:34:43.650Z	2026-06-03T15:20:17.415Z	gs://fc-fd42e80c-b41e-4e60-a9cf-b7c0ade168c4/submissions/a1e9b9ce-0d67-4d42-b107-b9821f44dd60/MethylationProfiling/2771b851-50f2-41f2-878a-a5fc019e6606/call-CpgPileup/HG01346.hap1.bed.gz?generation=1777750483645293	3	MlfKRA==	yezBi2hisuwtfSG2TWWrxQ==	CO3mztCsm5QDEAM=
HG01346	hap1_bed_index	cpg_hap1_bed_idx	gs://fc-fd42e80c-b41e-4e60-a9cf-b7c0ade168c4/submissions/a1e9b9ce-0d67-4d42-b107-b9821f44dd60/MethylationProfiling/2771b851-50f2-41f2-878a-a5fc019e6606/call-CpgPileup/HG01346.hap1.bed.gz.tbi	1777750476869810	1623435	md5_base64	+vu9Afy0SWNCcaer/+RtTQ==	2026-05-02T19:34:36.875Z	2026-06-03T15:32:57.949Z	gs://fc-fd42e80c-b41e-4e60-a9cf-b7c0ade168c4/submissions/a1e9b9ce-0d67-4d42-b107-b9821f44dd60/MethylationProfiling/2771b851-50f2-41f2-878a-a5fc019e6606/call-CpgPileup/HG01346.hap1.bed.gz.tbi?generation=1777750476869810	3	0IXgYw==	+vu9Afy0SWNCcaer/+RtTQ==	CLKhsc2sm5QDEAM=
HG01346	hap2_bed	cpg_hap2_bed	gs://fc-fd42e80c-b41e-4e60-a9cf-b7c0ade168c4/submissions/a1e9b9ce-0d67-4d42-b107-b9821f44dd60/MethylationProfiling/2771b851-50f2-41f2-878a-a5fc019e6606/call-CpgPileup/HG01346.hap2.bed.gz	1777750474837897	249644140	md5_base64	/9nbQVOlZsZypDClsow9QQ==	2026-05-02T19:34:34.841Z	2026-06-03T15:55:07.167Z	gs://fc-fd42e80c-b41e-4e60-a9cf-b7c0ade168c4/submissions/a1e9b9ce-0d67-4d42-b107-b9821f44dd60/MethylationProfiling/2771b851-50f2-41f2-878a-a5fc019e6606/call-CpgPileup/HG01346.hap2.bed.gz?generation=1777750474837897	3	5ypEhA==	/9nbQVOlZsZypDClsow9QQ==	CImftcysm5QDEAM=
HG01346	hap2_bed_index	cpg_hap2_bed_idx	gs://fc-fd42e80c-b41e-4e60-a9cf-b7c0ade168c4/submissions/a1e9b9ce-0d67-4d42-b107-b9821f44dd60/MethylationProfiling/2771b851-50f2-41f2-878a-a5fc019e6606/call-CpgPileup/HG01346.hap2.bed.gz.tbi	1777750478789663	1621172	md5_base64	3Vl9B8WGIRF1JMexdlSFsA==	2026-05-02T19:34:38.793Z	2026-06-03T14:32:05.852Z	gs://fc-fd42e80c-b41e-4e60-a9cf-b7c0ade168c4/submissions/a1e9b9ce-0d67-4d42-b107-b9821f44dd60/MethylationProfiling/2771b851-50f2-41f2-878a-a5fc019e6606/call-CpgPileup/HG01346.hap2.bed.gz.tbi?generation=1777750478789663	3	+Yjijg==	3Vl9B8WGIRF1JMexdlSFsA==	CJ+4ps6sm5QDEAM=
HG01358	combined_bed	cpg_combined_bed	gs://fc-fd42e80c-b41e-4e60-a9cf-b7c0ade168c4/submissions/a1e9b9ce-0d67-4d42-b107-b9821f44dd60/MethylationProfiling/77e136fa-c7d8-48c6-8137-f99e72d79811/call-CpgPileup/HG01358.combined.bed.gz	1777750308222021	285290437	md5_base64	giRkeckAH6q9QWEp3tNbgw==	2026-05-02T19:31:48.226Z	2026-06-03T15:12:01.736Z	gs://fc-fd42e80c-b41e-4e60-a9cf-b7c0ade168c4/submissions/a1e9b9ce-0d67-4d42-b107-b9821f44dd60/MethylationProfiling/77e136fa-c7d8-48c6-8137-f99e72d79811/call-CpgPileup/HG01358.combined.bed.gz?generation=1777750308222021	3	nR4pDw==	giRkeckAH6q9QWEp3tNbgw==	CMXo+/yrm5QDEAM=
HG01358	combined_bed_index	independently_verified_combined_bed_index	gs://fc-fd42e80c-b41e-4e60-a9cf-b7c0ade168c4/submissions/a1e9b9ce-0d67-4d42-b107-b9821f44dd60/MethylationProfiling/77e136fa-c7d8-48c6-8137-f99e72d79811/call-CpgPileup/HG01358.combined.bed.gz.tbi	1777750300971399	1683618	md5_base64	fWHEpP7r2ZyyOAQyV/Tz3w==	2026-05-02T19:31:40.976Z	2026-06-03T16:04:09.819Z	gs://fc-fd42e80c-b41e-4e60-a9cf-b7c0ade168c4/submissions/a1e9b9ce-0d67-4d42-b107-b9821f44dd60/MethylationProfiling/77e136fa-c7d8-48c6-8137-f99e72d79811/call-CpgPileup/HG01358.combined.bed.gz.tbi?generation=1777750300971399	4	2Uk+Mw==	fWHEpP7r2ZyyOAQyV/Tz3w==	CIejwfmrm5QDEAQ=
HG01358	hap1_bed	cpg_hap1_bed	gs://fc-fd42e80c-b41e-4e60-a9cf-b7c0ade168c4/submissions/a1e9b9ce-0d67-4d42-b107-b9821f44dd60/MethylationProfiling/77e136fa-c7d8-48c6-8137-f99e72d79811/call-CpgPileup/HG01358.hap1.bed.gz	1777750295247393	214629790	md5_base64	OFb98Rqfg25Qi62IsB8JRg==	2026-05-02T19:31:35.250Z	2026-06-03T14:47:58.512Z	gs://fc-fd42e80c-b41e-4e60-a9cf-b7c0ade168c4/submissions/a1e9b9ce-0d67-4d42-b107-b9821f44dd60/MethylationProfiling/77e136fa-c7d8-48c6-8137-f99e72d79811/call-CpgPileup/HG01358.hap1.bed.gz?generation=1777750295247393	3	XMgquw==	OFb98Rqfg25Qi62IsB8JRg==	CKH04/arm5QDEAM=
HG01358	hap1_bed_index	cpg_hap1_bed_idx	gs://fc-fd42e80c-b41e-4e60-a9cf-b7c0ade168c4/submissions/a1e9b9ce-0d67-4d42-b107-b9821f44dd60/MethylationProfiling/77e136fa-c7d8-48c6-8137-f99e72d79811/call-CpgPileup/HG01358.hap1.bed.gz.tbi	1777750302925044	1507311	md5_base64	bSmrwjjGCcnXZVz2e3RW6w==	2026-05-02T19:31:42.928Z	2026-06-02T20:31:58.464Z	gs://fc-fd42e80c-b41e-4e60-a9cf-b7c0ade168c4/submissions/a1e9b9ce-0d67-4d42-b107-b9821f44dd60/MethylationProfiling/77e136fa-c7d8-48c6-8137-f99e72d79811/call-CpgPileup/HG01358.hap1.bed.gz.tbi?generation=1777750302925044	2	NgkNcQ==	bSmrwjjGCcnXZVz2e3RW6w==	CPTBuPqrm5QDEAI=
HG01358	hap2_bed	cpg_hap2_bed	gs://fc-fd42e80c-b41e-4e60-a9cf-b7c0ade168c4/submissions/a1e9b9ce-0d67-4d42-b107-b9821f44dd60/MethylationProfiling/77e136fa-c7d8-48c6-8137-f99e72d79811/call-CpgPileup/HG01358.hap2.bed.gz	1777750299096574	213835173	md5_base64	+Ee8ylZ6DwwS9/m7IT0XTg==	2026-05-02T19:31:39.099Z	2026-06-03T15:00:59.982Z	gs://fc-fd42e80c-b41e-4e60-a9cf-b7c0ade168c4/submissions/a1e9b9ce-0d67-4d42-b107-b9821f44dd60/MethylationProfiling/77e136fa-c7d8-48c6-8137-f99e72d79811/call-CpgPileup/HG01358.hap2.bed.gz?generation=1777750299096574	3	pQuZ8A==	+Ee8ylZ6DwwS9/m7IT0XTg==	CP7rzvirm5QDEAM=
HG01358	hap2_bed_index	cpg_hap2_bed_idx	gs://fc-fd42e80c-b41e-4e60-a9cf-b7c0ade168c4/submissions/a1e9b9ce-0d67-4d42-b107-b9821f44dd60/MethylationProfiling/77e136fa-c7d8-48c6-8137-f99e72d79811/call-CpgPileup/HG01358.hap2.bed.gz.tbi	1777750290423783	1502637	md5_base64	FSR6nPbxls3dSFvTJigE3A==	2026-05-02T19:31:30.426Z	2026-06-03T15:02:06.211Z	gs://fc-fd42e80c-b41e-4e60-a9cf-b7c0ade168c4/submissions/a1e9b9ce-0d67-4d42-b107-b9821f44dd60/MethylationProfiling/77e136fa-c7d8-48c6-8137-f99e72d79811/call-CpgPileup/HG01358.hap2.bed.gz.tbi?generation=1777750290423783	3	jXh8Fw==	FSR6nPbxls3dSFvTJigE3A==	COe/vfSrm5QDEAM=
HG01361	combined_bed	cpg_combined_bed	gs://fc-fd42e80c-b41e-4e60-a9cf-b7c0ade168c4/submissions/f0ab26b0-d66f-45be-8322-24218670bc4d/MethylationProfiling/30ba1a1c-9411-4407-bdc0-750ca7838525/call-CpgPileup/attempt-2/HG01361.combined.bed.gz	1783886293483804	352928272	md5_base64	iaMvsi3LbJRQya6zr44xkw==	2026-07-12T19:58:13.488Z	2026-07-12T19:58:13.488Z	gs://fc-fd42e80c-b41e-4e60-a9cf-b7c0ade168c4/submissions/f0ab26b0-d66f-45be-8322-24218670bc4d/MethylationProfiling/30ba1a1c-9411-4407-bdc0-750ca7838525/call-CpgPileup/attempt-2/HG01361.combined.bed.gz?generation=1783886293483804	1	+1gkkg==	iaMvsi3LbJRQya6zr44xkw==	CJyC36b2zZUDEAE=
HG01361	combined_bed_index	independently_verified_combined_bed_index	gs://fc-fd42e80c-b41e-4e60-a9cf-b7c0ade168c4/submissions/f0ab26b0-d66f-45be-8322-24218670bc4d/MethylationProfiling/30ba1a1c-9411-4407-bdc0-750ca7838525/call-CpgPileup/attempt-2/HG01361.combined.bed.gz.tbi	1783886295299569	1684857	md5_base64	H+rEbLEyq/NM2o/Z0sLhbA==	2026-07-12T19:58:15.303Z	2026-07-12T19:58:15.303Z	gs://fc-fd42e80c-b41e-4e60-a9cf-b7c0ade168c4/submissions/f0ab26b0-d66f-45be-8322-24218670bc4d/MethylationProfiling/30ba1a1c-9411-4407-bdc0-750ca7838525/call-CpgPileup/attempt-2/HG01361.combined.bed.gz.tbi?generation=1783886295299569	1	bKolRw==	H+rEbLEyq/NM2o/Z0sLhbA==	CPHrzaf2zZUDEAE=
HG01361	hap1_bed	cpg_hap1_bed	gs://fc-fd42e80c-b41e-4e60-a9cf-b7c0ade168c4/submissions/f0ab26b0-d66f-45be-8322-24218670bc4d/MethylationProfiling/30ba1a1c-9411-4407-bdc0-750ca7838525/call-CpgPileup/attempt-2/HG01361.hap1.bed.gz	1783886268208172	310138405	md5_base64	xw/1XHXK/xRqa/s4U5Qp9Q==	2026-07-12T19:57:48.212Z	2026-07-12T19:57:48.212Z	gs://fc-fd42e80c-b41e-4e60-a9cf-b7c0ade168c4/submissions/f0ab26b0-d66f-45be-8322-24218670bc4d/MethylationProfiling/30ba1a1c-9411-4407-bdc0-750ca7838525/call-CpgPileup/attempt-2/HG01361.hap1.bed.gz?generation=1783886268208172	1	vKv9vg==	xw/1XHXK/xRqa/s4U5Qp9Q==	CKyo2Jr2zZUDEAE=
HG01361	hap1_bed_index	cpg_hap1_bed_idx	gs://fc-fd42e80c-b41e-4e60-a9cf-b7c0ade168c4/submissions/f0ab26b0-d66f-45be-8322-24218670bc4d/MethylationProfiling/30ba1a1c-9411-4407-bdc0-750ca7838525/call-CpgPileup/attempt-2/HG01361.hap1.bed.gz.tbi	1783886271846906	1633928	md5_base64	Iunv8GYWhaU1LYoJ62zDTQ==	2026-07-12T19:57:51.852Z	2026-07-12T19:57:51.852Z	gs://fc-fd42e80c-b41e-4e60-a9cf-b7c0ade168c4/submissions/f0ab26b0-d66f-45be-8322-24218670bc4d/MethylationProfiling/30ba1a1c-9411-4407-bdc0-750ca7838525/call-CpgPileup/attempt-2/HG01361.hap1.bed.gz.tbi?generation=1783886271846906	1	B5p22Q==	Iunv8GYWhaU1LYoJ62zDTQ==	CPqztpz2zZUDEAE=
HG01361	hap2_bed	cpg_hap2_bed	gs://fc-fd42e80c-b41e-4e60-a9cf-b7c0ade168c4/submissions/f0ab26b0-d66f-45be-8322-24218670bc4d/MethylationProfiling/30ba1a1c-9411-4407-bdc0-750ca7838525/call-CpgPileup/attempt-2/HG01361.hap2.bed.gz	1783886287691181	310264268	md5_base64	keZoLnsLFUykXZuCGhWdGg==	2026-07-12T19:58:07.696Z	2026-07-12T19:58:07.696Z	gs://fc-fd42e80c-b41e-4e60-a9cf-b7c0ade168c4/submissions/f0ab26b0-d66f-45be-8322-24218670bc4d/MethylationProfiling/30ba1a1c-9411-4407-bdc0-750ca7838525/call-CpgPileup/attempt-2/HG01361.hap2.bed.gz?generation=1783886287691181	1	6V1hAw==	keZoLnsLFUykXZuCGhWdGg==	CK27/aP2zZUDEAE=
HG01361	hap2_bed_index	cpg_hap2_bed_idx	gs://fc-fd42e80c-b41e-4e60-a9cf-b7c0ade168c4/submissions/f0ab26b0-d66f-45be-8322-24218670bc4d/MethylationProfiling/30ba1a1c-9411-4407-bdc0-750ca7838525/call-CpgPileup/attempt-2/HG01361.hap2.bed.gz.tbi	1783886270006653	1635257	md5_base64	pJU8GQPpiSk+neHHPr+EzA==	2026-07-12T19:57:50.010Z	2026-07-12T19:57:50.010Z	gs://fc-fd42e80c-b41e-4e60-a9cf-b7c0ade168c4/submissions/f0ab26b0-d66f-45be-8322-24218670bc4d/MethylationProfiling/30ba1a1c-9411-4407-bdc0-750ca7838525/call-CpgPileup/attempt-2/HG01361.hap2.bed.gz.tbi?generation=1783886270006653	1	OQzLuA==	pJU8GQPpiSk+neHHPr+EzA==	CP2Kxpv2zZUDEAE=
HG01433	combined_bed	cpg_combined_bed	gs://fc-fd42e80c-b41e-4e60-a9cf-b7c0ade168c4/submissions/a1e9b9ce-0d67-4d42-b107-b9821f44dd60/MethylationProfiling/b3d96c59-33e8-4042-b029-6945c2669112/call-CpgPileup/HG01433.combined.bed.gz	1777751151673338	302730152	md5_base64	sOPymbk/BpKw9tgpYU+Ejg==	2026-05-02T19:45:51.677Z	2026-06-03T14:29:06.398Z	gs://fc-fd42e80c-b41e-4e60-a9cf-b7c0ade168c4/submissions/a1e9b9ce-0d67-4d42-b107-b9821f44dd60/MethylationProfiling/b3d96c59-33e8-4042-b029-6945c2669112/call-CpgPileup/HG01433.combined.bed.gz?generation=1777751151673338	3	ndjR4w==	sOPymbk/BpKw9tgpYU+Ejg==	CPr/k4+vm5QDEAM=
HG01433	combined_bed_index	independently_verified_combined_bed_index	gs://fc-fd42e80c-b41e-4e60-a9cf-b7c0ade168c4/submissions/a1e9b9ce-0d67-4d42-b107-b9821f44dd60/MethylationProfiling/b3d96c59-33e8-4042-b029-6945c2669112/call-CpgPileup/HG01433.combined.bed.gz.tbi	1777751155502360	1689775	md5_base64	lIJoTHy0bXWB3cNkk57vqg==	2026-05-02T19:45:55.506Z	2026-06-02T19:47:57.133Z	gs://fc-fd42e80c-b41e-4e60-a9cf-b7c0ade168c4/submissions/a1e9b9ce-0d67-4d42-b107-b9821f44dd60/MethylationProfiling/b3d96c59-33e8-4042-b029-6945c2669112/call-CpgPileup/HG01433.combined.bed.gz.tbi?generation=1777751155502360	2	eiTZXQ==	lIJoTHy0bXWB3cNkk57vqg==	CJja/ZCvm5QDEAI=
HG01433	hap1_bed	cpg_hap1_bed	gs://fc-fd42e80c-b41e-4e60-a9cf-b7c0ade168c4/submissions/a1e9b9ce-0d67-4d42-b107-b9821f44dd60/MethylationProfiling/b3d96c59-33e8-4042-b029-6945c2669112/call-CpgPileup/HG01433.hap1.bed.gz	1777751144433706	252422472	md5_base64	45tuZNn1eCT5Qo4TA68sAQ==	2026-05-02T19:45:44.437Z	2026-06-02T20:10:52.639Z	gs://fc-fd42e80c-b41e-4e60-a9cf-b7c0ade168c4/submissions/a1e9b9ce-0d67-4d42-b107-b9821f44dd60/MethylationProfiling/b3d96c59-33e8-4042-b029-6945c2669112/call-CpgPileup/HG01433.hap1.bed.gz?generation=1777751144433706	2	E9Uspw==	45tuZNn1eCT5Qo4TA68sAQ==	CKqQ2ouvm5QDEAI=
HG01433	hap1_bed_index	cpg_hap1_bed_idx	gs://fc-fd42e80c-b41e-4e60-a9cf-b7c0ade168c4/submissions/a1e9b9ce-0d67-4d42-b107-b9821f44dd60/MethylationProfiling/b3d96c59-33e8-4042-b029-6945c2669112/call-CpgPileup/HG01433.hap1.bed.gz.tbi	1777751146439435	1551609	md5_base64	CDsfy7Jvr8NbSqby+Q7xhw==	2026-05-02T19:45:46.443Z	2026-06-03T14:29:04.452Z	gs://fc-fd42e80c-b41e-4e60-a9cf-b7c0ade168c4/submissions/a1e9b9ce-0d67-4d42-b107-b9821f44dd60/MethylationProfiling/b3d96c59-33e8-4042-b029-6945c2669112/call-CpgPileup/HG01433.hap1.bed.gz.tbi?generation=1777751146439435	3	UrGlsg==	CDsfy7Jvr8NbSqby+Q7xhw==	CIvG1Iyvm5QDEAM=
HG01433	hap2_bed	cpg_hap2_bed	gs://fc-fd42e80c-b41e-4e60-a9cf-b7c0ade168c4/submissions/a1e9b9ce-0d67-4d42-b107-b9821f44dd60/MethylationProfiling/b3d96c59-33e8-4042-b029-6945c2669112/call-CpgPileup/HG01433.hap2.bed.gz	1777751138040158	252015705	md5_base64	4yEEfyd5/KgLyS2iiGR+mw==	2026-05-02T19:45:38.044Z	2026-06-03T15:42:02.716Z	gs://fc-fd42e80c-b41e-4e60-a9cf-b7c0ade168c4/submissions/a1e9b9ce-0d67-4d42-b107-b9821f44dd60/MethylationProfiling/b3d96c59-33e8-4042-b029-6945c2669112/call-CpgPileup/HG01433.hap2.bed.gz?generation=1777751138040158	3	qe5JPw==	4yEEfyd5/KgLyS2iiGR+mw==	CN7y04ivm5QDEAM=
HG01433	hap2_bed_index	cpg_hap2_bed_idx	gs://fc-fd42e80c-b41e-4e60-a9cf-b7c0ade168c4/submissions/a1e9b9ce-0d67-4d42-b107-b9821f44dd60/MethylationProfiling/b3d96c59-33e8-4042-b029-6945c2669112/call-CpgPileup/HG01433.hap2.bed.gz.tbi	1777751153602825	1550665	md5_base64	BbmUh1tm1Y2DU0vbeag8aw==	2026-05-02T19:45:53.607Z	2026-06-03T15:19:02.714Z	gs://fc-fd42e80c-b41e-4e60-a9cf-b7c0ade168c4/submissions/a1e9b9ce-0d67-4d42-b107-b9821f44dd60/MethylationProfiling/b3d96c59-33e8-4042-b029-6945c2669112/call-CpgPileup/HG01433.hap2.bed.gz.tbi?generation=1777751153602825	3	3OqeZQ==	BbmUh1tm1Y2DU0vbeag8aw==	CIniiZCvm5QDEAM=
HG01496	combined_bed	cpg_combined_bed	gs://fc-fd42e80c-b41e-4e60-a9cf-b7c0ade168c4/submissions/a1e9b9ce-0d67-4d42-b107-b9821f44dd60/MethylationProfiling/b0f6fb3a-1ff1-4204-99ab-3a93a347eeea/call-CpgPileup/HG01496.combined.bed.gz	1777750695669990	299629950	md5_base64	EE6x6CZAXZMa+xfVCm3ZAQ==	2026-05-02T19:38:15.673Z	2026-06-03T14:37:02.493Z	gs://fc-fd42e80c-b41e-4e60-a9cf-b7c0ade168c4/submissions/a1e9b9ce-0d67-4d42-b107-b9821f44dd60/MethylationProfiling/b0f6fb3a-1ff1-4204-99ab-3a93a347eeea/call-CpgPileup/HG01496.combined.bed.gz?generation=1777750695669990	3	719f4Q==	EE6x6CZAXZMa+xfVCm3ZAQ==	CObh27Wtm5QDEAM=
HG01496	combined_bed_index	independently_verified_combined_bed_index	gs://fc-fd42e80c-b41e-4e60-a9cf-b7c0ade168c4/submissions/a1e9b9ce-0d67-4d42-b107-b9821f44dd60/MethylationProfiling/b0f6fb3a-1ff1-4204-99ab-3a93a347eeea/call-CpgPileup/HG01496.combined.bed.gz.tbi	1777750702829150	1678494	md5_base64	PYeClBdaU3Or7Fq4LYEZnw==	2026-05-02T19:38:22.833Z	2026-06-03T14:47:01.191Z	gs://fc-fd42e80c-b41e-4e60-a9cf-b7c0ade168c4/submissions/a1e9b9ce-0d67-4d42-b107-b9821f44dd60/MethylationProfiling/b0f6fb3a-1ff1-4204-99ab-3a93a347eeea/call-CpgPileup/HG01496.combined.bed.gz.tbi?generation=1777750702829150	3	pej9/A==	PYeClBdaU3Or7Fq4LYEZnw==	CN7ckLmtm5QDEAM=
HG01496	hap1_bed	cpg_hap1_bed	gs://fc-fd42e80c-b41e-4e60-a9cf-b7c0ade168c4/submissions/a1e9b9ce-0d67-4d42-b107-b9821f44dd60/MethylationProfiling/b0f6fb3a-1ff1-4204-99ab-3a93a347eeea/call-CpgPileup/HG01496.hap1.bed.gz	1777750700904026	255194453	md5_base64	fO0LPf4WmCvbZWvxBW5Aqw==	2026-05-02T19:38:20.909Z	2026-06-02T20:31:06.955Z	gs://fc-fd42e80c-b41e-4e60-a9cf-b7c0ade168c4/submissions/a1e9b9ce-0d67-4d42-b107-b9821f44dd60/MethylationProfiling/b0f6fb3a-1ff1-4204-99ab-3a93a347eeea/call-CpgPileup/HG01496.hap1.bed.gz?generation=1777750700904026	2	qKOBsg==	fO0LPf4WmCvbZWvxBW5Aqw==	CNqcm7itm5QDEAI=
HG01496	hap1_bed_index	cpg_hap1_bed_idx	gs://fc-fd42e80c-b41e-4e60-a9cf-b7c0ade168c4/submissions/a1e9b9ce-0d67-4d42-b107-b9821f44dd60/MethylationProfiling/b0f6fb3a-1ff1-4204-99ab-3a93a347eeea/call-CpgPileup/HG01496.hap1.bed.gz.tbi	1777750704933163	1628871	md5_base64	brNOQ/eyPlbw4cHD/m1K8Q==	2026-05-02T19:38:24.937Z	2026-06-03T15:52:00.488Z	gs://fc-fd42e80c-b41e-4e60-a9cf-b7c0ade168c4/submissions/a1e9b9ce-0d67-4d42-b107-b9821f44dd60/MethylationProfiling/b0f6fb3a-1ff1-4204-99ab-3a93a347eeea/call-CpgPileup/HG01496.hap1.bed.gz.tbi?generation=1777750704933163	3	hNMCDA==	brNOQ/eyPlbw4cHD/m1K8Q==	CKuSkbqtm5QDEAM=
HG01496	hap2_bed	cpg_hap2_bed	gs://fc-fd42e80c-b41e-4e60-a9cf-b7c0ade168c4/submissions/a1e9b9ce-0d67-4d42-b107-b9821f44dd60/MethylationProfiling/b0f6fb3a-1ff1-4204-99ab-3a93a347eeea/call-CpgPileup/HG01496.hap2.bed.gz	1777750689545257	254891590	md5_base64	14F1MXEOR+AEc2PDk5ymRA==	2026-05-02T19:38:09.549Z	2026-06-03T15:27:01.507Z	gs://fc-fd42e80c-b41e-4e60-a9cf-b7c0ade168c4/submissions/a1e9b9ce-0d67-4d42-b107-b9821f44dd60/MethylationProfiling/b0f6fb3a-1ff1-4204-99ab-3a93a347eeea/call-CpgPileup/HG01496.hap2.bed.gz?generation=1777750689545257	3	Hli0+Q==	14F1MXEOR+AEc2PDk5ymRA==	CKn45bKtm5QDEAM=
HG01496	hap2_bed_index	cpg_hap2_bed_idx	gs://fc-fd42e80c-b41e-4e60-a9cf-b7c0ade168c4/submissions/a1e9b9ce-0d67-4d42-b107-b9821f44dd60/MethylationProfiling/b0f6fb3a-1ff1-4204-99ab-3a93a347eeea/call-CpgPileup/HG01496.hap2.bed.gz.tbi	1777750707021453	1627534	md5_base64	jXFvulFd2SM9wKYDayqS7Q==	2026-05-02T19:38:27.026Z	2026-06-02T20:06:50.440Z	gs://fc-fd42e80c-b41e-4e60-a9cf-b7c0ade168c4/submissions/a1e9b9ce-0d67-4d42-b107-b9821f44dd60/MethylationProfiling/b0f6fb3a-1ff1-4204-99ab-3a93a347eeea/call-CpgPileup/HG01496.hap2.bed.gz.tbi?generation=1777750707021453	2	s/ehvw==	jXFvulFd2SM9wKYDayqS7Q==	CI3NkLutm5QDEAI=
HG01530	combined_bed	cpg_combined_bed	gs://fc-fd42e80c-b41e-4e60-a9cf-b7c0ade168c4/submissions/a1e9b9ce-0d67-4d42-b107-b9821f44dd60/MethylationProfiling/e9855576-9778-497e-80d5-2e2a27e240af/call-CpgPileup/HG01530.combined.bed.gz	1777749090183211	336542794	md5_base64	LrNg0aEGYDnT/rYdDWiZ0Q==	2026-05-02T19:11:30.187Z	2026-06-03T15:38:05.451Z	gs://fc-fd42e80c-b41e-4e60-a9cf-b7c0ade168c4/submissions/a1e9b9ce-0d67-4d42-b107-b9821f44dd60/MethylationProfiling/e9855576-9778-497e-80d5-2e2a27e240af/call-CpgPileup/HG01530.combined.bed.gz?generation=1777749090183211	3	yBmwJA==	LrNg0aEGYDnT/rYdDWiZ0Q==	CKvQlLinm5QDEAM=
HG01530	combined_bed_index	independently_verified_combined_bed_index	gs://fc-fd42e80c-b41e-4e60-a9cf-b7c0ade168c4/submissions/a1e9b9ce-0d67-4d42-b107-b9821f44dd60/MethylationProfiling/e9855576-9778-497e-80d5-2e2a27e240af/call-CpgPileup/HG01530.combined.bed.gz.tbi	1777749082909497	1693623	md5_base64	JGpBaB25iBiBCST3/p/C7g==	2026-05-02T19:11:22.912Z	2026-06-03T15:29:09.347Z	gs://fc-fd42e80c-b41e-4e60-a9cf-b7c0ade168c4/submissions/a1e9b9ce-0d67-4d42-b107-b9821f44dd60/MethylationProfiling/e9855576-9778-497e-80d5-2e2a27e240af/call-CpgPileup/HG01530.combined.bed.gz.tbi?generation=1777749082909497	3	2H/DgQ==	JGpBaB25iBiBCST3/p/C7g==	CLnW2LSnm5QDEAM=
HG01530	hap1_bed	cpg_hap1_bed	gs://fc-fd42e80c-b41e-4e60-a9cf-b7c0ade168c4/submissions/a1e9b9ce-0d67-4d42-b107-b9821f44dd60/MethylationProfiling/e9855576-9778-497e-80d5-2e2a27e240af/call-CpgPileup/HG01530.hap1.bed.gz	1777749078767252	283895936	md5_base64	RCyrYrO/zy9zL7EWSjv4ZA==	2026-05-02T19:11:18.772Z	2026-06-03T15:41:57.669Z	gs://fc-fd42e80c-b41e-4e60-a9cf-b7c0ade168c4/submissions/a1e9b9ce-0d67-4d42-b107-b9821f44dd60/MethylationProfiling/e9855576-9778-497e-80d5-2e2a27e240af/call-CpgPileup/HG01530.hap1.bed.gz?generation=1777749078767252	3	NwO2bw==	RCyrYrO/zy9zL7EWSjv4ZA==	CJTt27Knm5QDEAM=
HG01530	hap1_bed_index	cpg_hap1_bed_idx	gs://fc-fd42e80c-b41e-4e60-a9cf-b7c0ade168c4/submissions/a1e9b9ce-0d67-4d42-b107-b9821f44dd60/MethylationProfiling/e9855576-9778-497e-80d5-2e2a27e240af/call-CpgPileup/HG01530.hap1.bed.gz.tbi	1777749092259605	1560324	md5_base64	yJ0Y/iAIz9ocLiC86jaLIA==	2026-05-02T19:11:32.263Z	2026-06-03T15:40:03.948Z	gs://fc-fd42e80c-b41e-4e60-a9cf-b7c0ade168c4/submissions/a1e9b9ce-0d67-4d42-b107-b9821f44dd60/MethylationProfiling/e9855576-9778-497e-80d5-2e2a27e240af/call-CpgPileup/HG01530.hap1.bed.gz.tbi?generation=1777749092259605	3	AjnuPw==	yJ0Y/iAIz9ocLiC86jaLIA==	CJWuk7mnm5QDEAM=
HG01530	hap2_bed	cpg_hap2_bed	gs://fc-fd42e80c-b41e-4e60-a9cf-b7c0ade168c4/submissions/a1e9b9ce-0d67-4d42-b107-b9821f44dd60/MethylationProfiling/e9855576-9778-497e-80d5-2e2a27e240af/call-CpgPileup/HG01530.hap2.bed.gz	1777749099946035	283829858	md5_base64	JmD/xEATNA7fBUpPYtS/wg==	2026-05-02T19:11:39.951Z	2026-06-03T15:20:17.415Z	gs://fc-fd42e80c-b41e-4e60-a9cf-b7c0ade168c4/submissions/a1e9b9ce-0d67-4d42-b107-b9821f44dd60/MethylationProfiling/e9855576-9778-497e-80d5-2e2a27e240af/call-CpgPileup/HG01530.hap2.bed.gz?generation=1777749099946035	3	OroUjA==	JmD/xEATNA7fBUpPYtS/wg==	CLPA6Lynm5QDEAM=
HG01530	hap2_bed_index	cpg_hap2_bed_idx	gs://fc-fd42e80c-b41e-4e60-a9cf-b7c0ade168c4/submissions/a1e9b9ce-0d67-4d42-b107-b9821f44dd60/MethylationProfiling/e9855576-9778-497e-80d5-2e2a27e240af/call-CpgPileup/HG01530.hap2.bed.gz.tbi	1777749080910886	1561576	md5_base64	ZG8MTHkr4tbHkFUcy/ZirQ==	2026-05-02T19:11:20.914Z	2026-06-02T20:23:10.617Z	gs://fc-fd42e80c-b41e-4e60-a9cf-b7c0ade168c4/submissions/a1e9b9ce-0d67-4d42-b107-b9821f44dd60/MethylationProfiling/e9855576-9778-497e-80d5-2e2a27e240af/call-CpgPileup/HG01530.hap2.bed.gz.tbi?generation=1777749080910886	2	LrWg9w==	ZG8MTHkr4tbHkFUcy/ZirQ==	CKbY3rOnm5QDEAI=
HG01784	combined_bed	cpg_combined_bed	gs://fc-fd42e80c-b41e-4e60-a9cf-b7c0ade168c4/submissions/a1e9b9ce-0d67-4d42-b107-b9821f44dd60/MethylationProfiling/f56dfcfb-12bc-44d7-af1f-910242d80e48/call-CpgPileup/HG01784.combined.bed.gz	1777750936376287	336698529	md5_base64	2f0AQ07vYzIZR4LU8sX9SQ==	2026-05-02T19:42:16.382Z	2026-06-03T15:11:09.632Z	gs://fc-fd42e80c-b41e-4e60-a9cf-b7c0ade168c4/submissions/a1e9b9ce-0d67-4d42-b107-b9821f44dd60/MethylationProfiling/f56dfcfb-12bc-44d7-af1f-910242d80e48/call-CpgPileup/HG01784.combined.bed.gz?generation=1777750936376287	3	BviJkg==	2f0AQ07vYzIZR4LU8sX9SQ==	CN+nv6ium5QDEAM=
HG01784	combined_bed_index	independently_verified_combined_bed_index	gs://fc-fd42e80c-b41e-4e60-a9cf-b7c0ade168c4/submissions/a1e9b9ce-0d67-4d42-b107-b9821f44dd60/MethylationProfiling/f56dfcfb-12bc-44d7-af1f-910242d80e48/call-CpgPileup/HG01784.combined.bed.gz.tbi	1777750927292555	1685667	md5_base64	WcAr/48ZdXR7IyUHYqt3AQ==	2026-05-02T19:42:07.304Z	2026-06-03T15:03:58.021Z	gs://fc-fd42e80c-b41e-4e60-a9cf-b7c0ade168c4/submissions/a1e9b9ce-0d67-4d42-b107-b9821f44dd60/MethylationProfiling/f56dfcfb-12bc-44d7-af1f-910242d80e48/call-CpgPileup/HG01784.combined.bed.gz.tbi?generation=1777750927292555	3	EjICmw==	WcAr/48ZdXR7IyUHYqt3AQ==	CIvxlKSum5QDEAM=
HG01784	hap1_bed	cpg_hap1_bed	gs://fc-fd42e80c-b41e-4e60-a9cf-b7c0ade168c4/submissions/a1e9b9ce-0d67-4d42-b107-b9821f44dd60/MethylationProfiling/f56dfcfb-12bc-44d7-af1f-910242d80e48/call-CpgPileup/HG01784.hap1.bed.gz	1777750925408809	299322371	md5_base64	GiHJlqNfJCRW2DHT4nUyzQ==	2026-05-02T19:42:05.415Z	2026-06-03T16:04:51.808Z	gs://fc-fd42e80c-b41e-4e60-a9cf-b7c0ade168c4/submissions/a1e9b9ce-0d67-4d42-b107-b9821f44dd60/MethylationProfiling/f56dfcfb-12bc-44d7-af1f-910242d80e48/call-CpgPileup/HG01784.hap1.bed.gz?generation=1777750925408809	3	8Bn2XA==	GiHJlqNfJCRW2DHT4nUyzQ==	CKn0oaOum5QDEAM=
HG01784	hap1_bed_index	cpg_hap1_bed_idx	gs://fc-fd42e80c-b41e-4e60-a9cf-b7c0ade168c4/submissions/a1e9b9ce-0d67-4d42-b107-b9821f44dd60/MethylationProfiling/f56dfcfb-12bc-44d7-af1f-910242d80e48/call-CpgPileup/HG01784.hap1.bed.gz.tbi	1777750938255431	1652906	md5_base64	PQ5C/lp21/NnwgoK9hxSMA==	2026-05-02T19:42:18.259Z	2026-06-03T15:59:15.246Z	gs://fc-fd42e80c-b41e-4e60-a9cf-b7c0ade168c4/submissions/a1e9b9ce-0d67-4d42-b107-b9821f44dd60/MethylationProfiling/f56dfcfb-12bc-44d7-af1f-910242d80e48/call-CpgPileup/HG01784.hap1.bed.gz.tbi?generation=1777750938255431	3	L4Eicg==	PQ5C/lp21/NnwgoK9hxSMA==	CMeAsqmum5QDEAM=
HG01784	hap2_bed	cpg_hap2_bed	gs://fc-fd42e80c-b41e-4e60-a9cf-b7c0ade168c4/submissions/a1e9b9ce-0d67-4d42-b107-b9821f44dd60/MethylationProfiling/f56dfcfb-12bc-44d7-af1f-910242d80e48/call-CpgPileup/HG01784.hap2.bed.gz	1777750908726755	299319477	md5_base64	x3/zbVG+1pRtAmzESdN38w==	2026-05-02T19:41:48.731Z	2026-06-03T15:55:57.208Z	gs://fc-fd42e80c-b41e-4e60-a9cf-b7c0ade168c4/submissions/a1e9b9ce-0d67-4d42-b107-b9821f44dd60/MethylationProfiling/f56dfcfb-12bc-44d7-af1f-910242d80e48/call-CpgPileup/HG01784.hap2.bed.gz?generation=1777750908726755	3	Fph2Ig==	x3/zbVG+1pRtAmzESdN38w==	COPbp5uum5QDEAM=
HG01784	hap2_bed_index	cpg_hap2_bed_idx	gs://fc-fd42e80c-b41e-4e60-a9cf-b7c0ade168c4/submissions/a1e9b9ce-0d67-4d42-b107-b9821f44dd60/MethylationProfiling/f56dfcfb-12bc-44d7-af1f-910242d80e48/call-CpgPileup/HG01784.hap2.bed.gz.tbi	1777750890147974	1653148	md5_base64	tKeY5nZttWpPOAkSI70Nsg==	2026-05-02T19:41:30.155Z	2026-06-03T14:33:00.118Z	gs://fc-fd42e80c-b41e-4e60-a9cf-b7c0ade168c4/submissions/a1e9b9ce-0d67-4d42-b107-b9821f44dd60/MethylationProfiling/f56dfcfb-12bc-44d7-af1f-910242d80e48/call-CpgPileup/HG01784.hap2.bed.gz.tbi?generation=1777750890147974	3	RmvzfQ==	tKeY5nZttWpPOAkSI70Nsg==	CIbhuZKum5QDEAM=
HG01786	combined_bed	cpg_combined_bed	gs://fc-fd42e80c-b41e-4e60-a9cf-b7c0ade168c4/submissions/a1e9b9ce-0d67-4d42-b107-b9821f44dd60/MethylationProfiling/70fcd15d-59c8-4dce-be38-f192fe305be6/call-CpgPileup/HG01786.combined.bed.gz	1777748499347220	343787288	md5_base64	5IeXglsIdWp5W7zq+SApWQ==	2026-05-02T19:01:39.352Z	2026-06-03T15:36:29.053Z	gs://fc-fd42e80c-b41e-4e60-a9cf-b7c0ade168c4/submissions/a1e9b9ce-0d67-4d42-b107-b9821f44dd60/MethylationProfiling/70fcd15d-59c8-4dce-be38-f192fe305be6/call-CpgPileup/HG01786.combined.bed.gz?generation=1777748499347220	3	IgCJ7A==	5IeXglsIdWp5W7zq+SApWQ==	CJTutp6lm5QDEAM=
HG01786	combined_bed_index	independently_verified_combined_bed_index	gs://fc-fd42e80c-b41e-4e60-a9cf-b7c0ade168c4/submissions/a1e9b9ce-0d67-4d42-b107-b9821f44dd60/MethylationProfiling/70fcd15d-59c8-4dce-be38-f192fe305be6/call-CpgPileup/HG01786.combined.bed.gz.tbi	1777748516498356	1684510	md5_base64	iWhAiyVRsz9DdsshwqdWjw==	2026-05-02T19:01:56.508Z	2026-06-03T16:05:03.796Z	gs://fc-fd42e80c-b41e-4e60-a9cf-b7c0ade168c4/submissions/a1e9b9ce-0d67-4d42-b107-b9821f44dd60/MethylationProfiling/70fcd15d-59c8-4dce-be38-f192fe305be6/call-CpgPileup/HG01786.combined.bed.gz.tbi?generation=1777748516498356	3	S9MdOA==	iWhAiyVRsz9DdsshwqdWjw==	CLTXzaalm5QDEAM=
HG01786	hap1_bed	cpg_hap1_bed	gs://fc-fd42e80c-b41e-4e60-a9cf-b7c0ade168c4/submissions/a1e9b9ce-0d67-4d42-b107-b9821f44dd60/MethylationProfiling/70fcd15d-59c8-4dce-be38-f192fe305be6/call-CpgPileup/HG01786.hap1.bed.gz	1777748514510186	303799869	md5_base64	lhpo3dl3LuP5DryEirZP1w==	2026-05-02T19:01:54.521Z	2026-06-02T20:25:36.428Z	gs://fc-fd42e80c-b41e-4e60-a9cf-b7c0ade168c4/submissions/a1e9b9ce-0d67-4d42-b107-b9821f44dd60/MethylationProfiling/70fcd15d-59c8-4dce-be38-f192fe305be6/call-CpgPileup/HG01786.hap1.bed.gz?generation=1777748514510186	2	GPtdbw==	lhpo3dl3LuP5DryEirZP1w==	COqq1KWlm5QDEAI=
HG01786	hap1_bed_index	cpg_hap1_bed_idx	gs://fc-fd42e80c-b41e-4e60-a9cf-b7c0ade168c4/submissions/a1e9b9ce-0d67-4d42-b107-b9821f44dd60/MethylationProfiling/70fcd15d-59c8-4dce-be38-f192fe305be6/call-CpgPileup/HG01786.hap1.bed.gz.tbi	1777748480987338	1645617	md5_base64	sATNym5F8K6JP9rDLShSrw==	2026-05-02T19:01:20.991Z	2026-06-03T16:04:16.227Z	gs://fc-fd42e80c-b41e-4e60-a9cf-b7c0ade168c4/submissions/a1e9b9ce-0d67-4d42-b107-b9821f44dd60/MethylationProfiling/70fcd15d-59c8-4dce-be38-f192fe305be6/call-CpgPileup/HG01786.hap1.bed.gz.tbi?generation=1777748480987338	3	WLnajQ==	sATNym5F8K6JP9rDLShSrw==	CMqh1pWlm5QDEAM=
HG01786	hap2_bed	cpg_hap2_bed	gs://fc-fd42e80c-b41e-4e60-a9cf-b7c0ade168c4/submissions/a1e9b9ce-0d67-4d42-b107-b9821f44dd60/MethylationProfiling/70fcd15d-59c8-4dce-be38-f192fe305be6/call-CpgPileup/HG01786.hap2.bed.gz	1777748479004138	303792186	md5_base64	UQFhKreAqsCAJkqwpESdGQ==	2026-05-02T19:01:19.008Z	2026-06-03T14:42:06.838Z	gs://fc-fd42e80c-b41e-4e60-a9cf-b7c0ade168c4/submissions/a1e9b9ce-0d67-4d42-b107-b9821f44dd60/MethylationProfiling/70fcd15d-59c8-4dce-be38-f192fe305be6/call-CpgPileup/HG01786.hap2.bed.gz?generation=1777748479004138	3	04Mt+g==	UQFhKreAqsCAJkqwpESdGQ==	COqb3ZSlm5QDEAM=
HG01786	hap2_bed_index	cpg_hap2_bed_idx	gs://fc-fd42e80c-b41e-4e60-a9cf-b7c0ade168c4/submissions/a1e9b9ce-0d67-4d42-b107-b9821f44dd60/MethylationProfiling/70fcd15d-59c8-4dce-be38-f192fe305be6/call-CpgPileup/HG01786.hap2.bed.gz.tbi	1777748501411819	1645482	md5_base64	qeeXRI7rGKQGQqiaPgZBZw==	2026-05-02T19:01:41.415Z	2026-06-03T15:41:03.982Z	gs://fc-fd42e80c-b41e-4e60-a9cf-b7c0ade168c4/submissions/a1e9b9ce-0d67-4d42-b107-b9821f44dd60/MethylationProfiling/70fcd15d-59c8-4dce-be38-f192fe305be6/call-CpgPileup/HG01786.hap2.bed.gz.tbi?generation=1777748501411819	3	nArOKA==	qeeXRI7rGKQGQqiaPgZBZw==	COvvtJ+lm5QDEAM=
HG01884	combined_bed	cpg_combined_bed	gs://fc-fd42e80c-b41e-4e60-a9cf-b7c0ade168c4/submissions/a1e9b9ce-0d67-4d42-b107-b9821f44dd60/MethylationProfiling/8f36b785-a900-481f-b74f-3d8df38f9d99/call-CpgPileup/HG01884.combined.bed.gz	1777750180477208	287904462	md5_base64	6PCyELZZf2zfnoXUa6+DMQ==	2026-05-02T19:29:40.483Z	2026-06-03T15:32:06.207Z	gs://fc-fd42e80c-b41e-4e60-a9cf-b7c0ade168c4/submissions/a1e9b9ce-0d67-4d42-b107-b9821f44dd60/MethylationProfiling/8f36b785-a900-481f-b74f-3d8df38f9d99/call-CpgPileup/HG01884.combined.bed.gz?generation=1777750180477208	3	uL4RQQ==	6PCyELZZf2zfnoXUa6+DMQ==	CJjyhsCrm5QDEAM=
HG01884	combined_bed_index	independently_verified_combined_bed_index	gs://fc-fd42e80c-b41e-4e60-a9cf-b7c0ade168c4/submissions/a1e9b9ce-0d67-4d42-b107-b9821f44dd60/MethylationProfiling/8f36b785-a900-481f-b74f-3d8df38f9d99/call-CpgPileup/HG01884.combined.bed.gz.tbi	1777750152305556	1676781	md5_base64	BLfMeFoihadRHbqQcEvojQ==	2026-05-02T19:29:12.308Z	2026-06-03T15:43:05.395Z	gs://fc-fd42e80c-b41e-4e60-a9cf-b7c0ade168c4/submissions/a1e9b9ce-0d67-4d42-b107-b9821f44dd60/MethylationProfiling/8f36b785-a900-481f-b74f-3d8df38f9d99/call-CpgPileup/HG01884.combined.bed.gz.tbi?generation=1777750152305556	3	zCG9Xg==	BLfMeFoihadRHbqQcEvojQ==	CJS3z7Krm5QDEAM=
HG01884	hap1_bed	cpg_hap1_bed	gs://fc-fd42e80c-b41e-4e60-a9cf-b7c0ade168c4/submissions/a1e9b9ce-0d67-4d42-b107-b9821f44dd60/MethylationProfiling/8f36b785-a900-481f-b74f-3d8df38f9d99/call-CpgPileup/HG01884.hap1.bed.gz	1777750164306042	250303100	md5_base64	ZiHjfw40ArVMWuqCy980ZA==	2026-05-02T19:29:24.311Z	2026-06-03T15:34:59.992Z	gs://fc-fd42e80c-b41e-4e60-a9cf-b7c0ade168c4/submissions/a1e9b9ce-0d67-4d42-b107-b9821f44dd60/MethylationProfiling/8f36b785-a900-481f-b74f-3d8df38f9d99/call-CpgPileup/HG01884.hap1.bed.gz?generation=1777750164306042	3	Xsy+0g==	ZiHjfw40ArVMWuqCy980ZA==	CPrwq7irm5QDEAM=
HG01884	hap1_bed_index	cpg_hap1_bed_idx	gs://fc-fd42e80c-b41e-4e60-a9cf-b7c0ade168c4/submissions/a1e9b9ce-0d67-4d42-b107-b9821f44dd60/MethylationProfiling/8f36b785-a900-481f-b74f-3d8df38f9d99/call-CpgPileup/HG01884.hap1.bed.gz.tbi	1777750182606555	1641617	md5_base64	eJCBbzRq/LUCX07Hck75qg==	2026-05-02T19:29:42.610Z	2026-06-03T16:00:02.190Z	gs://fc-fd42e80c-b41e-4e60-a9cf-b7c0ade168c4/submissions/a1e9b9ce-0d67-4d42-b107-b9821f44dd60/MethylationProfiling/8f36b785-a900-481f-b74f-3d8df38f9d99/call-CpgPileup/HG01884.hap1.bed.gz.tbi?generation=1777750182606555	3	8nfvqw==	eJCBbzRq/LUCX07Hck75qg==	CNvtiMGrm5QDEAM=
HG01884	hap2_bed	cpg_hap2_bed	gs://fc-fd42e80c-b41e-4e60-a9cf-b7c0ade168c4/submissions/a1e9b9ce-0d67-4d42-b107-b9821f44dd60/MethylationProfiling/8f36b785-a900-481f-b74f-3d8df38f9d99/call-CpgPileup/HG01884.hap2.bed.gz	1777750173917007	249460671	md5_base64	hDGfvYkcIaCzQ1Va8lf8HQ==	2026-05-02T19:29:33.921Z	2026-06-03T14:32:05.852Z	gs://fc-fd42e80c-b41e-4e60-a9cf-b7c0ade168c4/submissions/a1e9b9ce-0d67-4d42-b107-b9821f44dd60/MethylationProfiling/8f36b785-a900-481f-b74f-3d8df38f9d99/call-CpgPileup/HG01884.hap2.bed.gz?generation=1777750173917007	3	4VFuKw==	hDGfvYkcIaCzQ1Va8lf8HQ==	CM++9ryrm5QDEAM=
HG01884	hap2_bed_index	cpg_hap2_bed_idx	gs://fc-fd42e80c-b41e-4e60-a9cf-b7c0ade168c4/submissions/a1e9b9ce-0d67-4d42-b107-b9821f44dd60/MethylationProfiling/8f36b785-a900-481f-b74f-3d8df38f9d99/call-CpgPileup/HG01884.hap2.bed.gz.tbi	1777750150218120	1639110	md5_base64	TgQx/8QA2z0HJryekrn1JA==	2026-05-02T19:29:10.223Z	2026-06-02T19:59:39.040Z	gs://fc-fd42e80c-b41e-4e60-a9cf-b7c0ade168c4/submissions/a1e9b9ce-0d67-4d42-b107-b9821f44dd60/MethylationProfiling/8f36b785-a900-481f-b74f-3d8df38f9d99/call-CpgPileup/HG01884.hap2.bed.gz.tbi?generation=1777750150218120	2	+9Mr9w==	TgQx/8QA2z0HJryekrn1JA==	CIiD0LGrm5QDEAI=
HG01891	combined_bed	cpg_combined_bed	gs://fc-fd42e80c-b41e-4e60-a9cf-b7c0ade168c4/submissions/a1e9b9ce-0d67-4d42-b107-b9821f44dd60/MethylationProfiling/ce69d33c-ae22-4f0f-879a-6907eafc8fa7/call-CpgPileup/HG01891.combined.bed.gz	1777749913418658	297595213	md5_base64	w2bE8VnVrzM3DDmdMM+XfA==	2026-05-02T19:25:13.423Z	2026-06-03T15:03:06.182Z	gs://fc-fd42e80c-b41e-4e60-a9cf-b7c0ade168c4/submissions/a1e9b9ce-0d67-4d42-b107-b9821f44dd60/MethylationProfiling/ce69d33c-ae22-4f0f-879a-6907eafc8fa7/call-CpgPileup/HG01891.combined.bed.gz?generation=1777749913418658	3	1Zfz/Q==	w2bE8VnVrzM3DDmdMM+XfA==	CKL32sCqm5QDEAM=
HG01891	combined_bed_index	independently_verified_combined_bed_index	gs://fc-fd42e80c-b41e-4e60-a9cf-b7c0ade168c4/submissions/a1e9b9ce-0d67-4d42-b107-b9821f44dd60/MethylationProfiling/ce69d33c-ae22-4f0f-879a-6907eafc8fa7/call-CpgPileup/HG01891.combined.bed.gz.tbi	1777749923811840	1676400	md5_base64	xa0EuhMFfkGz9zWZ5Eiq5Q==	2026-05-02T19:25:23.816Z	2026-06-03T15:10:06.366Z	gs://fc-fd42e80c-b41e-4e60-a9cf-b7c0ade168c4/submissions/a1e9b9ce-0d67-4d42-b107-b9821f44dd60/MethylationProfiling/ce69d33c-ae22-4f0f-879a-6907eafc8fa7/call-CpgPileup/HG01891.combined.bed.gz.tbi?generation=1777749923811840	3	C4k8/g==	xa0EuhMFfkGz9zWZ5Eiq5Q==	CICk1cWqm5QDEAM=
HG01891	hap1_bed	cpg_hap1_bed	gs://fc-fd42e80c-b41e-4e60-a9cf-b7c0ade168c4/submissions/a1e9b9ce-0d67-4d42-b107-b9821f44dd60/MethylationProfiling/ce69d33c-ae22-4f0f-879a-6907eafc8fa7/call-CpgPileup/HG01891.hap1.bed.gz	1777749919969367	246327125	md5_base64	+37H6Nl8MR0BXP6jVl8EoQ==	2026-05-02T19:25:19.974Z	2026-06-03T15:17:00.177Z	gs://fc-fd42e80c-b41e-4e60-a9cf-b7c0ade168c4/submissions/a1e9b9ce-0d67-4d42-b107-b9821f44dd60/MethylationProfiling/ce69d33c-ae22-4f0f-879a-6907eafc8fa7/call-CpgPileup/HG01891.hap1.bed.gz?generation=1777749919969367	3	t7lssA==	+37H6Nl8MR0BXP6jVl8EoQ==	CNfg6sOqm5QDEAM=
HG01891	hap1_bed_index	cpg_hap1_bed_idx	gs://fc-fd42e80c-b41e-4e60-a9cf-b7c0ade168c4/submissions/a1e9b9ce-0d67-4d42-b107-b9821f44dd60/MethylationProfiling/ce69d33c-ae22-4f0f-879a-6907eafc8fa7/call-CpgPileup/HG01891.hap1.bed.gz.tbi	1777749921882605	1627190	md5_base64	1OddqKaql50tgMlrI/9L5g==	2026-05-02T19:25:21.886Z	2026-06-03T14:28:01.316Z	gs://fc-fd42e80c-b41e-4e60-a9cf-b7c0ade168c4/submissions/a1e9b9ce-0d67-4d42-b107-b9821f44dd60/MethylationProfiling/ce69d33c-ae22-4f0f-879a-6907eafc8fa7/call-CpgPileup/HG01891.hap1.bed.gz.tbi?generation=1777749921882605	3	9+FcNg==	1OddqKaql50tgMlrI/9L5g==	CO3D38Sqm5QDEAM=
HG01891	hap2_bed	cpg_hap2_bed	gs://fc-fd42e80c-b41e-4e60-a9cf-b7c0ade168c4/submissions/a1e9b9ce-0d67-4d42-b107-b9821f44dd60/MethylationProfiling/ce69d33c-ae22-4f0f-879a-6907eafc8fa7/call-CpgPileup/HG01891.hap2.bed.gz	1777749930817598	246018037	md5_base64	suRM0veWLWOspPbsOlrseQ==	2026-05-02T19:25:30.826Z	2026-06-03T16:00:02.190Z	gs://fc-fd42e80c-b41e-4e60-a9cf-b7c0ade168c4/submissions/a1e9b9ce-0d67-4d42-b107-b9821f44dd60/MethylationProfiling/ce69d33c-ae22-4f0f-879a-6907eafc8fa7/call-CpgPileup/HG01891.hap2.bed.gz?generation=1777749930817598	3	8aZ/5A==	suRM0veWLWOspPbsOlrseQ==	CL7wgMmqm5QDEAM=
HG01891	hap2_bed_index	cpg_hap2_bed_idx	gs://fc-fd42e80c-b41e-4e60-a9cf-b7c0ade168c4/submissions/a1e9b9ce-0d67-4d42-b107-b9821f44dd60/MethylationProfiling/ce69d33c-ae22-4f0f-879a-6907eafc8fa7/call-CpgPileup/HG01891.hap2.bed.gz.tbi	1777749915359820	1625872	md5_base64	WMCOzB4mq8ZrrvYtzsK8Ww==	2026-05-02T19:25:15.363Z	2026-06-03T15:23:01.180Z	gs://fc-fd42e80c-b41e-4e60-a9cf-b7c0ade168c4/submissions/a1e9b9ce-0d67-4d42-b107-b9821f44dd60/MethylationProfiling/ce69d33c-ae22-4f0f-879a-6907eafc8fa7/call-CpgPileup/HG01891.hap2.bed.gz.tbi?generation=1777749915359820	3	OOzfOg==	WMCOzB4mq8ZrrvYtzsK8Ww==	CMy00cGqm5QDEAM=
HG01928	combined_bed	cpg_combined_bed	gs://fc-fd42e80c-b41e-4e60-a9cf-b7c0ade168c4/submissions/a1e9b9ce-0d67-4d42-b107-b9821f44dd60/MethylationProfiling/50936408-4a40-45bf-98df-642c901552ca/call-CpgPileup/HG01928.combined.bed.gz	1777750598969810	286076128	md5_base64	i3mygnpFAamK9SGL7em1Kg==	2026-05-02T19:36:38.975Z	2026-06-03T15:32:06.207Z	gs://fc-fd42e80c-b41e-4e60-a9cf-b7c0ade168c4/submissions/a1e9b9ce-0d67-4d42-b107-b9821f44dd60/MethylationProfiling/50936408-4a40-45bf-98df-642c901552ca/call-CpgPileup/HG01928.combined.bed.gz?generation=1777750598969810	3	lAOC5w==	i3mygnpFAamK9SGL7em1Kg==	CNLTzYetm5QDEAM=
HG01928	combined_bed_index	independently_verified_combined_bed_index	gs://fc-fd42e80c-b41e-4e60-a9cf-b7c0ade168c4/submissions/a1e9b9ce-0d67-4d42-b107-b9821f44dd60/MethylationProfiling/50936408-4a40-45bf-98df-642c901552ca/call-CpgPileup/HG01928.combined.bed.gz.tbi	1777750612839148	1686226	md5_base64	ovFEM8kq5wwWoTD5Yd7JNA==	2026-05-02T19:36:52.842Z	2026-06-03T15:57:04.406Z	gs://fc-fd42e80c-b41e-4e60-a9cf-b7c0ade168c4/submissions/a1e9b9ce-0d67-4d42-b107-b9821f44dd60/MethylationProfiling/50936408-4a40-45bf-98df-642c901552ca/call-CpgPileup/HG01928.combined.bed.gz.tbi?generation=1777750612839148	3	LmSHnQ==	ovFEM8kq5wwWoTD5Yd7JNA==	COyVnI6tm5QDEAM=
HG01928	hap1_bed	cpg_hap1_bed	gs://fc-fd42e80c-b41e-4e60-a9cf-b7c0ade168c4/submissions/a1e9b9ce-0d67-4d42-b107-b9821f44dd60/MethylationProfiling/50936408-4a40-45bf-98df-642c901552ca/call-CpgPileup/HG01928.hap1.bed.gz	1777750604099647	215522439	md5_base64	jnB3ILi1u/UPEmGufY9XTw==	2026-05-02T19:36:44.103Z	2026-06-02T20:28:33.284Z	gs://fc-fd42e80c-b41e-4e60-a9cf-b7c0ade168c4/submissions/a1e9b9ce-0d67-4d42-b107-b9821f44dd60/MethylationProfiling/50936408-4a40-45bf-98df-642c901552ca/call-CpgPileup/HG01928.hap1.bed.gz?generation=1777750604099647	2	R4NJoA==	jnB3ILi1u/UPEmGufY9XTw==	CL/ghoqtm5QDEAI=
HG01928	hap1_bed_index	cpg_hap1_bed_idx	gs://fc-fd42e80c-b41e-4e60-a9cf-b7c0ade168c4/submissions/a1e9b9ce-0d67-4d42-b107-b9821f44dd60/MethylationProfiling/50936408-4a40-45bf-98df-642c901552ca/call-CpgPileup/HG01928.hap1.bed.gz.tbi	1777750614808907	1470056	md5_base64	TI6yXHav59USdEYOOSaejA==	2026-05-02T19:36:54.813Z	2026-06-02T19:47:57.133Z	gs://fc-fd42e80c-b41e-4e60-a9cf-b7c0ade168c4/submissions/a1e9b9ce-0d67-4d42-b107-b9821f44dd60/MethylationProfiling/50936408-4a40-45bf-98df-642c901552ca/call-CpgPileup/HG01928.hap1.bed.gz.tbi?generation=1777750614808907	2	aTrnJQ==	TI6yXHav59USdEYOOSaejA==	CMuylI+tm5QDEAI=
HG01928	hap2_bed	cpg_hap2_bed	gs://fc-fd42e80c-b41e-4e60-a9cf-b7c0ade168c4/submissions/a1e9b9ce-0d67-4d42-b107-b9821f44dd60/MethylationProfiling/50936408-4a40-45bf-98df-642c901552ca/call-CpgPileup/HG01928.hap2.bed.gz	1777750610905816	214898973	md5_base64	JgMhQmPspDZZEn6P1KoegQ==	2026-05-02T19:36:50.910Z	2026-06-02T20:30:10.437Z	gs://fc-fd42e80c-b41e-4e60-a9cf-b7c0ade168c4/submissions/a1e9b9ce-0d67-4d42-b107-b9821f44dd60/MethylationProfiling/50936408-4a40-45bf-98df-642c901552ca/call-CpgPileup/HG01928.hap2.bed.gz?generation=1777750610905816	2	GBFUsA==	JgMhQmPspDZZEn6P1KoegQ==	CNiVpo2tm5QDEAI=
HG01928	hap2_bed_index	cpg_hap2_bed_idx	gs://fc-fd42e80c-b41e-4e60-a9cf-b7c0ade168c4/submissions/a1e9b9ce-0d67-4d42-b107-b9821f44dd60/MethylationProfiling/50936408-4a40-45bf-98df-642c901552ca/call-CpgPileup/HG01928.hap2.bed.gz.tbi	1777750606202872	1467332	md5_base64	aBoK+QGkZKH+FeVCmYPX0Q==	2026-05-02T19:36:46.206Z	2026-06-02T20:31:18.575Z	gs://fc-fd42e80c-b41e-4e60-a9cf-b7c0ade168c4/submissions/a1e9b9ce-0d67-4d42-b107-b9821f44dd60/MethylationProfiling/50936408-4a40-45bf-98df-642c901552ca/call-CpgPileup/HG01928.hap2.bed.gz.tbi?generation=1777750606202872	2	BQbCGw==	aBoK+QGkZKH+FeVCmYPX0Q==	CPiPh4utm5QDEAI=
HG01934	combined_bed	cpg_combined_bed	gs://fc-fd42e80c-b41e-4e60-a9cf-b7c0ade168c4/submissions/a1e9b9ce-0d67-4d42-b107-b9821f44dd60/MethylationProfiling/6e186075-be08-4471-8de0-a85b34acaf2d/call-CpgPileup/attempt-3/HG01934.combined.bed.gz	1777766317663073	316193557	md5_base64	YYqflifgJrbWFxN5DiJu/A==	2026-05-02T23:58:37.668Z	2026-06-03T15:55:04.237Z	gs://fc-fd42e80c-b41e-4e60-a9cf-b7c0ade168c4/submissions/a1e9b9ce-0d67-4d42-b107-b9821f44dd60/MethylationProfiling/6e186075-be08-4471-8de0-a85b34acaf2d/call-CpgPileup/attempt-3/HG01934.combined.bed.gz?generation=1777766317663073	3	bwuOaQ==	YYqflifgJrbWFxN5DiJu/A==	COHG7s7nm5QDEAM=
HG01934	combined_bed_index	independently_verified_combined_bed_index	gs://fc-fd42e80c-b41e-4e60-a9cf-b7c0ade168c4/submissions/a1e9b9ce-0d67-4d42-b107-b9821f44dd60/MethylationProfiling/6e186075-be08-4471-8de0-a85b34acaf2d/call-CpgPileup/attempt-3/HG01934.combined.bed.gz.tbi	1777766319591753	1692363	md5_base64	cFCzttR2DzIWN6WffQ3WQw==	2026-05-02T23:58:39.596Z	2026-06-02T20:22:14.656Z	gs://fc-fd42e80c-b41e-4e60-a9cf-b7c0ade168c4/submissions/a1e9b9ce-0d67-4d42-b107-b9821f44dd60/MethylationProfiling/6e186075-be08-4471-8de0-a85b34acaf2d/call-CpgPileup/attempt-3/HG01934.combined.bed.gz.tbi?generation=1777766319591753	2	p6dhXw==	cFCzttR2DzIWN6WffQ3WQw==	CMmi5M/nm5QDEAI=
HG01934	hap1_bed	cpg_hap1_bed	gs://fc-fd42e80c-b41e-4e60-a9cf-b7c0ade168c4/submissions/a1e9b9ce-0d67-4d42-b107-b9821f44dd60/MethylationProfiling/6e186075-be08-4471-8de0-a85b34acaf2d/call-CpgPileup/attempt-3/HG01934.hap1.bed.gz	1777766332464660	261657754	md5_base64	UmWw/RA63OONb7+lQtQBoA==	2026-05-02T23:58:52.469Z	2026-06-03T15:48:04.159Z	gs://fc-fd42e80c-b41e-4e60-a9cf-b7c0ade168c4/submissions/a1e9b9ce-0d67-4d42-b107-b9821f44dd60/MethylationProfiling/6e186075-be08-4471-8de0-a85b34acaf2d/call-CpgPileup/attempt-3/HG01934.hap1.bed.gz?generation=1777766332464660	3	ODyQkQ==	UmWw/RA63OONb7+lQtQBoA==	CJT89dXnm5QDEAM=
HG01934	hap1_bed_index	cpg_hap1_bed_idx	gs://fc-fd42e80c-b41e-4e60-a9cf-b7c0ade168c4/submissions/a1e9b9ce-0d67-4d42-b107-b9821f44dd60/MethylationProfiling/6e186075-be08-4471-8de0-a85b34acaf2d/call-CpgPileup/attempt-3/HG01934.hap1.bed.gz.tbi	1777766321631143	1547837	md5_base64	5FvDhVf0BGl73sHlkSl1ZA==	2026-05-02T23:58:41.636Z	2026-06-03T15:48:04.159Z	gs://fc-fd42e80c-b41e-4e60-a9cf-b7c0ade168c4/submissions/a1e9b9ce-0d67-4d42-b107-b9821f44dd60/MethylationProfiling/6e186075-be08-4471-8de0-a85b34acaf2d/call-CpgPileup/attempt-3/HG01934.hap1.bed.gz.tbi?generation=1777766321631143	3	oV2/3g==	5FvDhVf0BGl73sHlkSl1ZA==	CKff4NDnm5QDEAM=
HG01934	hap2_bed	cpg_hap2_bed	gs://fc-fd42e80c-b41e-4e60-a9cf-b7c0ade168c4/submissions/a1e9b9ce-0d67-4d42-b107-b9821f44dd60/MethylationProfiling/6e186075-be08-4471-8de0-a85b34acaf2d/call-CpgPileup/attempt-3/HG01934.hap2.bed.gz	1777766340704631	261591612	md5_base64	JlvkQP0hnZOgYgSbh63kTg==	2026-05-02T23:59:00.709Z	2026-06-03T15:19:02.714Z	gs://fc-fd42e80c-b41e-4e60-a9cf-b7c0ade168c4/submissions/a1e9b9ce-0d67-4d42-b107-b9821f44dd60/MethylationProfiling/6e186075-be08-4471-8de0-a85b34acaf2d/call-CpgPileup/attempt-3/HG01934.hap2.bed.gz?generation=1777766340704631	3	L8yJ4w==	JlvkQP0hnZOgYgSbh63kTg==	CPfy7Nnnm5QDEAM=
HG01934	hap2_bed_index	cpg_hap2_bed_idx	gs://fc-fd42e80c-b41e-4e60-a9cf-b7c0ade168c4/submissions/a1e9b9ce-0d67-4d42-b107-b9821f44dd60/MethylationProfiling/6e186075-be08-4471-8de0-a85b34acaf2d/call-CpgPileup/attempt-3/HG01934.hap2.bed.gz.tbi	1777766304744548	1548100	md5_base64	e4DISG3cOy9Gos94HCVPXw==	2026-05-02T23:58:24.750Z	2026-06-03T15:00:05.411Z	gs://fc-fd42e80c-b41e-4e60-a9cf-b7c0ade168c4/submissions/a1e9b9ce-0d67-4d42-b107-b9821f44dd60/MethylationProfiling/6e186075-be08-4471-8de0-a85b34acaf2d/call-CpgPileup/attempt-3/HG01934.hap2.bed.gz.tbi?generation=1777766304744548	3	Xh2jkQ==	e4DISG3cOy9Gos94HCVPXw==	COSI2sjnm5QDEAM=
HG01940	combined_bed	cpg_combined_bed	gs://fc-fd42e80c-b41e-4e60-a9cf-b7c0ade168c4/submissions/569a9e19-4a00-4d9c-98ff-6de0000f6e8f/MethylationProfiling/dc14d06f-2c8a-411e-80c9-ba35df98c822/call-CpgPileup/attempt-2/HG01940.combined.bed.gz	1777762867475603	336003883	md5_base64	lrnF/UdoOsviViXUjoTRLw==	2026-05-02T23:01:07.480Z	2026-06-03T14:58:04.571Z	gs://fc-fd42e80c-b41e-4e60-a9cf-b7c0ade168c4/submissions/569a9e19-4a00-4d9c-98ff-6de0000f6e8f/MethylationProfiling/dc14d06f-2c8a-411e-80c9-ba35df98c822/call-CpgPileup/attempt-2/HG01940.combined.bed.gz?generation=1777762867475603	3	qezvGg==	lrnF/UdoOsviViXUjoTRLw==	CJPp1+Ham5QDEAM=
HG01940	combined_bed_index	independently_verified_combined_bed_index	gs://fc-fd42e80c-b41e-4e60-a9cf-b7c0ade168c4/submissions/569a9e19-4a00-4d9c-98ff-6de0000f6e8f/MethylationProfiling/dc14d06f-2c8a-411e-80c9-ba35df98c822/call-CpgPileup/attempt-2/HG01940.combined.bed.gz.tbi	1777762886753590	1684873	md5_base64	UDmh92+iq8Js0Joa4FIIXg==	2026-05-02T23:01:26.757Z	2026-06-03T14:43:00.298Z	gs://fc-fd42e80c-b41e-4e60-a9cf-b7c0ade168c4/submissions/569a9e19-4a00-4d9c-98ff-6de0000f6e8f/MethylationProfiling/dc14d06f-2c8a-411e-80c9-ba35df98c822/call-CpgPileup/attempt-2/HG01940.combined.bed.gz.tbi?generation=1777762886753590	3	moBv7g==	UDmh92+iq8Js0Joa4FIIXg==	CLa68Oram5QDEAM=
HG01940	hap1_bed	cpg_hap1_bed	gs://fc-fd42e80c-b41e-4e60-a9cf-b7c0ade168c4/submissions/569a9e19-4a00-4d9c-98ff-6de0000f6e8f/MethylationProfiling/dc14d06f-2c8a-411e-80c9-ba35df98c822/call-CpgPileup/attempt-2/HG01940.hap1.bed.gz	1777762882413230	285591144	md5_base64	55LvnMPekLox/hVCYj0OaQ==	2026-05-02T23:01:22.418Z	2026-06-02T20:37:11.068Z	gs://fc-fd42e80c-b41e-4e60-a9cf-b7c0ade168c4/submissions/569a9e19-4a00-4d9c-98ff-6de0000f6e8f/MethylationProfiling/dc14d06f-2c8a-411e-80c9-ba35df98c822/call-CpgPileup/attempt-2/HG01940.hap1.bed.gz?generation=1777762882413230	2	hkVH0w==	55LvnMPekLox/hVCYj0OaQ==	CK7F5+jam5QDEAI=
HG01940	hap1_bed_index	cpg_hap1_bed_idx	gs://fc-fd42e80c-b41e-4e60-a9cf-b7c0ade168c4/submissions/569a9e19-4a00-4d9c-98ff-6de0000f6e8f/MethylationProfiling/dc14d06f-2c8a-411e-80c9-ba35df98c822/call-CpgPileup/attempt-2/HG01940.hap1.bed.gz.tbi	1777762884687336	1611172	md5_base64	INh33VYarDt5bSkUDF88dg==	2026-05-02T23:01:24.691Z	2026-06-03T15:31:02.267Z	gs://fc-fd42e80c-b41e-4e60-a9cf-b7c0ade168c4/submissions/569a9e19-4a00-4d9c-98ff-6de0000f6e8f/MethylationProfiling/dc14d06f-2c8a-411e-80c9-ba35df98c822/call-CpgPileup/attempt-2/HG01940.hap1.bed.gz.tbi?generation=1777762884687336	3	SBXmoA==	INh33VYarDt5bSkUDF88dg==	COir8unam5QDEAM=
HG01940	hap2_bed	cpg_hap2_bed	gs://fc-fd42e80c-b41e-4e60-a9cf-b7c0ade168c4/submissions/569a9e19-4a00-4d9c-98ff-6de0000f6e8f/MethylationProfiling/dc14d06f-2c8a-411e-80c9-ba35df98c822/call-CpgPileup/attempt-2/HG01940.hap2.bed.gz	1777762899324066	285176561	md5_base64	UYJpXmnWlxubbDOQJEjhZA==	2026-05-02T23:01:39.330Z	2026-06-03T15:35:08.548Z	gs://fc-fd42e80c-b41e-4e60-a9cf-b7c0ade168c4/submissions/569a9e19-4a00-4d9c-98ff-6de0000f6e8f/MethylationProfiling/dc14d06f-2c8a-411e-80c9-ba35df98c822/call-CpgPileup/attempt-2/HG01940.hap2.bed.gz?generation=1777762899324066	3	SQi6hw==	UYJpXmnWlxubbDOQJEjhZA==	CKLZ7/Dam5QDEAM=
HG01940	hap2_bed_index	cpg_hap2_bed_idx	gs://fc-fd42e80c-b41e-4e60-a9cf-b7c0ade168c4/submissions/569a9e19-4a00-4d9c-98ff-6de0000f6e8f/MethylationProfiling/dc14d06f-2c8a-411e-80c9-ba35df98c822/call-CpgPileup/attempt-2/HG01940.hap2.bed.gz.tbi	1777762901493499	1611350	md5_base64	rHXh+KY5NLg2EfrtSmUA8g==	2026-05-02T23:01:41.499Z	2026-06-02T20:35:24.845Z	gs://fc-fd42e80c-b41e-4e60-a9cf-b7c0ade168c4/submissions/569a9e19-4a00-4d9c-98ff-6de0000f6e8f/MethylationProfiling/dc14d06f-2c8a-411e-80c9-ba35df98c822/call-CpgPileup/attempt-2/HG01940.hap2.bed.gz.tbi?generation=1777762901493499	2	IhbcuQ==	rHXh+KY5NLg2EfrtSmUA8g==	CPuN9PHam5QDEAI=
HG01943	combined_bed	cpg_combined_bed	gs://fc-fd42e80c-b41e-4e60-a9cf-b7c0ade168c4/submissions/a1e9b9ce-0d67-4d42-b107-b9821f44dd60/MethylationProfiling/bb83c80e-3338-4046-99a1-fdd350d2b37f/call-CpgPileup/HG01943.combined.bed.gz	1777749582260254	307081326	md5_base64	d65BebLQV7AaSBplbEokEA==	2026-05-02T19:19:42.264Z	2026-06-02T20:01:04.856Z	gs://fc-fd42e80c-b41e-4e60-a9cf-b7c0ade168c4/submissions/a1e9b9ce-0d67-4d42-b107-b9821f44dd60/MethylationProfiling/bb83c80e-3338-4046-99a1-fdd350d2b37f/call-CpgPileup/HG01943.combined.bed.gz?generation=1777749582260254	2	HqKJzg==	d65BebLQV7AaSBplbEokEA==	CJ7Q5qKpm5QDEAI=
HG01943	combined_bed_index	independently_verified_combined_bed_index	gs://fc-fd42e80c-b41e-4e60-a9cf-b7c0ade168c4/submissions/a1e9b9ce-0d67-4d42-b107-b9821f44dd60/MethylationProfiling/bb83c80e-3338-4046-99a1-fdd350d2b37f/call-CpgPileup/HG01943.combined.bed.gz.tbi	1777749565287858	1690462	md5_base64	Me+JuAb6vEemeapH5dGrAg==	2026-05-02T19:19:25.292Z	2026-06-03T15:50:07.816Z	gs://fc-fd42e80c-b41e-4e60-a9cf-b7c0ade168c4/submissions/a1e9b9ce-0d67-4d42-b107-b9821f44dd60/MethylationProfiling/bb83c80e-3338-4046-99a1-fdd350d2b37f/call-CpgPileup/HG01943.combined.bed.gz.tbi?generation=1777749565287858	3	4DeElw==	Me+JuAb6vEemeapH5dGrAg==	CLLb2pqpm5QDEAM=
HG01943	hap1_bed	cpg_hap1_bed	gs://fc-fd42e80c-b41e-4e60-a9cf-b7c0ade168c4/submissions/a1e9b9ce-0d67-4d42-b107-b9821f44dd60/MethylationProfiling/bb83c80e-3338-4046-99a1-fdd350d2b37f/call-CpgPileup/HG01943.hap1.bed.gz	1777749563014800	242830185	md5_base64	YGSh8zSZN5fN/9hsYW6hUw==	2026-05-02T19:19:23.020Z	2026-06-02T20:02:42.811Z	gs://fc-fd42e80c-b41e-4e60-a9cf-b7c0ade168c4/submissions/a1e9b9ce-0d67-4d42-b107-b9821f44dd60/MethylationProfiling/bb83c80e-3338-4046-99a1-fdd350d2b37f/call-CpgPileup/HG01943.hap1.bed.gz?generation=1777749563014800	2	4W1QUg==	YGSh8zSZN5fN/9hsYW6hUw==	CJD9z5mpm5QDEAI=
HG01943	hap1_bed_index	cpg_hap1_bed_idx	gs://fc-fd42e80c-b41e-4e60-a9cf-b7c0ade168c4/submissions/a1e9b9ce-0d67-4d42-b107-b9821f44dd60/MethylationProfiling/bb83c80e-3338-4046-99a1-fdd350d2b37f/call-CpgPileup/HG01943.hap1.bed.gz.tbi	1777749575049677	1502669	md5_base64	XO2LsVwsBgVPAIbqhVWoFw==	2026-05-02T19:19:35.053Z	2026-06-03T14:56:00.135Z	gs://fc-fd42e80c-b41e-4e60-a9cf-b7c0ade168c4/submissions/a1e9b9ce-0d67-4d42-b107-b9821f44dd60/MethylationProfiling/bb83c80e-3338-4046-99a1-fdd350d2b37f/call-CpgPileup/HG01943.hap1.bed.gz.tbi?generation=1777749575049677	3	czMgmg==	XO2LsVwsBgVPAIbqhVWoFw==	CM3Drp+pm5QDEAM=
HG01943	hap2_bed	cpg_hap2_bed	gs://fc-fd42e80c-b41e-4e60-a9cf-b7c0ade168c4/submissions/a1e9b9ce-0d67-4d42-b107-b9821f44dd60/MethylationProfiling/bb83c80e-3338-4046-99a1-fdd350d2b37f/call-CpgPileup/HG01943.hap2.bed.gz	1777749572693114	242354907	md5_base64	UkBPJ5dTaTsBM39+75XLvA==	2026-05-02T19:19:32.697Z	2026-06-02T20:11:03.277Z	gs://fc-fd42e80c-b41e-4e60-a9cf-b7c0ade168c4/submissions/a1e9b9ce-0d67-4d42-b107-b9821f44dd60/MethylationProfiling/bb83c80e-3338-4046-99a1-fdd350d2b37f/call-CpgPileup/HG01943.hap2.bed.gz?generation=1777749572693114	2	oyTDGg==	UkBPJ5dTaTsBM39+75XLvA==	CPrYnp6pm5QDEAI=
HG01943	hap2_bed_index	cpg_hap2_bed_idx	gs://fc-fd42e80c-b41e-4e60-a9cf-b7c0ade168c4/submissions/a1e9b9ce-0d67-4d42-b107-b9821f44dd60/MethylationProfiling/bb83c80e-3338-4046-99a1-fdd350d2b37f/call-CpgPileup/HG01943.hap2.bed.gz.tbi	1777749584749192	1500777	md5_base64	Z0gt61hUMAkVHntdzrAUfw==	2026-05-02T19:19:44.752Z	2026-06-02T20:23:22.286Z	gs://fc-fd42e80c-b41e-4e60-a9cf-b7c0ade168c4/submissions/a1e9b9ce-0d67-4d42-b107-b9821f44dd60/MethylationProfiling/bb83c80e-3338-4046-99a1-fdd350d2b37f/call-CpgPileup/HG01943.hap2.bed.gz.tbi?generation=1777749584749192	2	tIq3uA==	Z0gt61hUMAkVHntdzrAUfw==	CIjF/qOpm5QDEAI=
HG01952	combined_bed	cpg_combined_bed	gs://fc-fd42e80c-b41e-4e60-a9cf-b7c0ade168c4/submissions/a1e9b9ce-0d67-4d42-b107-b9821f44dd60/MethylationProfiling/f5ede079-ea37-41f4-baec-b36e3013f62f/call-CpgPileup/HG01952.combined.bed.gz	1777751095885683	252128768	md5_base64	Sy7ai3jw1YSoNxVmzdh30A==	2026-05-02T19:44:55.890Z	2026-06-03T15:25:18.425Z	gs://fc-fd42e80c-b41e-4e60-a9cf-b7c0ade168c4/submissions/a1e9b9ce-0d67-4d42-b107-b9821f44dd60/MethylationProfiling/f5ede079-ea37-41f4-baec-b36e3013f62f/call-CpgPileup/HG01952.combined.bed.gz?generation=1777751095885683	3	P5+9wQ==	Sy7ai3jw1YSoNxVmzdh30A==	CPP+xvSum5QDEAM=
HG01952	combined_bed_index	independently_verified_combined_bed_index	gs://fc-fd42e80c-b41e-4e60-a9cf-b7c0ade168c4/submissions/a1e9b9ce-0d67-4d42-b107-b9821f44dd60/MethylationProfiling/f5ede079-ea37-41f4-baec-b36e3013f62f/call-CpgPileup/HG01952.combined.bed.gz.tbi	1777751091269139	1660299	md5_base64	PLkxDcosN+ZW0nfl/CkGmQ==	2026-05-02T19:44:51.274Z	2026-06-03T15:09:11.231Z	gs://fc-fd42e80c-b41e-4e60-a9cf-b7c0ade168c4/submissions/a1e9b9ce-0d67-4d42-b107-b9821f44dd60/MethylationProfiling/f5ede079-ea37-41f4-baec-b36e3013f62f/call-CpgPileup/HG01952.combined.bed.gz.tbi?generation=1777751091269139	3	AqXEHA==	PLkxDcosN+ZW0nfl/CkGmQ==	CJOcrfKum5QDEAM=
HG01952	hap1_bed	cpg_hap1_bed	gs://fc-fd42e80c-b41e-4e60-a9cf-b7c0ade168c4/submissions/a1e9b9ce-0d67-4d42-b107-b9821f44dd60/MethylationProfiling/f5ede079-ea37-41f4-baec-b36e3013f62f/call-CpgPileup/HG01952.hap1.bed.gz	1777751089202222	130136735	md5_base64	oWSYCuVFRi0LCzt9yEVfrw==	2026-05-02T19:44:49.205Z	2026-06-02T20:28:33.284Z	gs://fc-fd42e80c-b41e-4e60-a9cf-b7c0ade168c4/submissions/a1e9b9ce-0d67-4d42-b107-b9821f44dd60/MethylationProfiling/f5ede079-ea37-41f4-baec-b36e3013f62f/call-CpgPileup/HG01952.hap1.bed.gz?generation=1777751089202222	2	ckAd4g==	oWSYCuVFRi0LCzt9yEVfrw==	CK6Ir/Gum5QDEAI=
HG01952	hap1_bed_index	cpg_hap1_bed_idx	gs://fc-fd42e80c-b41e-4e60-a9cf-b7c0ade168c4/submissions/a1e9b9ce-0d67-4d42-b107-b9821f44dd60/MethylationProfiling/f5ede079-ea37-41f4-baec-b36e3013f62f/call-CpgPileup/HG01952.hap1.bed.gz.tbi	1777751080860435	1235430	md5_base64	7fVLHubqstLvP3fAg1V8Bw==	2026-05-02T19:44:40.864Z	2026-06-02T20:08:45.995Z	gs://fc-fd42e80c-b41e-4e60-a9cf-b7c0ade168c4/submissions/a1e9b9ce-0d67-4d42-b107-b9821f44dd60/MethylationProfiling/f5ede079-ea37-41f4-baec-b36e3013f62f/call-CpgPileup/HG01952.hap1.bed.gz.tbi?generation=1777751080860435	2	0EeRjA==	7fVLHubqstLvP3fAg1V8Bw==	CJP2se2um5QDEAI=
HG01952	hap2_bed	cpg_hap2_bed	gs://fc-fd42e80c-b41e-4e60-a9cf-b7c0ade168c4/submissions/a1e9b9ce-0d67-4d42-b107-b9821f44dd60/MethylationProfiling/f5ede079-ea37-41f4-baec-b36e3013f62f/call-CpgPileup/HG01952.hap2.bed.gz	1777751083927790	129494978	md5_base64	MGek1Z5zH59MGW/UOEhD5A==	2026-05-02T19:44:43.932Z	2026-06-03T15:41:03.505Z	gs://fc-fd42e80c-b41e-4e60-a9cf-b7c0ade168c4/submissions/a1e9b9ce-0d67-4d42-b107-b9821f44dd60/MethylationProfiling/f5ede079-ea37-41f4-baec-b36e3013f62f/call-CpgPileup/HG01952.hap2.bed.gz?generation=1777751083927790	3	sEwSsw==	MGek1Z5zH59MGW/UOEhD5A==	CO6R7e6um5QDEAM=
HG01952	hap2_bed_index	cpg_hap2_bed_idx	gs://fc-fd42e80c-b41e-4e60-a9cf-b7c0ade168c4/submissions/a1e9b9ce-0d67-4d42-b107-b9821f44dd60/MethylationProfiling/f5ede079-ea37-41f4-baec-b36e3013f62f/call-CpgPileup/HG01952.hap2.bed.gz.tbi	1777751085947290	1229663	md5_base64	G9ji6AIiDo3ebyR3XUh36A==	2026-05-02T19:44:45.951Z	2026-06-03T15:07:12.154Z	gs://fc-fd42e80c-b41e-4e60-a9cf-b7c0ade168c4/submissions/a1e9b9ce-0d67-4d42-b107-b9821f44dd60/MethylationProfiling/f5ede079-ea37-41f4-baec-b36e3013f62f/call-CpgPileup/HG01952.hap2.bed.gz.tbi?generation=1777751085947290	3	PnVZqQ==	G9ji6AIiDo3ebyR3XUh36A==	CJqz6O+um5QDEAM=
HG01960	combined_bed	cpg_combined_bed	gs://fc-fd42e80c-b41e-4e60-a9cf-b7c0ade168c4/submissions/a1e9b9ce-0d67-4d42-b107-b9821f44dd60/MethylationProfiling/d68abc3e-c881-45d4-a472-f4cfb8edac97/call-CpgPileup/HG01960.combined.bed.gz	1777749624146750	327388901	md5_base64	8DaMOxvEj9dxYtRFS0ew1Q==	2026-05-02T19:20:24.150Z	2026-06-03T15:40:03.948Z	gs://fc-fd42e80c-b41e-4e60-a9cf-b7c0ade168c4/submissions/a1e9b9ce-0d67-4d42-b107-b9821f44dd60/MethylationProfiling/d68abc3e-c881-45d4-a472-f4cfb8edac97/call-CpgPileup/HG01960.combined.bed.gz?generation=1777749624146750	3	oYkXfw==	8DaMOxvEj9dxYtRFS0ew1Q==	CL6W47apm5QDEAM=
HG01960	combined_bed_index	independently_verified_combined_bed_index	gs://fc-fd42e80c-b41e-4e60-a9cf-b7c0ade168c4/submissions/a1e9b9ce-0d67-4d42-b107-b9821f44dd60/MethylationProfiling/d68abc3e-c881-45d4-a472-f4cfb8edac97/call-CpgPileup/HG01960.combined.bed.gz.tbi	1777749628020978	1683687	md5_base64	mDZX/JEsxLoY0LtyWoKcyA==	2026-05-02T19:20:28.025Z	2026-06-03T15:16:00.690Z	gs://fc-fd42e80c-b41e-4e60-a9cf-b7c0ade168c4/submissions/a1e9b9ce-0d67-4d42-b107-b9821f44dd60/MethylationProfiling/d68abc3e-c881-45d4-a472-f4cfb8edac97/call-CpgPileup/HG01960.combined.bed.gz.tbi?generation=1777749628020978	3	uo5dww==	mDZX/JEsxLoY0LtyWoKcyA==	CPLRz7ipm5QDEAM=
HG01960	hap1_bed	cpg_hap1_bed	gs://fc-fd42e80c-b41e-4e60-a9cf-b7c0ade168c4/submissions/a1e9b9ce-0d67-4d42-b107-b9821f44dd60/MethylationProfiling/d68abc3e-c881-45d4-a472-f4cfb8edac97/call-CpgPileup/HG01960.hap1.bed.gz	1777749600344845	294825360	md5_base64	0ryZdAEEbYXEAvar8ULAwQ==	2026-05-02T19:20:00.349Z	2026-06-03T15:11:09.632Z	gs://fc-fd42e80c-b41e-4e60-a9cf-b7c0ade168c4/submissions/a1e9b9ce-0d67-4d42-b107-b9821f44dd60/MethylationProfiling/d68abc3e-c881-45d4-a472-f4cfb8edac97/call-CpgPileup/HG01960.hap1.bed.gz?generation=1777749600344845	3	aM/nSA==	0ryZdAEEbYXEAvar8ULAwQ==	CI22tqupm5QDEAM=
HG01960	hap1_bed_index	cpg_hap1_bed_idx	gs://fc-fd42e80c-b41e-4e60-a9cf-b7c0ade168c4/submissions/a1e9b9ce-0d67-4d42-b107-b9821f44dd60/MethylationProfiling/d68abc3e-c881-45d4-a472-f4cfb8edac97/call-CpgPileup/HG01960.hap1.bed.gz.tbi	1777749626031645	1665358	md5_base64	TYJzcegS3YUk26GQ/wLPCw==	2026-05-02T19:20:26.035Z	2026-06-03T14:54:06.556Z	gs://fc-fd42e80c-b41e-4e60-a9cf-b7c0ade168c4/submissions/a1e9b9ce-0d67-4d42-b107-b9821f44dd60/MethylationProfiling/d68abc3e-c881-45d4-a472-f4cfb8edac97/call-CpgPileup/HG01960.hap1.bed.gz.tbi?generation=1777749626031645	3	kAj+Pw==	TYJzcegS3YUk26GQ/wLPCw==	CJ2c1repm5QDEAM=
HG01960	hap2_bed	cpg_hap2_bed	gs://fc-fd42e80c-b41e-4e60-a9cf-b7c0ade168c4/submissions/a1e9b9ce-0d67-4d42-b107-b9821f44dd60/MethylationProfiling/d68abc3e-c881-45d4-a472-f4cfb8edac97/call-CpgPileup/HG01960.hap2.bed.gz	1777749587655439	294319072	md5_base64	BOj1fnmXrsBd33mft7Le2w==	2026-05-02T19:19:47.660Z	2026-06-03T15:03:06.182Z	gs://fc-fd42e80c-b41e-4e60-a9cf-b7c0ade168c4/submissions/a1e9b9ce-0d67-4d42-b107-b9821f44dd60/MethylationProfiling/d68abc3e-c881-45d4-a472-f4cfb8edac97/call-CpgPileup/HG01960.hap2.bed.gz?generation=1777749587655439	3	RH+w9Q==	BOj1fnmXrsBd33mft7Le2w==	CI/2r6Wpm5QDEAM=
HG01960	hap2_bed_index	cpg_hap2_bed_idx	gs://fc-fd42e80c-b41e-4e60-a9cf-b7c0ade168c4/submissions/a1e9b9ce-0d67-4d42-b107-b9821f44dd60/MethylationProfiling/d68abc3e-c881-45d4-a472-f4cfb8edac97/call-CpgPileup/HG01960.hap2.bed.gz.tbi	1777749602351796	1665087	md5_base64	bFgDrSHBxZz8vGJGRzCAwg==	2026-05-02T19:20:02.355Z	2026-06-02T19:57:00.930Z	gs://fc-fd42e80c-b41e-4e60-a9cf-b7c0ade168c4/submissions/a1e9b9ce-0d67-4d42-b107-b9821f44dd60/MethylationProfiling/d68abc3e-c881-45d4-a472-f4cfb8edac97/call-CpgPileup/HG01960.hap2.bed.gz.tbi?generation=1777749602351796	2	rJHqRw==	bFgDrSHBxZz8vGJGRzCAwg==	CLT1sKypm5QDEAI=
HG01969	combined_bed	cpg_combined_bed	gs://fc-fd42e80c-b41e-4e60-a9cf-b7c0ade168c4/submissions/a1e9b9ce-0d67-4d42-b107-b9821f44dd60/MethylationProfiling/c2186246-6629-4a8c-a06b-33a78571a70d/call-CpgPileup/HG01969.combined.bed.gz	1777749950983590	338479443	md5_base64	KBji++H4kq572+6Nn6oZXg==	2026-05-02T19:25:50.988Z	2026-06-02T19:47:57.133Z	gs://fc-fd42e80c-b41e-4e60-a9cf-b7c0ade168c4/submissions/a1e9b9ce-0d67-4d42-b107-b9821f44dd60/MethylationProfiling/c2186246-6629-4a8c-a06b-33a78571a70d/call-CpgPileup/HG01969.combined.bed.gz?generation=1777749950983590	2	6GL5gQ==	KBji++H4kq572+6Nn6oZXg==	CKbbz9Kqm5QDEAI=
HG01969	combined_bed_index	independently_verified_combined_bed_index	gs://fc-fd42e80c-b41e-4e60-a9cf-b7c0ade168c4/submissions/a1e9b9ce-0d67-4d42-b107-b9821f44dd60/MethylationProfiling/c2186246-6629-4a8c-a06b-33a78571a70d/call-CpgPileup/HG01969.combined.bed.gz.tbi	1777749944767962	1684358	md5_base64	i+VioN5fBoghG0dfJVTGEA==	2026-05-02T19:25:44.771Z	2026-06-03T15:28:25.705Z	gs://fc-fd42e80c-b41e-4e60-a9cf-b7c0ade168c4/submissions/a1e9b9ce-0d67-4d42-b107-b9821f44dd60/MethylationProfiling/c2186246-6629-4a8c-a06b-33a78571a70d/call-CpgPileup/HG01969.combined.bed.gz.tbi?generation=1777749944767962	3	51BBDA==	i+VioN5fBoghG0dfJVTGEA==	CNqr1M+qm5QDEAM=
HG01969	hap1_bed	cpg_hap1_bed	gs://fc-fd42e80c-b41e-4e60-a9cf-b7c0ade168c4/submissions/a1e9b9ce-0d67-4d42-b107-b9821f44dd60/MethylationProfiling/c2186246-6629-4a8c-a06b-33a78571a70d/call-CpgPileup/HG01969.hap1.bed.gz	1777749940981116	292895372	md5_base64	WriJFyAlvmXG4G8WoIFuSA==	2026-05-02T19:25:40.985Z	2026-06-02T20:25:47.493Z	gs://fc-fd42e80c-b41e-4e60-a9cf-b7c0ade168c4/submissions/a1e9b9ce-0d67-4d42-b107-b9821f44dd60/MethylationProfiling/c2186246-6629-4a8c-a06b-33a78571a70d/call-CpgPileup/HG01969.hap1.bed.gz?generation=1777749940981116	2	iDWrVA==	WriJFyAlvmXG4G8WoIFuSA==	CPya7c2qm5QDEAI=
HG01969	hap1_bed_index	cpg_hap1_bed_idx	gs://fc-fd42e80c-b41e-4e60-a9cf-b7c0ade168c4/submissions/a1e9b9ce-0d67-4d42-b107-b9821f44dd60/MethylationProfiling/c2186246-6629-4a8c-a06b-33a78571a70d/call-CpgPileup/HG01969.hap1.bed.gz.tbi	1777749942914606	1635497	md5_base64	qtcgqfIijOAJ7AcfRWudPA==	2026-05-02T19:25:42.918Z	2026-06-02T20:23:27.213Z	gs://fc-fd42e80c-b41e-4e60-a9cf-b7c0ade168c4/submissions/a1e9b9ce-0d67-4d42-b107-b9821f44dd60/MethylationProfiling/c2186246-6629-4a8c-a06b-33a78571a70d/call-CpgPileup/HG01969.hap1.bed.gz.tbi?generation=1777749942914606	2	oc7Dqw==	qtcgqfIijOAJ7AcfRWudPA==	CK6c486qm5QDEAI=
HG01969	hap2_bed	cpg_hap2_bed	gs://fc-fd42e80c-b41e-4e60-a9cf-b7c0ade168c4/submissions/a1e9b9ce-0d67-4d42-b107-b9821f44dd60/MethylationProfiling/c2186246-6629-4a8c-a06b-33a78571a70d/call-CpgPileup/HG01969.hap2.bed.gz	1777749934455900	292492782	md5_base64	1ExndMwaAnYrpZ/YBoNRcg==	2026-05-02T19:25:34.459Z	2026-06-03T14:33:00.446Z	gs://fc-fd42e80c-b41e-4e60-a9cf-b7c0ade168c4/submissions/a1e9b9ce-0d67-4d42-b107-b9821f44dd60/MethylationProfiling/c2186246-6629-4a8c-a06b-33a78571a70d/call-CpgPileup/HG01969.hap2.bed.gz?generation=1777749934455900	3	gz1BoA==	1ExndMwaAnYrpZ/YBoNRcg==	CNz43sqqm5QDEAM=
HG01969	hap2_bed_index	cpg_hap2_bed_idx	gs://fc-fd42e80c-b41e-4e60-a9cf-b7c0ade168c4/submissions/a1e9b9ce-0d67-4d42-b107-b9821f44dd60/MethylationProfiling/c2186246-6629-4a8c-a06b-33a78571a70d/call-CpgPileup/HG01969.hap2.bed.gz.tbi	1777749928011361	1634342	md5_base64	omDUJBEz7uSHw3jETOOPxQ==	2026-05-02T19:25:28.014Z	2026-06-02T20:05:47.027Z	gs://fc-fd42e80c-b41e-4e60-a9cf-b7c0ade168c4/submissions/a1e9b9ce-0d67-4d42-b107-b9821f44dd60/MethylationProfiling/c2186246-6629-4a8c-a06b-33a78571a70d/call-CpgPileup/HG01969.hap2.bed.gz.tbi?generation=1777749928011361	2	2QXykw==	omDUJBEz7uSHw3jETOOPxQ==	COHM1ceqm5QDEAI=
HG01975	combined_bed	cpg_combined_bed	gs://fc-fd42e80c-b41e-4e60-a9cf-b7c0ade168c4/submissions/a1e9b9ce-0d67-4d42-b107-b9821f44dd60/MethylationProfiling/7c6f96d1-229c-4847-970b-33ee0813b2d0/call-CpgPileup/HG01975.combined.bed.gz	1777749746711634	361178088	md5_base64	XTQ6ixVmj8vUkBpG2h7BwA==	2026-05-02T19:22:26.714Z	2026-06-03T15:29:02.586Z	gs://fc-fd42e80c-b41e-4e60-a9cf-b7c0ade168c4/submissions/a1e9b9ce-0d67-4d42-b107-b9821f44dd60/MethylationProfiling/7c6f96d1-229c-4847-970b-33ee0813b2d0/call-CpgPileup/HG01975.combined.bed.gz?generation=1777749746711634	3	AtxZ9g==	XTQ6ixVmj8vUkBpG2h7BwA==	CNL4m/Gpm5QDEAM=
HG01975	combined_bed_index	independently_verified_combined_bed_index	gs://fc-fd42e80c-b41e-4e60-a9cf-b7c0ade168c4/submissions/a1e9b9ce-0d67-4d42-b107-b9821f44dd60/MethylationProfiling/7c6f96d1-229c-4847-970b-33ee0813b2d0/call-CpgPileup/HG01975.combined.bed.gz.tbi	1777749757714383	1685475	md5_base64	d0ZxkldalWFQZLYQ+wSzDA==	2026-05-02T19:22:37.717Z	2026-06-03T15:56:19.394Z	gs://fc-fd42e80c-b41e-4e60-a9cf-b7c0ade168c4/submissions/a1e9b9ce-0d67-4d42-b107-b9821f44dd60/MethylationProfiling/7c6f96d1-229c-4847-970b-33ee0813b2d0/call-CpgPileup/HG01975.combined.bed.gz.tbi?generation=1777749757714383	3	u0O3cA==	d0ZxkldalWFQZLYQ+wSzDA==	CM+/u/apm5QDEAM=
HG01975	hap1_bed	cpg_hap1_bed	gs://fc-fd42e80c-b41e-4e60-a9cf-b7c0ade168c4/submissions/a1e9b9ce-0d67-4d42-b107-b9821f44dd60/MethylationProfiling/7c6f96d1-229c-4847-970b-33ee0813b2d0/call-CpgPileup/HG01975.hap1.bed.gz	1777749739500751	303108253	md5_base64	E+2WMFiX4CeX44DLGR7wUg==	2026-05-02T19:22:19.504Z	2026-06-03T14:51:06.525Z	gs://fc-fd42e80c-b41e-4e60-a9cf-b7c0ade168c4/submissions/a1e9b9ce-0d67-4d42-b107-b9821f44dd60/MethylationProfiling/7c6f96d1-229c-4847-970b-33ee0813b2d0/call-CpgPileup/HG01975.hap1.bed.gz?generation=1777749739500751	3	chnCFA==	E+2WMFiX4CeX44DLGR7wUg==	CM/p4+2pm5QDEAM=
HG01975	hap1_bed_index	cpg_hap1_bed_idx	gs://fc-fd42e80c-b41e-4e60-a9cf-b7c0ade168c4/submissions/a1e9b9ce-0d67-4d42-b107-b9821f44dd60/MethylationProfiling/7c6f96d1-229c-4847-970b-33ee0813b2d0/call-CpgPileup/HG01975.hap1.bed.gz.tbi	1777749741317882	1603863	md5_base64	OIXOWYHgIVx2wEPpLGdQJw==	2026-05-02T19:22:21.321Z	2026-06-03T15:04:06.740Z	gs://fc-fd42e80c-b41e-4e60-a9cf-b7c0ade168c4/submissions/a1e9b9ce-0d67-4d42-b107-b9821f44dd60/MethylationProfiling/7c6f96d1-229c-4847-970b-33ee0813b2d0/call-CpgPileup/HG01975.hap1.bed.gz.tbi?generation=1777749741317882	3	98lfIw==	OIXOWYHgIVx2wEPpLGdQJw==	CPrd0u6pm5QDEAM=
HG01975	hap2_bed	cpg_hap2_bed	gs://fc-fd42e80c-b41e-4e60-a9cf-b7c0ade168c4/submissions/a1e9b9ce-0d67-4d42-b107-b9821f44dd60/MethylationProfiling/7c6f96d1-229c-4847-970b-33ee0813b2d0/call-CpgPileup/HG01975.hap2.bed.gz	1777749753979525	302850181	md5_base64	pWQQbRJujUxh+GSh4AxFyg==	2026-05-02T19:22:33.984Z	2026-06-03T15:40:03.948Z	gs://fc-fd42e80c-b41e-4e60-a9cf-b7c0ade168c4/submissions/a1e9b9ce-0d67-4d42-b107-b9821f44dd60/MethylationProfiling/7c6f96d1-229c-4847-970b-33ee0813b2d0/call-CpgPileup/HG01975.hap2.bed.gz?generation=1777749753979525	3	GqSUkw==	pWQQbRJujUxh+GSh4AxFyg==	CIXF1/Spm5QDEAM=
HG01975	hap2_bed_index	cpg_hap2_bed_idx	gs://fc-fd42e80c-b41e-4e60-a9cf-b7c0ade168c4/submissions/a1e9b9ce-0d67-4d42-b107-b9821f44dd60/MethylationProfiling/7c6f96d1-229c-4847-970b-33ee0813b2d0/call-CpgPileup/HG01975.hap2.bed.gz.tbi	1777749755890961	1601992	md5_base64	BtuWGV3FgarZcYlZ7qBrHg==	2026-05-02T19:22:35.894Z	2026-06-02T19:58:03.970Z	gs://fc-fd42e80c-b41e-4e60-a9cf-b7c0ade168c4/submissions/a1e9b9ce-0d67-4d42-b107-b9821f44dd60/MethylationProfiling/7c6f96d1-229c-4847-970b-33ee0813b2d0/call-CpgPileup/HG01975.hap2.bed.gz.tbi?generation=1777749755890961	2	3p/W4g==	BtuWGV3FgarZcYlZ7qBrHg==	CJGazPWpm5QDEAI=
HG01978	combined_bed	cpg_combined_bed	gs://fc-fd42e80c-b41e-4e60-a9cf-b7c0ade168c4/submissions/a1e9b9ce-0d67-4d42-b107-b9821f44dd60/MethylationProfiling/40d01bc9-6cb5-46a8-b01c-77220b6d65f2/call-CpgPileup/HG01978.combined.bed.gz	1777750792043619	242879407	md5_base64	HqnE+DyrcwcuknX8gOX/AQ==	2026-05-02T19:39:52.050Z	2026-06-03T15:13:58.898Z	gs://fc-fd42e80c-b41e-4e60-a9cf-b7c0ade168c4/submissions/a1e9b9ce-0d67-4d42-b107-b9821f44dd60/MethylationProfiling/40d01bc9-6cb5-46a8-b01c-77220b6d65f2/call-CpgPileup/HG01978.combined.bed.gz?generation=1777750792043619	3	I+56Kw==	HqnE+DyrcwcuknX8gOX/AQ==	COP41eOtm5QDEAM=
HG01978	combined_bed_index	independently_verified_combined_bed_index	gs://fc-fd42e80c-b41e-4e60-a9cf-b7c0ade168c4/submissions/a1e9b9ce-0d67-4d42-b107-b9821f44dd60/MethylationProfiling/40d01bc9-6cb5-46a8-b01c-77220b6d65f2/call-CpgPileup/HG01978.combined.bed.gz.tbi	1777750799386845	1647965	md5_base64	1UlNGh6QNVoX1vObqYPqIA==	2026-05-02T19:39:59.390Z	2026-06-02T20:03:28.172Z	gs://fc-fd42e80c-b41e-4e60-a9cf-b7c0ade168c4/submissions/a1e9b9ce-0d67-4d42-b107-b9821f44dd60/MethylationProfiling/40d01bc9-6cb5-46a8-b01c-77220b6d65f2/call-CpgPileup/HG01978.combined.bed.gz.tbi?generation=1777750799386845	2	oINdPQ==	1UlNGh6QNVoX1vObqYPqIA==	CN2Rluetm5QDEAI=
HG01978	hap1_bed	cpg_hap1_bed	gs://fc-fd42e80c-b41e-4e60-a9cf-b7c0ade168c4/submissions/a1e9b9ce-0d67-4d42-b107-b9821f44dd60/MethylationProfiling/40d01bc9-6cb5-46a8-b01c-77220b6d65f2/call-CpgPileup/HG01978.hap1.bed.gz	1777750804500290	119272689	md5_base64	nc8wSxr6gb3hGnlEuuk3Xg==	2026-05-02T19:40:04.517Z	2026-06-02T20:30:10.437Z	gs://fc-fd42e80c-b41e-4e60-a9cf-b7c0ade168c4/submissions/a1e9b9ce-0d67-4d42-b107-b9821f44dd60/MethylationProfiling/40d01bc9-6cb5-46a8-b01c-77220b6d65f2/call-CpgPileup/HG01978.hap1.bed.gz?generation=1777750804500290	2	1NUSpA==	nc8wSxr6gb3hGnlEuuk3Xg==	CMKezumtm5QDEAI=
HG01978	hap1_bed_index	cpg_hap1_bed_idx	gs://fc-fd42e80c-b41e-4e60-a9cf-b7c0ade168c4/submissions/a1e9b9ce-0d67-4d42-b107-b9821f44dd60/MethylationProfiling/40d01bc9-6cb5-46a8-b01c-77220b6d65f2/call-CpgPileup/HG01978.hap1.bed.gz.tbi	1777750801371095	1238811	md5_base64	cPXZLzl2PvqUHmPcaHtx7g==	2026-05-02T19:40:01.376Z	2026-06-02T20:19:18.677Z	gs://fc-fd42e80c-b41e-4e60-a9cf-b7c0ade168c4/submissions/a1e9b9ce-0d67-4d42-b107-b9821f44dd60/MethylationProfiling/40d01bc9-6cb5-46a8-b01c-77220b6d65f2/call-CpgPileup/HG01978.hap1.bed.gz.tbi?generation=1777750801371095	2	MexQCQ==	cPXZLzl2PvqUHmPcaHtx7g==	CNefj+itm5QDEAI=
HG01978	hap2_bed	cpg_hap2_bed	gs://fc-fd42e80c-b41e-4e60-a9cf-b7c0ade168c4/submissions/a1e9b9ce-0d67-4d42-b107-b9821f44dd60/MethylationProfiling/40d01bc9-6cb5-46a8-b01c-77220b6d65f2/call-CpgPileup/HG01978.hap2.bed.gz	1777750795191169	118749125	md5_base64	0kPIKfterpEAVyc2smdkNQ==	2026-05-02T19:39:55.195Z	2026-06-02T20:01:26.087Z	gs://fc-fd42e80c-b41e-4e60-a9cf-b7c0ade168c4/submissions/a1e9b9ce-0d67-4d42-b107-b9821f44dd60/MethylationProfiling/40d01bc9-6cb5-46a8-b01c-77220b6d65f2/call-CpgPileup/HG01978.hap2.bed.gz?generation=1777750795191169	2	s82hVw==	0kPIKfterpEAVyc2smdkNQ==	CIGHluWtm5QDEAI=
HG01978	hap2_bed_index	cpg_hap2_bed_idx	gs://fc-fd42e80c-b41e-4e60-a9cf-b7c0ade168c4/submissions/a1e9b9ce-0d67-4d42-b107-b9821f44dd60/MethylationProfiling/40d01bc9-6cb5-46a8-b01c-77220b6d65f2/call-CpgPileup/HG01978.hap2.bed.gz.tbi	1777750797038053	1232029	md5_base64	9THKUcgmPBAfhnQRQdCQtw==	2026-05-02T19:39:57.042Z	2026-06-03T15:33:09.108Z	gs://fc-fd42e80c-b41e-4e60-a9cf-b7c0ade168c4/submissions/a1e9b9ce-0d67-4d42-b107-b9821f44dd60/MethylationProfiling/40d01bc9-6cb5-46a8-b01c-77220b6d65f2/call-CpgPileup/HG01978.hap2.bed.gz.tbi?generation=1777750797038053	3	h6c/ZQ==	9THKUcgmPBAfhnQRQdCQtw==	COXjhuatm5QDEAM=
HG01981	combined_bed	cpg_combined_bed	gs://fc-fd42e80c-b41e-4e60-a9cf-b7c0ade168c4/submissions/a1e9b9ce-0d67-4d42-b107-b9821f44dd60/MethylationProfiling/0d8482c2-1eea-4f44-847c-f74247f8e50d/call-CpgPileup/HG01981.combined.bed.gz	1777750987204463	297178870	md5_base64	u+iqpp/8Ucbnxb4fOCWkLg==	2026-05-02T19:43:07.208Z	2026-06-03T16:00:56.719Z	gs://fc-fd42e80c-b41e-4e60-a9cf-b7c0ade168c4/submissions/a1e9b9ce-0d67-4d42-b107-b9821f44dd60/MethylationProfiling/0d8482c2-1eea-4f44-847c-f74247f8e50d/call-CpgPileup/HG01981.combined.bed.gz?generation=1777750987204463	3	EWbp1Q==	u+iqpp/8Ucbnxb4fOCWkLg==	CO/O3cCum5QDEAM=
HG01981	combined_bed_index	independently_verified_combined_bed_index	gs://fc-fd42e80c-b41e-4e60-a9cf-b7c0ade168c4/submissions/a1e9b9ce-0d67-4d42-b107-b9821f44dd60/MethylationProfiling/0d8482c2-1eea-4f44-847c-f74247f8e50d/call-CpgPileup/HG01981.combined.bed.gz.tbi	1777750973205646	1677377	md5_base64	3TgOoId1g16NtXBLby2+jA==	2026-05-02T19:42:53.208Z	2026-06-03T14:36:58.846Z	gs://fc-fd42e80c-b41e-4e60-a9cf-b7c0ade168c4/submissions/a1e9b9ce-0d67-4d42-b107-b9821f44dd60/MethylationProfiling/0d8482c2-1eea-4f44-847c-f74247f8e50d/call-CpgPileup/HG01981.combined.bed.gz.tbi?generation=1777750973205646	3	bzGzuw==	3TgOoId1g16NtXBLby2+jA==	CI6Zh7qum5QDEAM=
HG01981	hap1_bed	cpg_hap1_bed	gs://fc-fd42e80c-b41e-4e60-a9cf-b7c0ade168c4/submissions/a1e9b9ce-0d67-4d42-b107-b9821f44dd60/MethylationProfiling/0d8482c2-1eea-4f44-847c-f74247f8e50d/call-CpgPileup/HG01981.hap1.bed.gz	1777750993072662	245191167	md5_base64	B8BgQ+sSZXH4kr9ARhEg0A==	2026-05-02T19:43:13.078Z	2026-06-03T15:30:00.331Z	gs://fc-fd42e80c-b41e-4e60-a9cf-b7c0ade168c4/submissions/a1e9b9ce-0d67-4d42-b107-b9821f44dd60/MethylationProfiling/0d8482c2-1eea-4f44-847c-f74247f8e50d/call-CpgPileup/HG01981.hap1.bed.gz?generation=1777750993072662	3	fvLDiA==	B8BgQ+sSZXH4kr9ARhEg0A==	CJbkw8Oum5QDEAM=
HG01981	hap1_bed_index	cpg_hap1_bed_idx	gs://fc-fd42e80c-b41e-4e60-a9cf-b7c0ade168c4/submissions/a1e9b9ce-0d67-4d42-b107-b9821f44dd60/MethylationProfiling/0d8482c2-1eea-4f44-847c-f74247f8e50d/call-CpgPileup/HG01981.hap1.bed.gz.tbi	1777750976844838	1600687	md5_base64	y6Gw755QY395/J9cZs6XIA==	2026-05-02T19:42:56.850Z	2026-06-03T15:57:06.212Z	gs://fc-fd42e80c-b41e-4e60-a9cf-b7c0ade168c4/submissions/a1e9b9ce-0d67-4d42-b107-b9821f44dd60/MethylationProfiling/0d8482c2-1eea-4f44-847c-f74247f8e50d/call-CpgPileup/HG01981.hap1.bed.gz.tbi?generation=1777750976844838	3	m5mLpw==	y6Gw755QY395/J9cZs6XIA==	CKao5buum5QDEAM=
HG01981	hap2_bed	cpg_hap2_bed	gs://fc-fd42e80c-b41e-4e60-a9cf-b7c0ade168c4/submissions/a1e9b9ce-0d67-4d42-b107-b9821f44dd60/MethylationProfiling/0d8482c2-1eea-4f44-847c-f74247f8e50d/call-CpgPileup/HG01981.hap2.bed.gz	1777750982154110	244634390	md5_base64	C+Wr2XuA1iURcQw7Kz1y3g==	2026-05-02T19:43:02.160Z	2026-06-03T15:45:19.629Z	gs://fc-fd42e80c-b41e-4e60-a9cf-b7c0ade168c4/submissions/a1e9b9ce-0d67-4d42-b107-b9821f44dd60/MethylationProfiling/0d8482c2-1eea-4f44-847c-f74247f8e50d/call-CpgPileup/HG01981.hap2.bed.gz?generation=1777750982154110	3	g1CgVA==	C+Wr2XuA1iURcQw7Kz1y3g==	CP6uqb6um5QDEAM=
HG01981	hap2_bed_index	cpg_hap2_bed_idx	gs://fc-fd42e80c-b41e-4e60-a9cf-b7c0ade168c4/submissions/a1e9b9ce-0d67-4d42-b107-b9821f44dd60/MethylationProfiling/0d8482c2-1eea-4f44-847c-f74247f8e50d/call-CpgPileup/HG01981.hap2.bed.gz.tbi	1777750975026021	1599431	md5_base64	Ds1Y1NucEkjwm5ledSaNuQ==	2026-05-02T19:42:55.029Z	2026-06-03T15:22:01.709Z	gs://fc-fd42e80c-b41e-4e60-a9cf-b7c0ade168c4/submissions/a1e9b9ce-0d67-4d42-b107-b9821f44dd60/MethylationProfiling/0d8482c2-1eea-4f44-847c-f74247f8e50d/call-CpgPileup/HG01981.hap2.bed.gz.tbi?generation=1777750975026021	3	jH1NWQ==	Ds1Y1NucEkjwm5ledSaNuQ==	COWm9rqum5QDEAM=
HG01993	combined_bed	cpg_combined_bed	gs://fc-fd42e80c-b41e-4e60-a9cf-b7c0ade168c4/submissions/a1e9b9ce-0d67-4d42-b107-b9821f44dd60/MethylationProfiling/23d59527-3738-4e16-bb81-d9d374ad03fd/call-CpgPileup/HG01993.combined.bed.gz	1777751505886150	309413399	md5_base64	uc25s2Su8kHbgwFZJNc2Vw==	2026-05-02T19:51:45.890Z	2026-06-03T15:36:48.735Z	gs://fc-fd42e80c-b41e-4e60-a9cf-b7c0ade168c4/submissions/a1e9b9ce-0d67-4d42-b107-b9821f44dd60/MethylationProfiling/23d59527-3738-4e16-bb81-d9d374ad03fd/call-CpgPileup/HG01993.combined.bed.gz?generation=1777751505886150	3	HawnlQ==	uc25s2Su8kHbgwFZJNc2Vw==	CMa3h7iwm5QDEAM=
HG01993	combined_bed_index	independently_verified_combined_bed_index	gs://fc-fd42e80c-b41e-4e60-a9cf-b7c0ade168c4/submissions/a1e9b9ce-0d67-4d42-b107-b9821f44dd60/MethylationProfiling/23d59527-3738-4e16-bb81-d9d374ad03fd/call-CpgPileup/HG01993.combined.bed.gz.tbi	1777751498789145	1680693	md5_base64	ch3fW6orlDL9/q/rP9efaA==	2026-05-02T19:51:38.795Z	2026-06-03T15:58:02.378Z	gs://fc-fd42e80c-b41e-4e60-a9cf-b7c0ade168c4/submissions/a1e9b9ce-0d67-4d42-b107-b9821f44dd60/MethylationProfiling/23d59527-3738-4e16-bb81-d9d374ad03fd/call-CpgPileup/HG01993.combined.bed.gz.tbi?generation=1777751498789145	3	PzKUGA==	ch3fW6orlDL9/q/rP9efaA==	CJmi1rSwm5QDEAM=
HG01993	hap1_bed	cpg_hap1_bed	gs://fc-fd42e80c-b41e-4e60-a9cf-b7c0ade168c4/submissions/a1e9b9ce-0d67-4d42-b107-b9821f44dd60/MethylationProfiling/23d59527-3738-4e16-bb81-d9d374ad03fd/call-CpgPileup/HG01993.hap1.bed.gz	1777751495152095	258887846	md5_base64	1FPu5VITa+jHm22LCVd5yA==	2026-05-02T19:51:35.156Z	2026-06-03T15:10:58.511Z	gs://fc-fd42e80c-b41e-4e60-a9cf-b7c0ade168c4/submissions/a1e9b9ce-0d67-4d42-b107-b9821f44dd60/MethylationProfiling/23d59527-3738-4e16-bb81-d9d374ad03fd/call-CpgPileup/HG01993.hap1.bed.gz?generation=1777751495152095	3	XANMPw==	1FPu5VITa+jHm22LCVd5yA==	CN+j+LKwm5QDEAM=
HG01993	hap1_bed_index	cpg_hap1_bed_idx	gs://fc-fd42e80c-b41e-4e60-a9cf-b7c0ade168c4/submissions/a1e9b9ce-0d67-4d42-b107-b9821f44dd60/MethylationProfiling/23d59527-3738-4e16-bb81-d9d374ad03fd/call-CpgPileup/HG01993.hap1.bed.gz.tbi	1777751488775580	1601474	md5_base64	+mezvbeDD8UT2pRhFAXHsw==	2026-05-02T19:51:28.783Z	2026-06-02T20:04:15.106Z	gs://fc-fd42e80c-b41e-4e60-a9cf-b7c0ade168c4/submissions/a1e9b9ce-0d67-4d42-b107-b9821f44dd60/MethylationProfiling/23d59527-3738-4e16-bb81-d9d374ad03fd/call-CpgPileup/HG01993.hap1.bed.gz.tbi?generation=1777751488775580	2	nrqzaw==	+mezvbeDD8UT2pRhFAXHsw==	CJyL86+wm5QDEAI=
HG01993	hap2_bed	cpg_hap2_bed	gs://fc-fd42e80c-b41e-4e60-a9cf-b7c0ade168c4/submissions/a1e9b9ce-0d67-4d42-b107-b9821f44dd60/MethylationProfiling/23d59527-3738-4e16-bb81-d9d374ad03fd/call-CpgPileup/HG01993.hap2.bed.gz	1777751486879622	258150379	md5_base64	+M47qi8OYznhmVpd4Xu3wg==	2026-05-02T19:51:26.883Z	2026-06-03T15:28:57.693Z	gs://fc-fd42e80c-b41e-4e60-a9cf-b7c0ade168c4/submissions/a1e9b9ce-0d67-4d42-b107-b9821f44dd60/MethylationProfiling/23d59527-3738-4e16-bb81-d9d374ad03fd/call-CpgPileup/HG01993.hap2.bed.gz?generation=1777751486879622	3	jaRVIA==	+M47qi8OYznhmVpd4Xu3wg==	CIav/66wm5QDEAM=
HG01993	hap2_bed_index	cpg_hap2_bed_idx	gs://fc-fd42e80c-b41e-4e60-a9cf-b7c0ade168c4/submissions/a1e9b9ce-0d67-4d42-b107-b9821f44dd60/MethylationProfiling/23d59527-3738-4e16-bb81-d9d374ad03fd/call-CpgPileup/HG01993.hap2.bed.gz.tbi	1777751496996679	1598452	md5_base64	EUS0qEFY/kXA7OAiSoXxGQ==	2026-05-02T19:51:37.003Z	2026-06-03T15:31:59.034Z	gs://fc-fd42e80c-b41e-4e60-a9cf-b7c0ade168c4/submissions/a1e9b9ce-0d67-4d42-b107-b9821f44dd60/MethylationProfiling/23d59527-3738-4e16-bb81-d9d374ad03fd/call-CpgPileup/HG01993.hap2.bed.gz.tbi?generation=1777751496996679	3	Kh37Lw==	EUS0qEFY/kXA7OAiSoXxGQ==	CMfu6LOwm5QDEAM=
HG02004	combined_bed	cpg_combined_bed	gs://fc-fd42e80c-b41e-4e60-a9cf-b7c0ade168c4/submissions/a1e9b9ce-0d67-4d42-b107-b9821f44dd60/MethylationProfiling/88ced3d6-120f-4919-abbd-2447aa5ced1d/call-CpgPileup/HG02004.combined.bed.gz	1777750716229922	299871253	md5_base64	MlOvpiVRUR5j4DPRQvVNpg==	2026-05-02T19:38:36.235Z	2026-06-03T15:02:04.516Z	gs://fc-fd42e80c-b41e-4e60-a9cf-b7c0ade168c4/submissions/a1e9b9ce-0d67-4d42-b107-b9821f44dd60/MethylationProfiling/88ced3d6-120f-4919-abbd-2447aa5ced1d/call-CpgPileup/HG02004.combined.bed.gz?generation=1777750716229922	3	Z3fQng==	MlOvpiVRUR5j4DPRQvVNpg==	CKLSwr+tm5QDEAM=
HG02004	combined_bed_index	independently_verified_combined_bed_index	gs://fc-fd42e80c-b41e-4e60-a9cf-b7c0ade168c4/submissions/a1e9b9ce-0d67-4d42-b107-b9821f44dd60/MethylationProfiling/88ced3d6-120f-4919-abbd-2447aa5ced1d/call-CpgPileup/HG02004.combined.bed.gz.tbi	1777750696198655	1676882	md5_base64	WvOuKq49nkvhkjg6Axl8Ng==	2026-05-02T19:38:16.202Z	2026-06-03T15:28:25.705Z	gs://fc-fd42e80c-b41e-4e60-a9cf-b7c0ade168c4/submissions/a1e9b9ce-0d67-4d42-b107-b9821f44dd60/MethylationProfiling/88ced3d6-120f-4919-abbd-2447aa5ced1d/call-CpgPileup/HG02004.combined.bed.gz.tbi?generation=1777750696198655	3	cApY+g==	WvOuKq49nkvhkjg6Axl8Ng==	CP+D/LWtm5QDEAM=
HG02004	hap1_bed	cpg_hap1_bed	gs://fc-fd42e80c-b41e-4e60-a9cf-b7c0ade168c4/submissions/a1e9b9ce-0d67-4d42-b107-b9821f44dd60/MethylationProfiling/88ced3d6-120f-4919-abbd-2447aa5ced1d/call-CpgPileup/HG02004.hap1.bed.gz	1777750721180956	240286095	md5_base64	jfO4Nh/CSYMFJ5I1s5VG/Q==	2026-05-02T19:38:41.185Z	2026-06-03T14:41:56.630Z	gs://fc-fd42e80c-b41e-4e60-a9cf-b7c0ade168c4/submissions/a1e9b9ce-0d67-4d42-b107-b9821f44dd60/MethylationProfiling/88ced3d6-120f-4919-abbd-2447aa5ced1d/call-CpgPileup/HG02004.hap1.bed.gz?generation=1777750721180956	3	IC4HQw==	jfO4Nh/CSYMFJ5I1s5VG/Q==	CJzq8MGtm5QDEAM=
HG02004	hap1_bed_index	cpg_hap1_bed_idx	gs://fc-fd42e80c-b41e-4e60-a9cf-b7c0ade168c4/submissions/a1e9b9ce-0d67-4d42-b107-b9821f44dd60/MethylationProfiling/88ced3d6-120f-4919-abbd-2447aa5ced1d/call-CpgPileup/HG02004.hap1.bed.gz.tbi	1777750699964840	1564783	md5_base64	B1xMJpR9G7uMuqjdnjBD1g==	2026-05-02T19:38:19.968Z	2026-06-03T15:52:56.606Z	gs://fc-fd42e80c-b41e-4e60-a9cf-b7c0ade168c4/submissions/a1e9b9ce-0d67-4d42-b107-b9821f44dd60/MethylationProfiling/88ced3d6-120f-4919-abbd-2447aa5ced1d/call-CpgPileup/HG02004.hap1.bed.gz.tbi?generation=1777750699964840	3	BgKS3w==	B1xMJpR9G7uMuqjdnjBD1g==	CKjz4betm5QDEAM=
HG02004	hap2_bed	cpg_hap2_bed	gs://fc-fd42e80c-b41e-4e60-a9cf-b7c0ade168c4/submissions/a1e9b9ce-0d67-4d42-b107-b9821f44dd60/MethylationProfiling/88ced3d6-120f-4919-abbd-2447aa5ced1d/call-CpgPileup/HG02004.hap2.bed.gz	1777750711209239	239259634	md5_base64	7metD8tnKXy55+BhDSNyQQ==	2026-05-02T19:38:31.212Z	2026-06-02T20:12:38.837Z	gs://fc-fd42e80c-b41e-4e60-a9cf-b7c0ade168c4/submissions/a1e9b9ce-0d67-4d42-b107-b9821f44dd60/MethylationProfiling/88ced3d6-120f-4919-abbd-2447aa5ced1d/call-CpgPileup/HG02004.hap2.bed.gz?generation=1777750711209239	2	5tezPw==	7metD8tnKXy55+BhDSNyQQ==	CJeakL2tm5QDEAI=
HG02004	hap2_bed_index	cpg_hap2_bed_idx	gs://fc-fd42e80c-b41e-4e60-a9cf-b7c0ade168c4/submissions/a1e9b9ce-0d67-4d42-b107-b9821f44dd60/MethylationProfiling/88ced3d6-120f-4919-abbd-2447aa5ced1d/call-CpgPileup/HG02004.hap2.bed.gz.tbi	1777750698093656	1555840	md5_base64	ByIuczJqzgGgvU72Frnz/w==	2026-05-02T19:38:18.097Z	2026-06-03T15:52:00.488Z	gs://fc-fd42e80c-b41e-4e60-a9cf-b7c0ade168c4/submissions/a1e9b9ce-0d67-4d42-b107-b9821f44dd60/MethylationProfiling/88ced3d6-120f-4919-abbd-2447aa5ced1d/call-CpgPileup/HG02004.hap2.bed.gz.tbi?generation=1777750698093656	3	jvFV/Q==	ByIuczJqzgGgvU72Frnz/w==	CNjY77atm5QDEAM=
HG02015	combined_bed	cpg_combined_bed	gs://fc-fd42e80c-b41e-4e60-a9cf-b7c0ade168c4/submissions/a1e9b9ce-0d67-4d42-b107-b9821f44dd60/MethylationProfiling/18366a3a-29ee-4a90-95e1-9254dba43866/call-CpgPileup/HG02015.combined.bed.gz	1777751642535823	358741220	md5_base64	rcZBVS6Y/1PqOQKwFbOTmA==	2026-05-02T19:54:02.543Z	2026-06-02T19:48:57.253Z	gs://fc-fd42e80c-b41e-4e60-a9cf-b7c0ade168c4/submissions/a1e9b9ce-0d67-4d42-b107-b9821f44dd60/MethylationProfiling/18366a3a-29ee-4a90-95e1-9254dba43866/call-CpgPileup/HG02015.combined.bed.gz?generation=1777751642535823	2	4QA8mA==	rcZBVS6Y/1PqOQKwFbOTmA==	CI/vm/mwm5QDEAI=
HG02015	combined_bed_index	independently_verified_combined_bed_index	gs://fc-fd42e80c-b41e-4e60-a9cf-b7c0ade168c4/submissions/a1e9b9ce-0d67-4d42-b107-b9821f44dd60/MethylationProfiling/18366a3a-29ee-4a90-95e1-9254dba43866/call-CpgPileup/HG02015.combined.bed.gz.tbi	1777751627468190	1694588	md5_base64	1I3uP613H6uL4Lhg4y31QQ==	2026-05-02T19:53:47.471Z	2026-06-02T20:21:14.058Z	gs://fc-fd42e80c-b41e-4e60-a9cf-b7c0ade168c4/submissions/a1e9b9ce-0d67-4d42-b107-b9821f44dd60/MethylationProfiling/18366a3a-29ee-4a90-95e1-9254dba43866/call-CpgPileup/HG02015.combined.bed.gz.tbi?generation=1777751627468190	2	Y6aqGw==	1I3uP613H6uL4Lhg4y31QQ==	CJ6bhPKwm5QDEAI=
HG02015	hap1_bed	cpg_hap1_bed	gs://fc-fd42e80c-b41e-4e60-a9cf-b7c0ade168c4/submissions/a1e9b9ce-0d67-4d42-b107-b9821f44dd60/MethylationProfiling/18366a3a-29ee-4a90-95e1-9254dba43866/call-CpgPileup/HG02015.hap1.bed.gz	1777751633785353	299637104	md5_base64	dh/RowJUYaFIpwgGGjyrrg==	2026-05-02T19:53:53.790Z	2026-06-03T15:01:56.290Z	gs://fc-fd42e80c-b41e-4e60-a9cf-b7c0ade168c4/submissions/a1e9b9ce-0d67-4d42-b107-b9821f44dd60/MethylationProfiling/18366a3a-29ee-4a90-95e1-9254dba43866/call-CpgPileup/HG02015.hap1.bed.gz?generation=1777751633785353	3	OHOSeA==	dh/RowJUYaFIpwgGGjyrrg==	CInkhfWwm5QDEAM=
HG02015	hap1_bed_index	cpg_hap1_bed_idx	gs://fc-fd42e80c-b41e-4e60-a9cf-b7c0ade168c4/submissions/a1e9b9ce-0d67-4d42-b107-b9821f44dd60/MethylationProfiling/18366a3a-29ee-4a90-95e1-9254dba43866/call-CpgPileup/HG02015.hap1.bed.gz.tbi	1777751635676105	1566200	md5_base64	6tZnsPvGnR++Lyb2C+iJDQ==	2026-05-02T19:53:55.679Z	2026-06-02T19:45:04.854Z	gs://fc-fd42e80c-b41e-4e60-a9cf-b7c0ade168c4/submissions/a1e9b9ce-0d67-4d42-b107-b9821f44dd60/MethylationProfiling/18366a3a-29ee-4a90-95e1-9254dba43866/call-CpgPileup/HG02015.hap1.bed.gz.tbi?generation=1777751635676105	2	icvy2A==	6tZnsPvGnR++Lyb2C+iJDQ==	CMmX+fWwm5QDEAI=
HG02015	hap2_bed	cpg_hap2_bed	gs://fc-fd42e80c-b41e-4e60-a9cf-b7c0ade168c4/submissions/a1e9b9ce-0d67-4d42-b107-b9821f44dd60/MethylationProfiling/18366a3a-29ee-4a90-95e1-9254dba43866/call-CpgPileup/HG02015.hap2.bed.gz	1777751649921550	298901673	md5_base64	Cho/zwHD0vJJP2GG3dv3YA==	2026-05-02T19:54:09.926Z	2026-06-02T20:14:40.037Z	gs://fc-fd42e80c-b41e-4e60-a9cf-b7c0ade168c4/submissions/a1e9b9ce-0d67-4d42-b107-b9821f44dd60/MethylationProfiling/18366a3a-29ee-4a90-95e1-9254dba43866/call-CpgPileup/HG02015.hap2.bed.gz?generation=1777751649921550	2	esxlKg==	Cho/zwHD0vJJP2GG3dv3YA==	CI7U3vywm5QDEAI=
HG02015	hap2_bed_index	cpg_hap2_bed_idx	gs://fc-fd42e80c-b41e-4e60-a9cf-b7c0ade168c4/submissions/a1e9b9ce-0d67-4d42-b107-b9821f44dd60/MethylationProfiling/18366a3a-29ee-4a90-95e1-9254dba43866/call-CpgPileup/HG02015.hap2.bed.gz.tbi	1777751637724940	1564792	md5_base64	ekXo0LtdzfQn5u7uKK1cTQ==	2026-05-02T19:53:57.728Z	2026-06-02T20:35:13.233Z	gs://fc-fd42e80c-b41e-4e60-a9cf-b7c0ade168c4/submissions/a1e9b9ce-0d67-4d42-b107-b9821f44dd60/MethylationProfiling/18366a3a-29ee-4a90-95e1-9254dba43866/call-CpgPileup/HG02015.hap2.bed.gz.tbi?generation=1777751637724940	2	grRqRw==	ekXo0LtdzfQn5u7uKK1cTQ==	CIye9vawm5QDEAI=
HG02027	combined_bed	cpg_combined_bed	gs://fc-fd42e80c-b41e-4e60-a9cf-b7c0ade168c4/submissions/a1e9b9ce-0d67-4d42-b107-b9821f44dd60/MethylationProfiling/171654b5-d6af-4770-a858-7b3fb3ac11b8/call-CpgPileup/HG02027.combined.bed.gz	1777751298055371	286417613	md5_base64	TsT66hhUMJcFG+Msx3za4g==	2026-05-02T19:48:18.060Z	2026-06-03T15:03:11.441Z	gs://fc-fd42e80c-b41e-4e60-a9cf-b7c0ade168c4/submissions/a1e9b9ce-0d67-4d42-b107-b9821f44dd60/MethylationProfiling/171654b5-d6af-4770-a858-7b3fb3ac11b8/call-CpgPileup/HG02027.combined.bed.gz?generation=1777751298055371	3	wWuOYQ==	TsT66hhUMJcFG+Msx3za4g==	CMu5+tSvm5QDEAM=
HG02027	combined_bed_index	independently_verified_combined_bed_index	gs://fc-fd42e80c-b41e-4e60-a9cf-b7c0ade168c4/submissions/a1e9b9ce-0d67-4d42-b107-b9821f44dd60/MethylationProfiling/171654b5-d6af-4770-a858-7b3fb3ac11b8/call-CpgPileup/HG02027.combined.bed.gz.tbi	1777751300012086	1683222	md5_base64	gt03W4u+hwISPOnxB/D7qw==	2026-05-02T19:48:20.017Z	2026-06-03T15:24:57.952Z	gs://fc-fd42e80c-b41e-4e60-a9cf-b7c0ade168c4/submissions/a1e9b9ce-0d67-4d42-b107-b9821f44dd60/MethylationProfiling/171654b5-d6af-4770-a858-7b3fb3ac11b8/call-CpgPileup/HG02027.combined.bed.gz.tbi?generation=1777751300012086	3	M5X+tQ==	gt03W4u+hwISPOnxB/D7qw==	CLbw8dWvm5QDEAM=
HG02027	hap1_bed	cpg_hap1_bed	gs://fc-fd42e80c-b41e-4e60-a9cf-b7c0ade168c4/submissions/a1e9b9ce-0d67-4d42-b107-b9821f44dd60/MethylationProfiling/171654b5-d6af-4770-a858-7b3fb3ac11b8/call-CpgPileup/HG02027.hap1.bed.gz	1777751291252409	211346288	md5_base64	iCQc+pvbdzk7DCkTflc9og==	2026-05-02T19:48:11.257Z	2026-06-02T20:26:52.093Z	gs://fc-fd42e80c-b41e-4e60-a9cf-b7c0ade168c4/submissions/a1e9b9ce-0d67-4d42-b107-b9821f44dd60/MethylationProfiling/171654b5-d6af-4770-a858-7b3fb3ac11b8/call-CpgPileup/HG02027.hap1.bed.gz?generation=1777751291252409	2	WOT3Ng==	iCQc+pvbdzk7DCkTflc9og==	CLmd29Gvm5QDEAI=
HG02027	hap1_bed_index	cpg_hap1_bed_idx	gs://fc-fd42e80c-b41e-4e60-a9cf-b7c0ade168c4/submissions/a1e9b9ce-0d67-4d42-b107-b9821f44dd60/MethylationProfiling/171654b5-d6af-4770-a858-7b3fb3ac11b8/call-CpgPileup/HG02027.hap1.bed.gz.tbi	1777751285704660	1502049	md5_base64	IhoeWllIC1z/QCivY33kfg==	2026-05-02T19:48:05.708Z	2026-06-03T14:29:04.452Z	gs://fc-fd42e80c-b41e-4e60-a9cf-b7c0ade168c4/submissions/a1e9b9ce-0d67-4d42-b107-b9821f44dd60/MethylationProfiling/171654b5-d6af-4770-a858-7b3fb3ac11b8/call-CpgPileup/HG02027.hap1.bed.gz.tbi?generation=1777751285704660	3	qbQAtg==	IhoeWllIC1z/QCivY33kfg==	CNTPiM+vm5QDEAM=
HG02027	hap2_bed	cpg_hap2_bed	gs://fc-fd42e80c-b41e-4e60-a9cf-b7c0ade168c4/submissions/a1e9b9ce-0d67-4d42-b107-b9821f44dd60/MethylationProfiling/171654b5-d6af-4770-a858-7b3fb3ac11b8/call-CpgPileup/HG02027.hap2.bed.gz	1777751304929573	211042580	md5_base64	+4kTzulhWpLb0pEfApxnfQ==	2026-05-02T19:48:24.933Z	2026-06-03T15:20:58.498Z	gs://fc-fd42e80c-b41e-4e60-a9cf-b7c0ade168c4/submissions/a1e9b9ce-0d67-4d42-b107-b9821f44dd60/MethylationProfiling/171654b5-d6af-4770-a858-7b3fb3ac11b8/call-CpgPileup/HG02027.hap2.bed.gz?generation=1777751304929573	3	Ny2A6w==	+4kTzulhWpLb0pEfApxnfQ==	CKWCntivm5QDEAM=
HG02027	hap2_bed_index	cpg_hap2_bed_idx	gs://fc-fd42e80c-b41e-4e60-a9cf-b7c0ade168c4/submissions/a1e9b9ce-0d67-4d42-b107-b9821f44dd60/MethylationProfiling/171654b5-d6af-4770-a858-7b3fb3ac11b8/call-CpgPileup/HG02027.hap2.bed.gz.tbi	1777751293283827	1500481	md5_base64	Fsg23tYkANpwyoA5M9eeFA==	2026-05-02T19:48:13.289Z	2026-06-03T14:47:58.512Z	gs://fc-fd42e80c-b41e-4e60-a9cf-b7c0ade168c4/submissions/a1e9b9ce-0d67-4d42-b107-b9821f44dd60/MethylationProfiling/171654b5-d6af-4770-a858-7b3fb3ac11b8/call-CpgPileup/HG02027.hap2.bed.gz.tbi?generation=1777751293283827	3	20yrvQ==	Fsg23tYkANpwyoA5M9eeFA==	CPOb19Kvm5QDEAM=
HG02040	combined_bed	cpg_combined_bed	gs://fc-fd42e80c-b41e-4e60-a9cf-b7c0ade168c4/submissions/a1e9b9ce-0d67-4d42-b107-b9821f44dd60/MethylationProfiling/a931cf4e-659d-4663-8b11-6ed2b16f1ab7/call-CpgPileup/HG02040.combined.bed.gz	1777749560871257	329337028	md5_base64	YF9LvgPR/GDKH9U+CoOkJw==	2026-05-02T19:19:20.875Z	2026-06-02T20:15:14.071Z	gs://fc-fd42e80c-b41e-4e60-a9cf-b7c0ade168c4/submissions/a1e9b9ce-0d67-4d42-b107-b9821f44dd60/MethylationProfiling/a931cf4e-659d-4663-8b11-6ed2b16f1ab7/call-CpgPileup/HG02040.combined.bed.gz?generation=1777749560871257	2	AKTl4g==	YF9LvgPR/GDKH9U+CoOkJw==	CNmSzZipm5QDEAI=
HG02040	combined_bed_index	independently_verified_combined_bed_index	gs://fc-fd42e80c-b41e-4e60-a9cf-b7c0ade168c4/submissions/a1e9b9ce-0d67-4d42-b107-b9821f44dd60/MethylationProfiling/a931cf4e-659d-4663-8b11-6ed2b16f1ab7/call-CpgPileup/HG02040.combined.bed.gz.tbi	1777749572418000	1693110	md5_base64	/I8fmZQdFsPwsp1YXztNaA==	2026-05-02T19:19:32.421Z	2026-06-03T15:33:09.108Z	gs://fc-fd42e80c-b41e-4e60-a9cf-b7c0ade168c4/submissions/a1e9b9ce-0d67-4d42-b107-b9821f44dd60/MethylationProfiling/a931cf4e-659d-4663-8b11-6ed2b16f1ab7/call-CpgPileup/HG02040.combined.bed.gz.tbi?generation=1777749572418000	3	aq1MZg==	/I8fmZQdFsPwsp1YXztNaA==	CNDzjZ6pm5QDEAM=
HG02040	hap1_bed	cpg_hap1_bed	gs://fc-fd42e80c-b41e-4e60-a9cf-b7c0ade168c4/submissions/a1e9b9ce-0d67-4d42-b107-b9821f44dd60/MethylationProfiling/a931cf4e-659d-4663-8b11-6ed2b16f1ab7/call-CpgPileup/HG02040.hap1.bed.gz	1777749570447697	275395480	md5_base64	2rLfyV/l595LdmQ6jShejA==	2026-05-02T19:19:30.452Z	2026-06-02T20:11:47.384Z	gs://fc-fd42e80c-b41e-4e60-a9cf-b7c0ade168c4/submissions/a1e9b9ce-0d67-4d42-b107-b9821f44dd60/MethylationProfiling/a931cf4e-659d-4663-8b11-6ed2b16f1ab7/call-CpgPileup/HG02040.hap1.bed.gz?generation=1777749570447697	2	kvDviw==	2rLfyV/l595LdmQ6jShejA==	CNHSlZ2pm5QDEAI=
HG02040	hap1_bed_index	cpg_hap1_bed_idx	gs://fc-fd42e80c-b41e-4e60-a9cf-b7c0ade168c4/submissions/a1e9b9ce-0d67-4d42-b107-b9821f44dd60/MethylationProfiling/a931cf4e-659d-4663-8b11-6ed2b16f1ab7/call-CpgPileup/HG02040.hap1.bed.gz.tbi	1777749562850068	1565029	md5_base64	Oulu4e2GAnGip848c49x/g==	2026-05-02T19:19:22.853Z	2026-06-03T15:32:00.687Z	gs://fc-fd42e80c-b41e-4e60-a9cf-b7c0ade168c4/submissions/a1e9b9ce-0d67-4d42-b107-b9821f44dd60/MethylationProfiling/a931cf4e-659d-4663-8b11-6ed2b16f1ab7/call-CpgPileup/HG02040.hap1.bed.gz.tbi?generation=1777749562850068	3	J29xiQ==	Oulu4e2GAnGip848c49x/g==	CJT2xZmpm5QDEAM=
HG02040	hap2_bed	cpg_hap2_bed	gs://fc-fd42e80c-b41e-4e60-a9cf-b7c0ade168c4/submissions/a1e9b9ce-0d67-4d42-b107-b9821f44dd60/MethylationProfiling/a931cf4e-659d-4663-8b11-6ed2b16f1ab7/call-CpgPileup/HG02040.hap2.bed.gz	1777749583475318	275093213	md5_base64	8xX1ZV5BMzIqLMohRPTjcg==	2026-05-02T19:19:43.479Z	2026-06-03T15:17:34.886Z	gs://fc-fd42e80c-b41e-4e60-a9cf-b7c0ade168c4/submissions/a1e9b9ce-0d67-4d42-b107-b9821f44dd60/MethylationProfiling/a931cf4e-659d-4663-8b11-6ed2b16f1ab7/call-CpgPileup/HG02040.hap2.bed.gz?generation=1777749583475318	3	ZH3Abg==	8xX1ZV5BMzIqLMohRPTjcg==	CPbksKOpm5QDEAM=
HG02040	hap2_bed_index	cpg_hap2_bed_idx	gs://fc-fd42e80c-b41e-4e60-a9cf-b7c0ade168c4/submissions/a1e9b9ce-0d67-4d42-b107-b9821f44dd60/MethylationProfiling/a931cf4e-659d-4663-8b11-6ed2b16f1ab7/call-CpgPileup/HG02040.hap2.bed.gz.tbi	1777749574427595	1564552	md5_base64	Wjcx+ntK00JAVohTr7S82A==	2026-05-02T19:19:34.430Z	2026-06-02T20:36:03.310Z	gs://fc-fd42e80c-b41e-4e60-a9cf-b7c0ade168c4/submissions/a1e9b9ce-0d67-4d42-b107-b9821f44dd60/MethylationProfiling/a931cf4e-659d-4663-8b11-6ed2b16f1ab7/call-CpgPileup/HG02040.hap2.bed.gz.tbi?generation=1777749574427595	2	mDGPzw==	Wjcx+ntK00JAVohTr7S82A==	CMvHiJ+pm5QDEAI=
HG02055	combined_bed	cpg_combined_bed	gs://fc-fd42e80c-b41e-4e60-a9cf-b7c0ade168c4/submissions/a1e9b9ce-0d67-4d42-b107-b9821f44dd60/MethylationProfiling/5119efa7-4713-4e14-be44-8169e2986c87/call-CpgPileup/HG02055.combined.bed.gz	1777746619858567	318227348	md5_base64	M1F2iCs5G3wrzHa/2jEiKQ==	2026-05-02T18:30:19.863Z	2026-06-03T16:00:37.779Z	gs://fc-fd42e80c-b41e-4e60-a9cf-b7c0ade168c4/submissions/a1e9b9ce-0d67-4d42-b107-b9821f44dd60/MethylationProfiling/5119efa7-4713-4e14-be44-8169e2986c87/call-CpgPileup/HG02055.combined.bed.gz?generation=1777746619858567	3	gn2ARQ==	M1F2iCs5G3wrzHa/2jEiKQ==	CIf9m56em5QDEAM=
HG02055	combined_bed_index	independently_verified_combined_bed_index	gs://fc-fd42e80c-b41e-4e60-a9cf-b7c0ade168c4/submissions/a1e9b9ce-0d67-4d42-b107-b9821f44dd60/MethylationProfiling/5119efa7-4713-4e14-be44-8169e2986c87/call-CpgPileup/HG02055.combined.bed.gz.tbi	1777746600254587	1690178	md5_base64	HBKrXBvcgDKl7Cq+NWjqhw==	2026-05-02T18:30:00.258Z	2026-06-03T15:40:02.969Z	gs://fc-fd42e80c-b41e-4e60-a9cf-b7c0ade168c4/submissions/a1e9b9ce-0d67-4d42-b107-b9821f44dd60/MethylationProfiling/5119efa7-4713-4e14-be44-8169e2986c87/call-CpgPileup/HG02055.combined.bed.gz.tbi?generation=1777746600254587	3	8s8ucg==	HBKrXBvcgDKl7Cq+NWjqhw==	CPu475Sem5QDEAM=
HG02055	hap1_bed	cpg_hap1_bed	gs://fc-fd42e80c-b41e-4e60-a9cf-b7c0ade168c4/submissions/a1e9b9ce-0d67-4d42-b107-b9821f44dd60/MethylationProfiling/5119efa7-4713-4e14-be44-8169e2986c87/call-CpgPileup/HG02055.hap1.bed.gz	1777746608983994	270792771	md5_base64	QBfRu857VWMHTo7DWbVZyg==	2026-05-02T18:30:08.987Z	2026-06-03T15:20:42.854Z	gs://fc-fd42e80c-b41e-4e60-a9cf-b7c0ade168c4/submissions/a1e9b9ce-0d67-4d42-b107-b9821f44dd60/MethylationProfiling/5119efa7-4713-4e14-be44-8169e2986c87/call-CpgPileup/HG02055.hap1.bed.gz?generation=1777746608983994	3	8gEcvw==	QBfRu857VWMHTo7DWbVZyg==	CLqfhJmem5QDEAM=
HG02055	hap1_bed_index	cpg_hap1_bed_idx	gs://fc-fd42e80c-b41e-4e60-a9cf-b7c0ade168c4/submissions/a1e9b9ce-0d67-4d42-b107-b9821f44dd60/MethylationProfiling/5119efa7-4713-4e14-be44-8169e2986c87/call-CpgPileup/HG02055.hap1.bed.gz.tbi	1777746610852273	1572036	md5_base64	s1xaOgKfaYxqwGB1XwgLow==	2026-05-02T18:30:10.855Z	2026-06-03T14:50:58.123Z	gs://fc-fd42e80c-b41e-4e60-a9cf-b7c0ade168c4/submissions/a1e9b9ce-0d67-4d42-b107-b9821f44dd60/MethylationProfiling/5119efa7-4713-4e14-be44-8169e2986c87/call-CpgPileup/HG02055.hap1.bed.gz.tbi?generation=1777746610852273	3	/f226w==	s1xaOgKfaYxqwGB1XwgLow==	CLGj9pmem5QDEAM=
HG02055	hap2_bed	cpg_hap2_bed	gs://fc-fd42e80c-b41e-4e60-a9cf-b7c0ade168c4/submissions/a1e9b9ce-0d67-4d42-b107-b9821f44dd60/MethylationProfiling/5119efa7-4713-4e14-be44-8169e2986c87/call-CpgPileup/HG02055.hap2.bed.gz	1777746598327412	270870474	md5_base64	icVRNic1r/5CST/Q7bN99w==	2026-05-02T18:29:58.330Z	2026-06-03T15:21:57.039Z	gs://fc-fd42e80c-b41e-4e60-a9cf-b7c0ade168c4/submissions/a1e9b9ce-0d67-4d42-b107-b9821f44dd60/MethylationProfiling/5119efa7-4713-4e14-be44-8169e2986c87/call-CpgPileup/HG02055.hap2.bed.gz?generation=1777746598327412	3	WRdQXw==	icVRNic1r/5CST/Q7bN99w==	CPTo+ZOem5QDEAM=
HG02055	hap2_bed_index	cpg_hap2_bed_idx	gs://fc-fd42e80c-b41e-4e60-a9cf-b7c0ade168c4/submissions/a1e9b9ce-0d67-4d42-b107-b9821f44dd60/MethylationProfiling/5119efa7-4713-4e14-be44-8169e2986c87/call-CpgPileup/HG02055.hap2.bed.gz.tbi	1777746621740853	1572218	md5_base64	IFi3SiCIMyC4JkCR/zMgyg==	2026-05-02T18:30:21.743Z	2026-06-02T20:06:29.100Z	gs://fc-fd42e80c-b41e-4e60-a9cf-b7c0ade168c4/submissions/a1e9b9ce-0d67-4d42-b107-b9821f44dd60/MethylationProfiling/5119efa7-4713-4e14-be44-8169e2986c87/call-CpgPileup/HG02055.hap2.bed.gz.tbi?generation=1777746621740853	2	pDm1tA==	IFi3SiCIMyC4JkCR/zMgyg==	CLXujp+em5QDEAI=
HG02056	combined_bed	cpg_combined_bed	gs://fc-fd42e80c-b41e-4e60-a9cf-b7c0ade168c4/submissions/a1e9b9ce-0d67-4d42-b107-b9821f44dd60/MethylationProfiling/e9d2e4e9-49c5-4aa8-925e-9abe9ba538ff/call-CpgPileup/HG02056.combined.bed.gz	1777750220942278	360358995	md5_base64	EOga/L2MP6uNbXLCI2TrkQ==	2026-05-02T19:30:20.946Z	2026-06-03T15:24:21.163Z	gs://fc-fd42e80c-b41e-4e60-a9cf-b7c0ade168c4/submissions/a1e9b9ce-0d67-4d42-b107-b9821f44dd60/MethylationProfiling/e9d2e4e9-49c5-4aa8-925e-9abe9ba538ff/call-CpgPileup/HG02056.combined.bed.gz?generation=1777750220942278	3	Fiyvng==	EOga/L2MP6uNbXLCI2TrkQ==	CMbXrNOrm5QDEAM=
HG02056	combined_bed_index	independently_verified_combined_bed_index	gs://fc-fd42e80c-b41e-4e60-a9cf-b7c0ade168c4/submissions/a1e9b9ce-0d67-4d42-b107-b9821f44dd60/MethylationProfiling/e9d2e4e9-49c5-4aa8-925e-9abe9ba538ff/call-CpgPileup/HG02056.combined.bed.gz.tbi	1777750210884675	1694742	md5_base64	Q8AJoOrMawZnt/cHxVHLSg==	2026-05-02T19:30:10.889Z	2026-06-03T15:06:58.507Z	gs://fc-fd42e80c-b41e-4e60-a9cf-b7c0ade168c4/submissions/a1e9b9ce-0d67-4d42-b107-b9821f44dd60/MethylationProfiling/e9d2e4e9-49c5-4aa8-925e-9abe9ba538ff/call-CpgPileup/HG02056.combined.bed.gz.tbi?generation=1777750210884675	3	Xpb5ZQ==	Q8AJoOrMawZnt/cHxVHLSg==	CMPoxs6rm5QDEAM=
HG02056	hap1_bed	cpg_hap1_bed	gs://fc-fd42e80c-b41e-4e60-a9cf-b7c0ade168c4/submissions/a1e9b9ce-0d67-4d42-b107-b9821f44dd60/MethylationProfiling/e9d2e4e9-49c5-4aa8-925e-9abe9ba538ff/call-CpgPileup/HG02056.hap1.bed.gz	1777750206972190	301501660	md5_base64	GuCJn4IAarwCH4Q4SA1G0g==	2026-05-02T19:30:06.976Z	2026-06-03T16:01:03.139Z	gs://fc-fd42e80c-b41e-4e60-a9cf-b7c0ade168c4/submissions/a1e9b9ce-0d67-4d42-b107-b9821f44dd60/MethylationProfiling/e9d2e4e9-49c5-4aa8-925e-9abe9ba538ff/call-CpgPileup/HG02056.hap1.bed.gz?generation=1777750206972190	3	9ugJJg==	GuCJn4IAarwCH4Q4SA1G0g==	CJ6C2Myrm5QDEAM=
HG02056	hap1_bed_index	cpg_hap1_bed_idx	gs://fc-fd42e80c-b41e-4e60-a9cf-b7c0ade168c4/submissions/a1e9b9ce-0d67-4d42-b107-b9821f44dd60/MethylationProfiling/e9d2e4e9-49c5-4aa8-925e-9abe9ba538ff/call-CpgPileup/HG02056.hap1.bed.gz.tbi	1777750198912866	1564126	md5_base64	9ToX0jGXHIey6yayhEYD3g==	2026-05-02T19:29:58.917Z	2026-06-03T15:44:16.263Z	gs://fc-fd42e80c-b41e-4e60-a9cf-b7c0ade168c4/submissions/a1e9b9ce-0d67-4d42-b107-b9821f44dd60/MethylationProfiling/e9d2e4e9-49c5-4aa8-925e-9abe9ba538ff/call-CpgPileup/HG02056.hap1.bed.gz.tbi?generation=1777750198912866	3	K4cyJw==	9ToX0jGXHIey6yayhEYD3g==	COKO7Mirm5QDEAM=
HG02056	hap2_bed	cpg_hap2_bed	gs://fc-fd42e80c-b41e-4e60-a9cf-b7c0ade168c4/submissions/a1e9b9ce-0d67-4d42-b107-b9821f44dd60/MethylationProfiling/e9d2e4e9-49c5-4aa8-925e-9abe9ba538ff/call-CpgPileup/HG02056.hap2.bed.gz	1777750229082051	301132058	md5_base64	KvIuPmbm5WWu5dkFbrqTDg==	2026-05-02T19:30:29.086Z	2026-06-03T14:51:06.525Z	gs://fc-fd42e80c-b41e-4e60-a9cf-b7c0ade168c4/submissions/a1e9b9ce-0d67-4d42-b107-b9821f44dd60/MethylationProfiling/e9d2e4e9-49c5-4aa8-925e-9abe9ba538ff/call-CpgPileup/HG02056.hap2.bed.gz?generation=1777750229082051	3	gK6WAA==	KvIuPmbm5WWu5dkFbrqTDg==	CMO/nderm5QDEAM=
HG02056	hap2_bed_index	cpg_hap2_bed_idx	gs://fc-fd42e80c-b41e-4e60-a9cf-b7c0ade168c4/submissions/a1e9b9ce-0d67-4d42-b107-b9821f44dd60/MethylationProfiling/e9d2e4e9-49c5-4aa8-925e-9abe9ba538ff/call-CpgPileup/HG02056.hap2.bed.gz.tbi	1777750208950436	1563620	md5_base64	0vnhCzLwhitevdYUv5vx0A==	2026-05-02T19:30:08.957Z	2026-06-03T15:52:56.606Z	gs://fc-fd42e80c-b41e-4e60-a9cf-b7c0ade168c4/submissions/a1e9b9ce-0d67-4d42-b107-b9821f44dd60/MethylationProfiling/e9d2e4e9-49c5-4aa8-925e-9abe9ba538ff/call-CpgPileup/HG02056.hap2.bed.gz.tbi?generation=1777750208950436	3	Rlfgrg==	0vnhCzLwhitevdYUv5vx0A==	CKTh0M2rm5QDEAM=
HG02071	combined_bed	cpg_combined_bed	gs://fc-fd42e80c-b41e-4e60-a9cf-b7c0ade168c4/submissions/a1e9b9ce-0d67-4d42-b107-b9821f44dd60/MethylationProfiling/2cc61ef6-733f-4df9-bbd0-01f5582bf2b4/call-CpgPileup/HG02071.combined.bed.gz	1777749855870107	299922879	md5_base64	bM1oFQ4VKQlz0D2cEzXuZA==	2026-05-02T19:24:15.875Z	2026-06-02T20:35:02.213Z	gs://fc-fd42e80c-b41e-4e60-a9cf-b7c0ade168c4/submissions/a1e9b9ce-0d67-4d42-b107-b9821f44dd60/MethylationProfiling/2cc61ef6-733f-4df9-bbd0-01f5582bf2b4/call-CpgPileup/HG02071.combined.bed.gz?generation=1777749855870107	2	8C1xlw==	bM1oFQ4VKQlz0D2cEzXuZA==	CJu5oqWqm5QDEAI=
HG02071	combined_bed_index	independently_verified_combined_bed_index	gs://fc-fd42e80c-b41e-4e60-a9cf-b7c0ade168c4/submissions/a1e9b9ce-0d67-4d42-b107-b9821f44dd60/MethylationProfiling/2cc61ef6-733f-4df9-bbd0-01f5582bf2b4/call-CpgPileup/HG02071.combined.bed.gz.tbi	1777749860043807	1688105	md5_base64	DR7jHhoYmcotOPXsuJ1cjw==	2026-05-02T19:24:20.050Z	2026-06-03T15:34:00.160Z	gs://fc-fd42e80c-b41e-4e60-a9cf-b7c0ade168c4/submissions/a1e9b9ce-0d67-4d42-b107-b9821f44dd60/MethylationProfiling/2cc61ef6-733f-4df9-bbd0-01f5582bf2b4/call-CpgPileup/HG02071.combined.bed.gz.tbi?generation=1777749860043807	3	hpWCKg==	DR7jHhoYmcotOPXsuJ1cjw==	CJ+Yoaeqm5QDEAM=
HG02071	hap1_bed	cpg_hap1_bed	gs://fc-fd42e80c-b41e-4e60-a9cf-b7c0ade168c4/submissions/a1e9b9ce-0d67-4d42-b107-b9821f44dd60/MethylationProfiling/2cc61ef6-733f-4df9-bbd0-01f5582bf2b4/call-CpgPileup/HG02071.hap1.bed.gz	1777749848662063	243465593	md5_base64	CL2/GF7bm1OJGw0lU3ISig==	2026-05-02T19:24:08.678Z	2026-06-03T16:04:39.241Z	gs://fc-fd42e80c-b41e-4e60-a9cf-b7c0ade168c4/submissions/a1e9b9ce-0d67-4d42-b107-b9821f44dd60/MethylationProfiling/2cc61ef6-733f-4df9-bbd0-01f5582bf2b4/call-CpgPileup/HG02071.hap1.bed.gz?generation=1777749848662063	3	HXu9Ww==	CL2/GF7bm1OJGw0lU3ISig==	CK/A6qGqm5QDEAM=
HG02071	hap1_bed_index	cpg_hap1_bed_idx	gs://fc-fd42e80c-b41e-4e60-a9cf-b7c0ade168c4/submissions/a1e9b9ce-0d67-4d42-b107-b9821f44dd60/MethylationProfiling/2cc61ef6-733f-4df9-bbd0-01f5582bf2b4/call-CpgPileup/HG02071.hap1.bed.gz.tbi	1777749857955201	1533694	md5_base64	fLaRBJC6j4ssJxhsBH615g==	2026-05-02T19:24:17.958Z	2026-06-02T20:12:09.147Z	gs://fc-fd42e80c-b41e-4e60-a9cf-b7c0ade168c4/submissions/a1e9b9ce-0d67-4d42-b107-b9821f44dd60/MethylationProfiling/2cc61ef6-733f-4df9-bbd0-01f5582bf2b4/call-CpgPileup/HG02071.hap1.bed.gz.tbi?generation=1777749857955201	2	mbpQlg==	fLaRBJC6j4ssJxhsBH615g==	CIHboaaqm5QDEAI=
HG02071	hap2_bed	cpg_hap2_bed	gs://fc-fd42e80c-b41e-4e60-a9cf-b7c0ade168c4/submissions/a1e9b9ce-0d67-4d42-b107-b9821f44dd60/MethylationProfiling/2cc61ef6-733f-4df9-bbd0-01f5582bf2b4/call-CpgPileup/HG02071.hap2.bed.gz	1777749866337322	243269531	md5_base64	S476PMbZuDnUw6G/yacYHA==	2026-05-02T19:24:26.341Z	2026-06-03T15:30:50.012Z	gs://fc-fd42e80c-b41e-4e60-a9cf-b7c0ade168c4/submissions/a1e9b9ce-0d67-4d42-b107-b9821f44dd60/MethylationProfiling/2cc61ef6-733f-4df9-bbd0-01f5582bf2b4/call-CpgPileup/HG02071.hap2.bed.gz?generation=1777749866337322	3	L/lyKw==	S476PMbZuDnUw6G/yacYHA==	CKqooaqqm5QDEAM=
HG02071	hap2_bed_index	cpg_hap2_bed_idx	gs://fc-fd42e80c-b41e-4e60-a9cf-b7c0ade168c4/submissions/a1e9b9ce-0d67-4d42-b107-b9821f44dd60/MethylationProfiling/2cc61ef6-733f-4df9-bbd0-01f5582bf2b4/call-CpgPileup/HG02071.hap2.bed.gz.tbi	1777749868371317	1531490	md5_base64	G/S1mpt1Xuwj6IZLYn3pXg==	2026-05-02T19:24:28.376Z	2026-06-02T19:48:27.417Z	gs://fc-fd42e80c-b41e-4e60-a9cf-b7c0ade168c4/submissions/a1e9b9ce-0d67-4d42-b107-b9821f44dd60/MethylationProfiling/2cc61ef6-733f-4df9-bbd0-01f5582bf2b4/call-CpgPileup/HG02071.hap2.bed.gz.tbi?generation=1777749868371317	2	+DVPsQ==	G/S1mpt1Xuwj6IZLYn3pXg==	CPW6nauqm5QDEAI=
HG02074	combined_bed	cpg_combined_bed	gs://fc-fd42e80c-b41e-4e60-a9cf-b7c0ade168c4/submissions/a1e9b9ce-0d67-4d42-b107-b9821f44dd60/MethylationProfiling/cc244cdd-e91e-404c-b079-a0506e9093a2/call-CpgPileup/attempt-3/HG02074.combined.bed.gz	1777773579516566	315409611	md5_base64	LeNm4m6FrDQj7GiIASClIw==	2026-05-03T01:59:39.522Z	2026-06-03T14:52:56.889Z	gs://fc-fd42e80c-b41e-4e60-a9cf-b7c0ade168c4/submissions/a1e9b9ce-0d67-4d42-b107-b9821f44dd60/MethylationProfiling/cc244cdd-e91e-404c-b079-a0506e9093a2/call-CpgPileup/attempt-3/HG02074.combined.bed.gz?generation=1777773579516566	3	WpgT6w==	LeNm4m6FrDQj7GiIASClIw==	CJb1ytWCnJQDEAM=
HG02074	combined_bed_index	independently_verified_combined_bed_index	gs://fc-fd42e80c-b41e-4e60-a9cf-b7c0ade168c4/submissions/a1e9b9ce-0d67-4d42-b107-b9821f44dd60/MethylationProfiling/cc244cdd-e91e-404c-b079-a0506e9093a2/call-CpgPileup/attempt-3/HG02074.combined.bed.gz.tbi	1777773563949007	1690592	md5_base64	ulrD1sr0KTUsqraeP665eQ==	2026-05-03T01:59:23.953Z	2026-06-02T20:21:49.072Z	gs://fc-fd42e80c-b41e-4e60-a9cf-b7c0ade168c4/submissions/a1e9b9ce-0d67-4d42-b107-b9821f44dd60/MethylationProfiling/cc244cdd-e91e-404c-b079-a0506e9093a2/call-CpgPileup/attempt-3/HG02074.combined.bed.gz.tbi?generation=1777773563949007	2	NnS7Qw==	ulrD1sr0KTUsqraeP665eQ==	CM/flM6CnJQDEAI=
HG02074	hap1_bed	cpg_hap1_bed	gs://fc-fd42e80c-b41e-4e60-a9cf-b7c0ade168c4/submissions/a1e9b9ce-0d67-4d42-b107-b9821f44dd60/MethylationProfiling/cc244cdd-e91e-404c-b079-a0506e9093a2/call-CpgPileup/attempt-3/HG02074.hap1.bed.gz	1777773568702394	260935439	md5_base64	Aqe1WwE/0z1zo0xymu2FKA==	2026-05-03T01:59:28.707Z	2026-06-03T15:08:03.853Z	gs://fc-fd42e80c-b41e-4e60-a9cf-b7c0ade168c4/submissions/a1e9b9ce-0d67-4d42-b107-b9821f44dd60/MethylationProfiling/cc244cdd-e91e-404c-b079-a0506e9093a2/call-CpgPileup/attempt-3/HG02074.hap1.bed.gz?generation=1777773568702394	3	V0EoGQ==	Aqe1WwE/0z1zo0xymu2FKA==	CLrvttCCnJQDEAM=
HG02074	hap1_bed_index	cpg_hap1_bed_idx	gs://fc-fd42e80c-b41e-4e60-a9cf-b7c0ade168c4/submissions/a1e9b9ce-0d67-4d42-b107-b9821f44dd60/MethylationProfiling/cc244cdd-e91e-404c-b079-a0506e9093a2/call-CpgPileup/attempt-3/HG02074.hap1.bed.gz.tbi	1777773562282313	1549983	md5_base64	FCJGrvBBzxXq7ht0HhO6zw==	2026-05-03T01:59:22.287Z	2026-06-03T14:47:06.059Z	gs://fc-fd42e80c-b41e-4e60-a9cf-b7c0ade168c4/submissions/a1e9b9ce-0d67-4d42-b107-b9821f44dd60/MethylationProfiling/cc244cdd-e91e-404c-b079-a0506e9093a2/call-CpgPileup/attempt-3/HG02074.hap1.bed.gz.tbi?generation=1777773562282313	3	ljIThw==	FCJGrvBBzxXq7ht0HhO6zw==	CMmCr82CnJQDEAM=
HG02074	hap2_bed	cpg_hap2_bed	gs://fc-fd42e80c-b41e-4e60-a9cf-b7c0ade168c4/submissions/a1e9b9ce-0d67-4d42-b107-b9821f44dd60/MethylationProfiling/cc244cdd-e91e-404c-b079-a0506e9093a2/call-CpgPileup/attempt-3/HG02074.hap2.bed.gz	1777773573112936	260861987	md5_base64	k/TGtOIoqG2JRlt5Q6wiQQ==	2026-05-03T01:59:33.117Z	2026-06-03T15:41:57.669Z	gs://fc-fd42e80c-b41e-4e60-a9cf-b7c0ade168c4/submissions/a1e9b9ce-0d67-4d42-b107-b9821f44dd60/MethylationProfiling/cc244cdd-e91e-404c-b079-a0506e9093a2/call-CpgPileup/attempt-3/HG02074.hap2.bed.gz?generation=1777773573112936	3	Ng34qg==	k/TGtOIoqG2JRlt5Q6wiQQ==	COiIxNKCnJQDEAM=
HG02074	hap2_bed_index	cpg_hap2_bed_idx	gs://fc-fd42e80c-b41e-4e60-a9cf-b7c0ade168c4/submissions/a1e9b9ce-0d67-4d42-b107-b9821f44dd60/MethylationProfiling/cc244cdd-e91e-404c-b079-a0506e9093a2/call-CpgPileup/attempt-3/HG02074.hap2.bed.gz.tbi	1777773574763889	1549590	md5_base64	qHMK77B5S1O3X1EMgW/AYw==	2026-05-03T01:59:34.768Z	2026-06-03T15:00:00.403Z	gs://fc-fd42e80c-b41e-4e60-a9cf-b7c0ade168c4/submissions/a1e9b9ce-0d67-4d42-b107-b9821f44dd60/MethylationProfiling/cc244cdd-e91e-404c-b079-a0506e9093a2/call-CpgPileup/attempt-3/HG02074.hap2.bed.gz.tbi?generation=1777773574763889	3	QNwSWg==	qHMK77B5S1O3X1EMgW/AYw==	CPHqqNOCnJQDEAM=
HG02080	combined_bed	cpg_combined_bed	gs://fc-fd42e80c-b41e-4e60-a9cf-b7c0ade168c4/submissions/a1e9b9ce-0d67-4d42-b107-b9821f44dd60/MethylationProfiling/65fe50e0-e38d-45bd-9345-2164d717f75a/call-CpgPileup/HG02080.combined.bed.gz	1777745935255363	301020209	md5_base64	PlANOrWzq3rU9dpbE8juRg==	2026-05-02T18:18:55.266Z	2026-06-03T14:35:58.450Z	gs://fc-fd42e80c-b41e-4e60-a9cf-b7c0ade168c4/submissions/a1e9b9ce-0d67-4d42-b107-b9821f44dd60/MethylationProfiling/65fe50e0-e38d-45bd-9345-2164d717f75a/call-CpgPileup/HG02080.combined.bed.gz?generation=1777745935255363	3	TVlL1Q==	PlANOrWzq3rU9dpbE8juRg==	CMOO49ebm5QDEAM=
HG02080	combined_bed_index	independently_verified_combined_bed_index	gs://fc-fd42e80c-b41e-4e60-a9cf-b7c0ade168c4/submissions/a1e9b9ce-0d67-4d42-b107-b9821f44dd60/MethylationProfiling/65fe50e0-e38d-45bd-9345-2164d717f75a/call-CpgPileup/HG02080.combined.bed.gz.tbi	1777745928526969	1678104	md5_base64	mV3K6+AFMbbKq8pi4we9BQ==	2026-05-02T18:18:48.530Z	2026-06-02T19:56:49.802Z	gs://fc-fd42e80c-b41e-4e60-a9cf-b7c0ade168c4/submissions/a1e9b9ce-0d67-4d42-b107-b9821f44dd60/MethylationProfiling/65fe50e0-e38d-45bd-9345-2164d717f75a/call-CpgPileup/HG02080.combined.bed.gz.tbi?generation=1777745928526969	2	DfIYJA==	mV3K6+AFMbbKq8pi4we9BQ==	CPm4yNSbm5QDEAI=
HG02080	hap1_bed	cpg_hap1_bed	gs://fc-fd42e80c-b41e-4e60-a9cf-b7c0ade168c4/submissions/a1e9b9ce-0d67-4d42-b107-b9821f44dd60/MethylationProfiling/65fe50e0-e38d-45bd-9345-2164d717f75a/call-CpgPileup/HG02080.hap1.bed.gz	1777745924594928	258630085	md5_base64	kbxQnzmXsoa/xNrmfhu9bg==	2026-05-02T18:18:44.600Z	2026-06-03T16:00:56.719Z	gs://fc-fd42e80c-b41e-4e60-a9cf-b7c0ade168c4/submissions/a1e9b9ce-0d67-4d42-b107-b9821f44dd60/MethylationProfiling/65fe50e0-e38d-45bd-9345-2164d717f75a/call-CpgPileup/HG02080.hap1.bed.gz?generation=1777745924594928	3	jzWr2Q==	kbxQnzmXsoa/xNrmfhu9bg==	CPC52NKbm5QDEAM=
HG02080	hap1_bed_index	cpg_hap1_bed_idx	gs://fc-fd42e80c-b41e-4e60-a9cf-b7c0ade168c4/submissions/a1e9b9ce-0d67-4d42-b107-b9821f44dd60/MethylationProfiling/65fe50e0-e38d-45bd-9345-2164d717f75a/call-CpgPileup/HG02080.hap1.bed.gz.tbi	1777745946204469	1630174	md5_base64	hFYs6ED+ZstSWECtjueZDQ==	2026-05-02T18:19:06.209Z	2026-06-03T15:33:04.475Z	gs://fc-fd42e80c-b41e-4e60-a9cf-b7c0ade168c4/submissions/a1e9b9ce-0d67-4d42-b107-b9821f44dd60/MethylationProfiling/65fe50e0-e38d-45bd-9345-2164d717f75a/call-CpgPileup/HG02080.hap1.bed.gz.tbi?generation=1777745946204469	3	3gPVMA==	hFYs6ED+ZstSWECtjueZDQ==	CLWy/9ybm5QDEAM=
HG02080	hap2_bed	cpg_hap2_bed	gs://fc-fd42e80c-b41e-4e60-a9cf-b7c0ade168c4/submissions/a1e9b9ce-0d67-4d42-b107-b9821f44dd60/MethylationProfiling/65fe50e0-e38d-45bd-9345-2164d717f75a/call-CpgPileup/HG02080.hap2.bed.gz	1777745944209980	258216140	md5_base64	9j1N9aKEh7a2vCucxomPAA==	2026-05-02T18:19:04.213Z	2026-06-03T15:08:03.853Z	gs://fc-fd42e80c-b41e-4e60-a9cf-b7c0ade168c4/submissions/a1e9b9ce-0d67-4d42-b107-b9821f44dd60/MethylationProfiling/65fe50e0-e38d-45bd-9345-2164d717f75a/call-CpgPileup/HG02080.hap2.bed.gz?generation=1777745944209980	3	004IYQ==	9j1N9aKEh7a2vCucxomPAA==	CLzUhdybm5QDEAM=
HG02080	hap2_bed_index	cpg_hap2_bed_idx	gs://fc-fd42e80c-b41e-4e60-a9cf-b7c0ade168c4/submissions/a1e9b9ce-0d67-4d42-b107-b9821f44dd60/MethylationProfiling/65fe50e0-e38d-45bd-9345-2164d717f75a/call-CpgPileup/HG02080.hap2.bed.gz.tbi	1777745926574483	1628565	md5_base64	hLcuipmLvXWUAHrXSZJf/w==	2026-05-02T18:18:46.578Z	2026-06-03T15:13:58.898Z	gs://fc-fd42e80c-b41e-4e60-a9cf-b7c0ade168c4/submissions/a1e9b9ce-0d67-4d42-b107-b9821f44dd60/MethylationProfiling/65fe50e0-e38d-45bd-9345-2164d717f75a/call-CpgPileup/HG02080.hap2.bed.gz.tbi?generation=1777745926574483	3	nnfPuQ==	hLcuipmLvXWUAHrXSZJf/w==	CJOj0dObm5QDEAM=
HG02083	combined_bed	cpg_combined_bed	gs://fc-fd42e80c-b41e-4e60-a9cf-b7c0ade168c4/submissions/a1e9b9ce-0d67-4d42-b107-b9821f44dd60/MethylationProfiling/05d798a8-7c6e-432d-a517-32525c465b17/call-CpgPileup/attempt-2/HG02083.combined.bed.gz	1777759762994170	286666362	md5_base64	mhTbt/TCUbgsOhPJbqG/AQ==	2026-05-02T22:09:23.001Z	2026-06-03T15:23:01.180Z	gs://fc-fd42e80c-b41e-4e60-a9cf-b7c0ade168c4/submissions/a1e9b9ce-0d67-4d42-b107-b9821f44dd60/MethylationProfiling/05d798a8-7c6e-432d-a517-32525c465b17/call-CpgPileup/attempt-2/HG02083.combined.bed.gz?generation=1777759762994170	3	f/75AA==	mhTbt/TCUbgsOhPJbqG/AQ==	CPqnrZnPm5QDEAM=
HG02083	combined_bed_index	independently_verified_combined_bed_index	gs://fc-fd42e80c-b41e-4e60-a9cf-b7c0ade168c4/submissions/a1e9b9ce-0d67-4d42-b107-b9821f44dd60/MethylationProfiling/05d798a8-7c6e-432d-a517-32525c465b17/call-CpgPileup/attempt-2/HG02083.combined.bed.gz.tbi	1777759748426712	1684427	md5_base64	EfH6zSTTQuYtdbrq4J/a8A==	2026-05-02T22:09:08.432Z	2026-06-02T19:57:10.921Z	gs://fc-fd42e80c-b41e-4e60-a9cf-b7c0ade168c4/submissions/a1e9b9ce-0d67-4d42-b107-b9821f44dd60/MethylationProfiling/05d798a8-7c6e-432d-a517-32525c465b17/call-CpgPileup/attempt-2/HG02083.combined.bed.gz.tbi?generation=1777759748426712	2	M30d1g==	EfH6zSTTQuYtdbrq4J/a8A==	CNiXtJLPm5QDEAI=
HG02083	hap1_bed	cpg_hap1_bed	gs://fc-fd42e80c-b41e-4e60-a9cf-b7c0ade168c4/submissions/a1e9b9ce-0d67-4d42-b107-b9821f44dd60/MethylationProfiling/05d798a8-7c6e-432d-a517-32525c465b17/call-CpgPileup/attempt-2/HG02083.hap1.bed.gz	1777759754289028	221141034	md5_base64	JyIbWrkeeRvL/n6ZR2bn6w==	2026-05-02T22:09:14.294Z	2026-06-03T15:48:09.334Z	gs://fc-fd42e80c-b41e-4e60-a9cf-b7c0ade168c4/submissions/a1e9b9ce-0d67-4d42-b107-b9821f44dd60/MethylationProfiling/05d798a8-7c6e-432d-a517-32525c465b17/call-CpgPileup/attempt-2/HG02083.hap1.bed.gz?generation=1777759754289028	3	1bPr8w==	JyIbWrkeeRvL/n6ZR2bn6w==	CIT/mZXPm5QDEAM=
HG02083	hap1_bed_index	cpg_hap1_bed_idx	gs://fc-fd42e80c-b41e-4e60-a9cf-b7c0ade168c4/submissions/a1e9b9ce-0d67-4d42-b107-b9821f44dd60/MethylationProfiling/05d798a8-7c6e-432d-a517-32525c465b17/call-CpgPileup/attempt-2/HG02083.hap1.bed.gz.tbi	1777759755927000	1510600	md5_base64	BPdQ15RW+pPuOpF14WU2Bw==	2026-05-02T22:09:15.931Z	2026-06-03T14:39:56.726Z	gs://fc-fd42e80c-b41e-4e60-a9cf-b7c0ade168c4/submissions/a1e9b9ce-0d67-4d42-b107-b9821f44dd60/MethylationProfiling/05d798a8-7c6e-432d-a517-32525c465b17/call-CpgPileup/attempt-2/HG02083.hap1.bed.gz.tbi?generation=1777759755927000	3	ACfTlw==	BPdQ15RW+pPuOpF14WU2Bw==	CNj7/ZXPm5QDEAM=
HG02083	hap2_bed	cpg_hap2_bed	gs://fc-fd42e80c-b41e-4e60-a9cf-b7c0ade168c4/submissions/a1e9b9ce-0d67-4d42-b107-b9821f44dd60/MethylationProfiling/05d798a8-7c6e-432d-a517-32525c465b17/call-CpgPileup/attempt-2/HG02083.hap2.bed.gz	1777759772081694	221117532	md5_base64	gNMm+CO8sdp9ymTp4MBS+g==	2026-05-02T22:09:32.087Z	2026-06-02T19:51:01.924Z	gs://fc-fd42e80c-b41e-4e60-a9cf-b7c0ade168c4/submissions/a1e9b9ce-0d67-4d42-b107-b9821f44dd60/MethylationProfiling/05d798a8-7c6e-432d-a517-32525c465b17/call-CpgPileup/attempt-2/HG02083.hap2.bed.gz?generation=1777759772081694	2	PssrBA==	gNMm+CO8sdp9ymTp4MBS+g==	CJ78153Pm5QDEAI=
HG02083	hap2_bed_index	cpg_hap2_bed_idx	gs://fc-fd42e80c-b41e-4e60-a9cf-b7c0ade168c4/submissions/a1e9b9ce-0d67-4d42-b107-b9821f44dd60/MethylationProfiling/05d798a8-7c6e-432d-a517-32525c465b17/call-CpgPileup/attempt-2/HG02083.hap2.bed.gz.tbi	1777759757577265	1508793	md5_base64	7OLs518fRxR5OUYRnwTNlA==	2026-05-02T22:09:17.584Z	2026-06-03T15:46:11.657Z	gs://fc-fd42e80c-b41e-4e60-a9cf-b7c0ade168c4/submissions/a1e9b9ce-0d67-4d42-b107-b9821f44dd60/MethylationProfiling/05d798a8-7c6e-432d-a517-32525c465b17/call-CpgPileup/attempt-2/HG02083.hap2.bed.gz.tbi?generation=1777759757577265	3	Jz3+eQ==	7OLs518fRxR5OUYRnwTNlA==	CLHY4pbPm5QDEAM=
HG02109	combined_bed	cpg_combined_bed	gs://fc-fd42e80c-b41e-4e60-a9cf-b7c0ade168c4/submissions/a1e9b9ce-0d67-4d42-b107-b9821f44dd60/MethylationProfiling/135fe07b-4f53-4933-b499-11b79f4ea72f/call-CpgPileup/HG02109.combined.bed.gz	1777747307523903	317435035	md5_base64	0otzFK117ufpM6SN63DY3A==	2026-05-02T18:41:47.528Z	2026-06-03T15:01:56.290Z	gs://fc-fd42e80c-b41e-4e60-a9cf-b7c0ade168c4/submissions/a1e9b9ce-0d67-4d42-b107-b9821f44dd60/MethylationProfiling/135fe07b-4f53-4933-b499-11b79f4ea72f/call-CpgPileup/HG02109.combined.bed.gz?generation=1777747307523903	3	ExSJ6Q==	0otzFK117ufpM6SN63DY3A==	CL/ej+agm5QDEAM=
HG02109	combined_bed_index	independently_verified_combined_bed_index	gs://fc-fd42e80c-b41e-4e60-a9cf-b7c0ade168c4/submissions/a1e9b9ce-0d67-4d42-b107-b9821f44dd60/MethylationProfiling/135fe07b-4f53-4933-b499-11b79f4ea72f/call-CpgPileup/HG02109.combined.bed.gz.tbi	1777747311256717	1679220	md5_base64	MEkw3NVDZ4X1jfUxRCs11w==	2026-05-02T18:41:51.262Z	2026-06-03T15:25:58.314Z	gs://fc-fd42e80c-b41e-4e60-a9cf-b7c0ade168c4/submissions/a1e9b9ce-0d67-4d42-b107-b9821f44dd60/MethylationProfiling/135fe07b-4f53-4933-b499-11b79f4ea72f/call-CpgPileup/HG02109.combined.bed.gz.tbi?generation=1777747311256717	3	yfyo5A==	MEkw3NVDZ4X1jfUxRCs11w==	CI3J8+egm5QDEAM=
HG02109	hap1_bed	cpg_hap1_bed	gs://fc-fd42e80c-b41e-4e60-a9cf-b7c0ade168c4/submissions/a1e9b9ce-0d67-4d42-b107-b9821f44dd60/MethylationProfiling/135fe07b-4f53-4933-b499-11b79f4ea72f/call-CpgPileup/HG02109.hap1.bed.gz	1777747283958688	282483728	md5_base64	cXnM9CSTPrFSBKCCDMfFBg==	2026-05-02T18:41:23.962Z	2026-06-03T15:02:04.516Z	gs://fc-fd42e80c-b41e-4e60-a9cf-b7c0ade168c4/submissions/a1e9b9ce-0d67-4d42-b107-b9821f44dd60/MethylationProfiling/135fe07b-4f53-4933-b499-11b79f4ea72f/call-CpgPileup/HG02109.hap1.bed.gz?generation=1777747283958688	3	5Qv7zA==	cXnM9CSTPrFSBKCCDMfFBg==	CKC38dqgm5QDEAM=
HG02109	hap1_bed_index	cpg_hap1_bed_idx	gs://fc-fd42e80c-b41e-4e60-a9cf-b7c0ade168c4/submissions/a1e9b9ce-0d67-4d42-b107-b9821f44dd60/MethylationProfiling/135fe07b-4f53-4933-b499-11b79f4ea72f/call-CpgPileup/HG02109.hap1.bed.gz.tbi	1777747313106603	1655849	md5_base64	nl5TEHyOxXUJ6HcHfAwfcg==	2026-05-02T18:41:53.115Z	2026-06-02T20:05:57.713Z	gs://fc-fd42e80c-b41e-4e60-a9cf-b7c0ade168c4/submissions/a1e9b9ce-0d67-4d42-b107-b9821f44dd60/MethylationProfiling/135fe07b-4f53-4933-b499-11b79f4ea72f/call-CpgPileup/HG02109.hap1.bed.gz.tbi?generation=1777747313106603	2	Q/wXvQ==	nl5TEHyOxXUJ6HcHfAwfcg==	CKu95Oigm5QDEAI=
HG02109	hap2_bed	cpg_hap2_bed	gs://fc-fd42e80c-b41e-4e60-a9cf-b7c0ade168c4/submissions/a1e9b9ce-0d67-4d42-b107-b9821f44dd60/MethylationProfiling/135fe07b-4f53-4933-b499-11b79f4ea72f/call-CpgPileup/HG02109.hap2.bed.gz	1777747296971734	282346254	md5_base64	bC7PwUA9Fn7N2eA5qUe5oA==	2026-05-02T18:41:36.976Z	2026-06-03T15:33:33.151Z	gs://fc-fd42e80c-b41e-4e60-a9cf-b7c0ade168c4/submissions/a1e9b9ce-0d67-4d42-b107-b9821f44dd60/MethylationProfiling/135fe07b-4f53-4933-b499-11b79f4ea72f/call-CpgPileup/HG02109.hap2.bed.gz?generation=1777747296971734	3	VxNaTw==	bC7PwUA9Fn7N2eA5qUe5oA==	CNbXi+Ggm5QDEAM=
HG02109	hap2_bed_index	cpg_hap2_bed_idx	gs://fc-fd42e80c-b41e-4e60-a9cf-b7c0ade168c4/submissions/a1e9b9ce-0d67-4d42-b107-b9821f44dd60/MethylationProfiling/135fe07b-4f53-4933-b499-11b79f4ea72f/call-CpgPileup/HG02109.hap2.bed.gz.tbi	1777747309395647	1656550	md5_base64	fV6WQuD4uwDZ/z/93VuFLQ==	2026-05-02T18:41:49.399Z	2026-06-03T16:01:14.574Z	gs://fc-fd42e80c-b41e-4e60-a9cf-b7c0ade168c4/submissions/a1e9b9ce-0d67-4d42-b107-b9821f44dd60/MethylationProfiling/135fe07b-4f53-4933-b499-11b79f4ea72f/call-CpgPileup/HG02109.hap2.bed.gz.tbi?generation=1777747309395647	3	PSVJnQ==	fV6WQuD4uwDZ/z/93VuFLQ==	CL/9geegm5QDEAM=
HG02129	combined_bed	cpg_combined_bed	gs://fc-fd42e80c-b41e-4e60-a9cf-b7c0ade168c4/submissions/a1e9b9ce-0d67-4d42-b107-b9821f44dd60/MethylationProfiling/2b664ae5-3118-4b31-bc75-c17619be8bef/call-CpgPileup/attempt-2/HG02129.combined.bed.gz	1777772619922914	361814562	md5_base64	Knw0DZyC+fSWWpf13IJBOg==	2026-05-03T01:43:39.928Z	2026-06-03T16:01:49.011Z	gs://fc-fd42e80c-b41e-4e60-a9cf-b7c0ade168c4/submissions/a1e9b9ce-0d67-4d42-b107-b9821f44dd60/MethylationProfiling/2b664ae5-3118-4b31-bc75-c17619be8bef/call-CpgPileup/attempt-2/HG02129.combined.bed.gz?generation=1777772619922914	3	DlxKkA==	Knw0DZyC+fSWWpf13IJBOg==	COL7gYz/m5QDEAM=
HG02129	combined_bed_index	independently_verified_combined_bed_index	gs://fc-fd42e80c-b41e-4e60-a9cf-b7c0ade168c4/submissions/a1e9b9ce-0d67-4d42-b107-b9821f44dd60/MethylationProfiling/2b664ae5-3118-4b31-bc75-c17619be8bef/call-CpgPileup/attempt-2/HG02129.combined.bed.gz.tbi	1777772613370621	1694807	md5_base64	vqXZb8AQm4OkGu9tDl4xgA==	2026-05-03T01:43:33.374Z	2026-06-03T15:58:02.378Z	gs://fc-fd42e80c-b41e-4e60-a9cf-b7c0ade168c4/submissions/a1e9b9ce-0d67-4d42-b107-b9821f44dd60/MethylationProfiling/2b664ae5-3118-4b31-bc75-c17619be8bef/call-CpgPileup/attempt-2/HG02129.combined.bed.gz.tbi?generation=1777772613370621	3	R7pjFg==	vqXZb8AQm4OkGu9tDl4xgA==	CP2F8oj/m5QDEAM=
HG02129	hap1_bed	cpg_hap1_bed	gs://fc-fd42e80c-b41e-4e60-a9cf-b7c0ade168c4/submissions/a1e9b9ce-0d67-4d42-b107-b9821f44dd60/MethylationProfiling/2b664ae5-3118-4b31-bc75-c17619be8bef/call-CpgPileup/attempt-2/HG02129.hap1.bed.gz	1777772611606945	299995765	md5_base64	1aNE39QBtXQmOSPQc5GQvA==	2026-05-03T01:43:31.612Z	2026-06-03T15:03:02.305Z	gs://fc-fd42e80c-b41e-4e60-a9cf-b7c0ade168c4/submissions/a1e9b9ce-0d67-4d42-b107-b9821f44dd60/MethylationProfiling/2b664ae5-3118-4b31-bc75-c17619be8bef/call-CpgPileup/attempt-2/HG02129.hap1.bed.gz?generation=1777772611606945	3	wOKX3w==	1aNE39QBtXQmOSPQc5GQvA==	CKGzhoj/m5QDEAM=
HG02129	hap1_bed_index	cpg_hap1_bed_idx	gs://fc-fd42e80c-b41e-4e60-a9cf-b7c0ade168c4/submissions/a1e9b9ce-0d67-4d42-b107-b9821f44dd60/MethylationProfiling/2b664ae5-3118-4b31-bc75-c17619be8bef/call-CpgPileup/attempt-2/HG02129.hap1.bed.gz.tbi	1777772596894019	1557398	md5_base64	e7xYJHBqaF+hN1GYQkDPdQ==	2026-05-03T01:43:16.900Z	2026-06-03T14:29:06.468Z	gs://fc-fd42e80c-b41e-4e60-a9cf-b7c0ade168c4/submissions/a1e9b9ce-0d67-4d42-b107-b9821f44dd60/MethylationProfiling/2b664ae5-3118-4b31-bc75-c17619be8bef/call-CpgPileup/attempt-2/HG02129.hap1.bed.gz.tbi?generation=1777772596894019	3	Tc8X8g==	e7xYJHBqaF+hN1GYQkDPdQ==	CMOyhIH/m5QDEAM=
HG02129	hap2_bed	cpg_hap2_bed	gs://fc-fd42e80c-b41e-4e60-a9cf-b7c0ade168c4/submissions/a1e9b9ce-0d67-4d42-b107-b9821f44dd60/MethylationProfiling/2b664ae5-3118-4b31-bc75-c17619be8bef/call-CpgPileup/attempt-2/HG02129.hap2.bed.gz	1777772632148644	299807823	md5_base64	WZVJv7VOuVVhBEPrIRVEjA==	2026-05-03T01:43:52.154Z	2026-06-03T16:02:49.357Z	gs://fc-fd42e80c-b41e-4e60-a9cf-b7c0ade168c4/submissions/a1e9b9ce-0d67-4d42-b107-b9821f44dd60/MethylationProfiling/2b664ae5-3118-4b31-bc75-c17619be8bef/call-CpgPileup/attempt-2/HG02129.hap2.bed.gz?generation=1777772632148644	3	c/L3XQ==	WZVJv7VOuVVhBEPrIRVEjA==	CKSV7JH/m5QDEAM=
HG02129	hap2_bed_index	cpg_hap2_bed_idx	gs://fc-fd42e80c-b41e-4e60-a9cf-b7c0ade168c4/submissions/a1e9b9ce-0d67-4d42-b107-b9821f44dd60/MethylationProfiling/2b664ae5-3118-4b31-bc75-c17619be8bef/call-CpgPileup/attempt-2/HG02129.hap2.bed.gz.tbi	1777772595092301	1556684	md5_base64	eVIfXHLgZy9WvqHsDxx6eg==	2026-05-03T01:43:15.097Z	2026-06-03T14:58:04.571Z	gs://fc-fd42e80c-b41e-4e60-a9cf-b7c0ade168c4/submissions/a1e9b9ce-0d67-4d42-b107-b9821f44dd60/MethylationProfiling/2b664ae5-3118-4b31-bc75-c17619be8bef/call-CpgPileup/attempt-2/HG02129.hap2.bed.gz.tbi?generation=1777772595092301	3	0iNtYQ==	eVIfXHLgZy9WvqHsDxx6eg==	CM22loD/m5QDEAM=
HG02132	combined_bed	cpg_combined_bed	gs://fc-fd42e80c-b41e-4e60-a9cf-b7c0ade168c4/submissions/a1e9b9ce-0d67-4d42-b107-b9821f44dd60/MethylationProfiling/eeb99eee-af3a-47a5-88ee-edff69b325d9/call-CpgPileup/HG02132.combined.bed.gz	1777750884814816	294682465	md5_base64	qT74zBQSFuzj7rkIW8ZnNg==	2026-05-02T19:41:24.818Z	2026-06-03T15:15:02.069Z	gs://fc-fd42e80c-b41e-4e60-a9cf-b7c0ade168c4/submissions/a1e9b9ce-0d67-4d42-b107-b9821f44dd60/MethylationProfiling/eeb99eee-af3a-47a5-88ee-edff69b325d9/call-CpgPileup/HG02132.combined.bed.gz?generation=1777750884814816	3	AjqXAw==	qT74zBQSFuzj7rkIW8ZnNg==	COCf9I+um5QDEAM=
HG02132	combined_bed_index	independently_verified_combined_bed_index	gs://fc-fd42e80c-b41e-4e60-a9cf-b7c0ade168c4/submissions/a1e9b9ce-0d67-4d42-b107-b9821f44dd60/MethylationProfiling/eeb99eee-af3a-47a5-88ee-edff69b325d9/call-CpgPileup/HG02132.combined.bed.gz.tbi	1777750897964014	1686263	md5_base64	SD8Wsobf0Lw9DT33G6qiew==	2026-05-02T19:41:37.968Z	2026-06-02T20:13:05.941Z	gs://fc-fd42e80c-b41e-4e60-a9cf-b7c0ade168c4/submissions/a1e9b9ce-0d67-4d42-b107-b9821f44dd60/MethylationProfiling/eeb99eee-af3a-47a5-88ee-edff69b325d9/call-CpgPileup/HG02132.combined.bed.gz.tbi?generation=1777750897964014	2	QuEkyw==	SD8Wsobf0Lw9DT33G6qiew==	CO7nlpaum5QDEAI=
HG02132	hap1_bed	cpg_hap1_bed	gs://fc-fd42e80c-b41e-4e60-a9cf-b7c0ade168c4/submissions/a1e9b9ce-0d67-4d42-b107-b9821f44dd60/MethylationProfiling/eeb99eee-af3a-47a5-88ee-edff69b325d9/call-CpgPileup/HG02132.hap1.bed.gz	1777750895914301	235001318	md5_base64	78hrrpmgvUzM1a8xCF/ovg==	2026-05-02T19:41:35.919Z	2026-06-03T15:56:19.394Z	gs://fc-fd42e80c-b41e-4e60-a9cf-b7c0ade168c4/submissions/a1e9b9ce-0d67-4d42-b107-b9821f44dd60/MethylationProfiling/eeb99eee-af3a-47a5-88ee-edff69b325d9/call-CpgPileup/HG02132.hap1.bed.gz?generation=1777750895914301	3	RbXfdA==	78hrrpmgvUzM1a8xCF/ovg==	CL3amZWum5QDEAM=
HG02132	hap1_bed_index	cpg_hap1_bed_idx	gs://fc-fd42e80c-b41e-4e60-a9cf-b7c0ade168c4/submissions/a1e9b9ce-0d67-4d42-b107-b9821f44dd60/MethylationProfiling/eeb99eee-af3a-47a5-88ee-edff69b325d9/call-CpgPileup/HG02132.hap1.bed.gz.tbi	1777750886855304	1527834	md5_base64	WgFwolfm5iMOYUEPLtHdvw==	2026-05-02T19:41:26.860Z	2026-06-03T14:58:04.571Z	gs://fc-fd42e80c-b41e-4e60-a9cf-b7c0ade168c4/submissions/a1e9b9ce-0d67-4d42-b107-b9821f44dd60/MethylationProfiling/eeb99eee-af3a-47a5-88ee-edff69b325d9/call-CpgPileup/HG02132.hap1.bed.gz.tbi?generation=1777750886855304	3	p1d9Tg==	WgFwolfm5iMOYUEPLtHdvw==	CIjl8JCum5QDEAM=
HG02132	hap2_bed	cpg_hap2_bed	gs://fc-fd42e80c-b41e-4e60-a9cf-b7c0ade168c4/submissions/a1e9b9ce-0d67-4d42-b107-b9821f44dd60/MethylationProfiling/eeb99eee-af3a-47a5-88ee-edff69b325d9/call-CpgPileup/HG02132.hap2.bed.gz	1777750879062059	234732591	md5_base64	/OvthYrSritfvn3wFGDlzA==	2026-05-02T19:41:19.065Z	2026-06-03T15:20:42.854Z	gs://fc-fd42e80c-b41e-4e60-a9cf-b7c0ade168c4/submissions/a1e9b9ce-0d67-4d42-b107-b9821f44dd60/MethylationProfiling/eeb99eee-af3a-47a5-88ee-edff69b325d9/call-CpgPileup/HG02132.hap2.bed.gz?generation=1777750879062059	3	debKPg==	/OvthYrSritfvn3wFGDlzA==	CKuQlY2um5QDEAM=
HG02132	hap2_bed_index	cpg_hap2_bed_idx	gs://fc-fd42e80c-b41e-4e60-a9cf-b7c0ade168c4/submissions/a1e9b9ce-0d67-4d42-b107-b9821f44dd60/MethylationProfiling/eeb99eee-af3a-47a5-88ee-edff69b325d9/call-CpgPileup/HG02132.hap2.bed.gz.tbi	1777750888963022	1526362	md5_base64	axlWdsITCT/qiYDV16EoIg==	2026-05-02T19:41:28.966Z	2026-06-03T14:48:57.878Z	gs://fc-fd42e80c-b41e-4e60-a9cf-b7c0ade168c4/submissions/a1e9b9ce-0d67-4d42-b107-b9821f44dd60/MethylationProfiling/eeb99eee-af3a-47a5-88ee-edff69b325d9/call-CpgPileup/HG02132.hap2.bed.gz.tbi?generation=1777750888963022	3	rIsfTw==	axlWdsITCT/qiYDV16EoIg==	CM638ZGum5QDEAM=
HG02135	combined_bed	cpg_combined_bed	gs://fc-fd42e80c-b41e-4e60-a9cf-b7c0ade168c4/submissions/a1e9b9ce-0d67-4d42-b107-b9821f44dd60/MethylationProfiling/2431c484-98aa-47de-b22f-8a72dc97d7f4/call-CpgPileup/attempt-3/HG02135.combined.bed.gz	1777763299984215	289809454	md5_base64	UEX+dpNLV9/Oic1DjUcbjQ==	2026-05-02T23:08:19.988Z	2026-06-03T15:32:03.988Z	gs://fc-fd42e80c-b41e-4e60-a9cf-b7c0ade168c4/submissions/a1e9b9ce-0d67-4d42-b107-b9821f44dd60/MethylationProfiling/2431c484-98aa-47de-b22f-8a72dc97d7f4/call-CpgPileup/attempt-3/HG02135.combined.bed.gz?generation=1777763299984215	3	hjkvqQ==	UEX+dpNLV9/Oic1DjUcbjQ==	CNeG9q/cm5QDEAM=
HG02135	combined_bed_index	independently_verified_combined_bed_index	gs://fc-fd42e80c-b41e-4e60-a9cf-b7c0ade168c4/submissions/a1e9b9ce-0d67-4d42-b107-b9821f44dd60/MethylationProfiling/2431c484-98aa-47de-b22f-8a72dc97d7f4/call-CpgPileup/attempt-3/HG02135.combined.bed.gz.tbi	1777763288670474	1683937	md5_base64	OBzjSCbQL/ABr2ESdJVcYw==	2026-05-02T23:08:08.674Z	2026-06-03T15:33:09.108Z	gs://fc-fd42e80c-b41e-4e60-a9cf-b7c0ade168c4/submissions/a1e9b9ce-0d67-4d42-b107-b9821f44dd60/MethylationProfiling/2431c484-98aa-47de-b22f-8a72dc97d7f4/call-CpgPileup/attempt-3/HG02135.combined.bed.gz.tbi?generation=1777763288670474	3	AekCFg==	OBzjSCbQL/ABr2ESdJVcYw==	CIrCw6rcm5QDEAM=
HG02135	hap1_bed	cpg_hap1_bed	gs://fc-fd42e80c-b41e-4e60-a9cf-b7c0ade168c4/submissions/a1e9b9ce-0d67-4d42-b107-b9821f44dd60/MethylationProfiling/2431c484-98aa-47de-b22f-8a72dc97d7f4/call-CpgPileup/attempt-3/HG02135.hap1.bed.gz	1777763286699294	217403737	md5_base64	MmSU6P0l+A440r8onj6avA==	2026-05-02T23:08:06.703Z	2026-06-02T20:29:32.664Z	gs://fc-fd42e80c-b41e-4e60-a9cf-b7c0ade168c4/submissions/a1e9b9ce-0d67-4d42-b107-b9821f44dd60/MethylationProfiling/2431c484-98aa-47de-b22f-8a72dc97d7f4/call-CpgPileup/attempt-3/HG02135.hap1.bed.gz?generation=1777763286699294	2	qXd6Vg==	MmSU6P0l+A440r8onj6avA==	CJ6ay6ncm5QDEAI=
HG02135	hap1_bed_index	cpg_hap1_bed_idx	gs://fc-fd42e80c-b41e-4e60-a9cf-b7c0ade168c4/submissions/a1e9b9ce-0d67-4d42-b107-b9821f44dd60/MethylationProfiling/2431c484-98aa-47de-b22f-8a72dc97d7f4/call-CpgPileup/attempt-3/HG02135.hap1.bed.gz.tbi	1777763295136985	1505016	md5_base64	IGivsn1/MTEpCiZt/uh9nQ==	2026-05-02T23:08:15.142Z	2026-06-02T19:48:11.718Z	gs://fc-fd42e80c-b41e-4e60-a9cf-b7c0ade168c4/submissions/a1e9b9ce-0d67-4d42-b107-b9821f44dd60/MethylationProfiling/2431c484-98aa-47de-b22f-8a72dc97d7f4/call-CpgPileup/attempt-3/HG02135.hap1.bed.gz.tbi?generation=1777763295136985	2	gbcJbQ==	IGivsn1/MTEpCiZt/uh9nQ==	CNmZzq3cm5QDEAI=
HG02135	hap2_bed	cpg_hap2_bed	gs://fc-fd42e80c-b41e-4e60-a9cf-b7c0ade168c4/submissions/a1e9b9ce-0d67-4d42-b107-b9821f44dd60/MethylationProfiling/2431c484-98aa-47de-b22f-8a72dc97d7f4/call-CpgPileup/attempt-3/HG02135.hap2.bed.gz	1777763293201925	216983368	md5_base64	PW7qguaDjyl/hEvfSvwhgA==	2026-05-02T23:08:13.207Z	2026-06-02T19:58:57.999Z	gs://fc-fd42e80c-b41e-4e60-a9cf-b7c0ade168c4/submissions/a1e9b9ce-0d67-4d42-b107-b9821f44dd60/MethylationProfiling/2431c484-98aa-47de-b22f-8a72dc97d7f4/call-CpgPileup/attempt-3/HG02135.hap2.bed.gz?generation=1777763293201925	2	lsRFgQ==	PW7qguaDjyl/hEvfSvwhgA==	CIWM2Kzcm5QDEAI=
HG02135	hap2_bed_index	cpg_hap2_bed_idx	gs://fc-fd42e80c-b41e-4e60-a9cf-b7c0ade168c4/submissions/a1e9b9ce-0d67-4d42-b107-b9821f44dd60/MethylationProfiling/2431c484-98aa-47de-b22f-8a72dc97d7f4/call-CpgPileup/attempt-3/HG02135.hap2.bed.gz.tbi	1777763301978447	1502399	md5_base64	PbmKDvU0h3GJ9JNlLOv2kg==	2026-05-02T23:08:21.983Z	2026-06-03T15:11:56.284Z	gs://fc-fd42e80c-b41e-4e60-a9cf-b7c0ade168c4/submissions/a1e9b9ce-0d67-4d42-b107-b9821f44dd60/MethylationProfiling/2431c484-98aa-47de-b22f-8a72dc97d7f4/call-CpgPileup/attempt-3/HG02135.hap2.bed.gz.tbi?generation=1777763301978447	3	asSb0Q==	PbmKDvU0h3GJ9JNlLOv2kg==	CM/i77Dcm5QDEAM=
HG02145	combined_bed	cpg_combined_bed	gs://fc-fd42e80c-b41e-4e60-a9cf-b7c0ade168c4/submissions/a1e9b9ce-0d67-4d42-b107-b9821f44dd60/MethylationProfiling/0b7523c4-e017-400f-b01d-9dfb9710a95b/call-CpgPileup/HG02145.combined.bed.gz	1777747514456302	316300955	md5_base64	MTsp/GUAbxKlKAeqedUd+w==	2026-05-02T18:45:14.462Z	2026-06-03T15:50:58.380Z	gs://fc-fd42e80c-b41e-4e60-a9cf-b7c0ade168c4/submissions/a1e9b9ce-0d67-4d42-b107-b9821f44dd60/MethylationProfiling/0b7523c4-e017-400f-b01d-9dfb9710a95b/call-CpgPileup/HG02145.combined.bed.gz?generation=1777747514456302	3	cQ8xyg==	MTsp/GUAbxKlKAeqedUd+w==	CO7x5cihm5QDEAM=
HG02145	combined_bed_index	independently_verified_combined_bed_index	gs://fc-fd42e80c-b41e-4e60-a9cf-b7c0ade168c4/submissions/a1e9b9ce-0d67-4d42-b107-b9821f44dd60/MethylationProfiling/0b7523c4-e017-400f-b01d-9dfb9710a95b/call-CpgPileup/HG02145.combined.bed.gz.tbi	1777747493453369	1682767	md5_base64	feFOVlm7FLV1MbQIeONUZg==	2026-05-02T18:44:53.462Z	2026-06-02T20:11:15.519Z	gs://fc-fd42e80c-b41e-4e60-a9cf-b7c0ade168c4/submissions/a1e9b9ce-0d67-4d42-b107-b9821f44dd60/MethylationProfiling/0b7523c4-e017-400f-b01d-9dfb9710a95b/call-CpgPileup/HG02145.combined.bed.gz.tbi?generation=1777747493453369	2	buDmDQ==	feFOVlm7FLV1MbQIeONUZg==	CLn8476hm5QDEAI=
HG02145	hap1_bed	cpg_hap1_bed	gs://fc-fd42e80c-b41e-4e60-a9cf-b7c0ade168c4/submissions/a1e9b9ce-0d67-4d42-b107-b9821f44dd60/MethylationProfiling/0b7523c4-e017-400f-b01d-9dfb9710a95b/call-CpgPileup/HG02145.hap1.bed.gz	1777747507221602	270432051	md5_base64	8XcV67uQO7hf3aKwE2NSJA==	2026-05-02T18:45:07.227Z	2026-06-03T16:00:02.190Z	gs://fc-fd42e80c-b41e-4e60-a9cf-b7c0ade168c4/submissions/a1e9b9ce-0d67-4d42-b107-b9821f44dd60/MethylationProfiling/0b7523c4-e017-400f-b01d-9dfb9710a95b/call-CpgPileup/HG02145.hap1.bed.gz?generation=1777747507221602	3	9VLrIQ==	8XcV67uQO7hf3aKwE2NSJA==	COKorMWhm5QDEAM=
HG02145	hap1_bed_index	cpg_hap1_bed_idx	gs://fc-fd42e80c-b41e-4e60-a9cf-b7c0ade168c4/submissions/a1e9b9ce-0d67-4d42-b107-b9821f44dd60/MethylationProfiling/0b7523c4-e017-400f-b01d-9dfb9710a95b/call-CpgPileup/HG02145.hap1.bed.gz.tbi	1777747495295575	1574590	md5_base64	YI9zwZbbIW8rsPGFkyh1+g==	2026-05-02T18:44:55.300Z	2026-06-03T15:40:02.499Z	gs://fc-fd42e80c-b41e-4e60-a9cf-b7c0ade168c4/submissions/a1e9b9ce-0d67-4d42-b107-b9821f44dd60/MethylationProfiling/0b7523c4-e017-400f-b01d-9dfb9710a95b/call-CpgPileup/HG02145.hap1.bed.gz.tbi?generation=1777747495295575	3	m6nHoA==	YI9zwZbbIW8rsPGFkyh1+g==	CNe01L+hm5QDEAM=
HG02145	hap2_bed	cpg_hap2_bed	gs://fc-fd42e80c-b41e-4e60-a9cf-b7c0ade168c4/submissions/a1e9b9ce-0d67-4d42-b107-b9821f44dd60/MethylationProfiling/0b7523c4-e017-400f-b01d-9dfb9710a95b/call-CpgPileup/HG02145.hap2.bed.gz	1777747491582217	270366475	md5_base64	3qgHuk11p5XmKi95pmANOw==	2026-05-02T18:44:51.586Z	2026-06-03T15:44:16.263Z	gs://fc-fd42e80c-b41e-4e60-a9cf-b7c0ade168c4/submissions/a1e9b9ce-0d67-4d42-b107-b9821f44dd60/MethylationProfiling/0b7523c4-e017-400f-b01d-9dfb9710a95b/call-CpgPileup/HG02145.hap2.bed.gz?generation=1777747491582217	3	bP63ng==	3qgHuk11p5XmKi95pmANOw==	CIni8b2hm5QDEAM=
HG02145	hap2_bed_index	cpg_hap2_bed_idx	gs://fc-fd42e80c-b41e-4e60-a9cf-b7c0ade168c4/submissions/a1e9b9ce-0d67-4d42-b107-b9821f44dd60/MethylationProfiling/0b7523c4-e017-400f-b01d-9dfb9710a95b/call-CpgPileup/HG02145.hap2.bed.gz.tbi	1777747484799369	1574075	md5_base64	v5VgfrbEqIXbokgrd3XhtA==	2026-05-02T18:44:44.809Z	2026-06-03T14:59:04.905Z	gs://fc-fd42e80c-b41e-4e60-a9cf-b7c0ade168c4/submissions/a1e9b9ce-0d67-4d42-b107-b9821f44dd60/MethylationProfiling/0b7523c4-e017-400f-b01d-9dfb9710a95b/call-CpgPileup/HG02145.hap2.bed.gz.tbi?generation=1777747484799369	3	YpSG0w==	v5VgfrbEqIXbokgrd3XhtA==	CInj07qhm5QDEAM=
HG02148	combined_bed	cpg_combined_bed	gs://fc-fd42e80c-b41e-4e60-a9cf-b7c0ade168c4/submissions/a1e9b9ce-0d67-4d42-b107-b9821f44dd60/MethylationProfiling/af307cae-f3b7-46d8-8276-4ef30b7064d4/call-CpgPileup/HG02148.combined.bed.gz	1777750034991833	279837762	md5_base64	NR1eRH+c4t14XaLaLbP/GQ==	2026-05-02T19:27:14.995Z	2026-06-03T16:01:33.203Z	gs://fc-fd42e80c-b41e-4e60-a9cf-b7c0ade168c4/submissions/a1e9b9ce-0d67-4d42-b107-b9821f44dd60/MethylationProfiling/af307cae-f3b7-46d8-8276-4ef30b7064d4/call-CpgPileup/HG02148.combined.bed.gz?generation=1777750034991833	3	18e7fw==	NR1eRH+c4t14XaLaLbP/GQ==	CNmV1/qqm5QDEAM=
HG02148	combined_bed_index	independently_verified_combined_bed_index	gs://fc-fd42e80c-b41e-4e60-a9cf-b7c0ade168c4/submissions/a1e9b9ce-0d67-4d42-b107-b9821f44dd60/MethylationProfiling/af307cae-f3b7-46d8-8276-4ef30b7064d4/call-CpgPileup/HG02148.combined.bed.gz.tbi	1777750020739315	1673892	md5_base64	Y4S0VwnCFnCbV64TV31cmg==	2026-05-02T19:27:00.743Z	2026-06-02T19:47:02.044Z	gs://fc-fd42e80c-b41e-4e60-a9cf-b7c0ade168c4/submissions/a1e9b9ce-0d67-4d42-b107-b9821f44dd60/MethylationProfiling/af307cae-f3b7-46d8-8276-4ef30b7064d4/call-CpgPileup/HG02148.combined.bed.gz.tbi?generation=1777750020739315	2	XWjuUQ==	Y4S0VwnCFnCbV64TV31cmg==	CPOh8fOqm5QDEAI=
HG02148	hap1_bed	cpg_hap1_bed	gs://fc-fd42e80c-b41e-4e60-a9cf-b7c0ade168c4/submissions/a1e9b9ce-0d67-4d42-b107-b9821f44dd60/MethylationProfiling/af307cae-f3b7-46d8-8276-4ef30b7064d4/call-CpgPileup/HG02148.hap1.bed.gz	1777750018842367	204328369	md5_base64	Qhgr0toE+4+49v9vnDx2Hg==	2026-05-02T19:26:58.847Z	2026-06-03T15:41:57.669Z	gs://fc-fd42e80c-b41e-4e60-a9cf-b7c0ade168c4/submissions/a1e9b9ce-0d67-4d42-b107-b9821f44dd60/MethylationProfiling/af307cae-f3b7-46d8-8276-4ef30b7064d4/call-CpgPileup/HG02148.hap1.bed.gz?generation=1777750018842367	3	nKjJ0w==	Qhgr0toE+4+49v9vnDx2Hg==	CP+9/fKqm5QDEAM=
HG02148	hap1_bed_index	cpg_hap1_bed_idx	gs://fc-fd42e80c-b41e-4e60-a9cf-b7c0ade168c4/submissions/a1e9b9ce-0d67-4d42-b107-b9821f44dd60/MethylationProfiling/af307cae-f3b7-46d8-8276-4ef30b7064d4/call-CpgPileup/HG02148.hap1.bed.gz.tbi	1777750022620996	1511596	md5_base64	WoDriEs49rr+MQtInPZFKg==	2026-05-02T19:27:02.624Z	2026-06-02T20:36:30.178Z	gs://fc-fd42e80c-b41e-4e60-a9cf-b7c0ade168c4/submissions/a1e9b9ce-0d67-4d42-b107-b9821f44dd60/MethylationProfiling/af307cae-f3b7-46d8-8276-4ef30b7064d4/call-CpgPileup/HG02148.hap1.bed.gz.tbi?generation=1777750022620996	2	C8juyw==	WoDriEs49rr+MQtInPZFKg==	CMSO5PSqm5QDEAI=
HG02148	hap2_bed	cpg_hap2_bed	gs://fc-fd42e80c-b41e-4e60-a9cf-b7c0ade168c4/submissions/a1e9b9ce-0d67-4d42-b107-b9821f44dd60/MethylationProfiling/af307cae-f3b7-46d8-8276-4ef30b7064d4/call-CpgPileup/HG02148.hap2.bed.gz	1777750028469837	204333546	md5_base64	El6lhm1cvuyXJ0Y5PKYxtg==	2026-05-02T19:27:08.474Z	2026-06-03T14:44:58.850Z	gs://fc-fd42e80c-b41e-4e60-a9cf-b7c0ade168c4/submissions/a1e9b9ce-0d67-4d42-b107-b9821f44dd60/MethylationProfiling/af307cae-f3b7-46d8-8276-4ef30b7064d4/call-CpgPileup/HG02148.hap2.bed.gz?generation=1777750028469837	3	GGiMWQ==	El6lhm1cvuyXJ0Y5PKYxtg==	CM2Myfeqm5QDEAM=
HG02148	hap2_bed_index	cpg_hap2_bed_idx	gs://fc-fd42e80c-b41e-4e60-a9cf-b7c0ade168c4/submissions/a1e9b9ce-0d67-4d42-b107-b9821f44dd60/MethylationProfiling/af307cae-f3b7-46d8-8276-4ef30b7064d4/call-CpgPileup/HG02148.hap2.bed.gz.tbi	1777750030356256	1509533	md5_base64	wP0Vwngbj5XK7GZz2scmZg==	2026-05-02T19:27:10.360Z	2026-06-03T14:40:56.636Z	gs://fc-fd42e80c-b41e-4e60-a9cf-b7c0ade168c4/submissions/a1e9b9ce-0d67-4d42-b107-b9821f44dd60/MethylationProfiling/af307cae-f3b7-46d8-8276-4ef30b7064d4/call-CpgPileup/HG02148.hap2.bed.gz.tbi?generation=1777750030356256	3	g0hFzQ==	wP0Vwngbj5XK7GZz2scmZg==	CKCevPiqm5QDEAM=
HG02155	combined_bed	cpg_combined_bed	gs://fc-fd42e80c-b41e-4e60-a9cf-b7c0ade168c4/submissions/a1e9b9ce-0d67-4d42-b107-b9821f44dd60/MethylationProfiling/9311964d-afe8-43a3-8557-3f53a6bfe87f/call-CpgPileup/HG02155.combined.bed.gz	1777749746700580	362397128	md5_base64	qwQUe1+F2j1n/ndjTlM4Bw==	2026-05-02T19:22:26.704Z	2026-06-03T15:38:13.746Z	gs://fc-fd42e80c-b41e-4e60-a9cf-b7c0ade168c4/submissions/a1e9b9ce-0d67-4d42-b107-b9821f44dd60/MethylationProfiling/9311964d-afe8-43a3-8557-3f53a6bfe87f/call-CpgPileup/HG02155.combined.bed.gz?generation=1777749746700580	4	dV/hwA==	qwQUe1+F2j1n/ndjTlM4Bw==	CKSim/Gpm5QDEAQ=
HG02155	combined_bed_index	independently_verified_combined_bed_index	gs://fc-fd42e80c-b41e-4e60-a9cf-b7c0ade168c4/submissions/a1e9b9ce-0d67-4d42-b107-b9821f44dd60/MethylationProfiling/9311964d-afe8-43a3-8557-3f53a6bfe87f/call-CpgPileup/HG02155.combined.bed.gz.tbi	1777749739742437	1685599	md5_base64	O/6H3FPQcqxfphOF+odSLA==	2026-05-02T19:22:19.746Z	2026-06-02T20:13:16.815Z	gs://fc-fd42e80c-b41e-4e60-a9cf-b7c0ade168c4/submissions/a1e9b9ce-0d67-4d42-b107-b9821f44dd60/MethylationProfiling/9311964d-afe8-43a3-8557-3f53a6bfe87f/call-CpgPileup/HG02155.combined.bed.gz.tbi?generation=1777749739742437	2	pKLMdw==	O/6H3FPQcqxfphOF+odSLA==	COXJ8u2pm5QDEAI=
HG02155	hap1_bed	cpg_hap1_bed	gs://fc-fd42e80c-b41e-4e60-a9cf-b7c0ade168c4/submissions/a1e9b9ce-0d67-4d42-b107-b9821f44dd60/MethylationProfiling/9311964d-afe8-43a3-8557-3f53a6bfe87f/call-CpgPileup/HG02155.hap1.bed.gz	1777749735922071	315846518	md5_base64	08rTSZA7U1b7lu1M5BYacw==	2026-05-02T19:22:15.925Z	2026-06-03T15:03:06.182Z	gs://fc-fd42e80c-b41e-4e60-a9cf-b7c0ade168c4/submissions/a1e9b9ce-0d67-4d42-b107-b9821f44dd60/MethylationProfiling/9311964d-afe8-43a3-8557-3f53a6bfe87f/call-CpgPileup/HG02155.hap1.bed.gz?generation=1777749735922071	3	5o/hPw==	08rTSZA7U1b7lu1M5BYacw==	CJezieypm5QDEAM=
HG02155	hap1_bed_index	cpg_hap1_bed_idx	gs://fc-fd42e80c-b41e-4e60-a9cf-b7c0ade168c4/submissions/a1e9b9ce-0d67-4d42-b107-b9821f44dd60/MethylationProfiling/9311964d-afe8-43a3-8557-3f53a6bfe87f/call-CpgPileup/HG02155.hap1.bed.gz.tbi	1777749737887390	1644187	md5_base64	M0yAYtUbAQZ8AtqoSP3iNw==	2026-05-02T19:22:17.891Z	2026-06-03T15:45:00.701Z	gs://fc-fd42e80c-b41e-4e60-a9cf-b7c0ade168c4/submissions/a1e9b9ce-0d67-4d42-b107-b9821f44dd60/MethylationProfiling/9311964d-afe8-43a3-8557-3f53a6bfe87f/call-CpgPileup/HG02155.hap1.bed.gz.tbi?generation=1777749737887390	3	Xl6k3g==	M0yAYtUbAQZ8AtqoSP3iNw==	CJ6tge2pm5QDEAM=
HG02155	hap2_bed	cpg_hap2_bed	gs://fc-fd42e80c-b41e-4e60-a9cf-b7c0ade168c4/submissions/a1e9b9ce-0d67-4d42-b107-b9821f44dd60/MethylationProfiling/9311964d-afe8-43a3-8557-3f53a6bfe87f/call-CpgPileup/HG02155.hap2.bed.gz	1777749753385483	315507057	md5_base64	n7kZdq7PdfaDsKSazTk0Ig==	2026-05-02T19:22:33.390Z	2026-06-02T20:09:14.065Z	gs://fc-fd42e80c-b41e-4e60-a9cf-b7c0ade168c4/submissions/a1e9b9ce-0d67-4d42-b107-b9821f44dd60/MethylationProfiling/9311964d-afe8-43a3-8557-3f53a6bfe87f/call-CpgPileup/HG02155.hap2.bed.gz?generation=1777749753385483	2	gLcuKg==	n7kZdq7PdfaDsKSazTk0Ig==	CIuks/Spm5QDEAI=
HG02155	hap2_bed_index	cpg_hap2_bed_idx	gs://fc-fd42e80c-b41e-4e60-a9cf-b7c0ade168c4/submissions/a1e9b9ce-0d67-4d42-b107-b9821f44dd60/MethylationProfiling/9311964d-afe8-43a3-8557-3f53a6bfe87f/call-CpgPileup/HG02155.hap2.bed.gz.tbi	1777749726923568	1643926	md5_base64	MzomBzLrdRj7GpJ5PcDUTQ==	2026-05-02T19:22:06.927Z	2026-06-03T14:28:57.657Z	gs://fc-fd42e80c-b41e-4e60-a9cf-b7c0ade168c4/submissions/a1e9b9ce-0d67-4d42-b107-b9821f44dd60/MethylationProfiling/9311964d-afe8-43a3-8557-3f53a6bfe87f/call-CpgPileup/HG02155.hap2.bed.gz.tbi?generation=1777749726923568	3	/6LvRw==	MzomBzLrdRj7GpJ5PcDUTQ==	CLCW5Oepm5QDEAM=
HG02165	combined_bed	cpg_combined_bed	gs://fc-fd42e80c-b41e-4e60-a9cf-b7c0ade168c4/submissions/a1e9b9ce-0d67-4d42-b107-b9821f44dd60/MethylationProfiling/db3ce793-39f3-47c5-9971-88c75683f481/call-CpgPileup/HG02165.combined.bed.gz	1777749836674272	336416075	md5_base64	9fQ45HTj+0QIe0p6bvSCpQ==	2026-05-02T19:23:56.680Z	2026-06-03T15:11:07.290Z	gs://fc-fd42e80c-b41e-4e60-a9cf-b7c0ade168c4/submissions/a1e9b9ce-0d67-4d42-b107-b9821f44dd60/MethylationProfiling/db3ce793-39f3-47c5-9971-88c75683f481/call-CpgPileup/HG02165.combined.bed.gz?generation=1777749836674272	3	9mZ7pw==	9fQ45HTj+0QIe0p6bvSCpQ==	CODpjpyqm5QDEAM=
HG02165	combined_bed_index	independently_verified_combined_bed_index	gs://fc-fd42e80c-b41e-4e60-a9cf-b7c0ade168c4/submissions/a1e9b9ce-0d67-4d42-b107-b9821f44dd60/MethylationProfiling/db3ce793-39f3-47c5-9971-88c75683f481/call-CpgPileup/HG02165.combined.bed.gz.tbi	1777749827310552	1683399	md5_base64	gSsoYsuB1lbwVKvyPVCYhQ==	2026-05-02T19:23:47.313Z	2026-06-03T15:12:02.774Z	gs://fc-fd42e80c-b41e-4e60-a9cf-b7c0ade168c4/submissions/a1e9b9ce-0d67-4d42-b107-b9821f44dd60/MethylationProfiling/db3ce793-39f3-47c5-9971-88c75683f481/call-CpgPileup/HG02165.combined.bed.gz.tbi?generation=1777749827310552	3	B2P3oQ==	gSsoYsuB1lbwVKvyPVCYhQ==	CNin05eqm5QDEAM=
HG02165	hap1_bed	cpg_hap1_bed	gs://fc-fd42e80c-b41e-4e60-a9cf-b7c0ade168c4/submissions/a1e9b9ce-0d67-4d42-b107-b9821f44dd60/MethylationProfiling/db3ce793-39f3-47c5-9971-88c75683f481/call-CpgPileup/HG02165.hap1.bed.gz	1777749825466914	294505511	md5_base64	IA40zw3+xy79zrKJCIKvIg==	2026-05-02T19:23:45.470Z	2026-06-02T19:58:13.596Z	gs://fc-fd42e80c-b41e-4e60-a9cf-b7c0ade168c4/submissions/a1e9b9ce-0d67-4d42-b107-b9821f44dd60/MethylationProfiling/db3ce793-39f3-47c5-9971-88c75683f481/call-CpgPileup/HG02165.hap1.bed.gz?generation=1777749825466914	2	D8Gd6w==	IA40zw3+xy79zrKJCIKvIg==	CKLk4paqm5QDEAI=
HG02165	hap1_bed_index	cpg_hap1_bed_idx	gs://fc-fd42e80c-b41e-4e60-a9cf-b7c0ade168c4/submissions/a1e9b9ce-0d67-4d42-b107-b9821f44dd60/MethylationProfiling/db3ce793-39f3-47c5-9971-88c75683f481/call-CpgPileup/HG02165.hap1.bed.gz.tbi	1777749829313460	1643704	md5_base64	pIZSvkFQ6Gov8B0ML690nw==	2026-05-02T19:23:49.316Z	2026-06-03T15:19:08.909Z	gs://fc-fd42e80c-b41e-4e60-a9cf-b7c0ade168c4/submissions/a1e9b9ce-0d67-4d42-b107-b9821f44dd60/MethylationProfiling/db3ce793-39f3-47c5-9971-88c75683f481/call-CpgPileup/HG02165.hap1.bed.gz.tbi?generation=1777749829313460	3	TW3E7Q==	pIZSvkFQ6Gov8B0ML690nw==	CLTHzZiqm5QDEAM=
HG02165	hap2_bed	cpg_hap2_bed	gs://fc-fd42e80c-b41e-4e60-a9cf-b7c0ade168c4/submissions/a1e9b9ce-0d67-4d42-b107-b9821f44dd60/MethylationProfiling/db3ce793-39f3-47c5-9971-88c75683f481/call-CpgPileup/HG02165.hap2.bed.gz	1777749817963405	294031874	md5_base64	CkeBUgsIFqb/nD2YlKzxTg==	2026-05-02T19:23:37.967Z	2026-06-03T15:25:57.595Z	gs://fc-fd42e80c-b41e-4e60-a9cf-b7c0ade168c4/submissions/a1e9b9ce-0d67-4d42-b107-b9821f44dd60/MethylationProfiling/db3ce793-39f3-47c5-9971-88c75683f481/call-CpgPileup/HG02165.hap2.bed.gz?generation=1777749817963405	3	XU/K7w==	CkeBUgsIFqb/nD2YlKzxTg==	CI3nmJOqm5QDEAM=
HG02165	hap2_bed_index	cpg_hap2_bed_idx	gs://fc-fd42e80c-b41e-4e60-a9cf-b7c0ade168c4/submissions/a1e9b9ce-0d67-4d42-b107-b9821f44dd60/MethylationProfiling/db3ce793-39f3-47c5-9971-88c75683f481/call-CpgPileup/HG02165.hap2.bed.gz.tbi	1777749831161376	1643143	md5_base64	77rgcaY4d+VkfWtUI9Dqog==	2026-05-02T19:23:51.164Z	2026-06-02T19:53:11.371Z	gs://fc-fd42e80c-b41e-4e60-a9cf-b7c0ade168c4/submissions/a1e9b9ce-0d67-4d42-b107-b9821f44dd60/MethylationProfiling/db3ce793-39f3-47c5-9971-88c75683f481/call-CpgPileup/HG02165.hap2.bed.gz.tbi?generation=1777749831161376	2	MgyW2g==	77rgcaY4d+VkfWtUI9Dqog==	CKCsvpmqm5QDEAI=
HG02178	combined_bed	cpg_combined_bed	gs://fc-fd42e80c-b41e-4e60-a9cf-b7c0ade168c4/submissions/a1e9b9ce-0d67-4d42-b107-b9821f44dd60/MethylationProfiling/17aef2f5-c877-4955-b9fc-b887b3d53d7a/call-CpgPileup/HG02178.combined.bed.gz	1777748676150584	332732601	md5_base64	3TGAPaIgdorA5clXucUY3g==	2026-05-02T19:04:36.156Z	2026-06-03T15:13:00.227Z	gs://fc-fd42e80c-b41e-4e60-a9cf-b7c0ade168c4/submissions/a1e9b9ce-0d67-4d42-b107-b9821f44dd60/MethylationProfiling/17aef2f5-c877-4955-b9fc-b887b3d53d7a/call-CpgPileup/HG02178.combined.bed.gz?generation=1777748676150584	3	GWPPAw==	3TGAPaIgdorA5clXucUY3g==	CLiK3vKlm5QDEAM=
HG02178	combined_bed_index	independently_verified_combined_bed_index	gs://fc-fd42e80c-b41e-4e60-a9cf-b7c0ade168c4/submissions/a1e9b9ce-0d67-4d42-b107-b9821f44dd60/MethylationProfiling/17aef2f5-c877-4955-b9fc-b887b3d53d7a/call-CpgPileup/HG02178.combined.bed.gz.tbi	1777748632788193	1683758	md5_base64	vwAUEDLquD5u7z+0pJt7KA==	2026-05-02T19:03:52.792Z	2026-06-03T14:47:06.059Z	gs://fc-fd42e80c-b41e-4e60-a9cf-b7c0ade168c4/submissions/a1e9b9ce-0d67-4d42-b107-b9821f44dd60/MethylationProfiling/17aef2f5-c877-4955-b9fc-b887b3d53d7a/call-CpgPileup/HG02178.combined.bed.gz.tbi?generation=1777748632788193	3	oYz2wg==	vwAUEDLquD5u7z+0pJt7KA==	COG5h96lm5QDEAM=
HG02178	hap1_bed	cpg_hap1_bed	gs://fc-fd42e80c-b41e-4e60-a9cf-b7c0ade168c4/submissions/a1e9b9ce-0d67-4d42-b107-b9821f44dd60/MethylationProfiling/17aef2f5-c877-4955-b9fc-b887b3d53d7a/call-CpgPileup/HG02178.hap1.bed.gz	1777748665392710	294272978	md5_base64	KhXlUxeKapezQmmI1MytKw==	2026-05-02T19:04:25.396Z	2026-06-03T15:43:22.843Z	gs://fc-fd42e80c-b41e-4e60-a9cf-b7c0ade168c4/submissions/a1e9b9ce-0d67-4d42-b107-b9821f44dd60/MethylationProfiling/17aef2f5-c877-4955-b9fc-b887b3d53d7a/call-CpgPileup/HG02178.hap1.bed.gz?generation=1777748665392710	3	YxCa6g==	KhXlUxeKapezQmmI1MytKw==	CMa8ze2lm5QDEAM=
HG02178	hap1_bed_index	cpg_hap1_bed_idx	gs://fc-fd42e80c-b41e-4e60-a9cf-b7c0ade168c4/submissions/a1e9b9ce-0d67-4d42-b107-b9821f44dd60/MethylationProfiling/17aef2f5-c877-4955-b9fc-b887b3d53d7a/call-CpgPileup/HG02178.hap1.bed.gz.tbi	1777748667261092	1645141	md5_base64	oCpjhYd3Jt5Ne61GhvF/9g==	2026-05-02T19:04:27.264Z	2026-06-02T20:35:24.845Z	gs://fc-fd42e80c-b41e-4e60-a9cf-b7c0ade168c4/submissions/a1e9b9ce-0d67-4d42-b107-b9821f44dd60/MethylationProfiling/17aef2f5-c877-4955-b9fc-b887b3d53d7a/call-CpgPileup/HG02178.hap1.bed.gz.tbi?generation=1777748667261092	2	z8dzqA==	oCpjhYd3Jt5Ne61GhvF/9g==	CKTBv+6lm5QDEAI=
HG02178	hap2_bed	cpg_hap2_bed	gs://fc-fd42e80c-b41e-4e60-a9cf-b7c0ade168c4/submissions/a1e9b9ce-0d67-4d42-b107-b9821f44dd60/MethylationProfiling/17aef2f5-c877-4955-b9fc-b887b3d53d7a/call-CpgPileup/HG02178.hap2.bed.gz	1777748649561040	294155141	md5_base64	yY1OEdk98+8KmC9W2FlhpA==	2026-05-02T19:04:09.565Z	2026-06-02T20:31:58.464Z	gs://fc-fd42e80c-b41e-4e60-a9cf-b7c0ade168c4/submissions/a1e9b9ce-0d67-4d42-b107-b9821f44dd60/MethylationProfiling/17aef2f5-c877-4955-b9fc-b887b3d53d7a/call-CpgPileup/HG02178.hap2.bed.gz?generation=1777748649561040	2	y2CjKw==	yY1OEdk98+8KmC9W2FlhpA==	CNCXh+alm5QDEAI=
HG02178	hap2_bed_index	cpg_hap2_bed_idx	gs://fc-fd42e80c-b41e-4e60-a9cf-b7c0ade168c4/submissions/a1e9b9ce-0d67-4d42-b107-b9821f44dd60/MethylationProfiling/17aef2f5-c877-4955-b9fc-b887b3d53d7a/call-CpgPileup/HG02178.hap2.bed.gz.tbi	1777748634638069	1645200	md5_base64	mpX7fU6TBExErBeBp284FQ==	2026-05-02T19:03:54.641Z	2026-06-03T14:30:13.832Z	gs://fc-fd42e80c-b41e-4e60-a9cf-b7c0ade168c4/submissions/a1e9b9ce-0d67-4d42-b107-b9821f44dd60/MethylationProfiling/17aef2f5-c877-4955-b9fc-b887b3d53d7a/call-CpgPileup/HG02178.hap2.bed.gz.tbi?generation=1777748634638069	3	0qNbjw==	mpX7fU6TBExErBeBp284FQ==	CPWt+N6lm5QDEAM=
HG02257	combined_bed	cpg_combined_bed	gs://fc-fd42e80c-b41e-4e60-a9cf-b7c0ade168c4/submissions/569a9e19-4a00-4d9c-98ff-6de0000f6e8f/MethylationProfiling/9d9728a4-9bb3-41ef-9cf4-70b148ec4d94/call-CpgPileup/HG02257.combined.bed.gz	1777763116496772	299018945	md5_base64	G9oSp3/22Fnw9AWOuETBDw==	2026-05-02T23:05:16.502Z	2026-06-02T19:51:13.155Z	gs://fc-fd42e80c-b41e-4e60-a9cf-b7c0ade168c4/submissions/569a9e19-4a00-4d9c-98ff-6de0000f6e8f/MethylationProfiling/9d9728a4-9bb3-41ef-9cf4-70b148ec4d94/call-CpgPileup/HG02257.combined.bed.gz?generation=1777763116496772	2	cFOSVA==	G9oSp3/22Fnw9AWOuETBDw==	CITvttjbm5QDEAI=
HG02257	combined_bed_index	independently_verified_combined_bed_index	gs://fc-fd42e80c-b41e-4e60-a9cf-b7c0ade168c4/submissions/569a9e19-4a00-4d9c-98ff-6de0000f6e8f/MethylationProfiling/9d9728a4-9bb3-41ef-9cf4-70b148ec4d94/call-CpgPileup/HG02257.combined.bed.gz.tbi	1777763108990156	1677480	md5_base64	1rEZHycCwO1kfID/zGuoXg==	2026-05-02T23:05:08.994Z	2026-06-02T20:17:12.618Z	gs://fc-fd42e80c-b41e-4e60-a9cf-b7c0ade168c4/submissions/569a9e19-4a00-4d9c-98ff-6de0000f6e8f/MethylationProfiling/9d9728a4-9bb3-41ef-9cf4-70b148ec4d94/call-CpgPileup/HG02257.combined.bed.gz.tbi?generation=1777763108990156	2	faY9LQ==	1rEZHycCwO1kfID/zGuoXg==	CMzZ7NTbm5QDEAI=
HG02257	hap1_bed	cpg_hap1_bed	gs://fc-fd42e80c-b41e-4e60-a9cf-b7c0ade168c4/submissions/569a9e19-4a00-4d9c-98ff-6de0000f6e8f/MethylationProfiling/9d9728a4-9bb3-41ef-9cf4-70b148ec4d94/call-CpgPileup/HG02257.hap1.bed.gz	1777763129174602	259707827	md5_base64	1RbjqeU7jcJw7/L7d/MJTQ==	2026-05-02T23:05:29.179Z	2026-06-03T14:35:03.358Z	gs://fc-fd42e80c-b41e-4e60-a9cf-b7c0ade168c4/submissions/569a9e19-4a00-4d9c-98ff-6de0000f6e8f/MethylationProfiling/9d9728a4-9bb3-41ef-9cf4-70b148ec4d94/call-CpgPileup/HG02257.hap1.bed.gz?generation=1777763129174602	3	D9tS5g==	1RbjqeU7jcJw7/L7d/MJTQ==	CMrUvN7bm5QDEAM=
HG02257	hap1_bed_index	cpg_hap1_bed_idx	gs://fc-fd42e80c-b41e-4e60-a9cf-b7c0ade168c4/submissions/569a9e19-4a00-4d9c-98ff-6de0000f6e8f/MethylationProfiling/9d9728a4-9bb3-41ef-9cf4-70b148ec4d94/call-CpgPileup/HG02257.hap1.bed.gz.tbi	1777763118451477	1644746	md5_base64	dBuaZ0k1d90NW8d8lf9O0g==	2026-05-02T23:05:18.455Z	2026-06-02T19:58:02.199Z	gs://fc-fd42e80c-b41e-4e60-a9cf-b7c0ade168c4/submissions/569a9e19-4a00-4d9c-98ff-6de0000f6e8f/MethylationProfiling/9d9728a4-9bb3-41ef-9cf4-70b148ec4d94/call-CpgPileup/HG02257.hap1.bed.gz.tbi?generation=1777763118451477	2	uyoCLg==	dBuaZ0k1d90NW8d8lf9O0g==	CJWWrtnbm5QDEAI=
HG02257	hap2_bed	cpg_hap2_bed	gs://fc-fd42e80c-b41e-4e60-a9cf-b7c0ade168c4/submissions/569a9e19-4a00-4d9c-98ff-6de0000f6e8f/MethylationProfiling/9d9728a4-9bb3-41ef-9cf4-70b148ec4d94/call-CpgPileup/HG02257.hap2.bed.gz	1777763124096832	259809993	md5_base64	ngzbOUZFmrBObZhP3Sllvg==	2026-05-02T23:05:24.102Z	2026-06-03T15:04:04.666Z	gs://fc-fd42e80c-b41e-4e60-a9cf-b7c0ade168c4/submissions/569a9e19-4a00-4d9c-98ff-6de0000f6e8f/MethylationProfiling/9d9728a4-9bb3-41ef-9cf4-70b148ec4d94/call-CpgPileup/HG02257.hap2.bed.gz?generation=1777763124096832	3	KfIchA==	ngzbOUZFmrBObZhP3Sllvg==	CMDehtzbm5QDEAM=
HG02257	hap2_bed_index	cpg_hap2_bed_idx	gs://fc-fd42e80c-b41e-4e60-a9cf-b7c0ade168c4/submissions/569a9e19-4a00-4d9c-98ff-6de0000f6e8f/MethylationProfiling/9d9728a4-9bb3-41ef-9cf4-70b148ec4d94/call-CpgPileup/HG02257.hap2.bed.gz.tbi	1777763110975951	1644129	md5_base64	0oJW364EUJCIwLnR0L9ZeQ==	2026-05-02T23:05:10.980Z	2026-06-03T14:44:58.557Z	gs://fc-fd42e80c-b41e-4e60-a9cf-b7c0ade168c4/submissions/569a9e19-4a00-4d9c-98ff-6de0000f6e8f/MethylationProfiling/9d9728a4-9bb3-41ef-9cf4-70b148ec4d94/call-CpgPileup/HG02257.hap2.bed.gz.tbi?generation=1777763110975951	3	Jfhfcg==	0oJW364EUJCIwLnR0L9ZeQ==	CM/z5dXbm5QDEAM=
HG02258	combined_bed	cpg_combined_bed	gs://fc-fd42e80c-b41e-4e60-a9cf-b7c0ade168c4/submissions/a1e9b9ce-0d67-4d42-b107-b9821f44dd60/MethylationProfiling/3fee3fc5-f664-4f2f-b4d4-6d56319379b4/call-CpgPileup/HG02258.combined.bed.gz	1777749935905330	362415976	md5_base64	5WNrWRKIhe7+hp33xXp8pA==	2026-05-02T19:25:35.909Z	2026-06-02T20:32:53.712Z	gs://fc-fd42e80c-b41e-4e60-a9cf-b7c0ade168c4/submissions/a1e9b9ce-0d67-4d42-b107-b9821f44dd60/MethylationProfiling/3fee3fc5-f664-4f2f-b4d4-6d56319379b4/call-CpgPileup/HG02258.combined.bed.gz?generation=1777749935905330	2	REZp6Q==	5WNrWRKIhe7+hp33xXp8pA==	CLK0t8uqm5QDEAI=
HG02258	combined_bed_index	independently_verified_combined_bed_index	gs://fc-fd42e80c-b41e-4e60-a9cf-b7c0ade168c4/submissions/a1e9b9ce-0d67-4d42-b107-b9821f44dd60/MethylationProfiling/3fee3fc5-f664-4f2f-b4d4-6d56319379b4/call-CpgPileup/HG02258.combined.bed.gz.tbi	1777749930026218	1694820	md5_base64	SBLS/9JsdL2F2kpuk7amgw==	2026-05-02T19:25:30.030Z	2026-06-02T19:46:03.152Z	gs://fc-fd42e80c-b41e-4e60-a9cf-b7c0ade168c4/submissions/a1e9b9ce-0d67-4d42-b107-b9821f44dd60/MethylationProfiling/3fee3fc5-f664-4f2f-b4d4-6d56319379b4/call-CpgPileup/HG02258.combined.bed.gz.tbi?generation=1777749930026218	2	f5AnQA==	SBLS/9JsdL2F2kpuk7amgw==	COrJ0Miqm5QDEAI=
HG02258	hap1_bed	cpg_hap1_bed	gs://fc-fd42e80c-b41e-4e60-a9cf-b7c0ade168c4/submissions/a1e9b9ce-0d67-4d42-b107-b9821f44dd60/MethylationProfiling/3fee3fc5-f664-4f2f-b4d4-6d56319379b4/call-CpgPileup/HG02258.hap1.bed.gz	1777749945059659	308187112	md5_base64	5qd3Jx3olSBtkpSqI+Pe1A==	2026-05-02T19:25:45.063Z	2026-06-02T20:00:23.619Z	gs://fc-fd42e80c-b41e-4e60-a9cf-b7c0ade168c4/submissions/a1e9b9ce-0d67-4d42-b107-b9821f44dd60/MethylationProfiling/3fee3fc5-f664-4f2f-b4d4-6d56319379b4/call-CpgPileup/HG02258.hap1.bed.gz?generation=1777749945059659	2	lbi34A==	5qd3Jx3olSBtkpSqI+Pe1A==	CMuS5s+qm5QDEAI=
HG02258	hap1_bed_index	cpg_hap1_bed_idx	gs://fc-fd42e80c-b41e-4e60-a9cf-b7c0ade168c4/submissions/a1e9b9ce-0d67-4d42-b107-b9821f44dd60/MethylationProfiling/3fee3fc5-f664-4f2f-b4d4-6d56319379b4/call-CpgPileup/HG02258.hap1.bed.gz.tbi	1777749928216012	1578981	md5_base64	xBB4FPFQJucmIF9eg2BwSw==	2026-05-02T19:25:28.221Z	2026-06-03T15:40:02.969Z	gs://fc-fd42e80c-b41e-4e60-a9cf-b7c0ade168c4/submissions/a1e9b9ce-0d67-4d42-b107-b9821f44dd60/MethylationProfiling/3fee3fc5-f664-4f2f-b4d4-6d56319379b4/call-CpgPileup/HG02258.hap1.bed.gz.tbi?generation=1777749928216012	3	IwQUUw==	xBB4FPFQJucmIF9eg2BwSw==	CMyL4seqm5QDEAM=
HG02258	hap2_bed	cpg_hap2_bed	gs://fc-fd42e80c-b41e-4e60-a9cf-b7c0ade168c4/submissions/a1e9b9ce-0d67-4d42-b107-b9821f44dd60/MethylationProfiling/3fee3fc5-f664-4f2f-b4d4-6d56319379b4/call-CpgPileup/HG02258.hap2.bed.gz	1777749926295101	308181045	md5_base64	3OBwSlsNUIoNnTOJM7cb2A==	2026-05-02T19:25:26.299Z	2026-06-03T16:04:09.819Z	gs://fc-fd42e80c-b41e-4e60-a9cf-b7c0ade168c4/submissions/a1e9b9ce-0d67-4d42-b107-b9821f44dd60/MethylationProfiling/3fee3fc5-f664-4f2f-b4d4-6d56319379b4/call-CpgPileup/HG02258.hap2.bed.gz?generation=1777749926295101	4	o8FFxQ==	3OBwSlsNUIoNnTOJM7cb2A==	CL3s7Maqm5QDEAQ=
HG02258	hap2_bed_index	cpg_hap2_bed_idx	gs://fc-fd42e80c-b41e-4e60-a9cf-b7c0ade168c4/submissions/a1e9b9ce-0d67-4d42-b107-b9821f44dd60/MethylationProfiling/3fee3fc5-f664-4f2f-b4d4-6d56319379b4/call-CpgPileup/HG02258.hap2.bed.gz.tbi	1777749937724835	1579001	md5_base64	QCqdZD7mQethXW7Fl11paw==	2026-05-02T19:25:37.728Z	2026-06-03T15:22:01.709Z	gs://fc-fd42e80c-b41e-4e60-a9cf-b7c0ade168c4/submissions/a1e9b9ce-0d67-4d42-b107-b9821f44dd60/MethylationProfiling/3fee3fc5-f664-4f2f-b4d4-6d56319379b4/call-CpgPileup/HG02258.hap2.bed.gz.tbi?generation=1777749937724835	3	tCeFfQ==	QCqdZD7mQethXW7Fl11paw==	CKO7psyqm5QDEAM=
HG02273	combined_bed	cpg_combined_bed	gs://fc-fd42e80c-b41e-4e60-a9cf-b7c0ade168c4/submissions/a1e9b9ce-0d67-4d42-b107-b9821f44dd60/MethylationProfiling/6ae0e383-b1a8-4e09-be1f-34e0eebbae57/call-CpgPileup/HG02273.combined.bed.gz	1777749411259273	347417205	md5_base64	xrE0RkE5MhYExNJBFGn7RA==	2026-05-02T19:16:51.263Z	2026-06-03T15:54:38.667Z	gs://fc-fd42e80c-b41e-4e60-a9cf-b7c0ade168c4/submissions/a1e9b9ce-0d67-4d42-b107-b9821f44dd60/MethylationProfiling/6ae0e383-b1a8-4e09-be1f-34e0eebbae57/call-CpgPileup/HG02273.combined.bed.gz?generation=1777749411259273	3	Kp3upw==	xrE0RkE5MhYExNJBFGn7RA==	CInHodGom5QDEAM=
HG02273	combined_bed_index	independently_verified_combined_bed_index	gs://fc-fd42e80c-b41e-4e60-a9cf-b7c0ade168c4/submissions/a1e9b9ce-0d67-4d42-b107-b9821f44dd60/MethylationProfiling/6ae0e383-b1a8-4e09-be1f-34e0eebbae57/call-CpgPileup/HG02273.combined.bed.gz.tbi	1777749425077932	1683290	md5_base64	wgydm6qbXofcjxVaxI2JAw==	2026-05-02T19:17:05.081Z	2026-06-03T14:46:02.012Z	gs://fc-fd42e80c-b41e-4e60-a9cf-b7c0ade168c4/submissions/a1e9b9ce-0d67-4d42-b107-b9821f44dd60/MethylationProfiling/6ae0e383-b1a8-4e09-be1f-34e0eebbae57/call-CpgPileup/HG02273.combined.bed.gz.tbi?generation=1777749425077932	3	+HXKlA==	wgydm6qbXofcjxVaxI2JAw==	CKz97Neom5QDEAM=
HG02273	hap1_bed	cpg_hap1_bed	gs://fc-fd42e80c-b41e-4e60-a9cf-b7c0ade168c4/submissions/a1e9b9ce-0d67-4d42-b107-b9821f44dd60/MethylationProfiling/6ae0e383-b1a8-4e09-be1f-34e0eebbae57/call-CpgPileup/HG02273.hap1.bed.gz	1777749403754154	281539322	md5_base64	Y86SHSyRfy/emEeKyyQsYw==	2026-05-02T19:16:43.758Z	2026-06-02T20:24:26.442Z	gs://fc-fd42e80c-b41e-4e60-a9cf-b7c0ade168c4/submissions/a1e9b9ce-0d67-4d42-b107-b9821f44dd60/MethylationProfiling/6ae0e383-b1a8-4e09-be1f-34e0eebbae57/call-CpgPileup/HG02273.hap1.bed.gz?generation=1777749403754154	2	ComaIw==	Y86SHSyRfy/emEeKyyQsYw==	CKq9182om5QDEAI=
HG02273	hap1_bed_index	cpg_hap1_bed_idx	gs://fc-fd42e80c-b41e-4e60-a9cf-b7c0ade168c4/submissions/a1e9b9ce-0d67-4d42-b107-b9821f44dd60/MethylationProfiling/6ae0e383-b1a8-4e09-be1f-34e0eebbae57/call-CpgPileup/HG02273.hap1.bed.gz.tbi	1777749413182427	1552035	md5_base64	XR0zRTje/VlHHrWUCfeC3g==	2026-05-02T19:16:53.190Z	2026-06-02T20:29:58.104Z	gs://fc-fd42e80c-b41e-4e60-a9cf-b7c0ade168c4/submissions/a1e9b9ce-0d67-4d42-b107-b9821f44dd60/MethylationProfiling/6ae0e383-b1a8-4e09-be1f-34e0eebbae57/call-CpgPileup/HG02273.hap1.bed.gz.tbi?generation=1777749413182427	2	QLglEQ==	XR0zRTje/VlHHrWUCfeC3g==	CNv3ltKom5QDEAI=
HG02273	hap2_bed	cpg_hap2_bed	gs://fc-fd42e80c-b41e-4e60-a9cf-b7c0ade168c4/submissions/a1e9b9ce-0d67-4d42-b107-b9821f44dd60/MethylationProfiling/6ae0e383-b1a8-4e09-be1f-34e0eebbae57/call-CpgPileup/HG02273.hap2.bed.gz	1777749423166462	281868574	md5_base64	WKegQ1GtHYxF9M5fDQisoQ==	2026-05-02T19:17:03.170Z	2026-06-02T20:10:46.884Z	gs://fc-fd42e80c-b41e-4e60-a9cf-b7c0ade168c4/submissions/a1e9b9ce-0d67-4d42-b107-b9821f44dd60/MethylationProfiling/6ae0e383-b1a8-4e09-be1f-34e0eebbae57/call-CpgPileup/HG02273.hap2.bed.gz?generation=1777749423166462	2	SQ6DUg==	WKegQ1GtHYxF9M5fDQisoQ==	CP6n+Naom5QDEAI=
HG02273	hap2_bed_index	cpg_hap2_bed_idx	gs://fc-fd42e80c-b41e-4e60-a9cf-b7c0ade168c4/submissions/a1e9b9ce-0d67-4d42-b107-b9821f44dd60/MethylationProfiling/6ae0e383-b1a8-4e09-be1f-34e0eebbae57/call-CpgPileup/HG02273.hap2.bed.gz.tbi	1777749426965098	1553086	md5_base64	PPaP+BYO8vUDeT+pjolKNA==	2026-05-02T19:17:06.969Z	2026-06-03T14:44:58.850Z	gs://fc-fd42e80c-b41e-4e60-a9cf-b7c0ade168c4/submissions/a1e9b9ce-0d67-4d42-b107-b9821f44dd60/MethylationProfiling/6ae0e383-b1a8-4e09-be1f-34e0eebbae57/call-CpgPileup/HG02273.hap2.bed.gz.tbi?generation=1777749426965098	3	fTeRQA==	PPaP+BYO8vUDeT+pjolKNA==	COqU4Niom5QDEAM=
HG02280	combined_bed	cpg_combined_bed	gs://fc-fd42e80c-b41e-4e60-a9cf-b7c0ade168c4/submissions/a1e9b9ce-0d67-4d42-b107-b9821f44dd60/MethylationProfiling/b6c000a5-5d63-40fb-97ad-95100888748a/call-CpgPileup/HG02280.combined.bed.gz	1777750904939124	305890092	md5_base64	eFrugVj31twqNjdNJzzq1w==	2026-05-02T19:41:44.944Z	2026-06-03T15:07:10.582Z	gs://fc-fd42e80c-b41e-4e60-a9cf-b7c0ade168c4/submissions/a1e9b9ce-0d67-4d42-b107-b9821f44dd60/MethylationProfiling/b6c000a5-5d63-40fb-97ad-95100888748a/call-CpgPileup/HG02280.combined.bed.gz?generation=1777750904939124	3	vJT32A==	eFrugVj31twqNjdNJzzq1w==	CPTEwJmum5QDEAM=
HG02280	combined_bed_index	independently_verified_combined_bed_index	gs://fc-fd42e80c-b41e-4e60-a9cf-b7c0ade168c4/submissions/a1e9b9ce-0d67-4d42-b107-b9821f44dd60/MethylationProfiling/b6c000a5-5d63-40fb-97ad-95100888748a/call-CpgPileup/HG02280.combined.bed.gz.tbi	1777750915041528	1680626	md5_base64	zSxJeZccT3gbA5fADBQ8ug==	2026-05-02T19:41:55.045Z	2026-06-02T19:52:11.483Z	gs://fc-fd42e80c-b41e-4e60-a9cf-b7c0ade168c4/submissions/a1e9b9ce-0d67-4d42-b107-b9821f44dd60/MethylationProfiling/b6c000a5-5d63-40fb-97ad-95100888748a/call-CpgPileup/HG02280.combined.bed.gz.tbi?generation=1777750915041528	2	GfMSyQ==	zSxJeZccT3gbA5fADBQ8ug==	CPiRqZ6um5QDEAI=
HG02280	hap1_bed	cpg_hap1_bed	gs://fc-fd42e80c-b41e-4e60-a9cf-b7c0ade168c4/submissions/a1e9b9ce-0d67-4d42-b107-b9821f44dd60/MethylationProfiling/b6c000a5-5d63-40fb-97ad-95100888748a/call-CpgPileup/HG02280.hap1.bed.gz	1777750910991531	272584372	md5_base64	0/eGwQlVkITFpB+FqyHTMg==	2026-05-02T19:41:50.996Z	2026-06-03T14:40:56.636Z	gs://fc-fd42e80c-b41e-4e60-a9cf-b7c0ade168c4/submissions/a1e9b9ce-0d67-4d42-b107-b9821f44dd60/MethylationProfiling/b6c000a5-5d63-40fb-97ad-95100888748a/call-CpgPileup/HG02280.hap1.bed.gz?generation=1777750910991531	3	HD9cBg==	0/eGwQlVkITFpB+FqyHTMg==	CKv5sZyum5QDEAM=
HG02280	hap1_bed_index	cpg_hap1_bed_idx	gs://fc-fd42e80c-b41e-4e60-a9cf-b7c0ade168c4/submissions/a1e9b9ce-0d67-4d42-b107-b9821f44dd60/MethylationProfiling/b6c000a5-5d63-40fb-97ad-95100888748a/call-CpgPileup/HG02280.hap1.bed.gz.tbi	1777750916885191	1659622	md5_base64	s+ZYuvmjXI+PLK+VLaTsBQ==	2026-05-02T19:41:56.891Z	2026-06-02T20:22:14.656Z	gs://fc-fd42e80c-b41e-4e60-a9cf-b7c0ade168c4/submissions/a1e9b9ce-0d67-4d42-b107-b9821f44dd60/MethylationProfiling/b6c000a5-5d63-40fb-97ad-95100888748a/call-CpgPileup/HG02280.hap1.bed.gz.tbi?generation=1777750916885191	2	NzfXGA==	s+ZYuvmjXI+PLK+VLaTsBQ==	CMfVmZ+um5QDEAI=
HG02280	hap2_bed	cpg_hap2_bed	gs://fc-fd42e80c-b41e-4e60-a9cf-b7c0ade168c4/submissions/a1e9b9ce-0d67-4d42-b107-b9821f44dd60/MethylationProfiling/b6c000a5-5d63-40fb-97ad-95100888748a/call-CpgPileup/HG02280.hap2.bed.gz	1777750923757957	272532747	md5_base64	XQ92nhtbocIxWx1fd6U5+g==	2026-05-02T19:42:03.762Z	2026-06-03T15:51:08.367Z	gs://fc-fd42e80c-b41e-4e60-a9cf-b7c0ade168c4/submissions/a1e9b9ce-0d67-4d42-b107-b9821f44dd60/MethylationProfiling/b6c000a5-5d63-40fb-97ad-95100888748a/call-CpgPileup/HG02280.hap2.bed.gz?generation=1777750923757957	3	ucSwhw==	XQ92nhtbocIxWx1fd6U5+g==	CIWTvaKum5QDEAM=
HG02280	hap2_bed_index	cpg_hap2_bed_idx	gs://fc-fd42e80c-b41e-4e60-a9cf-b7c0ade168c4/submissions/a1e9b9ce-0d67-4d42-b107-b9821f44dd60/MethylationProfiling/b6c000a5-5d63-40fb-97ad-95100888748a/call-CpgPileup/HG02280.hap2.bed.gz.tbi	1777750912987715	1659854	md5_base64	zH6S+didgSs4jzt7T0knEA==	2026-05-02T19:41:52.991Z	2026-06-03T14:56:00.135Z	gs://fc-fd42e80c-b41e-4e60-a9cf-b7c0ade168c4/submissions/a1e9b9ce-0d67-4d42-b107-b9821f44dd60/MethylationProfiling/b6c000a5-5d63-40fb-97ad-95100888748a/call-CpgPileup/HG02280.hap2.bed.gz.tbi?generation=1777750912987715	3	RVcLyw==	zH6S+didgSs4jzt7T0knEA==	CMPkq52um5QDEAM=
HG02293	combined_bed	cpg_combined_bed	gs://fc-fd42e80c-b41e-4e60-a9cf-b7c0ade168c4/submissions/a1e9b9ce-0d67-4d42-b107-b9821f44dd60/MethylationProfiling/936b2079-5269-47aa-bd76-faacb56555bd/call-CpgPileup/HG02293.combined.bed.gz	1777750143469352	300869159	md5_base64	8iisYZWFEDSzsT3w0wmAsQ==	2026-05-02T19:29:03.474Z	2026-06-02T19:45:56.949Z	gs://fc-fd42e80c-b41e-4e60-a9cf-b7c0ade168c4/submissions/a1e9b9ce-0d67-4d42-b107-b9821f44dd60/MethylationProfiling/936b2079-5269-47aa-bd76-faacb56555bd/call-CpgPileup/HG02293.combined.bed.gz?generation=1777750143469352	2	RsiNMg==	8iisYZWFEDSzsT3w0wmAsQ==	CKiOtK6rm5QDEAI=
HG02293	combined_bed_index	independently_verified_combined_bed_index	gs://fc-fd42e80c-b41e-4e60-a9cf-b7c0ade168c4/submissions/a1e9b9ce-0d67-4d42-b107-b9821f44dd60/MethylationProfiling/936b2079-5269-47aa-bd76-faacb56555bd/call-CpgPileup/HG02293.combined.bed.gz.tbi	1777750160369135	1677574	md5_base64	GrwTwvXFCySchSshTupeoA==	2026-05-02T19:29:20.372Z	2026-06-03T15:03:00.819Z	gs://fc-fd42e80c-b41e-4e60-a9cf-b7c0ade168c4/submissions/a1e9b9ce-0d67-4d42-b107-b9821f44dd60/MethylationProfiling/936b2079-5269-47aa-bd76-faacb56555bd/call-CpgPileup/HG02293.combined.bed.gz.tbi?generation=1777750160369135	3	qG7Qqg==	GrwTwvXFCySchSshTupeoA==	CO/Lu7arm5QDEAM=
HG02293	hap1_bed	cpg_hap1_bed	gs://fc-fd42e80c-b41e-4e60-a9cf-b7c0ade168c4/submissions/a1e9b9ce-0d67-4d42-b107-b9821f44dd60/MethylationProfiling/936b2079-5269-47aa-bd76-faacb56555bd/call-CpgPileup/HG02293.hap1.bed.gz	1777750158430395	237896244	md5_base64	5rm5PL/Qs2mpCT/tVK33tQ==	2026-05-02T19:29:18.436Z	2026-06-03T15:46:04.599Z	gs://fc-fd42e80c-b41e-4e60-a9cf-b7c0ade168c4/submissions/a1e9b9ce-0d67-4d42-b107-b9821f44dd60/MethylationProfiling/936b2079-5269-47aa-bd76-faacb56555bd/call-CpgPileup/HG02293.hap1.bed.gz?generation=1777750158430395	3	yL8nqQ==	5rm5PL/Qs2mpCT/tVK33tQ==	CLuhxbWrm5QDEAM=
HG02293	hap1_bed_index	cpg_hap1_bed_idx	gs://fc-fd42e80c-b41e-4e60-a9cf-b7c0ade168c4/submissions/a1e9b9ce-0d67-4d42-b107-b9821f44dd60/MethylationProfiling/936b2079-5269-47aa-bd76-faacb56555bd/call-CpgPileup/HG02293.hap1.bed.gz.tbi	1777750147339370	1550449	md5_base64	rwAwfFVkW1MI99RVTzk5vA==	2026-05-02T19:29:07.343Z	2026-06-03T15:08:02.141Z	gs://fc-fd42e80c-b41e-4e60-a9cf-b7c0ade168c4/submissions/a1e9b9ce-0d67-4d42-b107-b9821f44dd60/MethylationProfiling/936b2079-5269-47aa-bd76-faacb56555bd/call-CpgPileup/HG02293.hap1.bed.gz.tbi?generation=1777750147339370	3	23f2/Q==	rwAwfFVkW1MI99RVTzk5vA==	COqooLCrm5QDEAM=
HG02293	hap2_bed	cpg_hap2_bed	gs://fc-fd42e80c-b41e-4e60-a9cf-b7c0ade168c4/submissions/a1e9b9ce-0d67-4d42-b107-b9821f44dd60/MethylationProfiling/936b2079-5269-47aa-bd76-faacb56555bd/call-CpgPileup/HG02293.hap2.bed.gz	1777750154244065	237056662	md5_base64	jV3fyDuiml0VeAP/IACAFQ==	2026-05-02T19:29:14.249Z	2026-06-03T15:07:12.154Z	gs://fc-fd42e80c-b41e-4e60-a9cf-b7c0ade168c4/submissions/a1e9b9ce-0d67-4d42-b107-b9821f44dd60/MethylationProfiling/936b2079-5269-47aa-bd76-faacb56555bd/call-CpgPileup/HG02293.hap2.bed.gz?generation=1777750154244065	3	apzrrg==	jV3fyDuiml0VeAP/IACAFQ==	COHfxbOrm5QDEAM=
HG02293	hap2_bed_index	cpg_hap2_bed_idx	gs://fc-fd42e80c-b41e-4e60-a9cf-b7c0ade168c4/submissions/a1e9b9ce-0d67-4d42-b107-b9821f44dd60/MethylationProfiling/936b2079-5269-47aa-bd76-faacb56555bd/call-CpgPileup/HG02293.hap2.bed.gz.tbi	1777750145408671	1545763	md5_base64	BN/j4kpzO9SxaQvaT9dhwQ==	2026-05-02T19:29:05.413Z	2026-06-03T15:30:50.012Z	gs://fc-fd42e80c-b41e-4e60-a9cf-b7c0ade168c4/submissions/a1e9b9ce-0d67-4d42-b107-b9821f44dd60/MethylationProfiling/936b2079-5269-47aa-bd76-faacb56555bd/call-CpgPileup/HG02293.hap2.bed.gz.tbi?generation=1777750145408671	3	TgVX6w==	BN/j4kpzO9SxaQvaT9dhwQ==	CJ+9qq+rm5QDEAM=
HG02300	combined_bed	cpg_combined_bed	gs://fc-fd42e80c-b41e-4e60-a9cf-b7c0ade168c4/submissions/a1e9b9ce-0d67-4d42-b107-b9821f44dd60/MethylationProfiling/b16a1e3b-2269-4115-bb60-ab232cef736d/call-CpgPileup/HG02300.combined.bed.gz	1777750225027966	305148344	md5_base64	WKNpbgi0UQx0mbIG3ioViQ==	2026-05-02T19:30:25.032Z	2026-06-02T19:58:03.970Z	gs://fc-fd42e80c-b41e-4e60-a9cf-b7c0ade168c4/submissions/a1e9b9ce-0d67-4d42-b107-b9821f44dd60/MethylationProfiling/b16a1e3b-2269-4115-bb60-ab232cef736d/call-CpgPileup/HG02300.combined.bed.gz?generation=1777750225027966	2	33yCoA==	WKNpbgi0UQx0mbIG3ioViQ==	CP6GptWrm5QDEAI=
HG02300	combined_bed_index	independently_verified_combined_bed_index	gs://fc-fd42e80c-b41e-4e60-a9cf-b7c0ade168c4/submissions/a1e9b9ce-0d67-4d42-b107-b9821f44dd60/MethylationProfiling/b16a1e3b-2269-4115-bb60-ab232cef736d/call-CpgPileup/HG02300.combined.bed.gz.tbi	1777750208585112	1677955	md5_base64	U96yJJBLdG456JJpEI0T9g==	2026-05-02T19:30:08.589Z	2026-06-02T20:30:10.437Z	gs://fc-fd42e80c-b41e-4e60-a9cf-b7c0ade168c4/submissions/a1e9b9ce-0d67-4d42-b107-b9821f44dd60/MethylationProfiling/b16a1e3b-2269-4115-bb60-ab232cef736d/call-CpgPileup/HG02300.combined.bed.gz.tbi?generation=1777750208585112	2	Zq4aag==	U96yJJBLdG456JJpEI0T9g==	CJi7us2rm5QDEAI=
HG02300	hap1_bed	cpg_hap1_bed	gs://fc-fd42e80c-b41e-4e60-a9cf-b7c0ade168c4/submissions/a1e9b9ce-0d67-4d42-b107-b9821f44dd60/MethylationProfiling/b16a1e3b-2269-4115-bb60-ab232cef736d/call-CpgPileup/HG02300.hap1.bed.gz	1777750206682797	245256003	md5_base64	lCgj3BiqK1YWKH2l6ghOqQ==	2026-05-02T19:30:06.687Z	2026-06-03T15:08:03.853Z	gs://fc-fd42e80c-b41e-4e60-a9cf-b7c0ade168c4/submissions/a1e9b9ce-0d67-4d42-b107-b9821f44dd60/MethylationProfiling/b16a1e3b-2269-4115-bb60-ab232cef736d/call-CpgPileup/HG02300.hap1.bed.gz?generation=1777750206682797	3	ugLsyw==	lCgj3BiqK1YWKH2l6ghOqQ==	CK2txsyrm5QDEAM=
HG02300	hap1_bed_index	cpg_hap1_bed_idx	gs://fc-fd42e80c-b41e-4e60-a9cf-b7c0ade168c4/submissions/a1e9b9ce-0d67-4d42-b107-b9821f44dd60/MethylationProfiling/b16a1e3b-2269-4115-bb60-ab232cef736d/call-CpgPileup/HG02300.hap1.bed.gz.tbi	1777750227068407	1517764	md5_base64	JhjIp8RJW+yKnpLpicEdLQ==	2026-05-02T19:30:27.072Z	2026-06-03T15:48:04.159Z	gs://fc-fd42e80c-b41e-4e60-a9cf-b7c0ade168c4/submissions/a1e9b9ce-0d67-4d42-b107-b9821f44dd60/MethylationProfiling/b16a1e3b-2269-4115-bb60-ab232cef736d/call-CpgPileup/HG02300.hap1.bed.gz.tbi?generation=1777750227068407	3	F8Ju1Q==	JhjIp8RJW+yKnpLpicEdLQ==	CPfLotarm5QDEAM=
HG02300	hap2_bed	cpg_hap2_bed	gs://fc-fd42e80c-b41e-4e60-a9cf-b7c0ade168c4/submissions/a1e9b9ce-0d67-4d42-b107-b9821f44dd60/MethylationProfiling/b16a1e3b-2269-4115-bb60-ab232cef736d/call-CpgPileup/HG02300.hap2.bed.gz	1777750238379939	244678207	md5_base64	ylzqI0eNK24AGJdd5VjesQ==	2026-05-02T19:30:38.385Z	2026-06-02T20:03:28.172Z	gs://fc-fd42e80c-b41e-4e60-a9cf-b7c0ade168c4/submissions/a1e9b9ce-0d67-4d42-b107-b9821f44dd60/MethylationProfiling/b16a1e3b-2269-4115-bb60-ab232cef736d/call-CpgPileup/HG02300.hap2.bed.gz?generation=1777750238379939	2	tPAnrA==	ylzqI0eNK24AGJdd5VjesQ==	CKP/1Nurm5QDEAI=
HG02300	hap2_bed_index	cpg_hap2_bed_idx	gs://fc-fd42e80c-b41e-4e60-a9cf-b7c0ade168c4/submissions/a1e9b9ce-0d67-4d42-b107-b9821f44dd60/MethylationProfiling/b16a1e3b-2269-4115-bb60-ab232cef736d/call-CpgPileup/HG02300.hap2.bed.gz.tbi	1777750210475040	1515234	md5_base64	tijv61zk6v/WIdgo/W2q6g==	2026-05-02T19:30:10.479Z	2026-06-02T19:53:29.033Z	gs://fc-fd42e80c-b41e-4e60-a9cf-b7c0ade168c4/submissions/a1e9b9ce-0d67-4d42-b107-b9821f44dd60/MethylationProfiling/b16a1e3b-2269-4115-bb60-ab232cef736d/call-CpgPileup/HG02300.hap2.bed.gz.tbi?generation=1777750210475040	2	Wsy6Qg==	tijv61zk6v/WIdgo/W2q6g==	CKDorc6rm5QDEAI=
HG02391	combined_bed	cpg_combined_bed	gs://fc-fd42e80c-b41e-4e60-a9cf-b7c0ade168c4/submissions/a1e9b9ce-0d67-4d42-b107-b9821f44dd60/MethylationProfiling/fb4bbd28-5d61-4129-83c8-c23e6405c24e/call-CpgPileup/HG02391.combined.bed.gz	1777750283704771	327192762	md5_base64	DCWyizsbCIbBcFPJIVHKcg==	2026-05-02T19:31:23.709Z	2026-06-02T19:44:02.973Z	gs://fc-fd42e80c-b41e-4e60-a9cf-b7c0ade168c4/submissions/a1e9b9ce-0d67-4d42-b107-b9821f44dd60/MethylationProfiling/fb4bbd28-5d61-4129-83c8-c23e6405c24e/call-CpgPileup/HG02391.combined.bed.gz?generation=1777750283704771	2	/+d6ZQ==	DCWyizsbCIbBcFPJIVHKcg==	CMOzo/Grm5QDEAI=
HG02391	combined_bed_index	independently_verified_combined_bed_index	gs://fc-fd42e80c-b41e-4e60-a9cf-b7c0ade168c4/submissions/a1e9b9ce-0d67-4d42-b107-b9821f44dd60/MethylationProfiling/fb4bbd28-5d61-4129-83c8-c23e6405c24e/call-CpgPileup/HG02391.combined.bed.gz.tbi	1777750292924192	1693656	md5_base64	O7OABE28PksfnDJtHGV5wA==	2026-05-02T19:31:32.928Z	2026-06-03T15:48:04.159Z	gs://fc-fd42e80c-b41e-4e60-a9cf-b7c0ade168c4/submissions/a1e9b9ce-0d67-4d42-b107-b9821f44dd60/MethylationProfiling/fb4bbd28-5d61-4129-83c8-c23e6405c24e/call-CpgPileup/HG02391.combined.bed.gz.tbi?generation=1777750292924192	3	q9TWcA==	O7OABE28PksfnDJtHGV5wA==	CKCO1vWrm5QDEAM=
HG02391	hap1_bed	cpg_hap1_bed	gs://fc-fd42e80c-b41e-4e60-a9cf-b7c0ade168c4/submissions/a1e9b9ce-0d67-4d42-b107-b9821f44dd60/MethylationProfiling/fb4bbd28-5d61-4129-83c8-c23e6405c24e/call-CpgPileup/HG02391.hap1.bed.gz	1777750291025541	276831693	md5_base64	9A4tpxGit6z2vZmTU2X5EQ==	2026-05-02T19:31:31.029Z	2026-06-03T15:44:09.430Z	gs://fc-fd42e80c-b41e-4e60-a9cf-b7c0ade168c4/submissions/a1e9b9ce-0d67-4d42-b107-b9821f44dd60/MethylationProfiling/fb4bbd28-5d61-4129-83c8-c23e6405c24e/call-CpgPileup/HG02391.hap1.bed.gz?generation=1777750291025541	3	yOjY1g==	9A4tpxGit6z2vZmTU2X5EQ==	CIWd4vSrm5QDEAM=
HG02391	hap1_bed_index	cpg_hap1_bed_idx	gs://fc-fd42e80c-b41e-4e60-a9cf-b7c0ade168c4/submissions/a1e9b9ce-0d67-4d42-b107-b9821f44dd60/MethylationProfiling/fb4bbd28-5d61-4129-83c8-c23e6405c24e/call-CpgPileup/HG02391.hap1.bed.gz.tbi	1777750295282088	1556710	md5_base64	D1OKSUYLqU5nLXm0vAeN7g==	2026-05-02T19:31:35.287Z	2026-06-03T15:13:57.909Z	gs://fc-fd42e80c-b41e-4e60-a9cf-b7c0ade168c4/submissions/a1e9b9ce-0d67-4d42-b107-b9821f44dd60/MethylationProfiling/fb4bbd28-5d61-4129-83c8-c23e6405c24e/call-CpgPileup/HG02391.hap1.bed.gz.tbi?generation=1777750295282088	3	hGqNjg==	D1OKSUYLqU5nLXm0vAeN7g==	CKiD5varm5QDEAM=
HG02391	hap2_bed	cpg_hap2_bed	gs://fc-fd42e80c-b41e-4e60-a9cf-b7c0ade168c4/submissions/a1e9b9ce-0d67-4d42-b107-b9821f44dd60/MethylationProfiling/fb4bbd28-5d61-4129-83c8-c23e6405c24e/call-CpgPileup/HG02391.hap2.bed.gz	1777750277427732	277077229	md5_base64	HqtEa51I1ehPrXn4EzSzyQ==	2026-05-02T19:31:17.433Z	2026-06-03T15:35:08.548Z	gs://fc-fd42e80c-b41e-4e60-a9cf-b7c0ade168c4/submissions/a1e9b9ce-0d67-4d42-b107-b9821f44dd60/MethylationProfiling/fb4bbd28-5d61-4129-83c8-c23e6405c24e/call-CpgPileup/HG02391.hap2.bed.gz?generation=1777750277427732	3	KGQRjQ==	HqtEa51I1ehPrXn4EzSzyQ==	CJSkpO6rm5QDEAM=
HG02391	hap2_bed_index	cpg_hap2_bed_idx	gs://fc-fd42e80c-b41e-4e60-a9cf-b7c0ade168c4/submissions/a1e9b9ce-0d67-4d42-b107-b9821f44dd60/MethylationProfiling/fb4bbd28-5d61-4129-83c8-c23e6405c24e/call-CpgPileup/HG02391.hap2.bed.gz.tbi	1777750297215603	1558039	md5_base64	f2Gz1PiitX99/+nMvKuhPA==	2026-05-02T19:31:37.219Z	2026-06-03T15:33:04.475Z	gs://fc-fd42e80c-b41e-4e60-a9cf-b7c0ade168c4/submissions/a1e9b9ce-0d67-4d42-b107-b9821f44dd60/MethylationProfiling/fb4bbd28-5d61-4129-83c8-c23e6405c24e/call-CpgPileup/HG02391.hap2.bed.gz.tbi?generation=1777750297215603	3	j2vA4w==	f2Gz1PiitX99/+nMvKuhPA==	CPOE3Perm5QDEAM=
HG02392	combined_bed	cpg_combined_bed	gs://fc-fd42e80c-b41e-4e60-a9cf-b7c0ade168c4/submissions/a1e9b9ce-0d67-4d42-b107-b9821f44dd60/MethylationProfiling/043d481e-9d8a-4a0b-a047-759371fe7860/call-CpgPileup/HG02392.combined.bed.gz	1777748453530695	332387174	md5_base64	owaR4T9YCqdetCr7ItwKgw==	2026-05-02T19:00:53.535Z	2026-06-02T20:11:23.081Z	gs://fc-fd42e80c-b41e-4e60-a9cf-b7c0ade168c4/submissions/a1e9b9ce-0d67-4d42-b107-b9821f44dd60/MethylationProfiling/043d481e-9d8a-4a0b-a047-759371fe7860/call-CpgPileup/HG02392.combined.bed.gz?generation=1777748453530695	2	PHiqBQ==	owaR4T9YCqdetCr7ItwKgw==	CMe4yoilm5QDEAI=
HG02392	combined_bed_index	independently_verified_combined_bed_index	gs://fc-fd42e80c-b41e-4e60-a9cf-b7c0ade168c4/submissions/a1e9b9ce-0d67-4d42-b107-b9821f44dd60/MethylationProfiling/043d481e-9d8a-4a0b-a047-759371fe7860/call-CpgPileup/HG02392.combined.bed.gz.tbi	1777748470622402	1693585	md5_base64	luYAMHS46lqqA3hzJ3jjgA==	2026-05-02T19:01:10.625Z	2026-06-03T15:26:22.967Z	gs://fc-fd42e80c-b41e-4e60-a9cf-b7c0ade168c4/submissions/a1e9b9ce-0d67-4d42-b107-b9821f44dd60/MethylationProfiling/043d481e-9d8a-4a0b-a047-759371fe7860/call-CpgPileup/HG02392.combined.bed.gz.tbi?generation=1777748470622402	3	JhUtXA==	luYAMHS46lqqA3hzJ3jjgA==	CMLR3ZClm5QDEAM=
HG02392	hap1_bed	cpg_hap1_bed	gs://fc-fd42e80c-b41e-4e60-a9cf-b7c0ade168c4/submissions/a1e9b9ce-0d67-4d42-b107-b9821f44dd60/MethylationProfiling/043d481e-9d8a-4a0b-a047-759371fe7860/call-CpgPileup/HG02392.hap1.bed.gz	1777748463085048	278728907	md5_base64	MG+c0gDGri1XNEu+MbNz9Q==	2026-05-02T19:01:03.088Z	2026-06-03T16:02:06.635Z	gs://fc-fd42e80c-b41e-4e60-a9cf-b7c0ade168c4/submissions/a1e9b9ce-0d67-4d42-b107-b9821f44dd60/MethylationProfiling/043d481e-9d8a-4a0b-a047-759371fe7860/call-CpgPileup/HG02392.hap1.bed.gz?generation=1777748463085048	3	lhuxOg==	MG+c0gDGri1XNEu+MbNz9Q==	CPjLkY2lm5QDEAM=
HG02392	hap1_bed_index	cpg_hap1_bed_idx	gs://fc-fd42e80c-b41e-4e60-a9cf-b7c0ade168c4/submissions/a1e9b9ce-0d67-4d42-b107-b9821f44dd60/MethylationProfiling/043d481e-9d8a-4a0b-a047-759371fe7860/call-CpgPileup/HG02392.hap1.bed.gz.tbi	1777748455361892	1550579	md5_base64	0Bcqs390Q9a0H0wNzQJgHA==	2026-05-02T19:00:55.365Z	2026-06-03T15:42:03.654Z	gs://fc-fd42e80c-b41e-4e60-a9cf-b7c0ade168c4/submissions/a1e9b9ce-0d67-4d42-b107-b9821f44dd60/MethylationProfiling/043d481e-9d8a-4a0b-a047-759371fe7860/call-CpgPileup/HG02392.hap1.bed.gz.tbi?generation=1777748455361892	3	43TYvQ==	0Bcqs390Q9a0H0wNzQJgHA==	COSauomlm5QDEAM=
HG02392	hap2_bed	cpg_hap2_bed	gs://fc-fd42e80c-b41e-4e60-a9cf-b7c0ade168c4/submissions/a1e9b9ce-0d67-4d42-b107-b9821f44dd60/MethylationProfiling/043d481e-9d8a-4a0b-a047-759371fe7860/call-CpgPileup/HG02392.hap2.bed.gz	1777748468809953	278655804	md5_base64	Y56qAADoDm/1zM0ZPL9HqA==	2026-05-02T19:01:08.814Z	2026-06-03T15:39:07.095Z	gs://fc-fd42e80c-b41e-4e60-a9cf-b7c0ade168c4/submissions/a1e9b9ce-0d67-4d42-b107-b9821f44dd60/MethylationProfiling/043d481e-9d8a-4a0b-a047-759371fe7860/call-CpgPileup/HG02392.hap2.bed.gz?generation=1777748468809953	3	yMh2YQ==	Y56qAADoDm/1zM0ZPL9HqA==	COGB74+lm5QDEAM=
HG02392	hap2_bed_index	cpg_hap2_bed_idx	gs://fc-fd42e80c-b41e-4e60-a9cf-b7c0ade168c4/submissions/a1e9b9ce-0d67-4d42-b107-b9821f44dd60/MethylationProfiling/043d481e-9d8a-4a0b-a047-759371fe7860/call-CpgPileup/HG02392.hap2.bed.gz.tbi	1777748448193863	1551068	md5_base64	3ZSPxBJyCGfmX8fFWWb+JA==	2026-05-02T19:00:48.197Z	2026-06-03T15:36:29.053Z	gs://fc-fd42e80c-b41e-4e60-a9cf-b7c0ade168c4/submissions/a1e9b9ce-0d67-4d42-b107-b9821f44dd60/MethylationProfiling/043d481e-9d8a-4a0b-a047-759371fe7860/call-CpgPileup/HG02392.hap2.bed.gz.tbi?generation=1777748448193863	3	wdR10A==	3ZSPxBJyCGfmX8fFWWb+JA==	CMfahIalm5QDEAM=
HG02451	combined_bed	cpg_combined_bed	gs://fc-fd42e80c-b41e-4e60-a9cf-b7c0ade168c4/submissions/a1e9b9ce-0d67-4d42-b107-b9821f44dd60/MethylationProfiling/4992ebe8-0031-4ae2-acd5-e100c2a6aa9b/call-CpgPileup/HG02451.combined.bed.gz	1777749839152889	362972265	md5_base64	nHNnHBlfydvwWj/oDWoPDw==	2026-05-02T19:23:59.158Z	2026-06-02T20:17:00.928Z	gs://fc-fd42e80c-b41e-4e60-a9cf-b7c0ade168c4/submissions/a1e9b9ce-0d67-4d42-b107-b9821f44dd60/MethylationProfiling/4992ebe8-0031-4ae2-acd5-e100c2a6aa9b/call-CpgPileup/HG02451.combined.bed.gz?generation=1777749839152889	2	FT4ZLw==	nHNnHBlfydvwWj/oDWoPDw==	CPmNpp2qm5QDEAI=
HG02451	combined_bed_index	independently_verified_combined_bed_index	gs://fc-fd42e80c-b41e-4e60-a9cf-b7c0ade168c4/submissions/a1e9b9ce-0d67-4d42-b107-b9821f44dd60/MethylationProfiling/4992ebe8-0031-4ae2-acd5-e100c2a6aa9b/call-CpgPileup/HG02451.combined.bed.gz.tbi	1777749854594784	1684778	md5_base64	eejxuYDX/1iF0+wM3zgPpw==	2026-05-02T19:24:14.597Z	2026-06-03T15:18:00.240Z	gs://fc-fd42e80c-b41e-4e60-a9cf-b7c0ade168c4/submissions/a1e9b9ce-0d67-4d42-b107-b9821f44dd60/MethylationProfiling/4992ebe8-0031-4ae2-acd5-e100c2a6aa9b/call-CpgPileup/HG02451.combined.bed.gz.tbi?generation=1777749854594784	3	qSn2Gw==	eejxuYDX/1iF0+wM3zgPpw==	CODN1KSqm5QDEAM=
HG02451	hap1_bed	cpg_hap1_bed	gs://fc-fd42e80c-b41e-4e60-a9cf-b7c0ade168c4/submissions/a1e9b9ce-0d67-4d42-b107-b9821f44dd60/MethylationProfiling/4992ebe8-0031-4ae2-acd5-e100c2a6aa9b/call-CpgPileup/HG02451.hap1.bed.gz	1777749852725508	321923670	md5_base64	X6Xg1khTz9Zlx2QZ7vZgbQ==	2026-05-02T19:24:12.729Z	2026-06-03T15:29:40.353Z	gs://fc-fd42e80c-b41e-4e60-a9cf-b7c0ade168c4/submissions/a1e9b9ce-0d67-4d42-b107-b9821f44dd60/MethylationProfiling/4992ebe8-0031-4ae2-acd5-e100c2a6aa9b/call-CpgPileup/HG02451.hap1.bed.gz?generation=1777749852725508	3	5e68JQ==	X6Xg1khTz9Zlx2QZ7vZgbQ==	CITC4qOqm5QDEAM=
HG02451	hap1_bed_index	cpg_hap1_bed_idx	gs://fc-fd42e80c-b41e-4e60-a9cf-b7c0ade168c4/submissions/a1e9b9ce-0d67-4d42-b107-b9821f44dd60/MethylationProfiling/4992ebe8-0031-4ae2-acd5-e100c2a6aa9b/call-CpgPileup/HG02451.hap1.bed.gz.tbi	1777749856441568	1659566	md5_base64	WM3OC8k7E9whVwA2c/C9oQ==	2026-05-02T19:24:16.444Z	2026-06-02T20:27:02.830Z	gs://fc-fd42e80c-b41e-4e60-a9cf-b7c0ade168c4/submissions/a1e9b9ce-0d67-4d42-b107-b9821f44dd60/MethylationProfiling/4992ebe8-0031-4ae2-acd5-e100c2a6aa9b/call-CpgPileup/HG02451.hap1.bed.gz.tbi?generation=1777749856441568	2	JYiUEg==	WM3OC8k7E9whVwA2c/C9oQ==	COCpxaWqm5QDEAI=
HG02451	hap2_bed	cpg_hap2_bed	gs://fc-fd42e80c-b41e-4e60-a9cf-b7c0ade168c4/submissions/a1e9b9ce-0d67-4d42-b107-b9821f44dd60/MethylationProfiling/4992ebe8-0031-4ae2-acd5-e100c2a6aa9b/call-CpgPileup/HG02451.hap2.bed.gz	1777749825503252	321707025	md5_base64	N3EbtnpACcDm/gZ0PpnHfA==	2026-05-02T19:23:45.507Z	2026-06-03T15:52:46.948Z	gs://fc-fd42e80c-b41e-4e60-a9cf-b7c0ade168c4/submissions/a1e9b9ce-0d67-4d42-b107-b9821f44dd60/MethylationProfiling/4992ebe8-0031-4ae2-acd5-e100c2a6aa9b/call-CpgPileup/HG02451.hap2.bed.gz?generation=1777749825503252	3	4MvkRA==	N3EbtnpACcDm/gZ0PpnHfA==	CJSA5Zaqm5QDEAM=
HG02451	hap2_bed_index	cpg_hap2_bed_idx	gs://fc-fd42e80c-b41e-4e60-a9cf-b7c0ade168c4/submissions/a1e9b9ce-0d67-4d42-b107-b9821f44dd60/MethylationProfiling/4992ebe8-0031-4ae2-acd5-e100c2a6aa9b/call-CpgPileup/HG02451.hap2.bed.gz.tbi	1777749858323512	1659620	md5_base64	Gv6QDktgVqqfqV0ais/sWQ==	2026-05-02T19:24:18.328Z	2026-06-02T19:49:58.797Z	gs://fc-fd42e80c-b41e-4e60-a9cf-b7c0ade168c4/submissions/a1e9b9ce-0d67-4d42-b107-b9821f44dd60/MethylationProfiling/4992ebe8-0031-4ae2-acd5-e100c2a6aa9b/call-CpgPileup/HG02451.hap2.bed.gz.tbi?generation=1777749858323512	2	40I/vg==	Gv6QDktgVqqfqV0ais/sWQ==	CLiYuKaqm5QDEAI=
HG02486	combined_bed	cpg_combined_bed	gs://fc-fd42e80c-b41e-4e60-a9cf-b7c0ade168c4/submissions/a1e9b9ce-0d67-4d42-b107-b9821f44dd60/MethylationProfiling/8307f4d9-d641-4672-9ef7-36df748c438f/call-CpgPileup/HG02486.combined.bed.gz	1777750376916389	284519936	md5_base64	JKavI0g3OaIvPdqOOy7kcA==	2026-05-02T19:32:56.920Z	2026-06-03T15:36:19.292Z	gs://fc-fd42e80c-b41e-4e60-a9cf-b7c0ade168c4/submissions/a1e9b9ce-0d67-4d42-b107-b9821f44dd60/MethylationProfiling/8307f4d9-d641-4672-9ef7-36df748c438f/call-CpgPileup/HG02486.combined.bed.gz?generation=1777750376916389	3	2RrYXg==	JKavI0g3OaIvPdqOOy7kcA==	CKXL3J2sm5QDEAM=
HG02486	combined_bed_index	independently_verified_combined_bed_index	gs://fc-fd42e80c-b41e-4e60-a9cf-b7c0ade168c4/submissions/a1e9b9ce-0d67-4d42-b107-b9821f44dd60/MethylationProfiling/8307f4d9-d641-4672-9ef7-36df748c438f/call-CpgPileup/HG02486.combined.bed.gz.tbi	1777750362063738	1680944	md5_base64	nS7DZyzTUotzU4nMq+YjHw==	2026-05-02T19:32:42.079Z	2026-06-02T20:03:28.172Z	gs://fc-fd42e80c-b41e-4e60-a9cf-b7c0ade168c4/submissions/a1e9b9ce-0d67-4d42-b107-b9821f44dd60/MethylationProfiling/8307f4d9-d641-4672-9ef7-36df748c438f/call-CpgPileup/HG02486.combined.bed.gz.tbi?generation=1777750362063738	2	iBP2Lw==	nS7DZyzTUotzU4nMq+YjHw==	CPqG0pasm5QDEAI=
HG02486	hap1_bed	cpg_hap1_bed	gs://fc-fd42e80c-b41e-4e60-a9cf-b7c0ade168c4/submissions/a1e9b9ce-0d67-4d42-b107-b9821f44dd60/MethylationProfiling/8307f4d9-d641-4672-9ef7-36df748c438f/call-CpgPileup/HG02486.hap1.bed.gz	1777750369049476	217359597	md5_base64	B/hEM2xaYLu4qcwzOL5vvg==	2026-05-02T19:32:49.054Z	2026-06-03T15:36:06.630Z	gs://fc-fd42e80c-b41e-4e60-a9cf-b7c0ade168c4/submissions/a1e9b9ce-0d67-4d42-b107-b9821f44dd60/MethylationProfiling/8307f4d9-d641-4672-9ef7-36df748c438f/call-CpgPileup/HG02486.hap1.bed.gz?generation=1777750369049476	3	78Mu4A==	B/hEM2xaYLu4qcwzOL5vvg==	CIS3/Jmsm5QDEAM=
HG02486	hap1_bed_index	cpg_hap1_bed_idx	gs://fc-fd42e80c-b41e-4e60-a9cf-b7c0ade168c4/submissions/a1e9b9ce-0d67-4d42-b107-b9821f44dd60/MethylationProfiling/8307f4d9-d641-4672-9ef7-36df748c438f/call-CpgPileup/HG02486.hap1.bed.gz.tbi	1777750370972681	1530176	md5_base64	mG3LD0z0Tv7yMVKKtNmeVA==	2026-05-02T19:32:50.976Z	2026-06-02T20:29:19.098Z	gs://fc-fd42e80c-b41e-4e60-a9cf-b7c0ade168c4/submissions/a1e9b9ce-0d67-4d42-b107-b9821f44dd60/MethylationProfiling/8307f4d9-d641-4672-9ef7-36df748c438f/call-CpgPileup/HG02486.hap1.bed.gz.tbi?generation=1777750370972681	2	zeCi7w==	mG3LD0z0Tv7yMVKKtNmeVA==	CIno8Zqsm5QDEAI=
HG02486	hap2_bed	cpg_hap2_bed	gs://fc-fd42e80c-b41e-4e60-a9cf-b7c0ade168c4/submissions/a1e9b9ce-0d67-4d42-b107-b9821f44dd60/MethylationProfiling/8307f4d9-d641-4672-9ef7-36df748c438f/call-CpgPileup/HG02486.hap2.bed.gz	1777750360202480	216964881	md5_base64	u2I5TBvZYCzfdrUxYtv1RA==	2026-05-02T19:32:40.205Z	2026-06-02T19:57:17.952Z	gs://fc-fd42e80c-b41e-4e60-a9cf-b7c0ade168c4/submissions/a1e9b9ce-0d67-4d42-b107-b9821f44dd60/MethylationProfiling/8307f4d9-d641-4672-9ef7-36df748c438f/call-CpgPileup/HG02486.hap2.bed.gz?generation=1777750360202480	2	QDc8mQ==	u2I5TBvZYCzfdrUxYtv1RA==	CPC54JWsm5QDEAI=
HG02486	hap2_bed_index	cpg_hap2_bed_idx	gs://fc-fd42e80c-b41e-4e60-a9cf-b7c0ade168c4/submissions/a1e9b9ce-0d67-4d42-b107-b9821f44dd60/MethylationProfiling/8307f4d9-d641-4672-9ef7-36df748c438f/call-CpgPileup/HG02486.hap2.bed.gz.tbi	1777750378783902	1529946	md5_base64	x26Xt1JyJl29zP8oNCDq/A==	2026-05-02T19:32:58.787Z	2026-06-03T14:33:02.677Z	gs://fc-fd42e80c-b41e-4e60-a9cf-b7c0ade168c4/submissions/a1e9b9ce-0d67-4d42-b107-b9821f44dd60/MethylationProfiling/8307f4d9-d641-4672-9ef7-36df748c438f/call-CpgPileup/HG02486.hap2.bed.gz.tbi?generation=1777750378783902	3	XFPBiA==	x26Xt1JyJl29zP8oNCDq/A==	CJ7Jzp6sm5QDEAM=
HG02514	combined_bed	cpg_combined_bed	gs://fc-fd42e80c-b41e-4e60-a9cf-b7c0ade168c4/submissions/a1e9b9ce-0d67-4d42-b107-b9821f44dd60/MethylationProfiling/ec8dae6f-d8e5-4f53-8eeb-e6a5f4f4edb1/call-CpgPileup/attempt-2/HG02514.combined.bed.gz	1777759328638071	342643405	md5_base64	rPBsllj2QnTkrwmIWFCVJg==	2026-05-02T22:02:08.642Z	2026-06-02T20:01:53.341Z	gs://fc-fd42e80c-b41e-4e60-a9cf-b7c0ade168c4/submissions/a1e9b9ce-0d67-4d42-b107-b9821f44dd60/MethylationProfiling/ec8dae6f-d8e5-4f53-8eeb-e6a5f4f4edb1/call-CpgPileup/attempt-2/HG02514.combined.bed.gz?generation=1777759328638071	2	lLEKsg==	rPBsllj2QnTkrwmIWFCVJg==	CPeonsrNm5QDEAI=
HG02514	combined_bed_index	independently_verified_combined_bed_index	gs://fc-fd42e80c-b41e-4e60-a9cf-b7c0ade168c4/submissions/a1e9b9ce-0d67-4d42-b107-b9821f44dd60/MethylationProfiling/ec8dae6f-d8e5-4f53-8eeb-e6a5f4f4edb1/call-CpgPileup/attempt-2/HG02514.combined.bed.gz.tbi	1777759320286135	1693850	md5_base64	eshTL6yb/zbwRMAt/WDzLw==	2026-05-02T22:02:00.291Z	2026-06-03T14:48:09.855Z	gs://fc-fd42e80c-b41e-4e60-a9cf-b7c0ade168c4/submissions/a1e9b9ce-0d67-4d42-b107-b9821f44dd60/MethylationProfiling/ec8dae6f-d8e5-4f53-8eeb-e6a5f4f4edb1/call-CpgPileup/attempt-2/HG02514.combined.bed.gz.tbi?generation=1777759320286135	3	znfNHw==	eshTL6yb/zbwRMAt/WDzLw==	CLfHoMbNm5QDEAM=
HG02514	hap1_bed	cpg_hap1_bed	gs://fc-fd42e80c-b41e-4e60-a9cf-b7c0ade168c4/submissions/a1e9b9ce-0d67-4d42-b107-b9821f44dd60/MethylationProfiling/ec8dae6f-d8e5-4f53-8eeb-e6a5f4f4edb1/call-CpgPileup/attempt-2/HG02514.hap1.bed.gz	1777759337299090	286370080	md5_base64	gzGfMVnHBMe5vozznAoubQ==	2026-05-02T22:02:17.304Z	2026-06-03T15:26:58.629Z	gs://fc-fd42e80c-b41e-4e60-a9cf-b7c0ade168c4/submissions/a1e9b9ce-0d67-4d42-b107-b9821f44dd60/MethylationProfiling/ec8dae6f-d8e5-4f53-8eeb-e6a5f4f4edb1/call-CpgPileup/attempt-2/HG02514.hap1.bed.gz?generation=1777759337299090	3	q5aTMw==	gzGfMVnHBMe5vozznAoubQ==	CJL5rs7Nm5QDEAM=
HG02514	hap1_bed_index	cpg_hap1_bed_idx	gs://fc-fd42e80c-b41e-4e60-a9cf-b7c0ade168c4/submissions/a1e9b9ce-0d67-4d42-b107-b9821f44dd60/MethylationProfiling/ec8dae6f-d8e5-4f53-8eeb-e6a5f4f4edb1/call-CpgPileup/attempt-2/HG02514.hap1.bed.gz.tbi	1777759322000258	1559517	md5_base64	4NaEWsvr8ssNd2/v4UqYWQ==	2026-05-02T22:02:02.005Z	2026-06-03T16:03:10.385Z	gs://fc-fd42e80c-b41e-4e60-a9cf-b7c0ade168c4/submissions/a1e9b9ce-0d67-4d42-b107-b9821f44dd60/MethylationProfiling/ec8dae6f-d8e5-4f53-8eeb-e6a5f4f4edb1/call-CpgPileup/attempt-2/HG02514.hap1.bed.gz.tbi?generation=1777759322000258	3	PDmAnw==	4NaEWsvr8ssNd2/v4UqYWQ==	CIKXicfNm5QDEAM=
HG02514	hap2_bed	cpg_hap2_bed	gs://fc-fd42e80c-b41e-4e60-a9cf-b7c0ade168c4/submissions/a1e9b9ce-0d67-4d42-b107-b9821f44dd60/MethylationProfiling/ec8dae6f-d8e5-4f53-8eeb-e6a5f4f4edb1/call-CpgPileup/attempt-2/HG02514.hap2.bed.gz	1777759347965942	286096746	md5_base64	dNwdwGj4xoHMstTr1307Zg==	2026-05-02T22:02:27.971Z	2026-06-03T15:48:58.094Z	gs://fc-fd42e80c-b41e-4e60-a9cf-b7c0ade168c4/submissions/a1e9b9ce-0d67-4d42-b107-b9821f44dd60/MethylationProfiling/ec8dae6f-d8e5-4f53-8eeb-e6a5f4f4edb1/call-CpgPileup/attempt-2/HG02514.hap2.bed.gz?generation=1777759347965942	3	Hhm2FA==	dNwdwGj4xoHMstTr1307Zg==	CPb/udPNm5QDEAM=
HG02514	hap2_bed_index	cpg_hap2_bed_idx	gs://fc-fd42e80c-b41e-4e60-a9cf-b7c0ade168c4/submissions/a1e9b9ce-0d67-4d42-b107-b9821f44dd60/MethylationProfiling/ec8dae6f-d8e5-4f53-8eeb-e6a5f4f4edb1/call-CpgPileup/attempt-2/HG02514.hap2.bed.gz.tbi	1777759330483910	1558761	md5_base64	xwuBkKL5vJCid+SSlKv/jg==	2026-05-02T22:02:10.492Z	2026-06-03T16:04:16.227Z	gs://fc-fd42e80c-b41e-4e60-a9cf-b7c0ade168c4/submissions/a1e9b9ce-0d67-4d42-b107-b9821f44dd60/MethylationProfiling/ec8dae6f-d8e5-4f53-8eeb-e6a5f4f4edb1/call-CpgPileup/attempt-2/HG02514.hap2.bed.gz.tbi?generation=1777759330483910	3	u3tTFg==	xwuBkKL5vJCid+SSlKv/jg==	CMb9jsvNm5QDEAM=
HG02523	combined_bed	cpg_combined_bed	gs://fc-fd42e80c-b41e-4e60-a9cf-b7c0ade168c4/submissions/a1e9b9ce-0d67-4d42-b107-b9821f44dd60/MethylationProfiling/794c6f6c-a96f-42e4-9b35-d40cf36cde64/call-CpgPileup/HG02523.combined.bed.gz	1777750687862864	307797533	md5_base64	o6TKoDfZ+ljMyf1O+hBeFw==	2026-05-02T19:38:07.866Z	2026-06-02T20:31:06.955Z	gs://fc-fd42e80c-b41e-4e60-a9cf-b7c0ade168c4/submissions/a1e9b9ce-0d67-4d42-b107-b9821f44dd60/MethylationProfiling/794c6f6c-a96f-42e4-9b35-d40cf36cde64/call-CpgPileup/HG02523.combined.bed.gz?generation=1777750687862864	2	QjNKIQ==	o6TKoDfZ+ljMyf1O+hBeFw==	CNCg/7Gtm5QDEAI=
HG02523	combined_bed_index	independently_verified_combined_bed_index	gs://fc-fd42e80c-b41e-4e60-a9cf-b7c0ade168c4/submissions/a1e9b9ce-0d67-4d42-b107-b9821f44dd60/MethylationProfiling/794c6f6c-a96f-42e4-9b35-d40cf36cde64/call-CpgPileup/HG02523.combined.bed.gz.tbi	1777750689741714	1680279	md5_base64	mns1zwpHbzXsltg/mdRFdw==	2026-05-02T19:38:09.745Z	2026-06-02T19:53:59.408Z	gs://fc-fd42e80c-b41e-4e60-a9cf-b7c0ade168c4/submissions/a1e9b9ce-0d67-4d42-b107-b9821f44dd60/MethylationProfiling/794c6f6c-a96f-42e4-9b35-d40cf36cde64/call-CpgPileup/HG02523.combined.bed.gz.tbi?generation=1777750689741714	2	0RTzcA==	mns1zwpHbzXsltg/mdRFdw==	CJL38bKtm5QDEAI=
HG02523	hap1_bed	cpg_hap1_bed	gs://fc-fd42e80c-b41e-4e60-a9cf-b7c0ade168c4/submissions/a1e9b9ce-0d67-4d42-b107-b9821f44dd60/MethylationProfiling/794c6f6c-a96f-42e4-9b35-d40cf36cde64/call-CpgPileup/HG02523.hap1.bed.gz	1777750698656046	269901065	md5_base64	ZTsZ2lRPuJX42iwuzxbJCg==	2026-05-02T19:38:18.663Z	2026-06-03T16:00:30.622Z	gs://fc-fd42e80c-b41e-4e60-a9cf-b7c0ade168c4/submissions/a1e9b9ce-0d67-4d42-b107-b9821f44dd60/MethylationProfiling/794c6f6c-a96f-42e4-9b35-d40cf36cde64/call-CpgPileup/HG02523.hap1.bed.gz?generation=1777750698656046	3	tR6D+Q==	ZTsZ2lRPuJX42iwuzxbJCg==	CK6Ckretm5QDEAM=
HG02523	hap1_bed_index	cpg_hap1_bed_idx	gs://fc-fd42e80c-b41e-4e60-a9cf-b7c0ade168c4/submissions/a1e9b9ce-0d67-4d42-b107-b9821f44dd60/MethylationProfiling/794c6f6c-a96f-42e4-9b35-d40cf36cde64/call-CpgPileup/HG02523.hap1.bed.gz.tbi	1777750700581004	1642318	md5_base64	YBLhfSqQLltS4uSsDIS5jw==	2026-05-02T19:38:20.586Z	2026-06-03T15:37:03.485Z	gs://fc-fd42e80c-b41e-4e60-a9cf-b7c0ade168c4/submissions/a1e9b9ce-0d67-4d42-b107-b9821f44dd60/MethylationProfiling/794c6f6c-a96f-42e4-9b35-d40cf36cde64/call-CpgPileup/HG02523.hap1.bed.gz.tbi?generation=1777750700581004	3	y8wqKA==	YBLhfSqQLltS4uSsDIS5jw==	CIzBh7itm5QDEAM=
HG02523	hap2_bed	cpg_hap2_bed	gs://fc-fd42e80c-b41e-4e60-a9cf-b7c0ade168c4/submissions/a1e9b9ce-0d67-4d42-b107-b9821f44dd60/MethylationProfiling/794c6f6c-a96f-42e4-9b35-d40cf36cde64/call-CpgPileup/HG02523.hap2.bed.gz	1777750681966404	269819116	md5_base64	XguuUW7FNdgEsSCFS4tB6w==	2026-05-02T19:38:01.969Z	2026-06-03T14:33:05.565Z	gs://fc-fd42e80c-b41e-4e60-a9cf-b7c0ade168c4/submissions/a1e9b9ce-0d67-4d42-b107-b9821f44dd60/MethylationProfiling/794c6f6c-a96f-42e4-9b35-d40cf36cde64/call-CpgPileup/HG02523.hap2.bed.gz?generation=1777750681966404	3	eYYVDg==	XguuUW7FNdgEsSCFS4tB6w==	CMSul6+tm5QDEAM=
HG02523	hap2_bed_index	cpg_hap2_bed_idx	gs://fc-fd42e80c-b41e-4e60-a9cf-b7c0ade168c4/submissions/a1e9b9ce-0d67-4d42-b107-b9821f44dd60/MethylationProfiling/794c6f6c-a96f-42e4-9b35-d40cf36cde64/call-CpgPileup/HG02523.hap2.bed.gz.tbi	1777750673703442	1641377	md5_base64	upKJFoAKf+CUciYaMz5Zsg==	2026-05-02T19:37:53.707Z	2026-06-02T19:56:49.802Z	gs://fc-fd42e80c-b41e-4e60-a9cf-b7c0ade168c4/submissions/a1e9b9ce-0d67-4d42-b107-b9821f44dd60/MethylationProfiling/794c6f6c-a96f-42e4-9b35-d40cf36cde64/call-CpgPileup/HG02523.hap2.bed.gz.tbi?generation=1777750673703442	2	snDBig==	upKJFoAKf+CUciYaMz5Zsg==	CJKEn6utm5QDEAI=
HG02559	combined_bed	cpg_combined_bed	gs://fc-fd42e80c-b41e-4e60-a9cf-b7c0ade168c4/submissions/a1e9b9ce-0d67-4d42-b107-b9821f44dd60/MethylationProfiling/55ddeace-195a-40a3-ab88-226a993fc0c3/call-CpgPileup/HG02559.combined.bed.gz	1777750881023429	283083357	md5_base64	kUl+sEfyoHHsTECt5FfMmw==	2026-05-02T19:41:21.029Z	2026-06-03T15:05:00.213Z	gs://fc-fd42e80c-b41e-4e60-a9cf-b7c0ade168c4/submissions/a1e9b9ce-0d67-4d42-b107-b9821f44dd60/MethylationProfiling/55ddeace-195a-40a3-ab88-226a993fc0c3/call-CpgPileup/HG02559.combined.bed.gz?generation=1777750881023429	3	VQ/vkg==	kUl+sEfyoHHsTECt5FfMmw==	CMXrjI6um5QDEAM=
HG02559	combined_bed_index	independently_verified_combined_bed_index	gs://fc-fd42e80c-b41e-4e60-a9cf-b7c0ade168c4/submissions/a1e9b9ce-0d67-4d42-b107-b9821f44dd60/MethylationProfiling/55ddeace-195a-40a3-ab88-226a993fc0c3/call-CpgPileup/HG02559.combined.bed.gz.tbi	1777750866097854	1673965	md5_base64	5hDQoeTDOYbsZSebMT1ANQ==	2026-05-02T19:41:06.102Z	2026-06-02T19:56:07.943Z	gs://fc-fd42e80c-b41e-4e60-a9cf-b7c0ade168c4/submissions/a1e9b9ce-0d67-4d42-b107-b9821f44dd60/MethylationProfiling/55ddeace-195a-40a3-ab88-226a993fc0c3/call-CpgPileup/HG02559.combined.bed.gz.tbi?generation=1777750866097854	2	8gaiAQ==	5hDQoeTDOYbsZSebMT1ANQ==	CL7t/Yaum5QDEAI=
HG02559	hap1_bed	cpg_hap1_bed	gs://fc-fd42e80c-b41e-4e60-a9cf-b7c0ade168c4/submissions/a1e9b9ce-0d67-4d42-b107-b9821f44dd60/MethylationProfiling/55ddeace-195a-40a3-ab88-226a993fc0c3/call-CpgPileup/HG02559.hap1.bed.gz	1777750862270062	221534340	md5_base64	ehdGjBY1nway45ydocRFNA==	2026-05-02T19:41:02.275Z	2026-06-03T15:16:00.690Z	gs://fc-fd42e80c-b41e-4e60-a9cf-b7c0ade168c4/submissions/a1e9b9ce-0d67-4d42-b107-b9821f44dd60/MethylationProfiling/55ddeace-195a-40a3-ab88-226a993fc0c3/call-CpgPileup/HG02559.hap1.bed.gz?generation=1777750862270062	3	ESYR/Q==	ehdGjBY1nway45ydocRFNA==	CO6clIWum5QDEAM=
HG02559	hap1_bed_index	cpg_hap1_bed_idx	gs://fc-fd42e80c-b41e-4e60-a9cf-b7c0ade168c4/submissions/a1e9b9ce-0d67-4d42-b107-b9821f44dd60/MethylationProfiling/55ddeace-195a-40a3-ab88-226a993fc0c3/call-CpgPileup/HG02559.hap1.bed.gz.tbi	1777750864197601	1601232	md5_base64	TI1HcD0/RXKd8ELXw+ocWw==	2026-05-02T19:41:04.201Z	2026-06-03T14:48:08.096Z	gs://fc-fd42e80c-b41e-4e60-a9cf-b7c0ade168c4/submissions/a1e9b9ce-0d67-4d42-b107-b9821f44dd60/MethylationProfiling/55ddeace-195a-40a3-ab88-226a993fc0c3/call-CpgPileup/HG02559.hap1.bed.gz.tbi?generation=1777750864197601	3	BlBSAQ==	TI1HcD0/RXKd8ELXw+ocWw==	COHviYaum5QDEAM=
HG02559	hap2_bed	cpg_hap2_bed	gs://fc-fd42e80c-b41e-4e60-a9cf-b7c0ade168c4/submissions/a1e9b9ce-0d67-4d42-b107-b9821f44dd60/MethylationProfiling/55ddeace-195a-40a3-ab88-226a993fc0c3/call-CpgPileup/HG02559.hap2.bed.gz	1777750871955567	220649018	md5_base64	ZHhZZQITBzcf3O98NJCuaw==	2026-05-02T19:41:11.960Z	2026-06-03T15:10:58.511Z	gs://fc-fd42e80c-b41e-4e60-a9cf-b7c0ade168c4/submissions/a1e9b9ce-0d67-4d42-b107-b9821f44dd60/MethylationProfiling/55ddeace-195a-40a3-ab88-226a993fc0c3/call-CpgPileup/HG02559.hap2.bed.gz?generation=1777750871955567	3	SpV/dw==	ZHhZZQITBzcf3O98NJCuaw==	CO+w44mum5QDEAM=
HG02559	hap2_bed_index	cpg_hap2_bed_idx	gs://fc-fd42e80c-b41e-4e60-a9cf-b7c0ade168c4/submissions/a1e9b9ce-0d67-4d42-b107-b9821f44dd60/MethylationProfiling/55ddeace-195a-40a3-ab88-226a993fc0c3/call-CpgPileup/HG02559.hap2.bed.gz.tbi	1777750873874410	1598175	md5_base64	3AjNRnVNBv880+Y26NP87Q==	2026-05-02T19:41:13.882Z	2026-06-02T20:24:44.714Z	gs://fc-fd42e80c-b41e-4e60-a9cf-b7c0ade168c4/submissions/a1e9b9ce-0d67-4d42-b107-b9821f44dd60/MethylationProfiling/55ddeace-195a-40a3-ab88-226a993fc0c3/call-CpgPileup/HG02559.hap2.bed.gz.tbi?generation=1777750873874410	2	faEdmA==	3AjNRnVNBv880+Y26NP87Q==	COq/2Iqum5QDEAI=
HG02572	combined_bed	cpg_combined_bed	gs://fc-fd42e80c-b41e-4e60-a9cf-b7c0ade168c4/submissions/a1e9b9ce-0d67-4d42-b107-b9821f44dd60/MethylationProfiling/d598294d-2259-447a-bf2e-14faa1eca7b2/call-CpgPileup/HG02572.combined.bed.gz	1777749720475203	302162294	md5_base64	X+XAwsuUgVBmbLROEF0yaQ==	2026-05-02T19:22:00.479Z	2026-06-02T19:45:24.035Z	gs://fc-fd42e80c-b41e-4e60-a9cf-b7c0ade168c4/submissions/a1e9b9ce-0d67-4d42-b107-b9821f44dd60/MethylationProfiling/d598294d-2259-447a-bf2e-14faa1eca7b2/call-CpgPileup/HG02572.combined.bed.gz?generation=1777749720475203	2	f15PAA==	X+XAwsuUgVBmbLROEF0yaQ==	CMPM2uSpm5QDEAI=
HG02572	combined_bed_index	independently_verified_combined_bed_index	gs://fc-fd42e80c-b41e-4e60-a9cf-b7c0ade168c4/submissions/a1e9b9ce-0d67-4d42-b107-b9821f44dd60/MethylationProfiling/d598294d-2259-447a-bf2e-14faa1eca7b2/call-CpgPileup/HG02572.combined.bed.gz.tbi	1777749722370107	1686649	md5_base64	5OU8sn7wFM6PQlSEQgdtYA==	2026-05-02T19:22:02.374Z	2026-06-02T20:34:38.892Z	gs://fc-fd42e80c-b41e-4e60-a9cf-b7c0ade168c4/submissions/a1e9b9ce-0d67-4d42-b107-b9821f44dd60/MethylationProfiling/d598294d-2259-447a-bf2e-14faa1eca7b2/call-CpgPileup/HG02572.combined.bed.gz.tbi?generation=1777749722370107	2	bK1plw==	5OU8sn7wFM6PQlSEQgdtYA==	CLugzuWpm5QDEAI=
HG02572	hap1_bed	cpg_hap1_bed	gs://fc-fd42e80c-b41e-4e60-a9cf-b7c0ade168c4/submissions/a1e9b9ce-0d67-4d42-b107-b9821f44dd60/MethylationProfiling/d598294d-2259-447a-bf2e-14faa1eca7b2/call-CpgPileup/HG02572.hap1.bed.gz	1777749737879299	249186141	md5_base64	lqYGRzjgp/t8izTxVen10w==	2026-05-02T19:22:17.883Z	2026-06-03T16:03:02.720Z	gs://fc-fd42e80c-b41e-4e60-a9cf-b7c0ade168c4/submissions/a1e9b9ce-0d67-4d42-b107-b9821f44dd60/MethylationProfiling/d598294d-2259-447a-bf2e-14faa1eca7b2/call-CpgPileup/HG02572.hap1.bed.gz?generation=1777749737879299	3	FF3BLA==	lqYGRzjgp/t8izTxVen10w==	CIPugO2pm5QDEAM=
HG02572	hap1_bed_index	cpg_hap1_bed_idx	gs://fc-fd42e80c-b41e-4e60-a9cf-b7c0ade168c4/submissions/a1e9b9ce-0d67-4d42-b107-b9821f44dd60/MethylationProfiling/d598294d-2259-447a-bf2e-14faa1eca7b2/call-CpgPileup/HG02572.hap1.bed.gz.tbi	1777749731620849	1551620	md5_base64	tJRCyNQvN13IbXFhdPlNkA==	2026-05-02T19:22:11.624Z	2026-06-03T15:56:19.394Z	gs://fc-fd42e80c-b41e-4e60-a9cf-b7c0ade168c4/submissions/a1e9b9ce-0d67-4d42-b107-b9821f44dd60/MethylationProfiling/d598294d-2259-447a-bf2e-14faa1eca7b2/call-CpgPileup/HG02572.hap1.bed.gz.tbi?generation=1777749731620849	3	hbkXnA==	tJRCyNQvN13IbXFhdPlNkA==	CPHvguqpm5QDEAM=
HG02572	hap2_bed	cpg_hap2_bed	gs://fc-fd42e80c-b41e-4e60-a9cf-b7c0ade168c4/submissions/a1e9b9ce-0d67-4d42-b107-b9821f44dd60/MethylationProfiling/d598294d-2259-447a-bf2e-14faa1eca7b2/call-CpgPileup/HG02572.hap2.bed.gz	1777749727848971	249285102	md5_base64	IVYEEkz9Ai2G5fjDjBmEUw==	2026-05-02T19:22:07.852Z	2026-06-02T19:41:57.799Z	gs://fc-fd42e80c-b41e-4e60-a9cf-b7c0ade168c4/submissions/a1e9b9ce-0d67-4d42-b107-b9821f44dd60/MethylationProfiling/d598294d-2259-447a-bf2e-14faa1eca7b2/call-CpgPileup/HG02572.hap2.bed.gz?generation=1777749727848971	2	KNgJaQ==	IVYEEkz9Ai2G5fjDjBmEUw==	CIvUnOipm5QDEAI=
HG02572	hap2_bed_index	cpg_hap2_bed_idx	gs://fc-fd42e80c-b41e-4e60-a9cf-b7c0ade168c4/submissions/a1e9b9ce-0d67-4d42-b107-b9821f44dd60/MethylationProfiling/d598294d-2259-447a-bf2e-14faa1eca7b2/call-CpgPileup/HG02572.hap2.bed.gz.tbi	1777749729727171	1551696	md5_base64	aZQOb5cegHsA33cDjYdENg==	2026-05-02T19:22:09.730Z	2026-06-03T14:33:02.677Z	gs://fc-fd42e80c-b41e-4e60-a9cf-b7c0ade168c4/submissions/a1e9b9ce-0d67-4d42-b107-b9821f44dd60/MethylationProfiling/d598294d-2259-447a-bf2e-14faa1eca7b2/call-CpgPileup/HG02572.hap2.bed.gz.tbi?generation=1777749729727171	3	TFqyVQ==	aZQOb5cegHsA33cDjYdENg==	CMOlj+mpm5QDEAM=
HG02583	combined_bed	cpg_combined_bed	gs://fc-fd42e80c-b41e-4e60-a9cf-b7c0ade168c4/submissions/a1e9b9ce-0d67-4d42-b107-b9821f44dd60/MethylationProfiling/e10b6581-7200-46f0-84a9-2f1bda2c373b/call-CpgPileup/HG02583.combined.bed.gz	1777748684014950	336170589	md5_base64	Y5YHzL4noc+yULcM4dkboQ==	2026-05-02T19:04:44.018Z	2026-06-02T20:30:48.413Z	gs://fc-fd42e80c-b41e-4e60-a9cf-b7c0ade168c4/submissions/a1e9b9ce-0d67-4d42-b107-b9821f44dd60/MethylationProfiling/e10b6581-7200-46f0-84a9-2f1bda2c373b/call-CpgPileup/HG02583.combined.bed.gz?generation=1777748684014950	2	Nr1qrQ==	Y5YHzL4noc+yULcM4dkboQ==	COaKvvalm5QDEAI=
HG02583	combined_bed_index	independently_verified_combined_bed_index	gs://fc-fd42e80c-b41e-4e60-a9cf-b7c0ade168c4/submissions/a1e9b9ce-0d67-4d42-b107-b9821f44dd60/MethylationProfiling/e10b6581-7200-46f0-84a9-2f1bda2c373b/call-CpgPileup/HG02583.combined.bed.gz.tbi	1777748666052451	1684257	md5_base64	j/ho9HrXzrKlciQBvJrbng==	2026-05-02T19:04:26.056Z	2026-06-03T15:09:09.469Z	gs://fc-fd42e80c-b41e-4e60-a9cf-b7c0ade168c4/submissions/a1e9b9ce-0d67-4d42-b107-b9821f44dd60/MethylationProfiling/e10b6581-7200-46f0-84a9-2f1bda2c373b/call-CpgPileup/HG02583.combined.bed.gz.tbi?generation=1777748666052451	3	+7f9Zg==	j/ho9HrXzrKlciQBvJrbng==	COPe9e2lm5QDEAM=
HG02583	hap1_bed	cpg_hap1_bed	gs://fc-fd42e80c-b41e-4e60-a9cf-b7c0ade168c4/submissions/a1e9b9ce-0d67-4d42-b107-b9821f44dd60/MethylationProfiling/e10b6581-7200-46f0-84a9-2f1bda2c373b/call-CpgPileup/HG02583.hap1.bed.gz	1777748675427948	299215129	md5_base64	qZcpwgRaxQa1Dw4UCesCbQ==	2026-05-02T19:04:35.431Z	2026-06-02T19:59:39.040Z	gs://fc-fd42e80c-b41e-4e60-a9cf-b7c0ade168c4/submissions/a1e9b9ce-0d67-4d42-b107-b9821f44dd60/MethylationProfiling/e10b6581-7200-46f0-84a9-2f1bda2c373b/call-CpgPileup/HG02583.hap1.bed.gz?generation=1777748675427948	2	Qs8xuw==	qZcpwgRaxQa1Dw4UCesCbQ==	COz8sfKlm5QDEAI=
HG02583	hap1_bed_index	cpg_hap1_bed_idx	gs://fc-fd42e80c-b41e-4e60-a9cf-b7c0ade168c4/submissions/a1e9b9ce-0d67-4d42-b107-b9821f44dd60/MethylationProfiling/e10b6581-7200-46f0-84a9-2f1bda2c373b/call-CpgPileup/HG02583.hap1.bed.gz.tbi	1777748686092130	1658368	md5_base64	vzOI0jRMlXGPNDDY1p8eDw==	2026-05-02T19:04:46.097Z	2026-06-02T20:28:33.284Z	gs://fc-fd42e80c-b41e-4e60-a9cf-b7c0ade168c4/submissions/a1e9b9ce-0d67-4d42-b107-b9821f44dd60/MethylationProfiling/e10b6581-7200-46f0-84a9-2f1bda2c373b/call-CpgPileup/HG02583.hap1.bed.gz.tbi?generation=1777748686092130	2	J0MORg==	vzOI0jRMlXGPNDDY1p8eDw==	COLuvPelm5QDEAI=
HG02583	hap2_bed	cpg_hap2_bed	gs://fc-fd42e80c-b41e-4e60-a9cf-b7c0ade168c4/submissions/a1e9b9ce-0d67-4d42-b107-b9821f44dd60/MethylationProfiling/e10b6581-7200-46f0-84a9-2f1bda2c373b/call-CpgPileup/HG02583.hap2.bed.gz	1777748692619150	299361224	md5_base64	7QMFg/Yo/4cecyhxt6c6gQ==	2026-05-02T19:04:52.626Z	2026-06-02T19:53:01.245Z	gs://fc-fd42e80c-b41e-4e60-a9cf-b7c0ade168c4/submissions/a1e9b9ce-0d67-4d42-b107-b9821f44dd60/MethylationProfiling/e10b6581-7200-46f0-84a9-2f1bda2c373b/call-CpgPileup/HG02583.hap2.bed.gz?generation=1777748692619150	2	gb6CTw==	7QMFg/Yo/4cecyhxt6c6gQ==	CI6fy/qlm5QDEAI=
HG02583	hap2_bed_index	cpg_hap2_bed_idx	gs://fc-fd42e80c-b41e-4e60-a9cf-b7c0ade168c4/submissions/a1e9b9ce-0d67-4d42-b107-b9821f44dd60/MethylationProfiling/e10b6581-7200-46f0-84a9-2f1bda2c373b/call-CpgPileup/HG02583.hap2.bed.gz.tbi	1777748668041007	1658932	md5_base64	jx5NJ/D7ZeZ1DW0wZSV9Zg==	2026-05-02T19:04:28.046Z	2026-06-03T14:39:56.726Z	gs://fc-fd42e80c-b41e-4e60-a9cf-b7c0ade168c4/submissions/a1e9b9ce-0d67-4d42-b107-b9821f44dd60/MethylationProfiling/e10b6581-7200-46f0-84a9-2f1bda2c373b/call-CpgPileup/HG02583.hap2.bed.gz.tbi?generation=1777748668041007	3	TQkddw==	jx5NJ/D7ZeZ1DW0wZSV9Zg==	CK+O7+6lm5QDEAM=
HG02602	combined_bed	cpg_combined_bed	gs://fc-fd42e80c-b41e-4e60-a9cf-b7c0ade168c4/submissions/2eb27acd-d31d-4585-889c-7dc0c527563c/MethylationProfiling/c90598cf-0e2f-4166-a36c-c1d652bf629e/call-CpgPileup/HG02602.combined.bed.gz	1777784326622805	302955169	md5_base64	dtOavgMdhhRmYk7leyxK8g==	2026-05-03T04:58:46.628Z	2026-06-02T19:53:11.371Z	gs://fc-fd42e80c-b41e-4e60-a9cf-b7c0ade168c4/submissions/2eb27acd-d31d-4585-889c-7dc0c527563c/MethylationProfiling/c90598cf-0e2f-4166-a36c-c1d652bf629e/call-CpgPileup/HG02602.combined.bed.gz?generation=1777784326622805	2	G8Pkag==	dtOavgMdhhRmYk7leyxK8g==	CNWcmtqqnJQDEAI=
HG02602	combined_bed_index	independently_verified_combined_bed_index	gs://fc-fd42e80c-b41e-4e60-a9cf-b7c0ade168c4/submissions/2eb27acd-d31d-4585-889c-7dc0c527563c/MethylationProfiling/c90598cf-0e2f-4166-a36c-c1d652bf629e/call-CpgPileup/HG02602.combined.bed.gz.tbi	1777784297535068	1689525	md5_base64	9fHz8+z9VjDOUIdj4DeS9w==	2026-05-03T04:58:17.540Z	2026-06-03T15:56:35.014Z	gs://fc-fd42e80c-b41e-4e60-a9cf-b7c0ade168c4/submissions/2eb27acd-d31d-4585-889c-7dc0c527563c/MethylationProfiling/c90598cf-0e2f-4166-a36c-c1d652bf629e/call-CpgPileup/HG02602.combined.bed.gz.tbi?generation=1777784297535068	3	3OX6DA==	9fHz8+z9VjDOUIdj4DeS9w==	CNzsqsyqnJQDEAM=
HG02602	hap1_bed	cpg_hap1_bed	gs://fc-fd42e80c-b41e-4e60-a9cf-b7c0ade168c4/submissions/2eb27acd-d31d-4585-889c-7dc0c527563c/MethylationProfiling/c90598cf-0e2f-4166-a36c-c1d652bf629e/call-CpgPileup/HG02602.hap1.bed.gz	1777784313632888	251318573	md5_base64	qm7kiaLuZ2XIkhjzJ1YE+Q==	2026-05-03T04:58:33.636Z	2026-06-03T15:46:11.657Z	gs://fc-fd42e80c-b41e-4e60-a9cf-b7c0ade168c4/submissions/2eb27acd-d31d-4585-889c-7dc0c527563c/MethylationProfiling/c90598cf-0e2f-4166-a36c-c1d652bf629e/call-CpgPileup/HG02602.hap1.bed.gz?generation=1777784313632888	3	/y5ubA==	qm7kiaLuZ2XIkhjzJ1YE+Q==	CPiwgdSqnJQDEAM=
HG02602	hap1_bed_index	cpg_hap1_bed_idx	gs://fc-fd42e80c-b41e-4e60-a9cf-b7c0ade168c4/submissions/2eb27acd-d31d-4585-889c-7dc0c527563c/MethylationProfiling/c90598cf-0e2f-4166-a36c-c1d652bf629e/call-CpgPileup/HG02602.hap1.bed.gz.tbi	1777784315325350	1557291	md5_base64	D/nL4/Tw2mT2UY0OvkOOaw==	2026-05-03T04:58:35.329Z	2026-06-02T20:27:58.247Z	gs://fc-fd42e80c-b41e-4e60-a9cf-b7c0ade168c4/submissions/2eb27acd-d31d-4585-889c-7dc0c527563c/MethylationProfiling/c90598cf-0e2f-4166-a36c-c1d652bf629e/call-CpgPileup/HG02602.hap1.bed.gz.tbi?generation=1777784315325350	2	40f3NA==	D/nL4/Tw2mT2UY0OvkOOaw==	CKbX6NSqnJQDEAI=
HG02602	hap2_bed	cpg_hap2_bed	gs://fc-fd42e80c-b41e-4e60-a9cf-b7c0ade168c4/submissions/2eb27acd-d31d-4585-889c-7dc0c527563c/MethylationProfiling/c90598cf-0e2f-4166-a36c-c1d652bf629e/call-CpgPileup/HG02602.hap2.bed.gz	1777784305826744	249575650	md5_base64	64V+isRwaMT5k+OpQEA9ew==	2026-05-03T04:58:25.831Z	2026-06-03T15:26:01.289Z	gs://fc-fd42e80c-b41e-4e60-a9cf-b7c0ade168c4/submissions/2eb27acd-d31d-4585-889c-7dc0c527563c/MethylationProfiling/c90598cf-0e2f-4166-a36c-c1d652bf629e/call-CpgPileup/HG02602.hap2.bed.gz?generation=1777784305826744	3	7Pa9bg==	64V+isRwaMT5k+OpQEA9ew==	CLj3pNCqnJQDEAM=
HG02602	hap2_bed_index	cpg_hap2_bed_idx	gs://fc-fd42e80c-b41e-4e60-a9cf-b7c0ade168c4/submissions/2eb27acd-d31d-4585-889c-7dc0c527563c/MethylationProfiling/c90598cf-0e2f-4166-a36c-c1d652bf629e/call-CpgPileup/HG02602.hap2.bed.gz.tbi	1777784295910066	1553060	md5_base64	njPwqDn3Mg8lo1lL4Scr3w==	2026-05-03T04:58:15.916Z	2026-06-02T20:08:21.194Z	gs://fc-fd42e80c-b41e-4e60-a9cf-b7c0ade168c4/submissions/2eb27acd-d31d-4585-889c-7dc0c527563c/MethylationProfiling/c90598cf-0e2f-4166-a36c-c1d652bf629e/call-CpgPileup/HG02602.hap2.bed.gz.tbi?generation=1777784295910066	2	0t7ALQ==	njPwqDn3Mg8lo1lL4Scr3w==	CLLVx8uqnJQDEAI=
HG02615	combined_bed	cpg_combined_bed	gs://fc-fd42e80c-b41e-4e60-a9cf-b7c0ade168c4/submissions/a1e9b9ce-0d67-4d42-b107-b9821f44dd60/MethylationProfiling/ca803a69-2334-423f-8724-b8044b80453d/call-CpgPileup/HG02615.combined.bed.gz	1777750773643520	321724739	md5_base64	E6TYnJVCfB2dA4r2Po4wJg==	2026-05-02T19:39:33.649Z	2026-06-02T20:26:04.499Z	gs://fc-fd42e80c-b41e-4e60-a9cf-b7c0ade168c4/submissions/a1e9b9ce-0d67-4d42-b107-b9821f44dd60/MethylationProfiling/ca803a69-2334-423f-8724-b8044b80453d/call-CpgPileup/HG02615.combined.bed.gz?generation=1777750773643520	2	2UjQqQ==	E6TYnJVCfB2dA4r2Po4wJg==	CIDy8tqtm5QDEAI=
HG02615	combined_bed_index	independently_verified_combined_bed_index	gs://fc-fd42e80c-b41e-4e60-a9cf-b7c0ade168c4/submissions/a1e9b9ce-0d67-4d42-b107-b9821f44dd60/MethylationProfiling/ca803a69-2334-423f-8724-b8044b80453d/call-CpgPileup/HG02615.combined.bed.gz.tbi	1777750787332532	1680866	md5_base64	Gd4R39fQBA6yc49juxrgZA==	2026-05-02T19:39:47.336Z	2026-06-03T15:23:56.672Z	gs://fc-fd42e80c-b41e-4e60-a9cf-b7c0ade168c4/submissions/a1e9b9ce-0d67-4d42-b107-b9821f44dd60/MethylationProfiling/ca803a69-2334-423f-8724-b8044b80453d/call-CpgPileup/HG02615.combined.bed.gz.tbi?generation=1777750787332532	3	TUnVtw==	Gd4R39fQBA6yc49juxrgZA==	CLSztuGtm5QDEAM=
HG02615	hap1_bed	cpg_hap1_bed	gs://fc-fd42e80c-b41e-4e60-a9cf-b7c0ade168c4/submissions/a1e9b9ce-0d67-4d42-b107-b9821f44dd60/MethylationProfiling/ca803a69-2334-423f-8724-b8044b80453d/call-CpgPileup/HG02615.hap1.bed.gz	1777750785505923	285421719	md5_base64	3j4O/g/zxoIIQqJ9sq/NJg==	2026-05-02T19:39:45.510Z	2026-06-02T20:22:33.148Z	gs://fc-fd42e80c-b41e-4e60-a9cf-b7c0ade168c4/submissions/a1e9b9ce-0d67-4d42-b107-b9821f44dd60/MethylationProfiling/ca803a69-2334-423f-8724-b8044b80453d/call-CpgPileup/HG02615.hap1.bed.gz?generation=1777750785505923	2	AmNc7w==	3j4O/g/zxoIIQqJ9sq/NJg==	CIP1xuCtm5QDEAI=
HG02615	hap1_bed_index	cpg_hap1_bed_idx	gs://fc-fd42e80c-b41e-4e60-a9cf-b7c0ade168c4/submissions/a1e9b9ce-0d67-4d42-b107-b9821f44dd60/MethylationProfiling/ca803a69-2334-423f-8724-b8044b80453d/call-CpgPileup/HG02615.hap1.bed.gz.tbi	1777750789184380	1649531	md5_base64	3CKlkK3vKSP28lEuj4bP5g==	2026-05-02T19:39:49.188Z	2026-06-02T20:08:45.995Z	gs://fc-fd42e80c-b41e-4e60-a9cf-b7c0ade168c4/submissions/a1e9b9ce-0d67-4d42-b107-b9821f44dd60/MethylationProfiling/ca803a69-2334-423f-8724-b8044b80453d/call-CpgPileup/HG02615.hap1.bed.gz.tbi?generation=1777750789184380	2	cb8A9g==	3CKlkK3vKSP28lEuj4bP5g==	CPy2p+Ktm5QDEAI=
HG02615	hap2_bed	cpg_hap2_bed	gs://fc-fd42e80c-b41e-4e60-a9cf-b7c0ade168c4/submissions/a1e9b9ce-0d67-4d42-b107-b9821f44dd60/MethylationProfiling/ca803a69-2334-423f-8724-b8044b80453d/call-CpgPileup/HG02615.hap2.bed.gz	1777750805470215	285212513	md5_base64	yFpsj15/a/x/5SjG6HcZ6A==	2026-05-02T19:40:05.475Z	2026-06-02T19:55:02.693Z	gs://fc-fd42e80c-b41e-4e60-a9cf-b7c0ade168c4/submissions/a1e9b9ce-0d67-4d42-b107-b9821f44dd60/MethylationProfiling/ca803a69-2334-423f-8724-b8044b80453d/call-CpgPileup/HG02615.hap2.bed.gz?generation=1777750805470215	2	upQ9CQ==	yFpsj15/a/x/5SjG6HcZ6A==	CIe4ieqtm5QDEAI=
HG02615	hap2_bed_index	cpg_hap2_bed_idx	gs://fc-fd42e80c-b41e-4e60-a9cf-b7c0ade168c4/submissions/a1e9b9ce-0d67-4d42-b107-b9821f44dd60/MethylationProfiling/ca803a69-2334-423f-8724-b8044b80453d/call-CpgPileup/HG02615.hap2.bed.gz.tbi	1777750790995916	1648713	md5_base64	ZNNkppaGV9SZLan85H9NLA==	2026-05-02T19:39:50.999Z	2026-06-03T14:57:01.488Z	gs://fc-fd42e80c-b41e-4e60-a9cf-b7c0ade168c4/submissions/a1e9b9ce-0d67-4d42-b107-b9821f44dd60/MethylationProfiling/ca803a69-2334-423f-8724-b8044b80453d/call-CpgPileup/HG02615.hap2.bed.gz.tbi?generation=1777750790995916	3	kUcWiw==	ZNNkppaGV9SZLan85H9NLA==	CMz/leOtm5QDEAM=
HG02622	combined_bed	cpg_combined_bed	gs://fc-fd42e80c-b41e-4e60-a9cf-b7c0ade168c4/submissions/8d097187-878e-47bf-9fb7-e16829d4404c/MethylationProfiling/289c7c85-b7ee-40fd-bd2c-7850330515de/call-CpgPileup/HG02622.combined.bed.gz	1778689023973437	195600177	md5_base64	0njn6lFN7NnR/mnMlIfGDw==	2026-05-13T16:17:03.979Z	2026-06-15T11:42:12.374Z	gs://fc-fd42e80c-b41e-4e60-a9cf-b7c0ade168c4/submissions/8d097187-878e-47bf-9fb7-e16829d4404c/MethylationProfiling/289c7c85-b7ee-40fd-bd2c-7850330515de/call-CpgPileup/HG02622.combined.bed.gz?generation=1778689023973437	3	2dLlNQ==	0njn6lFN7NnR/mnMlIfGDw==	CL2wwvvUtpQDEAM=
HG02622	combined_bed_index	independently_verified_combined_bed_index	gs://fc-fd42e80c-b41e-4e60-a9cf-b7c0ade168c4/submissions/8d097187-878e-47bf-9fb7-e16829d4404c/MethylationProfiling/289c7c85-b7ee-40fd-bd2c-7850330515de/call-CpgPileup/HG02622.combined.bed.gz.tbi	1778689025981621	1684963	md5_base64	a34M/lHbZpsMapf0YEXuTg==	2026-05-13T16:17:05.987Z	2026-06-16T03:39:12.244Z	gs://fc-fd42e80c-b41e-4e60-a9cf-b7c0ade168c4/submissions/8d097187-878e-47bf-9fb7-e16829d4404c/MethylationProfiling/289c7c85-b7ee-40fd-bd2c-7850330515de/call-CpgPileup/HG02622.combined.bed.gz.tbi?generation=1778689025981621	3	DVwuSw==	a34M/lHbZpsMapf0YEXuTg==	CLX5vPzUtpQDEAM=
HG02622	hap1_bed	cpg_hap1_bed	gs://fc-fd42e80c-b41e-4e60-a9cf-b7c0ade168c4/submissions/8d097187-878e-47bf-9fb7-e16829d4404c/MethylationProfiling/289c7c85-b7ee-40fd-bd2c-7850330515de/call-CpgPileup/HG02622.hap1.bed.gz	1778689014649033	185592140	md5_base64	A7sr9cDCaXcVz6D4n0brmA==	2026-05-13T16:16:54.656Z	2026-06-15T15:10:07.458Z	gs://fc-fd42e80c-b41e-4e60-a9cf-b7c0ade168c4/submissions/8d097187-878e-47bf-9fb7-e16829d4404c/MethylationProfiling/289c7c85-b7ee-40fd-bd2c-7850330515de/call-CpgPileup/HG02622.hap1.bed.gz?generation=1778689014649033	3	s2HlTw==	A7sr9cDCaXcVz6D4n0brmA==	CMmhiffUtpQDEAM=
HG02622	hap1_bed_index	cpg_hap1_bed_idx	gs://fc-fd42e80c-b41e-4e60-a9cf-b7c0ade168c4/submissions/8d097187-878e-47bf-9fb7-e16829d4404c/MethylationProfiling/289c7c85-b7ee-40fd-bd2c-7850330515de/call-CpgPileup/HG02622.hap1.bed.gz.tbi	1778689016720535	1671784	md5_base64	Wu9I66w6JMU7i6oBh26/OQ==	2026-05-13T16:16:56.727Z	2026-06-15T22:22:17.754Z	gs://fc-fd42e80c-b41e-4e60-a9cf-b7c0ade168c4/submissions/8d097187-878e-47bf-9fb7-e16829d4404c/MethylationProfiling/289c7c85-b7ee-40fd-bd2c-7850330515de/call-CpgPileup/HG02622.hap1.bed.gz.tbi?generation=1778689016720535	3	F7sNgA==	Wu9I66w6JMU7i6oBh26/OQ==	CJfZh/jUtpQDEAM=
HG02622	hap2_bed	cpg_hap2_bed	gs://fc-fd42e80c-b41e-4e60-a9cf-b7c0ade168c4/submissions/8d097187-878e-47bf-9fb7-e16829d4404c/MethylationProfiling/289c7c85-b7ee-40fd-bd2c-7850330515de/call-CpgPileup/HG02622.hap2.bed.gz	1778689010489833	185458941	md5_base64	Bm8xtcRPU9iB+IvXgBKidw==	2026-05-13T16:16:50.495Z	2026-06-15T13:11:03.650Z	gs://fc-fd42e80c-b41e-4e60-a9cf-b7c0ade168c4/submissions/8d097187-878e-47bf-9fb7-e16829d4404c/MethylationProfiling/289c7c85-b7ee-40fd-bd2c-7850330515de/call-CpgPileup/HG02622.hap2.bed.gz?generation=1778689010489833	3	+msp3g==	Bm8xtcRPU9iB+IvXgBKidw==	COmzi/XUtpQDEAM=
HG02622	hap2_bed_index	cpg_hap2_bed_idx	gs://fc-fd42e80c-b41e-4e60-a9cf-b7c0ade168c4/submissions/8d097187-878e-47bf-9fb7-e16829d4404c/MethylationProfiling/289c7c85-b7ee-40fd-bd2c-7850330515de/call-CpgPileup/HG02622.hap2.bed.gz.tbi	1778689018797629	1670966	md5_base64	w1UGbL7W7LcU9GCECTvGzw==	2026-05-13T16:16:58.803Z	2026-06-15T17:40:40.404Z	gs://fc-fd42e80c-b41e-4e60-a9cf-b7c0ade168c4/submissions/8d097187-878e-47bf-9fb7-e16829d4404c/MethylationProfiling/289c7c85-b7ee-40fd-bd2c-7850330515de/call-CpgPileup/HG02622.hap2.bed.gz.tbi?generation=1778689018797629	3	j1SJ9g==	w1UGbL7W7LcU9GCECTvGzw==	CL28hvnUtpQDEAM=
HG02630	combined_bed	cpg_combined_bed	gs://fc-fd42e80c-b41e-4e60-a9cf-b7c0ade168c4/submissions/f0ab26b0-d66f-45be-8322-24218670bc4d/MethylationProfiling/c3228c90-5392-4a83-8eba-74ee8d1f4c99/call-CpgPileup/HG02630.combined.bed.gz	1783875642141627	338623730	md5_base64	xLb1OF7x6nomgrDjotmKRw==	2026-07-12T17:00:42.148Z	2026-07-12T17:00:42.148Z	gs://fc-fd42e80c-b41e-4e60-a9cf-b7c0ade168c4/submissions/f0ab26b0-d66f-45be-8322-24218670bc4d/MethylationProfiling/c3228c90-5392-4a83-8eba-74ee8d1f4c99/call-CpgPileup/HG02630.combined.bed.gz?generation=1783875642141627	1	sybLIw==	xLb1OF7x6nomgrDjotmKRw==	CLvX5M/OzZUDEAE=
HG02630	combined_bed_index	independently_verified_combined_bed_index	gs://fc-fd42e80c-b41e-4e60-a9cf-b7c0ade168c4/submissions/f0ab26b0-d66f-45be-8322-24218670bc4d/MethylationProfiling/c3228c90-5392-4a83-8eba-74ee8d1f4c99/call-CpgPileup/HG02630.combined.bed.gz.tbi	1783875629832937	1682419	md5_base64	VETbTyb17MB2k0b1uQC11w==	2026-07-12T17:00:29.836Z	2026-07-12T17:00:29.836Z	gs://fc-fd42e80c-b41e-4e60-a9cf-b7c0ade168c4/submissions/f0ab26b0-d66f-45be-8322-24218670bc4d/MethylationProfiling/c3228c90-5392-4a83-8eba-74ee8d1f4c99/call-CpgPileup/HG02630.combined.bed.gz.tbi?generation=1783875629832937	1	XFv4TA==	VETbTyb17MB2k0b1uQC11w==	COm19cnOzZUDEAE=
HG02630	hap1_bed	cpg_hap1_bed	gs://fc-fd42e80c-b41e-4e60-a9cf-b7c0ade168c4/submissions/f0ab26b0-d66f-45be-8322-24218670bc4d/MethylationProfiling/c3228c90-5392-4a83-8eba-74ee8d1f4c99/call-CpgPileup/HG02630.hap1.bed.gz	1783875625900054	300167440	md5_base64	LLiBbhSPthPGdqMK6tCXCw==	2026-07-12T17:00:25.903Z	2026-07-12T17:00:25.903Z	gs://fc-fd42e80c-b41e-4e60-a9cf-b7c0ade168c4/submissions/f0ab26b0-d66f-45be-8322-24218670bc4d/MethylationProfiling/c3228c90-5392-4a83-8eba-74ee8d1f4c99/call-CpgPileup/HG02630.hap1.bed.gz?generation=1783875625900054	1	Tn2jeg==	LLiBbhSPthPGdqMK6tCXCw==	CJawhcjOzZUDEAE=
HG02630	hap1_bed_index	cpg_hap1_bed_idx	gs://fc-fd42e80c-b41e-4e60-a9cf-b7c0ade168c4/submissions/f0ab26b0-d66f-45be-8322-24218670bc4d/MethylationProfiling/c3228c90-5392-4a83-8eba-74ee8d1f4c99/call-CpgPileup/HG02630.hap1.bed.gz.tbi	1783875627858659	1652008	md5_base64	M8iVoXhtwJN+WQ+T5/lWQg==	2026-07-12T17:00:27.864Z	2026-07-12T17:00:27.864Z	gs://fc-fd42e80c-b41e-4e60-a9cf-b7c0ade168c4/submissions/f0ab26b0-d66f-45be-8322-24218670bc4d/MethylationProfiling/c3228c90-5392-4a83-8eba-74ee8d1f4c99/call-CpgPileup/HG02630.hap1.bed.gz.tbi?generation=1783875627858659	1	7EIy2g==	M8iVoXhtwJN+WQ+T5/lWQg==	COP1/MjOzZUDEAE=
HG02630	hap2_bed	cpg_hap2_bed	gs://fc-fd42e80c-b41e-4e60-a9cf-b7c0ade168c4/submissions/f0ab26b0-d66f-45be-8322-24218670bc4d/MethylationProfiling/c3228c90-5392-4a83-8eba-74ee8d1f4c99/call-CpgPileup/HG02630.hap2.bed.gz	1783875614049844	300361306	md5_base64	kbZ5cdapTmaWz4pGeFcPSQ==	2026-07-12T17:00:14.054Z	2026-07-12T17:00:14.054Z	gs://fc-fd42e80c-b41e-4e60-a9cf-b7c0ade168c4/submissions/f0ab26b0-d66f-45be-8322-24218670bc4d/MethylationProfiling/c3228c90-5392-4a83-8eba-74ee8d1f4c99/call-CpgPileup/HG02630.hap2.bed.gz?generation=1783875614049844	1	uU9rJw==	kbZ5cdapTmaWz4pGeFcPSQ==	CLSMssLOzZUDEAE=
HG02630	hap2_bed_index	cpg_hap2_bed_idx	gs://fc-fd42e80c-b41e-4e60-a9cf-b7c0ade168c4/submissions/f0ab26b0-d66f-45be-8322-24218670bc4d/MethylationProfiling/c3228c90-5392-4a83-8eba-74ee8d1f4c99/call-CpgPileup/HG02630.hap2.bed.gz.tbi	1783875601164247	1652331	md5_base64	fbr+5E4M0SyewFGCJWsfeg==	2026-07-12T17:00:01.167Z	2026-07-12T17:00:01.167Z	gs://fc-fd42e80c-b41e-4e60-a9cf-b7c0ade168c4/submissions/f0ab26b0-d66f-45be-8322-24218670bc4d/MethylationProfiling/c3228c90-5392-4a83-8eba-74ee8d1f4c99/call-CpgPileup/HG02630.hap2.bed.gz.tbi?generation=1783875601164247	1	5sIWXA==	fbr+5E4M0SyewFGCJWsfeg==	CNfPn7zOzZUDEAE=
HG02647	combined_bed	cpg_combined_bed	gs://fc-fd42e80c-b41e-4e60-a9cf-b7c0ade168c4/submissions/a1e9b9ce-0d67-4d42-b107-b9821f44dd60/MethylationProfiling/8ffaf2b3-b952-40d5-8d85-5a5c83ab32d9/call-CpgPileup/HG02647.combined.bed.gz	1777750970301272	282630821	md5_base64	8cYTj5xJgzfYwVtyARpSkA==	2026-05-02T19:42:50.307Z	2026-06-03T15:40:02.499Z	gs://fc-fd42e80c-b41e-4e60-a9cf-b7c0ade168c4/submissions/a1e9b9ce-0d67-4d42-b107-b9821f44dd60/MethylationProfiling/8ffaf2b3-b952-40d5-8d85-5a5c83ab32d9/call-CpgPileup/HG02647.combined.bed.gz?generation=1777750970301272	3	Jft/Yw==	8cYTj5xJgzfYwVtyARpSkA==	CNj21bium5QDEAM=
HG02647	combined_bed_index	independently_verified_combined_bed_index	gs://fc-fd42e80c-b41e-4e60-a9cf-b7c0ade168c4/submissions/a1e9b9ce-0d67-4d42-b107-b9821f44dd60/MethylationProfiling/8ffaf2b3-b952-40d5-8d85-5a5c83ab32d9/call-CpgPileup/HG02647.combined.bed.gz.tbi	1777750964088860	1680317	md5_base64	A3vslaOAY5wYQ2b83AUXzA==	2026-05-02T19:42:44.092Z	2026-06-03T15:06:03.677Z	gs://fc-fd42e80c-b41e-4e60-a9cf-b7c0ade168c4/submissions/a1e9b9ce-0d67-4d42-b107-b9821f44dd60/MethylationProfiling/8ffaf2b3-b952-40d5-8d85-5a5c83ab32d9/call-CpgPileup/HG02647.combined.bed.gz.tbi?generation=1777750964088860	3	f68wYA==	A3vslaOAY5wYQ2b83AUXzA==	CJzg2rWum5QDEAM=
HG02647	hap1_bed	cpg_hap1_bed	gs://fc-fd42e80c-b41e-4e60-a9cf-b7c0ade168c4/submissions/a1e9b9ce-0d67-4d42-b107-b9821f44dd60/MethylationProfiling/8ffaf2b3-b952-40d5-8d85-5a5c83ab32d9/call-CpgPileup/HG02647.hap1.bed.gz	1777750979833917	208441958	md5_base64	KK/v0dckY9N2AAQ1cuQdwQ==	2026-05-02T19:42:59.840Z	2026-06-02T20:25:36.428Z	gs://fc-fd42e80c-b41e-4e60-a9cf-b7c0ade168c4/submissions/a1e9b9ce-0d67-4d42-b107-b9821f44dd60/MethylationProfiling/8ffaf2b3-b952-40d5-8d85-5a5c83ab32d9/call-CpgPileup/HG02647.hap1.bed.gz?generation=1777750979833917	2	maXd7Q==	KK/v0dckY9N2AAQ1cuQdwQ==	CL3gm72um5QDEAI=
HG02647	hap1_bed_index	cpg_hap1_bed_idx	gs://fc-fd42e80c-b41e-4e60-a9cf-b7c0ade168c4/submissions/a1e9b9ce-0d67-4d42-b107-b9821f44dd60/MethylationProfiling/8ffaf2b3-b952-40d5-8d85-5a5c83ab32d9/call-CpgPileup/HG02647.hap1.bed.gz.tbi	1777750966067469	1507839	md5_base64	xQ/tqL1WfkIvFOakxj62pg==	2026-05-02T19:42:46.071Z	2026-06-03T16:03:02.720Z	gs://fc-fd42e80c-b41e-4e60-a9cf-b7c0ade168c4/submissions/a1e9b9ce-0d67-4d42-b107-b9821f44dd60/MethylationProfiling/8ffaf2b3-b952-40d5-8d85-5a5c83ab32d9/call-CpgPileup/HG02647.hap1.bed.gz.tbi?generation=1777750966067469	3	gB7VQQ==	xQ/tqL1WfkIvFOakxj62pg==	CI3C07aum5QDEAM=
HG02647	hap2_bed	cpg_hap2_bed	gs://fc-fd42e80c-b41e-4e60-a9cf-b7c0ade168c4/submissions/a1e9b9ce-0d67-4d42-b107-b9821f44dd60/MethylationProfiling/8ffaf2b3-b952-40d5-8d85-5a5c83ab32d9/call-CpgPileup/HG02647.hap2.bed.gz	1777750974593281	208043991	md5_base64	31nKL4Hc0QPGzy5ciQbOvw==	2026-05-02T19:42:54.597Z	2026-06-03T15:56:19.394Z	gs://fc-fd42e80c-b41e-4e60-a9cf-b7c0ade168c4/submissions/a1e9b9ce-0d67-4d42-b107-b9821f44dd60/MethylationProfiling/8ffaf2b3-b952-40d5-8d85-5a5c83ab32d9/call-CpgPileup/HG02647.hap2.bed.gz?generation=1777750974593281	3	cNRTnQ==	31nKL4Hc0QPGzy5ciQbOvw==	CIHy27qum5QDEAM=
HG02647	hap2_bed_index	cpg_hap2_bed_idx	gs://fc-fd42e80c-b41e-4e60-a9cf-b7c0ade168c4/submissions/a1e9b9ce-0d67-4d42-b107-b9821f44dd60/MethylationProfiling/8ffaf2b3-b952-40d5-8d85-5a5c83ab32d9/call-CpgPileup/HG02647.hap2.bed.gz.tbi	1777750981846781	1507813	md5_base64	kywuv8YWUcTOmUhofotpIg==	2026-05-02T19:43:01.851Z	2026-06-03T15:34:01.420Z	gs://fc-fd42e80c-b41e-4e60-a9cf-b7c0ade168c4/submissions/a1e9b9ce-0d67-4d42-b107-b9821f44dd60/MethylationProfiling/8ffaf2b3-b952-40d5-8d85-5a5c83ab32d9/call-CpgPileup/HG02647.hap2.bed.gz.tbi?generation=1777750981846781	3	UbW8Hg==	kywuv8YWUcTOmUhofotpIg==	CP3Nlr6um5QDEAM=
HG02668	combined_bed	cpg_combined_bed	gs://fc-fd42e80c-b41e-4e60-a9cf-b7c0ade168c4/submissions/a1e9b9ce-0d67-4d42-b107-b9821f44dd60/MethylationProfiling/b250e436-f413-4a2c-bc62-28fe03672f6b/call-CpgPileup/HG02668.combined.bed.gz	1777749958832201	340818744	md5_base64	Vq8sX1J0g3P3nt3/EMXjbQ==	2026-05-02T19:25:58.842Z	2026-06-02T20:00:58.367Z	gs://fc-fd42e80c-b41e-4e60-a9cf-b7c0ade168c4/submissions/a1e9b9ce-0d67-4d42-b107-b9821f44dd60/MethylationProfiling/b250e436-f413-4a2c-bc62-28fe03672f6b/call-CpgPileup/HG02668.combined.bed.gz?generation=1777749958832201	2	xvFOkQ==	Vq8sX1J0g3P3nt3/EMXjbQ==	CMngrtaqm5QDEAI=
HG02668	combined_bed_index	independently_verified_combined_bed_index	gs://fc-fd42e80c-b41e-4e60-a9cf-b7c0ade168c4/submissions/a1e9b9ce-0d67-4d42-b107-b9821f44dd60/MethylationProfiling/b250e436-f413-4a2c-bc62-28fe03672f6b/call-CpgPileup/HG02668.combined.bed.gz.tbi	1777749948575572	1693578	md5_base64	QWNYVeTmPDYTE5HVeNYOIw==	2026-05-02T19:25:48.579Z	2026-06-02T20:10:52.639Z	gs://fc-fd42e80c-b41e-4e60-a9cf-b7c0ade168c4/submissions/a1e9b9ce-0d67-4d42-b107-b9821f44dd60/MethylationProfiling/b250e436-f413-4a2c-bc62-28fe03672f6b/call-CpgPileup/HG02668.combined.bed.gz.tbi?generation=1777749948575572	2	y9xJQQ==	QWNYVeTmPDYTE5HVeNYOIw==	CNTevNGqm5QDEAI=
HG02668	hap1_bed	cpg_hap1_bed	gs://fc-fd42e80c-b41e-4e60-a9cf-b7c0ade168c4/submissions/a1e9b9ce-0d67-4d42-b107-b9821f44dd60/MethylationProfiling/b250e436-f413-4a2c-bc62-28fe03672f6b/call-CpgPileup/HG02668.hap1.bed.gz	1777749967817919	288731680	md5_base64	flw4KXI5MZzKtaULR/K+9g==	2026-05-02T19:26:07.822Z	2026-06-03T15:52:00.488Z	gs://fc-fd42e80c-b41e-4e60-a9cf-b7c0ade168c4/submissions/a1e9b9ce-0d67-4d42-b107-b9821f44dd60/MethylationProfiling/b250e436-f413-4a2c-bc62-28fe03672f6b/call-CpgPileup/HG02668.hap1.bed.gz?generation=1777749967817919	3	Ns46Lw==	flw4KXI5MZzKtaULR/K+9g==	CL+Z09qqm5QDEAM=
HG02668	hap1_bed_index	cpg_hap1_bed_idx	gs://fc-fd42e80c-b41e-4e60-a9cf-b7c0ade168c4/submissions/a1e9b9ce-0d67-4d42-b107-b9821f44dd60/MethylationProfiling/b250e436-f413-4a2c-bc62-28fe03672f6b/call-CpgPileup/HG02668.hap1.bed.gz.tbi	1777749979264328	1572996	md5_base64	kjvK0xIXJo6NhEFYyMurLQ==	2026-05-02T19:26:19.268Z	2026-06-03T15:55:00.647Z	gs://fc-fd42e80c-b41e-4e60-a9cf-b7c0ade168c4/submissions/a1e9b9ce-0d67-4d42-b107-b9821f44dd60/MethylationProfiling/b250e436-f413-4a2c-bc62-28fe03672f6b/call-CpgPileup/HG02668.hap1.bed.gz.tbi?generation=1777749979264328	3	kQrt3Q==	kjvK0xIXJo6NhEFYyMurLQ==	CMjqjeCqm5QDEAM=
HG02668	hap2_bed	cpg_hap2_bed	gs://fc-fd42e80c-b41e-4e60-a9cf-b7c0ade168c4/submissions/a1e9b9ce-0d67-4d42-b107-b9821f44dd60/MethylationProfiling/b250e436-f413-4a2c-bc62-28fe03672f6b/call-CpgPileup/HG02668.hap2.bed.gz	1777749977257040	289003446	md5_base64	xmH73LJVtij6d/UlHpejbQ==	2026-05-02T19:26:17.262Z	2026-06-02T20:10:52.639Z	gs://fc-fd42e80c-b41e-4e60-a9cf-b7c0ade168c4/submissions/a1e9b9ce-0d67-4d42-b107-b9821f44dd60/MethylationProfiling/b250e436-f413-4a2c-bc62-28fe03672f6b/call-CpgPileup/HG02668.hap2.bed.gz?generation=1777749977257040	2	NRckJQ==	xmH73LJVtij6d/UlHpejbQ==	CNCok9+qm5QDEAI=
HG02668	hap2_bed_index	cpg_hap2_bed_idx	gs://fc-fd42e80c-b41e-4e60-a9cf-b7c0ade168c4/submissions/a1e9b9ce-0d67-4d42-b107-b9821f44dd60/MethylationProfiling/b250e436-f413-4a2c-bc62-28fe03672f6b/call-CpgPileup/HG02668.hap2.bed.gz.tbi	1777749960788932	1573846	md5_base64	Eku28yYKsv1OSeYdTJLFpQ==	2026-05-02T19:26:00.807Z	2026-06-03T15:26:58.629Z	gs://fc-fd42e80c-b41e-4e60-a9cf-b7c0ade168c4/submissions/a1e9b9ce-0d67-4d42-b107-b9821f44dd60/MethylationProfiling/b250e436-f413-4a2c-bc62-28fe03672f6b/call-CpgPileup/HG02668.hap2.bed.gz.tbi?generation=1777749960788932	3	2ETNGA==	Eku28yYKsv1OSeYdTJLFpQ==	CMSXpteqm5QDEAM=
HG02698	combined_bed	cpg_combined_bed	gs://fc-fd42e80c-b41e-4e60-a9cf-b7c0ade168c4/submissions/a1e9b9ce-0d67-4d42-b107-b9821f44dd60/MethylationProfiling/27f0bdce-3e87-405a-8515-6c49ffc5ea44/call-CpgPileup/HG02698.combined.bed.gz	1777750704319861	322095207	md5_base64	9WbLw4+78Hf4/TexqjlevA==	2026-05-02T19:38:24.323Z	2026-06-02T20:04:44.794Z	gs://fc-fd42e80c-b41e-4e60-a9cf-b7c0ade168c4/submissions/a1e9b9ce-0d67-4d42-b107-b9821f44dd60/MethylationProfiling/27f0bdce-3e87-405a-8515-6c49ffc5ea44/call-CpgPileup/HG02698.combined.bed.gz?generation=1777750704319861	2	U0ZMLQ==	9WbLw4+78Hf4/TexqjlevA==	CPXa67mtm5QDEAI=
HG02698	combined_bed_index	independently_verified_combined_bed_index	gs://fc-fd42e80c-b41e-4e60-a9cf-b7c0ade168c4/submissions/a1e9b9ce-0d67-4d42-b107-b9821f44dd60/MethylationProfiling/27f0bdce-3e87-405a-8515-6c49ffc5ea44/call-CpgPileup/HG02698.combined.bed.gz.tbi	1777750706216765	1692218	md5_base64	EB5m+ktFuIDlIg0nxyQZjA==	2026-05-02T19:38:26.221Z	2026-06-02T20:34:38.892Z	gs://fc-fd42e80c-b41e-4e60-a9cf-b7c0ade168c4/submissions/a1e9b9ce-0d67-4d42-b107-b9821f44dd60/MethylationProfiling/27f0bdce-3e87-405a-8515-6c49ffc5ea44/call-CpgPileup/HG02698.combined.bed.gz.tbi?generation=1777750706216765	2	wwAjFQ==	EB5m+ktFuIDlIg0nxyQZjA==	CL2+37qtm5QDEAI=
HG02698	hap1_bed	cpg_hap1_bed	gs://fc-fd42e80c-b41e-4e60-a9cf-b7c0ade168c4/submissions/a1e9b9ce-0d67-4d42-b107-b9821f44dd60/MethylationProfiling/27f0bdce-3e87-405a-8515-6c49ffc5ea44/call-CpgPileup/HG02698.hap1.bed.gz	1777750723123366	270765084	md5_base64	PBvU5G576D19tS9yPCehOg==	2026-05-02T19:38:43.127Z	2026-06-02T19:49:17.703Z	gs://fc-fd42e80c-b41e-4e60-a9cf-b7c0ade168c4/submissions/a1e9b9ce-0d67-4d42-b107-b9821f44dd60/MethylationProfiling/27f0bdce-3e87-405a-8515-6c49ffc5ea44/call-CpgPileup/HG02698.hap1.bed.gz?generation=1777750723123366	2	GEuEYQ==	PBvU5G576D19tS9yPCehOg==	CKax58Ktm5QDEAI=
HG02698	hap1_bed_index	cpg_hap1_bed_idx	gs://fc-fd42e80c-b41e-4e60-a9cf-b7c0ade168c4/submissions/a1e9b9ce-0d67-4d42-b107-b9821f44dd60/MethylationProfiling/27f0bdce-3e87-405a-8515-6c49ffc5ea44/call-CpgPileup/HG02698.hap1.bed.gz.tbi	1777750716486797	1563766	md5_base64	cO/wrej/r0myPdiSQliQLw==	2026-05-02T19:38:36.490Z	2026-06-03T14:43:00.248Z	gs://fc-fd42e80c-b41e-4e60-a9cf-b7c0ade168c4/submissions/a1e9b9ce-0d67-4d42-b107-b9821f44dd60/MethylationProfiling/27f0bdce-3e87-405a-8515-6c49ffc5ea44/call-CpgPileup/HG02698.hap1.bed.gz.tbi?generation=1777750716486797	3	6bRhJw==	cO/wrej/r0myPdiSQliQLw==	CI2p0r+tm5QDEAM=
HG02698	hap2_bed	cpg_hap2_bed	gs://fc-fd42e80c-b41e-4e60-a9cf-b7c0ade168c4/submissions/a1e9b9ce-0d67-4d42-b107-b9821f44dd60/MethylationProfiling/27f0bdce-3e87-405a-8515-6c49ffc5ea44/call-CpgPileup/HG02698.hap2.bed.gz	1777750714475437	270864223	md5_base64	hUCAKN7MvgftFBkFFd0TVw==	2026-05-02T19:38:34.479Z	2026-06-03T15:10:04.382Z	gs://fc-fd42e80c-b41e-4e60-a9cf-b7c0ade168c4/submissions/a1e9b9ce-0d67-4d42-b107-b9821f44dd60/MethylationProfiling/27f0bdce-3e87-405a-8515-6c49ffc5ea44/call-CpgPileup/HG02698.hap2.bed.gz?generation=1777750714475437	3	n8bMUw==	hUCAKN7MvgftFBkFFd0TVw==	CK3H176tm5QDEAM=
HG02698	hap2_bed_index	cpg_hap2_bed_idx	gs://fc-fd42e80c-b41e-4e60-a9cf-b7c0ade168c4/submissions/a1e9b9ce-0d67-4d42-b107-b9821f44dd60/MethylationProfiling/27f0bdce-3e87-405a-8515-6c49ffc5ea44/call-CpgPileup/HG02698.hap2.bed.gz.tbi	1777750708252419	1563548	md5_base64	mrmHvOMsTc0rJxlDOQpCOQ==	2026-05-02T19:38:28.257Z	2026-06-03T15:31:02.267Z	gs://fc-fd42e80c-b41e-4e60-a9cf-b7c0ade168c4/submissions/a1e9b9ce-0d67-4d42-b107-b9821f44dd60/MethylationProfiling/27f0bdce-3e87-405a-8515-6c49ffc5ea44/call-CpgPileup/HG02698.hap2.bed.gz.tbi?generation=1777750708252419	3	haG1SA==	mrmHvOMsTc0rJxlDOQpCOQ==	CIPe27utm5QDEAM=
HG02717	combined_bed	cpg_combined_bed	gs://fc-fd42e80c-b41e-4e60-a9cf-b7c0ade168c4/submissions/f0ab26b0-d66f-45be-8322-24218670bc4d/MethylationProfiling/b310be3a-f3e2-4b17-aeb0-9f01712b8e93/call-CpgPileup/attempt-2/HG02717.combined.bed.gz	1783886020759642	351068475	md5_base64	TwWnGKTEMaBLRZZ4MBJ3PQ==	2026-07-12T19:53:40.766Z	2026-07-12T19:53:40.766Z	gs://fc-fd42e80c-b41e-4e60-a9cf-b7c0ade168c4/submissions/f0ab26b0-d66f-45be-8322-24218670bc4d/MethylationProfiling/b310be3a-f3e2-4b17-aeb0-9f01712b8e93/call-CpgPileup/attempt-2/HG02717.combined.bed.gz?generation=1783886020759642	1	PSqxnw==	TwWnGKTEMaBLRZZ4MBJ3PQ==	CNqg2aT1zZUDEAE=
HG02717	combined_bed_index	independently_verified_combined_bed_index	gs://fc-fd42e80c-b41e-4e60-a9cf-b7c0ade168c4/submissions/f0ab26b0-d66f-45be-8322-24218670bc4d/MethylationProfiling/b310be3a-f3e2-4b17-aeb0-9f01712b8e93/call-CpgPileup/attempt-2/HG02717.combined.bed.gz.tbi	1783886004090472	1694228	md5_base64	XzSo9WJLKpNbENGWjSq0Lw==	2026-07-12T19:53:24.094Z	2026-07-12T19:53:24.094Z	gs://fc-fd42e80c-b41e-4e60-a9cf-b7c0ade168c4/submissions/f0ab26b0-d66f-45be-8322-24218670bc4d/MethylationProfiling/b310be3a-f3e2-4b17-aeb0-9f01712b8e93/call-CpgPileup/attempt-2/HG02717.combined.bed.gz.tbi?generation=1783886004090472	1	TS2q+g==	XzSo9WJLKpNbENGWjSq0Lw==	COjs35z1zZUDEAE=
HG02717	hap1_bed	cpg_hap1_bed	gs://fc-fd42e80c-b41e-4e60-a9cf-b7c0ade168c4/submissions/f0ab26b0-d66f-45be-8322-24218670bc4d/MethylationProfiling/b310be3a-f3e2-4b17-aeb0-9f01712b8e93/call-CpgPileup/attempt-2/HG02717.hap1.bed.gz	1783886002358923	300953322	md5_base64	B94HsacJNg9i04TyhdUkVQ==	2026-07-12T19:53:22.364Z	2026-07-12T19:53:22.364Z	gs://fc-fd42e80c-b41e-4e60-a9cf-b7c0ade168c4/submissions/f0ab26b0-d66f-45be-8322-24218670bc4d/MethylationProfiling/b310be3a-f3e2-4b17-aeb0-9f01712b8e93/call-CpgPileup/attempt-2/HG02717.hap1.bed.gz?generation=1783886002358923	1	hleGBg==	B94HsacJNg9i04TyhdUkVQ==	CIuV9pv1zZUDEAE=
HG02717	hap1_bed_index	cpg_hap1_bed_idx	gs://fc-fd42e80c-b41e-4e60-a9cf-b7c0ade168c4/submissions/f0ab26b0-d66f-45be-8322-24218670bc4d/MethylationProfiling/b310be3a-f3e2-4b17-aeb0-9f01712b8e93/call-CpgPileup/attempt-2/HG02717.hap1.bed.gz.tbi	1783885974290980	1573887	md5_base64	3EfV1e/PY/l3/ZfkWT4+Uw==	2026-07-12T19:52:54.294Z	2026-07-12T19:52:54.294Z	gs://fc-fd42e80c-b41e-4e60-a9cf-b7c0ade168c4/submissions/f0ab26b0-d66f-45be-8322-24218670bc4d/MethylationProfiling/b310be3a-f3e2-4b17-aeb0-9f01712b8e93/call-CpgPileup/attempt-2/HG02717.hap1.bed.gz.tbi?generation=1783885974290980	1	wqk61w==	3EfV1e/PY/l3/ZfkWT4+Uw==	CKSExY71zZUDEAE=
HG02717	hap2_bed	cpg_hap2_bed	gs://fc-fd42e80c-b41e-4e60-a9cf-b7c0ade168c4/submissions/f0ab26b0-d66f-45be-8322-24218670bc4d/MethylationProfiling/b310be3a-f3e2-4b17-aeb0-9f01712b8e93/call-CpgPileup/attempt-2/HG02717.hap2.bed.gz	1783885988068485	300951686	md5_base64	7BGUWMX2k3AAjsvWcGqMLA==	2026-07-12T19:53:08.073Z	2026-07-12T19:53:08.073Z	gs://fc-fd42e80c-b41e-4e60-a9cf-b7c0ade168c4/submissions/f0ab26b0-d66f-45be-8322-24218670bc4d/MethylationProfiling/b310be3a-f3e2-4b17-aeb0-9f01712b8e93/call-CpgPileup/attempt-2/HG02717.hap2.bed.gz?generation=1783885988068485	1	1a9omA==	7BGUWMX2k3AAjsvWcGqMLA==	CIX5jZX1zZUDEAE=
HG02717	hap2_bed_index	cpg_hap2_bed_idx	gs://fc-fd42e80c-b41e-4e60-a9cf-b7c0ade168c4/submissions/f0ab26b0-d66f-45be-8322-24218670bc4d/MethylationProfiling/b310be3a-f3e2-4b17-aeb0-9f01712b8e93/call-CpgPileup/attempt-2/HG02717.hap2.bed.gz.tbi	1783886005818759	1573413	md5_base64	Ie2f10T8GWfia4sUzty9TA==	2026-07-12T19:53:25.822Z	2026-07-12T19:53:25.822Z	gs://fc-fd42e80c-b41e-4e60-a9cf-b7c0ade168c4/submissions/f0ab26b0-d66f-45be-8322-24218670bc4d/MethylationProfiling/b310be3a-f3e2-4b17-aeb0-9f01712b8e93/call-CpgPileup/attempt-2/HG02717.hap2.bed.gz.tbi?generation=1783886005818759	1	TE5efw==	Ie2f10T8GWfia4sUzty9TA==	CIeryZ31zZUDEAE=
HG02723	combined_bed	cpg_combined_bed	gs://fc-fd42e80c-b41e-4e60-a9cf-b7c0ade168c4/submissions/a1e9b9ce-0d67-4d42-b107-b9821f44dd60/MethylationProfiling/617853c3-a380-4185-9583-3cb6423761ae/call-CpgPileup/HG02723.combined.bed.gz	1777747359507894	315463868	md5_base64	e8VCG2we5Pdj0zUbcMioLw==	2026-05-02T18:42:39.511Z	2026-06-03T15:14:45.737Z	gs://fc-fd42e80c-b41e-4e60-a9cf-b7c0ade168c4/submissions/a1e9b9ce-0d67-4d42-b107-b9821f44dd60/MethylationProfiling/617853c3-a380-4185-9583-3cb6423761ae/call-CpgPileup/HG02723.combined.bed.gz?generation=1777747359507894	3	DIXk/Q==	e8VCG2we5Pdj0zUbcMioLw==	CLbL9P6gm5QDEAM=
HG02723	combined_bed_index	independently_verified_combined_bed_index	gs://fc-fd42e80c-b41e-4e60-a9cf-b7c0ade168c4/submissions/a1e9b9ce-0d67-4d42-b107-b9821f44dd60/MethylationProfiling/617853c3-a380-4185-9583-3cb6423761ae/call-CpgPileup/HG02723.combined.bed.gz.tbi	1777747363216313	1681133	md5_base64	knLjtIRJ+/0PwmCadmLj9g==	2026-05-02T18:42:43.219Z	2026-06-03T14:29:04.452Z	gs://fc-fd42e80c-b41e-4e60-a9cf-b7c0ade168c4/submissions/a1e9b9ce-0d67-4d42-b107-b9821f44dd60/MethylationProfiling/617853c3-a380-4185-9583-3cb6423761ae/call-CpgPileup/HG02723.combined.bed.gz.tbi?generation=1777747363216313	3	cJSKSA==	knLjtIRJ+/0PwmCadmLj9g==	CLn31oChm5QDEAM=
HG02723	hap1_bed	cpg_hap1_bed	gs://fc-fd42e80c-b41e-4e60-a9cf-b7c0ade168c4/submissions/a1e9b9ce-0d67-4d42-b107-b9821f44dd60/MethylationProfiling/617853c3-a380-4185-9583-3cb6423761ae/call-CpgPileup/HG02723.hap1.bed.gz	1777747347794903	280863412	md5_base64	wfrSz/O+mHh9/wt1zJ6VFg==	2026-05-02T18:42:27.800Z	2026-06-03T15:16:56.537Z	gs://fc-fd42e80c-b41e-4e60-a9cf-b7c0ade168c4/submissions/a1e9b9ce-0d67-4d42-b107-b9821f44dd60/MethylationProfiling/617853c3-a380-4185-9583-3cb6423761ae/call-CpgPileup/HG02723.hap1.bed.gz?generation=1777747347794903	3	a3KI2Q==	wfrSz/O+mHh9/wt1zJ6VFg==	CNfXqfmgm5QDEAM=
HG02723	hap1_bed_index	cpg_hap1_bed_idx	gs://fc-fd42e80c-b41e-4e60-a9cf-b7c0ade168c4/submissions/a1e9b9ce-0d67-4d42-b107-b9821f44dd60/MethylationProfiling/617853c3-a380-4185-9583-3cb6423761ae/call-CpgPileup/HG02723.hap1.bed.gz.tbi	1777747365092100	1657579	md5_base64	k+l3RJZZZ7sLjNiI1ku9iA==	2026-05-02T18:42:45.095Z	2026-06-03T15:21:01.786Z	gs://fc-fd42e80c-b41e-4e60-a9cf-b7c0ade168c4/submissions/a1e9b9ce-0d67-4d42-b107-b9821f44dd60/MethylationProfiling/617853c3-a380-4185-9583-3cb6423761ae/call-CpgPileup/HG02723.hap1.bed.gz.tbi?generation=1777747365092100	3	vifZJA==	k+l3RJZZZ7sLjNiI1ku9iA==	CIS2yYGhm5QDEAM=
HG02723	hap2_bed	cpg_hap2_bed	gs://fc-fd42e80c-b41e-4e60-a9cf-b7c0ade168c4/submissions/a1e9b9ce-0d67-4d42-b107-b9821f44dd60/MethylationProfiling/617853c3-a380-4185-9583-3cb6423761ae/call-CpgPileup/HG02723.hap2.bed.gz	1777747382486406	280601335	md5_base64	Unt4QYXtsxgqEqtLb/vS6w==	2026-05-02T18:43:02.489Z	2026-06-02T20:36:16.646Z	gs://fc-fd42e80c-b41e-4e60-a9cf-b7c0ade168c4/submissions/a1e9b9ce-0d67-4d42-b107-b9821f44dd60/MethylationProfiling/617853c3-a380-4185-9583-3cb6423761ae/call-CpgPileup/HG02723.hap2.bed.gz?generation=1777747382486406	2	EAQXrw==	Unt4QYXtsxgqEqtLb/vS6w==	CIaL74mhm5QDEAI=
HG02723	hap2_bed_index	cpg_hap2_bed_idx	gs://fc-fd42e80c-b41e-4e60-a9cf-b7c0ade168c4/submissions/a1e9b9ce-0d67-4d42-b107-b9821f44dd60/MethylationProfiling/617853c3-a380-4185-9583-3cb6423761ae/call-CpgPileup/HG02723.hap2.bed.gz.tbi	1777747361371122	1655939	md5_base64	kfvNdQSZn6WoQgAxfbjWKA==	2026-05-02T18:42:41.375Z	2026-06-02T19:48:57.253Z	gs://fc-fd42e80c-b41e-4e60-a9cf-b7c0ade168c4/submissions/a1e9b9ce-0d67-4d42-b107-b9821f44dd60/MethylationProfiling/617853c3-a380-4185-9583-3cb6423761ae/call-CpgPileup/HG02723.hap2.bed.gz.tbi?generation=1777747361371122	2	kHu1jg==	kfvNdQSZn6WoQgAxfbjWKA==	CPKn5v+gm5QDEAI=
HG02735	combined_bed	cpg_combined_bed	gs://fc-fd42e80c-b41e-4e60-a9cf-b7c0ade168c4/submissions/a1e9b9ce-0d67-4d42-b107-b9821f44dd60/MethylationProfiling/631c0b74-22b2-43f9-9497-8a2b35c8c902/call-CpgPileup/HG02735.combined.bed.gz	1777749553972649	360754982	md5_base64	Cn9ybv7vW5Im6UYxKH+UwA==	2026-05-02T19:19:13.976Z	2026-06-03T15:31:11.043Z	gs://fc-fd42e80c-b41e-4e60-a9cf-b7c0ade168c4/submissions/a1e9b9ce-0d67-4d42-b107-b9821f44dd60/MethylationProfiling/631c0b74-22b2-43f9-9497-8a2b35c8c902/call-CpgPileup/HG02735.combined.bed.gz?generation=1777749553972649	3	2JA6XQ==	Cn9ybv7vW5Im6UYxKH+UwA==	CKmLqJWpm5QDEAM=
HG02735	combined_bed_index	independently_verified_combined_bed_index	gs://fc-fd42e80c-b41e-4e60-a9cf-b7c0ade168c4/submissions/a1e9b9ce-0d67-4d42-b107-b9821f44dd60/MethylationProfiling/631c0b74-22b2-43f9-9497-8a2b35c8c902/call-CpgPileup/HG02735.combined.bed.gz.tbi	1777749545628531	1695577	md5_base64	fkt+R37a4isnhPQfzS7OUQ==	2026-05-02T19:19:05.633Z	2026-06-03T15:54:25.626Z	gs://fc-fd42e80c-b41e-4e60-a9cf-b7c0ade168c4/submissions/a1e9b9ce-0d67-4d42-b107-b9821f44dd60/MethylationProfiling/631c0b74-22b2-43f9-9497-8a2b35c8c902/call-CpgPileup/HG02735.combined.bed.gz.tbi?generation=1777749545628531	3	Q/qeOQ==	fkt+R37a4isnhPQfzS7OUQ==	CPPmqpGpm5QDEAM=
HG02735	hap1_bed	cpg_hap1_bed	gs://fc-fd42e80c-b41e-4e60-a9cf-b7c0ade168c4/submissions/a1e9b9ce-0d67-4d42-b107-b9821f44dd60/MethylationProfiling/631c0b74-22b2-43f9-9497-8a2b35c8c902/call-CpgPileup/HG02735.hap1.bed.gz	1777749572948511	304479197	md5_base64	kpcszZKiL1LetkIFje/wOQ==	2026-05-02T19:19:32.952Z	2026-06-02T19:58:36.208Z	gs://fc-fd42e80c-b41e-4e60-a9cf-b7c0ade168c4/submissions/a1e9b9ce-0d67-4d42-b107-b9821f44dd60/MethylationProfiling/631c0b74-22b2-43f9-9497-8a2b35c8c902/call-CpgPileup/HG02735.hap1.bed.gz?generation=1777749572948511	2	hF7mvg==	kpcszZKiL1LetkIFje/wOQ==	CJ+krp6pm5QDEAI=
HG02735	hap1_bed_index	cpg_hap1_bed_idx	gs://fc-fd42e80c-b41e-4e60-a9cf-b7c0ade168c4/submissions/a1e9b9ce-0d67-4d42-b107-b9821f44dd60/MethylationProfiling/631c0b74-22b2-43f9-9497-8a2b35c8c902/call-CpgPileup/HG02735.hap1.bed.gz.tbi	1777749563284803	1574278	md5_base64	aPz4H/aVDzeNAuPHP5mvaQ==	2026-05-02T19:19:23.287Z	2026-06-02T20:02:56.900Z	gs://fc-fd42e80c-b41e-4e60-a9cf-b7c0ade168c4/submissions/a1e9b9ce-0d67-4d42-b107-b9821f44dd60/MethylationProfiling/631c0b74-22b2-43f9-9497-8a2b35c8c902/call-CpgPileup/HG02735.hap1.bed.gz.tbi?generation=1777749563284803	2	pWk05g==	aPz4H/aVDzeNAuPHP5mvaQ==	CMO64Jmpm5QDEAI=
HG02735	hap2_bed	cpg_hap2_bed	gs://fc-fd42e80c-b41e-4e60-a9cf-b7c0ade168c4/submissions/a1e9b9ce-0d67-4d42-b107-b9821f44dd60/MethylationProfiling/631c0b74-22b2-43f9-9497-8a2b35c8c902/call-CpgPileup/HG02735.hap2.bed.gz	1777749561408587	304446169	md5_base64	5Vki1MRqk7ow8qaR8L/Urw==	2026-05-02T19:19:21.414Z	2026-06-02T19:47:57.645Z	gs://fc-fd42e80c-b41e-4e60-a9cf-b7c0ade168c4/submissions/a1e9b9ce-0d67-4d42-b107-b9821f44dd60/MethylationProfiling/631c0b74-22b2-43f9-9497-8a2b35c8c902/call-CpgPileup/HG02735.hap2.bed.gz?generation=1777749561408587	2	oeKsaA==	5Vki1MRqk7ow8qaR8L/Urw==	CMv47Zipm5QDEAI=
HG02735	hap2_bed_index	cpg_hap2_bed_idx	gs://fc-fd42e80c-b41e-4e60-a9cf-b7c0ade168c4/submissions/a1e9b9ce-0d67-4d42-b107-b9821f44dd60/MethylationProfiling/631c0b74-22b2-43f9-9497-8a2b35c8c902/call-CpgPileup/HG02735.hap2.bed.gz.tbi	1777749565267742	1574934	md5_base64	w2gr5SUjPCNafdjgzHr6bw==	2026-05-02T19:19:25.271Z	2026-06-03T16:05:05.915Z	gs://fc-fd42e80c-b41e-4e60-a9cf-b7c0ade168c4/submissions/a1e9b9ce-0d67-4d42-b107-b9821f44dd60/MethylationProfiling/631c0b74-22b2-43f9-9497-8a2b35c8c902/call-CpgPileup/HG02735.hap2.bed.gz.tbi?generation=1777749565267742	3	jQs1hw==	w2gr5SUjPCNafdjgzHr6bw==	CJ6+2Zqpm5QDEAM=
HG02738	combined_bed	cpg_combined_bed	gs://fc-fd42e80c-b41e-4e60-a9cf-b7c0ade168c4/submissions/a1e9b9ce-0d67-4d42-b107-b9821f44dd60/MethylationProfiling/0aad01c4-b4ff-40c9-8c27-bab1a8ad66ed/call-CpgPileup/HG02738.combined.bed.gz	1777750648260063	303209940	md5_base64	6kcPVMldYhLqGMmC85nlhw==	2026-05-02T19:37:28.265Z	2026-06-03T14:33:57.952Z	gs://fc-fd42e80c-b41e-4e60-a9cf-b7c0ade168c4/submissions/a1e9b9ce-0d67-4d42-b107-b9821f44dd60/MethylationProfiling/0aad01c4-b4ff-40c9-8c27-bab1a8ad66ed/call-CpgPileup/HG02738.combined.bed.gz?generation=1777750648260063	3	FiWXVg==	6kcPVMldYhLqGMmC85nlhw==	CN+Ljp+tm5QDEAM=
HG02738	combined_bed_index	independently_verified_combined_bed_index	gs://fc-fd42e80c-b41e-4e60-a9cf-b7c0ade168c4/submissions/a1e9b9ce-0d67-4d42-b107-b9821f44dd60/MethylationProfiling/0aad01c4-b4ff-40c9-8c27-bab1a8ad66ed/call-CpgPileup/HG02738.combined.bed.gz.tbi	1777750630419065	1690389	md5_base64	cHryTlijG08GL9TuKMr6Sw==	2026-05-02T19:37:10.423Z	2026-06-03T15:35:08.548Z	gs://fc-fd42e80c-b41e-4e60-a9cf-b7c0ade168c4/submissions/a1e9b9ce-0d67-4d42-b107-b9821f44dd60/MethylationProfiling/0aad01c4-b4ff-40c9-8c27-bab1a8ad66ed/call-CpgPileup/HG02738.combined.bed.gz.tbi?generation=1777750630419065	3	sPtGOA==	cHryTlijG08GL9TuKMr6Sw==	CPmUzZatm5QDEAM=
HG02738	hap1_bed	cpg_hap1_bed	gs://fc-fd42e80c-b41e-4e60-a9cf-b7c0ade168c4/submissions/a1e9b9ce-0d67-4d42-b107-b9821f44dd60/MethylationProfiling/0aad01c4-b4ff-40c9-8c27-bab1a8ad66ed/call-CpgPileup/HG02738.hap1.bed.gz	1777750643304903	248431788	md5_base64	BRoEyuXU8qS16/fO7GaDsQ==	2026-05-02T19:37:23.308Z	2026-06-02T20:10:15.608Z	gs://fc-fd42e80c-b41e-4e60-a9cf-b7c0ade168c4/submissions/a1e9b9ce-0d67-4d42-b107-b9821f44dd60/MethylationProfiling/0aad01c4-b4ff-40c9-8c27-bab1a8ad66ed/call-CpgPileup/HG02738.hap1.bed.gz?generation=1777750643304903	2	M2fDSA==	BRoEyuXU8qS16/fO7GaDsQ==	CMfT35ytm5QDEAI=
HG02738	hap1_bed_index	cpg_hap1_bed_idx	gs://fc-fd42e80c-b41e-4e60-a9cf-b7c0ade168c4/submissions/a1e9b9ce-0d67-4d42-b107-b9821f44dd60/MethylationProfiling/0aad01c4-b4ff-40c9-8c27-bab1a8ad66ed/call-CpgPileup/HG02738.hap1.bed.gz.tbi	1777750652003794	1527870	md5_base64	fn7QGqo0HN9a7P7Ujjh3hw==	2026-05-02T19:37:32.007Z	2026-06-03T16:04:51.808Z	gs://fc-fd42e80c-b41e-4e60-a9cf-b7c0ade168c4/submissions/a1e9b9ce-0d67-4d42-b107-b9821f44dd60/MethylationProfiling/0aad01c4-b4ff-40c9-8c27-bab1a8ad66ed/call-CpgPileup/HG02738.hap1.bed.gz.tbi?generation=1777750652003794	3	xox/vw==	fn7QGqo0HN9a7P7Ujjh3hw==	CNLL8qCtm5QDEAM=
HG02738	hap2_bed	cpg_hap2_bed	gs://fc-fd42e80c-b41e-4e60-a9cf-b7c0ade168c4/submissions/a1e9b9ce-0d67-4d42-b107-b9821f44dd60/MethylationProfiling/0aad01c4-b4ff-40c9-8c27-bab1a8ad66ed/call-CpgPileup/HG02738.hap2.bed.gz	1777750659649998	247795309	md5_base64	Cy4oDIKXolQerY9V/1rU3w==	2026-05-02T19:37:39.653Z	2026-06-02T20:23:56.295Z	gs://fc-fd42e80c-b41e-4e60-a9cf-b7c0ade168c4/submissions/a1e9b9ce-0d67-4d42-b107-b9821f44dd60/MethylationProfiling/0aad01c4-b4ff-40c9-8c27-bab1a8ad66ed/call-CpgPileup/HG02738.hap2.bed.gz?generation=1777750659649998	2	K7ytCQ==	Cy4oDIKXolQerY9V/1rU3w==	CM6jxaStm5QDEAI=
HG02738	hap2_bed_index	cpg_hap2_bed_idx	gs://fc-fd42e80c-b41e-4e60-a9cf-b7c0ade168c4/submissions/a1e9b9ce-0d67-4d42-b107-b9821f44dd60/MethylationProfiling/0aad01c4-b4ff-40c9-8c27-bab1a8ad66ed/call-CpgPileup/HG02738.hap2.bed.gz.tbi	1777750650140291	1525066	md5_base64	bmdkPnl5sqv59jEteOCoMw==	2026-05-02T19:37:30.149Z	2026-06-03T15:41:58.005Z	gs://fc-fd42e80c-b41e-4e60-a9cf-b7c0ade168c4/submissions/a1e9b9ce-0d67-4d42-b107-b9821f44dd60/MethylationProfiling/0aad01c4-b4ff-40c9-8c27-bab1a8ad66ed/call-CpgPileup/HG02738.hap2.bed.gz.tbi?generation=1777750650140291	3	F5xRhg==	bmdkPnl5sqv59jEteOCoMw==	CIPtgKCtm5QDEAM=
HG02809	combined_bed	cpg_combined_bed	gs://fc-fd42e80c-b41e-4e60-a9cf-b7c0ade168c4/submissions/a1e9b9ce-0d67-4d42-b107-b9821f44dd60/MethylationProfiling/badd0d94-72cb-4ed6-94b1-4d3e38b23593/call-CpgPileup/HG02809.combined.bed.gz	1777751658913192	305841750	md5_base64	idPr1kfqI23hgMXREJQn/A==	2026-05-02T19:54:18.917Z	2026-06-03T15:40:06.957Z	gs://fc-fd42e80c-b41e-4e60-a9cf-b7c0ade168c4/submissions/a1e9b9ce-0d67-4d42-b107-b9821f44dd60/MethylationProfiling/badd0d94-72cb-4ed6-94b1-4d3e38b23593/call-CpgPileup/HG02809.combined.bed.gz?generation=1777751658913192	3	2pNv6A==	idPr1kfqI23hgMXREJQn/A==	CKi7g4Gxm5QDEAM=
HG02809	combined_bed_index	independently_verified_combined_bed_index	gs://fc-fd42e80c-b41e-4e60-a9cf-b7c0ade168c4/submissions/a1e9b9ce-0d67-4d42-b107-b9821f44dd60/MethylationProfiling/badd0d94-72cb-4ed6-94b1-4d3e38b23593/call-CpgPileup/HG02809.combined.bed.gz.tbi	1777751640797050	1679386	md5_base64	Jsd2KsFBa7hcLwguYY3xQA==	2026-05-02T19:54:00.801Z	2026-06-02T19:44:11.578Z	gs://fc-fd42e80c-b41e-4e60-a9cf-b7c0ade168c4/submissions/a1e9b9ce-0d67-4d42-b107-b9821f44dd60/MethylationProfiling/badd0d94-72cb-4ed6-94b1-4d3e38b23593/call-CpgPileup/HG02809.combined.bed.gz.tbi?generation=1777751640797050	2	5pubtw==	Jsd2KsFBa7hcLwguYY3xQA==	CPresfiwm5QDEAI=
HG02809	hap1_bed	cpg_hap1_bed	gs://fc-fd42e80c-b41e-4e60-a9cf-b7c0ade168c4/submissions/a1e9b9ce-0d67-4d42-b107-b9821f44dd60/MethylationProfiling/badd0d94-72cb-4ed6-94b1-4d3e38b23593/call-CpgPileup/HG02809.hap1.bed.gz	1777751638780636	270715033	md5_base64	5BpkmY63YxXQRYF2cfuVEQ==	2026-05-02T19:53:58.785Z	2026-06-03T15:01:07.509Z	gs://fc-fd42e80c-b41e-4e60-a9cf-b7c0ade168c4/submissions/a1e9b9ce-0d67-4d42-b107-b9821f44dd60/MethylationProfiling/badd0d94-72cb-4ed6-94b1-4d3e38b23593/call-CpgPileup/HG02809.hap1.bed.gz?generation=1777751638780636	4	xfDZdA==	5BpkmY63YxXQRYF2cfuVEQ==	CNzVtvewm5QDEAQ=
HG02809	hap1_bed_index	cpg_hap1_bed_idx	gs://fc-fd42e80c-b41e-4e60-a9cf-b7c0ade168c4/submissions/a1e9b9ce-0d67-4d42-b107-b9821f44dd60/MethylationProfiling/badd0d94-72cb-4ed6-94b1-4d3e38b23593/call-CpgPileup/HG02809.hap1.bed.gz.tbi	1777751642804707	1654738	md5_base64	X0yU64kSU3u7wUdPp8fzkw==	2026-05-02T19:54:02.807Z	2026-06-03T15:31:02.267Z	gs://fc-fd42e80c-b41e-4e60-a9cf-b7c0ade168c4/submissions/a1e9b9ce-0d67-4d42-b107-b9821f44dd60/MethylationProfiling/badd0d94-72cb-4ed6-94b1-4d3e38b23593/call-CpgPileup/HG02809.hap1.bed.gz.tbi?generation=1777751642804707	3	GBtXgA==	X0yU64kSU3u7wUdPp8fzkw==	COOjrPmwm5QDEAM=
HG02809	hap2_bed	cpg_hap2_bed	gs://fc-fd42e80c-b41e-4e60-a9cf-b7c0ade168c4/submissions/a1e9b9ce-0d67-4d42-b107-b9821f44dd60/MethylationProfiling/badd0d94-72cb-4ed6-94b1-4d3e38b23593/call-CpgPileup/HG02809.hap2.bed.gz	1777751650037859	270721396	md5_base64	rU0oY+BHKyd4NDSQvPSvyA==	2026-05-02T19:54:10.041Z	2026-06-03T15:29:03.583Z	gs://fc-fd42e80c-b41e-4e60-a9cf-b7c0ade168c4/submissions/a1e9b9ce-0d67-4d42-b107-b9821f44dd60/MethylationProfiling/badd0d94-72cb-4ed6-94b1-4d3e38b23593/call-CpgPileup/HG02809.hap2.bed.gz?generation=1777751650037859	3	24z7/A==	rU0oY+BHKyd4NDSQvPSvyA==	COPg5fywm5QDEAM=
HG02809	hap2_bed_index	cpg_hap2_bed_idx	gs://fc-fd42e80c-b41e-4e60-a9cf-b7c0ade168c4/submissions/a1e9b9ce-0d67-4d42-b107-b9821f44dd60/MethylationProfiling/badd0d94-72cb-4ed6-94b1-4d3e38b23593/call-CpgPileup/HG02809.hap2.bed.gz.tbi	1777751652067662	1656213	md5_base64	cHP7Q9BkkfC/8jtJDrw8eQ==	2026-05-02T19:54:12.072Z	2026-06-02T20:13:36.615Z	gs://fc-fd42e80c-b41e-4e60-a9cf-b7c0ade168c4/submissions/a1e9b9ce-0d67-4d42-b107-b9821f44dd60/MethylationProfiling/badd0d94-72cb-4ed6-94b1-4d3e38b23593/call-CpgPileup/HG02809.hap2.bed.gz.tbi?generation=1777751652067662	2	f+9NaQ==	cHP7Q9BkkfC/8jtJDrw8eQ==	CM7S4f2wm5QDEAI=
HG02818	combined_bed	cpg_combined_bed	gs://fc-fd42e80c-b41e-4e60-a9cf-b7c0ade168c4/submissions/f0ab26b0-d66f-45be-8322-24218670bc4d/MethylationProfiling/6b32628e-701c-4ee6-8ea3-55414bc67173/call-CpgPileup/HG02818.combined.bed.gz	1783874796660366	330856987	md5_base64	OvfUcCGghfaxObSk/rvi1A==	2026-07-12T16:46:36.666Z	2026-07-12T16:46:36.666Z	gs://fc-fd42e80c-b41e-4e60-a9cf-b7c0ade168c4/submissions/f0ab26b0-d66f-45be-8322-24218670bc4d/MethylationProfiling/6b32628e-701c-4ee6-8ea3-55414bc67173/call-CpgPileup/HG02818.combined.bed.gz?generation=1783874796660366	1	HLeLrg==	OvfUcCGghfaxObSk/rvi1A==	CI7N0LzLzZUDEAE=
HG02818	combined_bed_index	independently_verified_combined_bed_index	gs://fc-fd42e80c-b41e-4e60-a9cf-b7c0ade168c4/submissions/f0ab26b0-d66f-45be-8322-24218670bc4d/MethylationProfiling/6b32628e-701c-4ee6-8ea3-55414bc67173/call-CpgPileup/HG02818.combined.bed.gz.tbi	1783874829355290	1680101	md5_base64	rsYujnoRrNQygnafeyCWbg==	2026-07-12T16:47:09.357Z	2026-07-12T16:47:09.357Z	gs://fc-fd42e80c-b41e-4e60-a9cf-b7c0ade168c4/submissions/f0ab26b0-d66f-45be-8322-24218670bc4d/MethylationProfiling/6b32628e-701c-4ee6-8ea3-55414bc67173/call-CpgPileup/HG02818.combined.bed.gz.tbi?generation=1783874829355290	1	WNZWSw==	rsYujnoRrNQygnafeyCWbg==	CJqSnMzLzZUDEAE=
HG02818	hap1_bed	cpg_hap1_bed	gs://fc-fd42e80c-b41e-4e60-a9cf-b7c0ade168c4/submissions/f0ab26b0-d66f-45be-8322-24218670bc4d/MethylationProfiling/6b32628e-701c-4ee6-8ea3-55414bc67173/call-CpgPileup/HG02818.hap1.bed.gz	1783874808487356	290926891	md5_base64	kSTPve4bc9IpFi4kOTr20A==	2026-07-12T16:46:48.491Z	2026-07-12T16:46:48.491Z	gs://fc-fd42e80c-b41e-4e60-a9cf-b7c0ade168c4/submissions/f0ab26b0-d66f-45be-8322-24218670bc4d/MethylationProfiling/6b32628e-701c-4ee6-8ea3-55414bc67173/call-CpgPileup/HG02818.hap1.bed.gz?generation=1783874808487356	1	gH1YhQ==	kSTPve4bc9IpFi4kOTr20A==	CLy7osLLzZUDEAE=
HG02818	hap1_bed_index	cpg_hap1_bed_idx	gs://fc-fd42e80c-b41e-4e60-a9cf-b7c0ade168c4/submissions/f0ab26b0-d66f-45be-8322-24218670bc4d/MethylationProfiling/6b32628e-701c-4ee6-8ea3-55414bc67173/call-CpgPileup/HG02818.hap1.bed.gz.tbi	1783874825226782	1645660	md5_base64	VtdIh5Zd6oBaPzOagFISvQ==	2026-07-12T16:47:05.229Z	2026-07-12T16:47:05.229Z	gs://fc-fd42e80c-b41e-4e60-a9cf-b7c0ade168c4/submissions/f0ab26b0-d66f-45be-8322-24218670bc4d/MethylationProfiling/6b32628e-701c-4ee6-8ea3-55414bc67173/call-CpgPileup/HG02818.hap1.bed.gz.tbi?generation=1783874825226782	1	+YIabw==	VtdIh5Zd6oBaPzOagFISvQ==	CJ6UoMrLzZUDEAE=
HG02818	hap2_bed	cpg_hap2_bed	gs://fc-fd42e80c-b41e-4e60-a9cf-b7c0ade168c4/submissions/f0ab26b0-d66f-45be-8322-24218670bc4d/MethylationProfiling/6b32628e-701c-4ee6-8ea3-55414bc67173/call-CpgPileup/HG02818.hap2.bed.gz	1783874823196609	290935643	md5_base64	i21lsEjTOODoADiWchjngQ==	2026-07-12T16:47:03.200Z	2026-07-12T16:47:03.200Z	gs://fc-fd42e80c-b41e-4e60-a9cf-b7c0ade168c4/submissions/f0ab26b0-d66f-45be-8322-24218670bc4d/MethylationProfiling/6b32628e-701c-4ee6-8ea3-55414bc67173/call-CpgPileup/HG02818.hap2.bed.gz?generation=1783874823196609	1	zixETA==	i21lsEjTOODoADiWchjngQ==	CMGfpMnLzZUDEAE=
HG02818	hap2_bed_index	cpg_hap2_bed_idx	gs://fc-fd42e80c-b41e-4e60-a9cf-b7c0ade168c4/submissions/f0ab26b0-d66f-45be-8322-24218670bc4d/MethylationProfiling/6b32628e-701c-4ee6-8ea3-55414bc67173/call-CpgPileup/HG02818.hap2.bed.gz.tbi	1783874827257492	1645719	md5_base64	d17L49g5TlUD8mbBVRRVDA==	2026-07-12T16:47:07.261Z	2026-07-12T16:47:07.261Z	gs://fc-fd42e80c-b41e-4e60-a9cf-b7c0ade168c4/submissions/f0ab26b0-d66f-45be-8322-24218670bc4d/MethylationProfiling/6b32628e-701c-4ee6-8ea3-55414bc67173/call-CpgPileup/HG02818.hap2.bed.gz.tbi?generation=1783874827257492	1	jET/NQ==	d17L49g5TlUD8mbBVRRVDA==	CJSNnMvLzZUDEAE=
HG02841	combined_bed	cpg_combined_bed	gs://fc-fd42e80c-b41e-4e60-a9cf-b7c0ade168c4/submissions/a1e9b9ce-0d67-4d42-b107-b9821f44dd60/MethylationProfiling/5cb56ae3-3085-44f9-aa05-819b4439330a/call-CpgPileup/HG02841.combined.bed.gz	1777749746254612	349720942	md5_base64	KVG5IXupHxFwaay5nQdCug==	2026-05-02T19:22:26.259Z	2026-06-02T19:47:57.961Z	gs://fc-fd42e80c-b41e-4e60-a9cf-b7c0ade168c4/submissions/a1e9b9ce-0d67-4d42-b107-b9821f44dd60/MethylationProfiling/5cb56ae3-3085-44f9-aa05-819b4439330a/call-CpgPileup/HG02841.combined.bed.gz?generation=1777749746254612	2	g36zmA==	KVG5IXupHxFwaay5nQdCug==	CJSGgPGpm5QDEAI=
HG02841	combined_bed_index	independently_verified_combined_bed_index	gs://fc-fd42e80c-b41e-4e60-a9cf-b7c0ade168c4/submissions/a1e9b9ce-0d67-4d42-b107-b9821f44dd60/MethylationProfiling/5cb56ae3-3085-44f9-aa05-819b4439330a/call-CpgPileup/HG02841.combined.bed.gz.tbi	1777749756837127	1684455	md5_base64	d8Z4YSpjkTiU9sXWJwsmGQ==	2026-05-02T19:22:36.840Z	2026-06-02T20:33:44.472Z	gs://fc-fd42e80c-b41e-4e60-a9cf-b7c0ade168c4/submissions/a1e9b9ce-0d67-4d42-b107-b9821f44dd60/MethylationProfiling/5cb56ae3-3085-44f9-aa05-819b4439330a/call-CpgPileup/HG02841.combined.bed.gz.tbi?generation=1777749756837127	2	j6K3oQ==	d8Z4YSpjkTiU9sXWJwsmGQ==	CIf6hfapm5QDEAI=
HG02841	hap1_bed	cpg_hap1_bed	gs://fc-fd42e80c-b41e-4e60-a9cf-b7c0ade168c4/submissions/a1e9b9ce-0d67-4d42-b107-b9821f44dd60/MethylationProfiling/5cb56ae3-3085-44f9-aa05-819b4439330a/call-CpgPileup/HG02841.hap1.bed.gz	1777749754686229	311247408	md5_base64	6ZbB1yPy8H7HRCPD2W46IA==	2026-05-02T19:22:34.691Z	2026-06-03T15:18:04.278Z	gs://fc-fd42e80c-b41e-4e60-a9cf-b7c0ade168c4/submissions/a1e9b9ce-0d67-4d42-b107-b9821f44dd60/MethylationProfiling/5cb56ae3-3085-44f9-aa05-819b4439330a/call-CpgPileup/HG02841.hap1.bed.gz?generation=1777749754686229	3	1qwZxQ==	6ZbB1yPy8H7HRCPD2W46IA==	CJXWgvWpm5QDEAM=
HG02841	hap1_bed_index	cpg_hap1_bed_idx	gs://fc-fd42e80c-b41e-4e60-a9cf-b7c0ade168c4/submissions/a1e9b9ce-0d67-4d42-b107-b9821f44dd60/MethylationProfiling/5cb56ae3-3085-44f9-aa05-819b4439330a/call-CpgPileup/HG02841.hap1.bed.gz.tbi	1777749735183273	1662757	md5_base64	iB1SMLgpYPxNY3+E8qnc8A==	2026-05-02T19:22:15.186Z	2026-06-02T19:58:36.208Z	gs://fc-fd42e80c-b41e-4e60-a9cf-b7c0ade168c4/submissions/a1e9b9ce-0d67-4d42-b107-b9821f44dd60/MethylationProfiling/5cb56ae3-3085-44f9-aa05-819b4439330a/call-CpgPileup/HG02841.hap1.bed.gz.tbi?generation=1777749735183273	2	u2+Xsw==	iB1SMLgpYPxNY3+E8qnc8A==	CKmn3Oupm5QDEAI=
HG02841	hap2_bed	cpg_hap2_bed	gs://fc-fd42e80c-b41e-4e60-a9cf-b7c0ade168c4/submissions/a1e9b9ce-0d67-4d42-b107-b9821f44dd60/MethylationProfiling/5cb56ae3-3085-44f9-aa05-819b4439330a/call-CpgPileup/HG02841.hap2.bed.gz	1777749765230675	310921035	md5_base64	xno+SuzTVID4Wiuarutoaw==	2026-05-02T19:22:45.236Z	2026-06-03T15:40:02.969Z	gs://fc-fd42e80c-b41e-4e60-a9cf-b7c0ade168c4/submissions/a1e9b9ce-0d67-4d42-b107-b9821f44dd60/MethylationProfiling/5cb56ae3-3085-44f9-aa05-819b4439330a/call-CpgPileup/HG02841.hap2.bed.gz?generation=1777749765230675	3	lSibVg==	xno+SuzTVID4Wiuarutoaw==	CNOghvqpm5QDEAM=
HG02841	hap2_bed_index	cpg_hap2_bed_idx	gs://fc-fd42e80c-b41e-4e60-a9cf-b7c0ade168c4/submissions/a1e9b9ce-0d67-4d42-b107-b9821f44dd60/MethylationProfiling/5cb56ae3-3085-44f9-aa05-819b4439330a/call-CpgPileup/HG02841.hap2.bed.gz.tbi	1777749737358151	1662058	md5_base64	YdAkMvNVj86uHL7aBa/MCw==	2026-05-02T19:22:17.361Z	2026-06-03T15:34:56.626Z	gs://fc-fd42e80c-b41e-4e60-a9cf-b7c0ade168c4/submissions/a1e9b9ce-0d67-4d42-b107-b9821f44dd60/MethylationProfiling/5cb56ae3-3085-44f9-aa05-819b4439330a/call-CpgPileup/HG02841.hap2.bed.gz.tbi?generation=1777749737358151	3	H5a2Lw==	YdAkMvNVj86uHL7aBa/MCw==	CMeG4eypm5QDEAM=
HG02886	combined_bed	cpg_combined_bed	gs://fc-fd42e80c-b41e-4e60-a9cf-b7c0ade168c4/submissions/f0ab26b0-d66f-45be-8322-24218670bc4d/MethylationProfiling/7b2a5f96-3360-4f3d-9630-857e270c78b4/call-CpgPileup/HG02886.combined.bed.gz	1783875492392690	336772073	md5_base64	uAndKj6686ekqP7VAgX1ig==	2026-07-12T16:58:12.397Z	2026-07-12T16:58:12.397Z	gs://fc-fd42e80c-b41e-4e60-a9cf-b7c0ade168c4/submissions/f0ab26b0-d66f-45be-8322-24218670bc4d/MethylationProfiling/7b2a5f96-3360-4f3d-9630-857e270c78b4/call-CpgPileup/HG02886.combined.bed.gz?generation=1783875492392690	1	aulezQ==	uAndKj6686ekqP7VAgX1ig==	CPLdsIjOzZUDEAE=
HG02886	combined_bed_index	independently_verified_combined_bed_index	gs://fc-fd42e80c-b41e-4e60-a9cf-b7c0ade168c4/submissions/f0ab26b0-d66f-45be-8322-24218670bc4d/MethylationProfiling/7b2a5f96-3360-4f3d-9630-857e270c78b4/call-CpgPileup/HG02886.combined.bed.gz.tbi	1783875480296174	1682158	md5_base64	8kBsgS8hVsNXXn+2I7DB8Q==	2026-07-12T16:58:00.301Z	2026-07-12T16:58:00.301Z	gs://fc-fd42e80c-b41e-4e60-a9cf-b7c0ade168c4/submissions/f0ab26b0-d66f-45be-8322-24218670bc4d/MethylationProfiling/7b2a5f96-3360-4f3d-9630-857e270c78b4/call-CpgPileup/HG02886.combined.bed.gz.tbi?generation=1783875480296174	1	8KdNRw==	8kBsgS8hVsNXXn+2I7DB8Q==	CO61zoLOzZUDEAE=
HG02886	hap1_bed	cpg_hap1_bed	gs://fc-fd42e80c-b41e-4e60-a9cf-b7c0ade168c4/submissions/f0ab26b0-d66f-45be-8322-24218670bc4d/MethylationProfiling/7b2a5f96-3360-4f3d-9630-857e270c78b4/call-CpgPileup/HG02886.hap1.bed.gz	1783875476384410	298889075	md5_base64	KMQKSjXa9KZwmRc/6BMfUQ==	2026-07-12T16:57:56.390Z	2026-07-12T16:57:56.390Z	gs://fc-fd42e80c-b41e-4e60-a9cf-b7c0ade168c4/submissions/f0ab26b0-d66f-45be-8322-24218670bc4d/MethylationProfiling/7b2a5f96-3360-4f3d-9630-857e270c78b4/call-CpgPileup/HG02886.hap1.bed.gz?generation=1783875476384410	1	3wjGgw==	KMQKSjXa9KZwmRc/6BMfUQ==	CJrV34DOzZUDEAE=
HG02886	hap1_bed_index	cpg_hap1_bed_idx	gs://fc-fd42e80c-b41e-4e60-a9cf-b7c0ade168c4/submissions/f0ab26b0-d66f-45be-8322-24218670bc4d/MethylationProfiling/7b2a5f96-3360-4f3d-9630-857e270c78b4/call-CpgPileup/HG02886.hap1.bed.gz.tbi	1783875482288271	1654129	md5_base64	bvnpkljnF/sZjjPtj2hFMQ==	2026-07-12T16:58:02.293Z	2026-07-12T16:58:02.293Z	gs://fc-fd42e80c-b41e-4e60-a9cf-b7c0ade168c4/submissions/f0ab26b0-d66f-45be-8322-24218670bc4d/MethylationProfiling/7b2a5f96-3360-4f3d-9630-857e270c78b4/call-CpgPileup/HG02886.hap1.bed.gz.tbi?generation=1783875482288271	1	fCwtCA==	bvnpkljnF/sZjjPtj2hFMQ==	CI+ByIPOzZUDEAE=
HG02886	hap2_bed	cpg_hap2_bed	gs://fc-fd42e80c-b41e-4e60-a9cf-b7c0ade168c4/submissions/f0ab26b0-d66f-45be-8322-24218670bc4d/MethylationProfiling/7b2a5f96-3360-4f3d-9630-857e270c78b4/call-CpgPileup/HG02886.hap2.bed.gz	1783875466386102	298840800	md5_base64	Jh68Tn+v0Z1IIxHEks7CEg==	2026-07-12T16:57:46.390Z	2026-07-12T16:57:46.390Z	gs://fc-fd42e80c-b41e-4e60-a9cf-b7c0ade168c4/submissions/f0ab26b0-d66f-45be-8322-24218670bc4d/MethylationProfiling/7b2a5f96-3360-4f3d-9630-857e270c78b4/call-CpgPileup/HG02886.hap2.bed.gz?generation=1783875466386102	1	njmJ3w==	Jh68Tn+v0Z1IIxHEks7CEg==	CLa1/fvNzZUDEAE=
HG02886	hap2_bed_index	cpg_hap2_bed_idx	gs://fc-fd42e80c-b41e-4e60-a9cf-b7c0ade168c4/submissions/f0ab26b0-d66f-45be-8322-24218670bc4d/MethylationProfiling/7b2a5f96-3360-4f3d-9630-857e270c78b4/call-CpgPileup/HG02886.hap2.bed.gz.tbi	1783875478327748	1654969	md5_base64	2GHMWdThmAyga5zuFLxe8w==	2026-07-12T16:57:58.332Z	2026-07-12T16:57:58.332Z	gs://fc-fd42e80c-b41e-4e60-a9cf-b7c0ade168c4/submissions/f0ab26b0-d66f-45be-8322-24218670bc4d/MethylationProfiling/7b2a5f96-3360-4f3d-9630-857e270c78b4/call-CpgPileup/HG02886.hap2.bed.gz.tbi?generation=1783875478327748	1	RRHa/w==	2GHMWdThmAyga5zuFLxe8w==	CMSj1oHOzZUDEAE=
HG02922	combined_bed	cpg_combined_bed	gs://fc-fd42e80c-b41e-4e60-a9cf-b7c0ade168c4/submissions/a1e9b9ce-0d67-4d42-b107-b9821f44dd60/MethylationProfiling/32ba2f45-b7d8-4fa3-aba4-69189e9f81b6/call-CpgPileup/HG02922.combined.bed.gz	1777750155511639	338467045	md5_base64	A6qOgJh79d9ojWDbujExNw==	2026-05-02T19:29:15.515Z	2026-06-03T15:52:25.275Z	gs://fc-fd42e80c-b41e-4e60-a9cf-b7c0ade168c4/submissions/a1e9b9ce-0d67-4d42-b107-b9821f44dd60/MethylationProfiling/32ba2f45-b7d8-4fa3-aba4-69189e9f81b6/call-CpgPileup/HG02922.combined.bed.gz?generation=1777750155511639	3	0hNwQw==	A6qOgJh79d9ojWDbujExNw==	CNeOk7Srm5QDEAM=
HG02922	combined_bed_index	independently_verified_combined_bed_index	gs://fc-fd42e80c-b41e-4e60-a9cf-b7c0ade168c4/submissions/a1e9b9ce-0d67-4d42-b107-b9821f44dd60/MethylationProfiling/32ba2f45-b7d8-4fa3-aba4-69189e9f81b6/call-CpgPileup/HG02922.combined.bed.gz.tbi	1777750102377708	1684094	md5_base64	FxetoP4xKAA/w6k7J+3e3Q==	2026-05-02T19:28:22.381Z	2026-06-02T20:27:58.247Z	gs://fc-fd42e80c-b41e-4e60-a9cf-b7c0ade168c4/submissions/a1e9b9ce-0d67-4d42-b107-b9821f44dd60/MethylationProfiling/32ba2f45-b7d8-4fa3-aba4-69189e9f81b6/call-CpgPileup/HG02922.combined.bed.gz.tbi?generation=1777750102377708	2	YG2VQQ==	FxetoP4xKAA/w6k7J+3e3Q==	COyJ6Jqrm5QDEAI=
HG02922	hap1_bed	cpg_hap1_bed	gs://fc-fd42e80c-b41e-4e60-a9cf-b7c0ade168c4/submissions/a1e9b9ce-0d67-4d42-b107-b9821f44dd60/MethylationProfiling/32ba2f45-b7d8-4fa3-aba4-69189e9f81b6/call-CpgPileup/HG02922.hap1.bed.gz	1777750116784365	303393019	md5_base64	Rfz9eP324g+G0wXjTFmTjg==	2026-05-02T19:28:36.788Z	2026-06-02T20:17:38.332Z	gs://fc-fd42e80c-b41e-4e60-a9cf-b7c0ade168c4/submissions/a1e9b9ce-0d67-4d42-b107-b9821f44dd60/MethylationProfiling/32ba2f45-b7d8-4fa3-aba4-69189e9f81b6/call-CpgPileup/HG02922.hap1.bed.gz?generation=1777750116784365	2	YdGzig==	Rfz9eP324g+G0wXjTFmTjg==	CO2x16Grm5QDEAI=
HG02922	hap1_bed_index	cpg_hap1_bed_idx	gs://fc-fd42e80c-b41e-4e60-a9cf-b7c0ade168c4/submissions/a1e9b9ce-0d67-4d42-b107-b9821f44dd60/MethylationProfiling/32ba2f45-b7d8-4fa3-aba4-69189e9f81b6/call-CpgPileup/HG02922.hap1.bed.gz.tbi	1777750134309281	1665559	md5_base64	9E7UpscjgdUslTsf7+N8JQ==	2026-05-02T19:28:54.312Z	2026-06-02T20:11:34.748Z	gs://fc-fd42e80c-b41e-4e60-a9cf-b7c0ade168c4/submissions/a1e9b9ce-0d67-4d42-b107-b9821f44dd60/MethylationProfiling/32ba2f45-b7d8-4fa3-aba4-69189e9f81b6/call-CpgPileup/HG02922.hap1.bed.gz.tbi?generation=1777750134309281	2	cN4fYQ==	9E7UpscjgdUslTsf7+N8JQ==	CKGDhaqrm5QDEAI=
HG02922	hap2_bed	cpg_hap2_bed	gs://fc-fd42e80c-b41e-4e60-a9cf-b7c0ade168c4/submissions/a1e9b9ce-0d67-4d42-b107-b9821f44dd60/MethylationProfiling/32ba2f45-b7d8-4fa3-aba4-69189e9f81b6/call-CpgPileup/HG02922.hap2.bed.gz	1777750130647010	303170131	md5_base64	EA/iHuYHq5S2SqXEoaQq7g==	2026-05-02T19:28:50.651Z	2026-06-03T15:10:58.511Z	gs://fc-fd42e80c-b41e-4e60-a9cf-b7c0ade168c4/submissions/a1e9b9ce-0d67-4d42-b107-b9821f44dd60/MethylationProfiling/32ba2f45-b7d8-4fa3-aba4-69189e9f81b6/call-CpgPileup/HG02922.hap2.bed.gz?generation=1777750130647010	3	2/YdlQ==	EA/iHuYHq5S2SqXEoaQq7g==	COK/pairm5QDEAM=
HG02922	hap2_bed_index	cpg_hap2_bed_idx	gs://fc-fd42e80c-b41e-4e60-a9cf-b7c0ade168c4/submissions/a1e9b9ce-0d67-4d42-b107-b9821f44dd60/MethylationProfiling/32ba2f45-b7d8-4fa3-aba4-69189e9f81b6/call-CpgPileup/HG02922.hap2.bed.gz.tbi	1777750132465795	1665458	md5_base64	rydjU8o+t4Q3txj+O20uoQ==	2026-05-02T19:28:52.469Z	2026-06-03T16:01:55.144Z	gs://fc-fd42e80c-b41e-4e60-a9cf-b7c0ade168c4/submissions/a1e9b9ce-0d67-4d42-b107-b9821f44dd60/MethylationProfiling/32ba2f45-b7d8-4fa3-aba4-69189e9f81b6/call-CpgPileup/HG02922.hap2.bed.gz.tbi?generation=1777750132465795	3	UmeYTg==	rydjU8o+t4Q3txj+O20uoQ==	CIPBlKmrm5QDEAM=
HG02965	combined_bed	cpg_combined_bed	gs://fc-fd42e80c-b41e-4e60-a9cf-b7c0ade168c4/submissions/a1e9b9ce-0d67-4d42-b107-b9821f44dd60/MethylationProfiling/7d94adb5-e93d-4410-ad06-35760f849dc0/call-CpgPileup/HG02965.combined.bed.gz	1777749475179723	361868001	md5_base64	qqcVqHFDFjJi/MVGxsLtEQ==	2026-05-02T19:17:55.185Z	2026-06-03T14:43:00.248Z	gs://fc-fd42e80c-b41e-4e60-a9cf-b7c0ade168c4/submissions/a1e9b9ce-0d67-4d42-b107-b9821f44dd60/MethylationProfiling/7d94adb5-e93d-4410-ad06-35760f849dc0/call-CpgPileup/HG02965.combined.bed.gz?generation=1777749475179723	3	2/clcw==	qqcVqHFDFjJi/MVGxsLtEQ==	CMv53u+om5QDEAM=
HG02965	combined_bed_index	independently_verified_combined_bed_index	gs://fc-fd42e80c-b41e-4e60-a9cf-b7c0ade168c4/submissions/a1e9b9ce-0d67-4d42-b107-b9821f44dd60/MethylationProfiling/7d94adb5-e93d-4410-ad06-35760f849dc0/call-CpgPileup/HG02965.combined.bed.gz.tbi	1777749479340284	1695277	md5_base64	xcw28jgt1VaZNZ4wEd89Rw==	2026-05-02T19:17:59.344Z	2026-06-03T15:20:01.678Z	gs://fc-fd42e80c-b41e-4e60-a9cf-b7c0ade168c4/submissions/a1e9b9ce-0d67-4d42-b107-b9821f44dd60/MethylationProfiling/7d94adb5-e93d-4410-ad06-35760f849dc0/call-CpgPileup/HG02965.combined.bed.gz.tbi?generation=1777749479340284	3	FRXVqg==	xcw28jgt1VaZNZ4wEd89Rw==	CPzx3PGom5QDEAM=
HG02965	hap1_bed	cpg_hap1_bed	gs://fc-fd42e80c-b41e-4e60-a9cf-b7c0ade168c4/submissions/a1e9b9ce-0d67-4d42-b107-b9821f44dd60/MethylationProfiling/7d94adb5-e93d-4410-ad06-35760f849dc0/call-CpgPileup/HG02965.hap1.bed.gz	1777749486581529	307080217	md5_base64	ARnP8elQXdjXVd+mSloIKw==	2026-05-02T19:18:06.585Z	2026-06-03T15:47:57.987Z	gs://fc-fd42e80c-b41e-4e60-a9cf-b7c0ade168c4/submissions/a1e9b9ce-0d67-4d42-b107-b9821f44dd60/MethylationProfiling/7d94adb5-e93d-4410-ad06-35760f849dc0/call-CpgPileup/HG02965.hap1.bed.gz?generation=1777749486581529	3	T2RFVw==	ARnP8elQXdjXVd+mSloIKw==	CJnulvWom5QDEAM=
HG02965	hap1_bed_index	cpg_hap1_bed_idx	gs://fc-fd42e80c-b41e-4e60-a9cf-b7c0ade168c4/submissions/a1e9b9ce-0d67-4d42-b107-b9821f44dd60/MethylationProfiling/7d94adb5-e93d-4410-ad06-35760f849dc0/call-CpgPileup/HG02965.hap1.bed.gz.tbi	1777749488722557	1573169	md5_base64	IergqDSu9PDD1+KE4g8Csg==	2026-05-02T19:18:08.726Z	2026-06-03T15:33:58.631Z	gs://fc-fd42e80c-b41e-4e60-a9cf-b7c0ade168c4/submissions/a1e9b9ce-0d67-4d42-b107-b9821f44dd60/MethylationProfiling/7d94adb5-e93d-4410-ad06-35760f849dc0/call-CpgPileup/HG02965.hap1.bed.gz.tbi?generation=1777749488722557	3	MSMBmg==	IergqDSu9PDD1+KE4g8Csg==	CP3Emfaom5QDEAM=
HG02965	hap2_bed	cpg_hap2_bed	gs://fc-fd42e80c-b41e-4e60-a9cf-b7c0ade168c4/submissions/a1e9b9ce-0d67-4d42-b107-b9821f44dd60/MethylationProfiling/7d94adb5-e93d-4410-ad06-35760f849dc0/call-CpgPileup/HG02965.hap2.bed.gz	1777749468533352	307100773	md5_base64	NmdM/qitRLqskHfk581GJg==	2026-05-02T19:17:48.537Z	2026-06-03T15:29:40.353Z	gs://fc-fd42e80c-b41e-4e60-a9cf-b7c0ade168c4/submissions/a1e9b9ce-0d67-4d42-b107-b9821f44dd60/MethylationProfiling/7d94adb5-e93d-4410-ad06-35760f849dc0/call-CpgPileup/HG02965.hap2.bed.gz?generation=1777749468533352	3	mVLz/g==	NmdM/qitRLqskHfk581GJg==	COikyeyom5QDEAM=
HG02965	hap2_bed_index	cpg_hap2_bed_idx	gs://fc-fd42e80c-b41e-4e60-a9cf-b7c0ade168c4/submissions/a1e9b9ce-0d67-4d42-b107-b9821f44dd60/MethylationProfiling/7d94adb5-e93d-4410-ad06-35760f849dc0/call-CpgPileup/HG02965.hap2.bed.gz.tbi	1777749477325172	1574256	md5_base64	/vMRBVnWChMwmKr5ZkctOQ==	2026-05-02T19:17:57.328Z	2026-06-02T20:25:36.428Z	gs://fc-fd42e80c-b41e-4e60-a9cf-b7c0ade168c4/submissions/a1e9b9ce-0d67-4d42-b107-b9821f44dd60/MethylationProfiling/7d94adb5-e93d-4410-ad06-35760f849dc0/call-CpgPileup/HG02965.hap2.bed.gz.tbi?generation=1777749477325172	2	YsUKJQ==	/vMRBVnWChMwmKr5ZkctOQ==	CPTy4fCom5QDEAI=
HG02976	combined_bed	cpg_combined_bed	gs://fc-fd42e80c-b41e-4e60-a9cf-b7c0ade168c4/submissions/a1e9b9ce-0d67-4d42-b107-b9821f44dd60/MethylationProfiling/1933e21b-6ad2-4f77-809c-6acb7cac7903/call-CpgPileup/HG02976.combined.bed.gz	1777748938456403	360771668	md5_base64	4r0dKOFikxD8EL+0bSQYvg==	2026-05-02T19:08:58.461Z	2026-06-02T20:26:52.093Z	gs://fc-fd42e80c-b41e-4e60-a9cf-b7c0ade168c4/submissions/a1e9b9ce-0d67-4d42-b107-b9821f44dd60/MethylationProfiling/1933e21b-6ad2-4f77-809c-6acb7cac7903/call-CpgPileup/HG02976.combined.bed.gz?generation=1777748938456403	2	9QXyJQ==	4r0dKOFikxD8EL+0bSQYvg==	CNP65++mm5QDEAI=
HG02976	combined_bed_index	independently_verified_combined_bed_index	gs://fc-fd42e80c-b41e-4e60-a9cf-b7c0ade168c4/submissions/a1e9b9ce-0d67-4d42-b107-b9821f44dd60/MethylationProfiling/1933e21b-6ad2-4f77-809c-6acb7cac7903/call-CpgPileup/HG02976.combined.bed.gz.tbi	1777748923127822	1684301	md5_base64	yZdMyRl1J69bWfk/VZwLWw==	2026-05-02T19:08:43.131Z	2026-06-02T20:05:21.042Z	gs://fc-fd42e80c-b41e-4e60-a9cf-b7c0ade168c4/submissions/a1e9b9ce-0d67-4d42-b107-b9821f44dd60/MethylationProfiling/1933e21b-6ad2-4f77-809c-6acb7cac7903/call-CpgPileup/HG02976.combined.bed.gz.tbi?generation=1777748923127822	2	dI/dFg==	yZdMyRl1J69bWfk/VZwLWw==	CI6wwOimm5QDEAI=
HG02976	hap1_bed	cpg_hap1_bed	gs://fc-fd42e80c-b41e-4e60-a9cf-b7c0ade168c4/submissions/a1e9b9ce-0d67-4d42-b107-b9821f44dd60/MethylationProfiling/1933e21b-6ad2-4f77-809c-6acb7cac7903/call-CpgPileup/HG02976.hap1.bed.gz	1777748917383861	319596382	md5_base64	5Sz/6Ld4U2eDzifxPgwz/w==	2026-05-02T19:08:37.387Z	2026-06-02T20:28:52.623Z	gs://fc-fd42e80c-b41e-4e60-a9cf-b7c0ade168c4/submissions/a1e9b9ce-0d67-4d42-b107-b9821f44dd60/MethylationProfiling/1933e21b-6ad2-4f77-809c-6acb7cac7903/call-CpgPileup/HG02976.hap1.bed.gz?generation=1777748917383861	2	pOmeSA==	5Sz/6Ld4U2eDzifxPgwz/w==	CLXl4eWmm5QDEAI=
HG02976	hap1_bed_index	cpg_hap1_bed_idx	gs://fc-fd42e80c-b41e-4e60-a9cf-b7c0ade168c4/submissions/a1e9b9ce-0d67-4d42-b107-b9821f44dd60/MethylationProfiling/1933e21b-6ad2-4f77-809c-6acb7cac7903/call-CpgPileup/HG02976.hap1.bed.gz.tbi	1777748921260149	1659250	md5_base64	DeCF6yGGtzKyaUj51pGvlw==	2026-05-02T19:08:41.264Z	2026-06-02T20:36:03.310Z	gs://fc-fd42e80c-b41e-4e60-a9cf-b7c0ade168c4/submissions/a1e9b9ce-0d67-4d42-b107-b9821f44dd60/MethylationProfiling/1933e21b-6ad2-4f77-809c-6acb7cac7903/call-CpgPileup/HG02976.hap1.bed.gz.tbi?generation=1777748921260149	2	kWPLIw==	DeCF6yGGtzKyaUj51pGvlw==	CPWwzuemm5QDEAI=
HG02976	hap2_bed	cpg_hap2_bed	gs://fc-fd42e80c-b41e-4e60-a9cf-b7c0ade168c4/submissions/a1e9b9ce-0d67-4d42-b107-b9821f44dd60/MethylationProfiling/1933e21b-6ad2-4f77-809c-6acb7cac7903/call-CpgPileup/HG02976.hap2.bed.gz	1777748930906329	319516252	md5_base64	5YDM4TdbQGkhl6i5+XnulQ==	2026-05-02T19:08:50.913Z	2026-06-03T15:31:59.753Z	gs://fc-fd42e80c-b41e-4e60-a9cf-b7c0ade168c4/submissions/a1e9b9ce-0d67-4d42-b107-b9821f44dd60/MethylationProfiling/1933e21b-6ad2-4f77-809c-6acb7cac7903/call-CpgPileup/HG02976.hap2.bed.gz?generation=1777748930906329	3	IipwNQ==	5YDM4TdbQGkhl6i5+XnulQ==	CNmRm+ymm5QDEAM=
HG02976	hap2_bed_index	cpg_hap2_bed_idx	gs://fc-fd42e80c-b41e-4e60-a9cf-b7c0ade168c4/submissions/a1e9b9ce-0d67-4d42-b107-b9821f44dd60/MethylationProfiling/1933e21b-6ad2-4f77-809c-6acb7cac7903/call-CpgPileup/HG02976.hap2.bed.gz.tbi	1777748919300026	1658727	md5_base64	6MHE1FJQBsj0ph0lXciHEQ==	2026-05-02T19:08:39.303Z	2026-06-02T20:36:30.178Z	gs://fc-fd42e80c-b41e-4e60-a9cf-b7c0ade168c4/submissions/a1e9b9ce-0d67-4d42-b107-b9821f44dd60/MethylationProfiling/1933e21b-6ad2-4f77-809c-6acb7cac7903/call-CpgPileup/HG02976.hap2.bed.gz.tbi?generation=1777748919300026	2	mG0kWA==	6MHE1FJQBsj0ph0lXciHEQ==	CLrf1uamm5QDEAI=
HG02984	combined_bed	cpg_combined_bed	gs://fc-fd42e80c-b41e-4e60-a9cf-b7c0ade168c4/submissions/a1e9b9ce-0d67-4d42-b107-b9821f44dd60/MethylationProfiling/576931a7-6d4c-476f-913e-45bd474c1769/call-CpgPileup/HG02984.combined.bed.gz	1777749735058642	339213008	md5_base64	EudWh3NrUGNKgENHGiJqdw==	2026-05-02T19:22:15.062Z	2026-06-02T19:43:30.591Z	gs://fc-fd42e80c-b41e-4e60-a9cf-b7c0ade168c4/submissions/a1e9b9ce-0d67-4d42-b107-b9821f44dd60/MethylationProfiling/576931a7-6d4c-476f-913e-45bd474c1769/call-CpgPileup/HG02984.combined.bed.gz?generation=1777749735058642	2	4+/e+g==	EudWh3NrUGNKgENHGiJqdw==	CNLZ1Oupm5QDEAI=
HG02984	combined_bed_index	independently_verified_combined_bed_index	gs://fc-fd42e80c-b41e-4e60-a9cf-b7c0ade168c4/submissions/a1e9b9ce-0d67-4d42-b107-b9821f44dd60/MethylationProfiling/576931a7-6d4c-476f-913e-45bd474c1769/call-CpgPileup/HG02984.combined.bed.gz.tbi	1777749737154249	1693679	md5_base64	uS0RfaoufN4CrVYNJbOHCQ==	2026-05-02T19:22:17.158Z	2026-06-02T20:08:13.682Z	gs://fc-fd42e80c-b41e-4e60-a9cf-b7c0ade168c4/submissions/a1e9b9ce-0d67-4d42-b107-b9821f44dd60/MethylationProfiling/576931a7-6d4c-476f-913e-45bd474c1769/call-CpgPileup/HG02984.combined.bed.gz.tbi?generation=1777749737154249	2	sWREtA==	uS0RfaoufN4CrVYNJbOHCQ==	CMnN1Oypm5QDEAI=
HG02984	hap1_bed	cpg_hap1_bed	gs://fc-fd42e80c-b41e-4e60-a9cf-b7c0ade168c4/submissions/a1e9b9ce-0d67-4d42-b107-b9821f44dd60/MethylationProfiling/576931a7-6d4c-476f-913e-45bd474c1769/call-CpgPileup/HG02984.hap1.bed.gz	1777749722076193	287407927	md5_base64	p2+vY9N/AJaYxTRNL4Jw3w==	2026-05-02T19:22:02.081Z	2026-06-02T20:18:52.990Z	gs://fc-fd42e80c-b41e-4e60-a9cf-b7c0ade168c4/submissions/a1e9b9ce-0d67-4d42-b107-b9821f44dd60/MethylationProfiling/576931a7-6d4c-476f-913e-45bd474c1769/call-CpgPileup/HG02984.hap1.bed.gz?generation=1777749722076193	2	Xa8cCg==	p2+vY9N/AJaYxTRNL4Jw3w==	CKGovOWpm5QDEAI=
HG02984	hap1_bed_index	cpg_hap1_bed_idx	gs://fc-fd42e80c-b41e-4e60-a9cf-b7c0ade168c4/submissions/a1e9b9ce-0d67-4d42-b107-b9821f44dd60/MethylationProfiling/576931a7-6d4c-476f-913e-45bd474c1769/call-CpgPileup/HG02984.hap1.bed.gz.tbi	1777749724198799	1567367	md5_base64	F9DjPb1oa3kzJM3mew4zLw==	2026-05-02T19:22:04.205Z	2026-06-03T15:42:57.449Z	gs://fc-fd42e80c-b41e-4e60-a9cf-b7c0ade168c4/submissions/a1e9b9ce-0d67-4d42-b107-b9821f44dd60/MethylationProfiling/576931a7-6d4c-476f-913e-45bd474c1769/call-CpgPileup/HG02984.hap1.bed.gz.tbi?generation=1777749724198799	3	NkuAGw==	F9DjPb1oa3kzJM3mew4zLw==	CI/vveapm5QDEAM=
HG02984	hap2_bed	cpg_hap2_bed	gs://fc-fd42e80c-b41e-4e60-a9cf-b7c0ade168c4/submissions/a1e9b9ce-0d67-4d42-b107-b9821f44dd60/MethylationProfiling/576931a7-6d4c-476f-913e-45bd474c1769/call-CpgPileup/HG02984.hap2.bed.gz	1777749744966931	287324638	md5_base64	uPk5i68G+5WnASJ92d15fQ==	2026-05-02T19:22:24.973Z	2026-06-03T15:41:58.005Z	gs://fc-fd42e80c-b41e-4e60-a9cf-b7c0ade168c4/submissions/a1e9b9ce-0d67-4d42-b107-b9821f44dd60/MethylationProfiling/576931a7-6d4c-476f-913e-45bd474c1769/call-CpgPileup/HG02984.hap2.bed.gz?generation=1777749744966931	3	J53Wvw==	uPk5i68G+5WnASJ92d15fQ==	CJO6sfCpm5QDEAM=
HG02984	hap2_bed_index	cpg_hap2_bed_idx	gs://fc-fd42e80c-b41e-4e60-a9cf-b7c0ade168c4/submissions/a1e9b9ce-0d67-4d42-b107-b9821f44dd60/MethylationProfiling/576931a7-6d4c-476f-913e-45bd474c1769/call-CpgPileup/HG02984.hap2.bed.gz.tbi	1777749726220559	1567136	md5_base64	WN11sUpSckCm79cN2gWAFg==	2026-05-02T19:22:06.223Z	2026-06-03T16:04:39.241Z	gs://fc-fd42e80c-b41e-4e60-a9cf-b7c0ade168c4/submissions/a1e9b9ce-0d67-4d42-b107-b9821f44dd60/MethylationProfiling/576931a7-6d4c-476f-913e-45bd474c1769/call-CpgPileup/HG02984.hap2.bed.gz.tbi?generation=1777749726220559	3	l/JScQ==	WN11sUpSckCm79cN2gWAFg==	CI+iueepm5QDEAM=
HG03017	combined_bed	cpg_combined_bed	gs://fc-fd42e80c-b41e-4e60-a9cf-b7c0ade168c4/submissions/a1e9b9ce-0d67-4d42-b107-b9821f44dd60/MethylationProfiling/68677369-92d8-4241-8323-ae7408d5c2c4/call-CpgPileup/HG03017.combined.bed.gz	1777750121336931	353037358	md5_base64	XIilOhvM5kNklrsUbChiaw==	2026-05-02T19:28:41.341Z	2026-06-03T14:32:05.852Z	gs://fc-fd42e80c-b41e-4e60-a9cf-b7c0ade168c4/submissions/a1e9b9ce-0d67-4d42-b107-b9821f44dd60/MethylationProfiling/68677369-92d8-4241-8323-ae7408d5c2c4/call-CpgPileup/HG03017.combined.bed.gz?generation=1777750121336931	3	gwnqXQ==	XIilOhvM5kNklrsUbChiaw==	COOg7aOrm5QDEAM=
HG03017	combined_bed_index	independently_verified_combined_bed_index	gs://fc-fd42e80c-b41e-4e60-a9cf-b7c0ade168c4/submissions/a1e9b9ce-0d67-4d42-b107-b9821f44dd60/MethylationProfiling/68677369-92d8-4241-8323-ae7408d5c2c4/call-CpgPileup/HG03017.combined.bed.gz.tbi	1777750114404175	1695554	md5_base64	Jbdhl/HXVFDmlNvack55Aw==	2026-05-02T19:28:34.407Z	2026-06-02T19:58:02.199Z	gs://fc-fd42e80c-b41e-4e60-a9cf-b7c0ade168c4/submissions/a1e9b9ce-0d67-4d42-b107-b9821f44dd60/MethylationProfiling/68677369-92d8-4241-8323-ae7408d5c2c4/call-CpgPileup/HG03017.combined.bed.gz.tbi?generation=1777750114404175	2	Kduuxw==	Jbdhl/HXVFDmlNvack55Aw==	CM+OxqCrm5QDEAI=
HG03017	hap1_bed	cpg_hap1_bed	gs://fc-fd42e80c-b41e-4e60-a9cf-b7c0ade168c4/submissions/a1e9b9ce-0d67-4d42-b107-b9821f44dd60/MethylationProfiling/68677369-92d8-4241-8323-ae7408d5c2c4/call-CpgPileup/HG03017.hap1.bed.gz	1777750112486281	295612800	md5_base64	L99d4SL4niPwvJEOMHYHsA==	2026-05-02T19:28:32.489Z	2026-06-03T15:36:29.053Z	gs://fc-fd42e80c-b41e-4e60-a9cf-b7c0ade168c4/submissions/a1e9b9ce-0d67-4d42-b107-b9821f44dd60/MethylationProfiling/68677369-92d8-4241-8323-ae7408d5c2c4/call-CpgPileup/HG03017.hap1.bed.gz?generation=1777750112486281	3	D92kpg==	L99d4SL4niPwvJEOMHYHsA==	CImH0Z+rm5QDEAM=
HG03017	hap1_bed_index	cpg_hap1_bed_idx	gs://fc-fd42e80c-b41e-4e60-a9cf-b7c0ade168c4/submissions/a1e9b9ce-0d67-4d42-b107-b9821f44dd60/MethylationProfiling/68677369-92d8-4241-8323-ae7408d5c2c4/call-CpgPileup/HG03017.hap1.bed.gz.tbi	1777750105189392	1564207	md5_base64	lB2TVt3N2dMq+EZqOGXMZw==	2026-05-02T19:28:25.193Z	2026-06-03T15:32:03.988Z	gs://fc-fd42e80c-b41e-4e60-a9cf-b7c0ade168c4/submissions/a1e9b9ce-0d67-4d42-b107-b9821f44dd60/MethylationProfiling/68677369-92d8-4241-8323-ae7408d5c2c4/call-CpgPileup/HG03017.hap1.bed.gz.tbi?generation=1777750105189392	3	lygh1w==	lB2TVt3N2dMq+EZqOGXMZw==	CJDYk5yrm5QDEAM=
HG03017	hap2_bed	cpg_hap2_bed	gs://fc-fd42e80c-b41e-4e60-a9cf-b7c0ade168c4/submissions/a1e9b9ce-0d67-4d42-b107-b9821f44dd60/MethylationProfiling/68677369-92d8-4241-8323-ae7408d5c2c4/call-CpgPileup/HG03017.hap2.bed.gz	1777750131182040	295860224	md5_base64	AkjhCKf1P4m6zNHWJeOShQ==	2026-05-02T19:28:51.187Z	2026-06-02T19:45:24.035Z	gs://fc-fd42e80c-b41e-4e60-a9cf-b7c0ade168c4/submissions/a1e9b9ce-0d67-4d42-b107-b9821f44dd60/MethylationProfiling/68677369-92d8-4241-8323-ae7408d5c2c4/call-CpgPileup/HG03017.hap2.bed.gz?generation=1777750131182040	2	jJ5woA==	AkjhCKf1P4m6zNHWJeOShQ==	CNiTxqirm5QDEAI=
HG03017	hap2_bed_index	cpg_hap2_bed_idx	gs://fc-fd42e80c-b41e-4e60-a9cf-b7c0ade168c4/submissions/a1e9b9ce-0d67-4d42-b107-b9821f44dd60/MethylationProfiling/68677369-92d8-4241-8323-ae7408d5c2c4/call-CpgPileup/HG03017.hap2.bed.gz.tbi	1777750123326491	1564992	md5_base64	WFcHBs6do1W4XhOUklLfng==	2026-05-02T19:28:43.329Z	2026-06-03T14:56:00.135Z	gs://fc-fd42e80c-b41e-4e60-a9cf-b7c0ade168c4/submissions/a1e9b9ce-0d67-4d42-b107-b9821f44dd60/MethylationProfiling/68677369-92d8-4241-8323-ae7408d5c2c4/call-CpgPileup/HG03017.hap2.bed.gz.tbi?generation=1777750123326491	3	C1VUZQ==	WFcHBs6do1W4XhOUklLfng==	CJvY5qSrm5QDEAM=
HG03041	combined_bed	cpg_combined_bed	gs://fc-fd42e80c-b41e-4e60-a9cf-b7c0ade168c4/submissions/569a9e19-4a00-4d9c-98ff-6de0000f6e8f/MethylationProfiling/2702d0ca-948e-497e-a632-b9500e51f31b/call-CpgPileup/HG03041.combined.bed.gz	1777761970441516	334918673	md5_base64	N2inQAWTki8KlsrGmcX9FQ==	2026-05-02T22:46:10.448Z	2026-06-03T15:40:02.499Z	gs://fc-fd42e80c-b41e-4e60-a9cf-b7c0ade168c4/submissions/569a9e19-4a00-4d9c-98ff-6de0000f6e8f/MethylationProfiling/2702d0ca-948e-497e-a632-b9500e51f31b/call-CpgPileup/HG03041.combined.bed.gz?generation=1777761970441516	3	wnr+KA==	N2inQAWTki8KlsrGmcX9FQ==	CKya+bXXm5QDEAM=
HG03041	combined_bed_index	independently_verified_combined_bed_index	gs://fc-fd42e80c-b41e-4e60-a9cf-b7c0ade168c4/submissions/569a9e19-4a00-4d9c-98ff-6de0000f6e8f/MethylationProfiling/2702d0ca-948e-497e-a632-b9500e51f31b/call-CpgPileup/HG03041.combined.bed.gz.tbi	1777761959277458	1683426	md5_base64	Un66crq4gnR9KVYGxwj4Qw==	2026-05-02T22:45:59.284Z	2026-06-03T14:59:04.905Z	gs://fc-fd42e80c-b41e-4e60-a9cf-b7c0ade168c4/submissions/569a9e19-4a00-4d9c-98ff-6de0000f6e8f/MethylationProfiling/2702d0ca-948e-497e-a632-b9500e51f31b/call-CpgPileup/HG03041.combined.bed.gz.tbi?generation=1777761959277458	3	+0POjA==	Un66crq4gnR9KVYGxwj4Qw==	CJLnz7DXm5QDEAM=
HG03041	hap1_bed	cpg_hap1_bed	gs://fc-fd42e80c-b41e-4e60-a9cf-b7c0ade168c4/submissions/569a9e19-4a00-4d9c-98ff-6de0000f6e8f/MethylationProfiling/2702d0ca-948e-497e-a632-b9500e51f31b/call-CpgPileup/HG03041.hap1.bed.gz	1777761946621766	300243484	md5_base64	93cQRJT0cwx6Hq9caVWAeQ==	2026-05-02T22:45:46.626Z	2026-06-03T14:56:16.087Z	gs://fc-fd42e80c-b41e-4e60-a9cf-b7c0ade168c4/submissions/569a9e19-4a00-4d9c-98ff-6de0000f6e8f/MethylationProfiling/2702d0ca-948e-497e-a632-b9500e51f31b/call-CpgPileup/HG03041.hap1.bed.gz?generation=1777761946621766	3	V7ClrQ==	93cQRJT0cwx6Hq9caVWAeQ==	CMauy6rXm5QDEAM=
HG03041	hap1_bed_index	cpg_hap1_bed_idx	gs://fc-fd42e80c-b41e-4e60-a9cf-b7c0ade168c4/submissions/569a9e19-4a00-4d9c-98ff-6de0000f6e8f/MethylationProfiling/2702d0ca-948e-497e-a632-b9500e51f31b/call-CpgPileup/HG03041.hap1.bed.gz.tbi	1777761972455383	1664354	md5_base64	92HWMr1z4A316TctxpXhaA==	2026-05-02T22:46:12.460Z	2026-06-02T19:53:57.661Z	gs://fc-fd42e80c-b41e-4e60-a9cf-b7c0ade168c4/submissions/569a9e19-4a00-4d9c-98ff-6de0000f6e8f/MethylationProfiling/2702d0ca-948e-497e-a632-b9500e51f31b/call-CpgPileup/HG03041.hap1.bed.gz.tbi?generation=1777761972455383	2	+ZAEgg==	92HWMr1z4A316TctxpXhaA==	CNeP9LbXm5QDEAI=
HG03041	hap2_bed	cpg_hap2_bed	gs://fc-fd42e80c-b41e-4e60-a9cf-b7c0ade168c4/submissions/569a9e19-4a00-4d9c-98ff-6de0000f6e8f/MethylationProfiling/2702d0ca-948e-497e-a632-b9500e51f31b/call-CpgPileup/HG03041.hap2.bed.gz	1777761957346694	300125555	md5_base64	Q7m0nVaLyNoIeb7l9gKcVg==	2026-05-02T22:45:57.351Z	2026-06-03T15:46:00.893Z	gs://fc-fd42e80c-b41e-4e60-a9cf-b7c0ade168c4/submissions/569a9e19-4a00-4d9c-98ff-6de0000f6e8f/MethylationProfiling/2702d0ca-948e-497e-a632-b9500e51f31b/call-CpgPileup/HG03041.hap2.bed.gz?generation=1777761957346694	3	/gLgOg==	Q7m0nVaLyNoIeb7l9gKcVg==	CIb72a/Xm5QDEAM=
HG03041	hap2_bed_index	cpg_hap2_bed_idx	gs://fc-fd42e80c-b41e-4e60-a9cf-b7c0ade168c4/submissions/569a9e19-4a00-4d9c-98ff-6de0000f6e8f/MethylationProfiling/2702d0ca-948e-497e-a632-b9500e51f31b/call-CpgPileup/HG03041.hap2.bed.gz.tbi	1777761961354764	1664745	md5_base64	XHkCfCGRGW0SQwqk2qq/hA==	2026-05-02T22:46:01.359Z	2026-06-03T15:16:57.706Z	gs://fc-fd42e80c-b41e-4e60-a9cf-b7c0ade168c4/submissions/569a9e19-4a00-4d9c-98ff-6de0000f6e8f/MethylationProfiling/2702d0ca-948e-497e-a632-b9500e51f31b/call-CpgPileup/HG03041.hap2.bed.gz.tbi?generation=1777761961354764	3	K3rwpQ==	XHkCfCGRGW0SQwqk2qq/hA==	CIzMzrHXm5QDEAM=
HG03050	combined_bed	cpg_combined_bed	gs://fc-fd42e80c-b41e-4e60-a9cf-b7c0ade168c4/submissions/a1e9b9ce-0d67-4d42-b107-b9821f44dd60/MethylationProfiling/43f9aeab-277c-4952-a18a-6d74727b5973/call-CpgPileup/HG03050.combined.bed.gz	1777749099019879	340410707	md5_base64	QhcerJNxczc796EymiqD7w==	2026-05-02T19:11:39.029Z	2026-06-02T19:58:36.208Z	gs://fc-fd42e80c-b41e-4e60-a9cf-b7c0ade168c4/submissions/a1e9b9ce-0d67-4d42-b107-b9821f44dd60/MethylationProfiling/43f9aeab-277c-4952-a18a-6d74727b5973/call-CpgPileup/HG03050.combined.bed.gz?generation=1777749099019879	2	9au5Kg==	QhcerJNxczc796EymiqD7w==	COf8r7ynm5QDEAI=
HG03050	combined_bed_index	independently_verified_combined_bed_index	gs://fc-fd42e80c-b41e-4e60-a9cf-b7c0ade168c4/submissions/a1e9b9ce-0d67-4d42-b107-b9821f44dd60/MethylationProfiling/43f9aeab-277c-4952-a18a-6d74727b5973/call-CpgPileup/HG03050.combined.bed.gz.tbi	1777749102836075	1693149	md5_base64	rmfQEBBWzMwOjb8JREktKQ==	2026-05-02T19:11:42.841Z	2026-06-03T15:33:58.631Z	gs://fc-fd42e80c-b41e-4e60-a9cf-b7c0ade168c4/submissions/a1e9b9ce-0d67-4d42-b107-b9821f44dd60/MethylationProfiling/43f9aeab-277c-4952-a18a-6d74727b5973/call-CpgPileup/HG03050.combined.bed.gz.tbi?generation=1777749102836075	3	okEGeQ==	rmfQEBBWzMwOjb8JREktKQ==	COvymL6nm5QDEAM=
HG03050	hap1_bed	cpg_hap1_bed	gs://fc-fd42e80c-b41e-4e60-a9cf-b7c0ade168c4/submissions/a1e9b9ce-0d67-4d42-b107-b9821f44dd60/MethylationProfiling/43f9aeab-277c-4952-a18a-6d74727b5973/call-CpgPileup/HG03050.hap1.bed.gz	1777749083934391	288129800	md5_base64	ZOrcMWZyS8ypq7+PgdCOcw==	2026-05-02T19:11:23.937Z	2026-06-02T20:03:49.207Z	gs://fc-fd42e80c-b41e-4e60-a9cf-b7c0ade168c4/submissions/a1e9b9ce-0d67-4d42-b107-b9821f44dd60/MethylationProfiling/43f9aeab-277c-4952-a18a-6d74727b5973/call-CpgPileup/HG03050.hap1.bed.gz?generation=1777749083934391	2	/KPQLg==	ZOrcMWZyS8ypq7+PgdCOcw==	CLedl7Wnm5QDEAI=
HG03050	hap1_bed_index	cpg_hap1_bed_idx	gs://fc-fd42e80c-b41e-4e60-a9cf-b7c0ade168c4/submissions/a1e9b9ce-0d67-4d42-b107-b9821f44dd60/MethylationProfiling/43f9aeab-277c-4952-a18a-6d74727b5973/call-CpgPileup/HG03050.hap1.bed.gz.tbi	1777749076088269	1570538	md5_base64	nL2UD0ZxJgHG5jLbmQCgqA==	2026-05-02T19:11:16.091Z	2026-06-03T15:47:57.987Z	gs://fc-fd42e80c-b41e-4e60-a9cf-b7c0ade168c4/submissions/a1e9b9ce-0d67-4d42-b107-b9821f44dd60/MethylationProfiling/43f9aeab-277c-4952-a18a-6d74727b5973/call-CpgPileup/HG03050.hap1.bed.gz.tbi?generation=1777749076088269	3	Qp0PoA==	nL2UD0ZxJgHG5jLbmQCgqA==	CM2ruLGnm5QDEAM=
HG03050	hap2_bed	cpg_hap2_bed	gs://fc-fd42e80c-b41e-4e60-a9cf-b7c0ade168c4/submissions/a1e9b9ce-0d67-4d42-b107-b9821f44dd60/MethylationProfiling/43f9aeab-277c-4952-a18a-6d74727b5973/call-CpgPileup/HG03050.hap2.bed.gz	1777749091165872	288058453	md5_base64	DoO/nqhaZ1igB4X7RmxAHA==	2026-05-02T19:11:31.170Z	2026-06-03T15:40:58.838Z	gs://fc-fd42e80c-b41e-4e60-a9cf-b7c0ade168c4/submissions/a1e9b9ce-0d67-4d42-b107-b9821f44dd60/MethylationProfiling/43f9aeab-277c-4952-a18a-6d74727b5973/call-CpgPileup/HG03050.hap2.bed.gz?generation=1777749091165872	3	RMRiRw==	DoO/nqhaZ1igB4X7RmxAHA==	CLDN0Linm5QDEAM=
HG03050	hap2_bed_index	cpg_hap2_bed_idx	gs://fc-fd42e80c-b41e-4e60-a9cf-b7c0ade168c4/submissions/a1e9b9ce-0d67-4d42-b107-b9821f44dd60/MethylationProfiling/43f9aeab-277c-4952-a18a-6d74727b5973/call-CpgPileup/HG03050.hap2.bed.gz.tbi	1777749100952498	1570352	md5_base64	3pT0CK3fmrSLBDw0sWMx6w==	2026-05-02T19:11:40.957Z	2026-06-02T20:19:18.677Z	gs://fc-fd42e80c-b41e-4e60-a9cf-b7c0ade168c4/submissions/a1e9b9ce-0d67-4d42-b107-b9821f44dd60/MethylationProfiling/43f9aeab-277c-4952-a18a-6d74727b5973/call-CpgPileup/HG03050.hap2.bed.gz.tbi?generation=1777749100952498	2	c9lLQA==	3pT0CK3fmrSLBDw0sWMx6w==	CLL3pb2nm5QDEAI=
HG03098	combined_bed	cpg_combined_bed	gs://fc-fd42e80c-b41e-4e60-a9cf-b7c0ade168c4/submissions/f0ab26b0-d66f-45be-8322-24218670bc4d/MethylationProfiling/c953d0bb-eb8b-4208-b6cd-7f51a8622bc6/call-CpgPileup/HG03098.combined.bed.gz	1783874242387115	320462355	md5_base64	WThZ6OXi+ePdrh8o5bdH8g==	2026-07-12T16:37:22.391Z	2026-07-12T16:37:22.391Z	gs://fc-fd42e80c-b41e-4e60-a9cf-b7c0ade168c4/submissions/f0ab26b0-d66f-45be-8322-24218670bc4d/MethylationProfiling/c953d0bb-eb8b-4208-b6cd-7f51a8622bc6/call-CpgPileup/HG03098.combined.bed.gz?generation=1783874242387115	1	79KpYg==	WThZ6OXi+ePdrh8o5bdH8g==	CKu5qrTJzZUDEAE=
HG03098	combined_bed_index	independently_verified_combined_bed_index	gs://fc-fd42e80c-b41e-4e60-a9cf-b7c0ade168c4/submissions/f0ab26b0-d66f-45be-8322-24218670bc4d/MethylationProfiling/c953d0bb-eb8b-4208-b6cd-7f51a8622bc6/call-CpgPileup/HG03098.combined.bed.gz.tbi	1783874226436276	1689394	md5_base64	4rBsCc/qFGc/20hDzF3ryw==	2026-07-12T16:37:06.439Z	2026-07-12T16:37:06.439Z	gs://fc-fd42e80c-b41e-4e60-a9cf-b7c0ade168c4/submissions/f0ab26b0-d66f-45be-8322-24218670bc4d/MethylationProfiling/c953d0bb-eb8b-4208-b6cd-7f51a8622bc6/call-CpgPileup/HG03098.combined.bed.gz.tbi?generation=1783874226436276	1	uvQu+w==	4rBsCc/qFGc/20hDzF3ryw==	CLTx3KzJzZUDEAE=
HG03098	hap1_bed	cpg_hap1_bed	gs://fc-fd42e80c-b41e-4e60-a9cf-b7c0ade168c4/submissions/f0ab26b0-d66f-45be-8322-24218670bc4d/MethylationProfiling/c953d0bb-eb8b-4208-b6cd-7f51a8622bc6/call-CpgPileup/HG03098.hap1.bed.gz	1783874224426019	273884560	md5_base64	F7f1iAh8UK7l8eZ6fGVBhA==	2026-07-12T16:37:04.430Z	2026-07-12T16:37:04.430Z	gs://fc-fd42e80c-b41e-4e60-a9cf-b7c0ade168c4/submissions/f0ab26b0-d66f-45be-8322-24218670bc4d/MethylationProfiling/c953d0bb-eb8b-4208-b6cd-7f51a8622bc6/call-CpgPileup/HG03098.hap1.bed.gz?generation=1783874224426019	1	yPwgxA==	F7f1iAh8UK7l8eZ6fGVBhA==	CKOY4qvJzZUDEAE=
HG03098	hap1_bed_index	cpg_hap1_bed_idx	gs://fc-fd42e80c-b41e-4e60-a9cf-b7c0ade168c4/submissions/f0ab26b0-d66f-45be-8322-24218670bc4d/MethylationProfiling/c953d0bb-eb8b-4208-b6cd-7f51a8622bc6/call-CpgPileup/HG03098.hap1.bed.gz.tbi	1783874228525380	1567163	md5_base64	PPcY1p4JmJ4blhWD0uKThA==	2026-07-12T16:37:08.529Z	2026-07-12T16:37:08.529Z	gs://fc-fd42e80c-b41e-4e60-a9cf-b7c0ade168c4/submissions/f0ab26b0-d66f-45be-8322-24218670bc4d/MethylationProfiling/c953d0bb-eb8b-4208-b6cd-7f51a8622bc6/call-CpgPileup/HG03098.hap1.bed.gz.tbi?generation=1783874228525380	1	mEKqdA==	PPcY1p4JmJ4blhWD0uKThA==	CMSy3K3JzZUDEAE=
HG03098	hap2_bed	cpg_hap2_bed	gs://fc-fd42e80c-b41e-4e60-a9cf-b7c0ade168c4/submissions/f0ab26b0-d66f-45be-8322-24218670bc4d/MethylationProfiling/c953d0bb-eb8b-4208-b6cd-7f51a8622bc6/call-CpgPileup/HG03098.hap2.bed.gz	1783874253056836	274201831	md5_base64	dqGuueg/O3lU617SKTItAg==	2026-07-12T16:37:33.061Z	2026-07-12T16:37:33.061Z	gs://fc-fd42e80c-b41e-4e60-a9cf-b7c0ade168c4/submissions/f0ab26b0-d66f-45be-8322-24218670bc4d/MethylationProfiling/c953d0bb-eb8b-4208-b6cd-7f51a8622bc6/call-CpgPileup/HG03098.hap2.bed.gz?generation=1783874253056836	1	WhAtUw==	dqGuueg/O3lU617SKTItAg==	CMTWtbnJzZUDEAE=
HG03098	hap2_bed_index	cpg_hap2_bed_idx	gs://fc-fd42e80c-b41e-4e60-a9cf-b7c0ade168c4/submissions/f0ab26b0-d66f-45be-8322-24218670bc4d/MethylationProfiling/c953d0bb-eb8b-4208-b6cd-7f51a8622bc6/call-CpgPileup/HG03098.hap2.bed.gz.tbi	1783874230526203	1568901	md5_base64	ivyfykpDmYPsjeois+45wg==	2026-07-12T16:37:10.529Z	2026-07-12T16:37:10.529Z	gs://fc-fd42e80c-b41e-4e60-a9cf-b7c0ade168c4/submissions/f0ab26b0-d66f-45be-8322-24218670bc4d/MethylationProfiling/c953d0bb-eb8b-4208-b6cd-7f51a8622bc6/call-CpgPileup/HG03098.hap2.bed.gz.tbi?generation=1783874230526203	1	skqWzA==	ivyfykpDmYPsjeois+45wg==	CPvB1q7JzZUDEAE=
HG03130	combined_bed	cpg_combined_bed	gs://fc-fd42e80c-b41e-4e60-a9cf-b7c0ade168c4/submissions/a1e9b9ce-0d67-4d42-b107-b9821f44dd60/MethylationProfiling/082131ac-d62d-411a-8f48-e5993fcddb80/call-CpgPileup/HG03130.combined.bed.gz	1777749599896242	336431392	md5_base64	CTDzZ8CDGN/rJiK6vjWWFQ==	2026-05-02T19:19:59.899Z	2026-06-03T15:50:01.058Z	gs://fc-fd42e80c-b41e-4e60-a9cf-b7c0ade168c4/submissions/a1e9b9ce-0d67-4d42-b107-b9821f44dd60/MethylationProfiling/082131ac-d62d-411a-8f48-e5993fcddb80/call-CpgPileup/HG03130.combined.bed.gz?generation=1777749599896242	3	o2aPzw==	CTDzZ8CDGN/rJiK6vjWWFQ==	CLKFm6upm5QDEAM=
HG03130	combined_bed_index	independently_verified_combined_bed_index	gs://fc-fd42e80c-b41e-4e60-a9cf-b7c0ade168c4/submissions/a1e9b9ce-0d67-4d42-b107-b9821f44dd60/MethylationProfiling/082131ac-d62d-411a-8f48-e5993fcddb80/call-CpgPileup/HG03130.combined.bed.gz.tbi	1777749601918466	1693451	md5_base64	GBBqRsdskd1JF3K5bog7UQ==	2026-05-02T19:20:01.924Z	2026-06-02T20:35:48.178Z	gs://fc-fd42e80c-b41e-4e60-a9cf-b7c0ade168c4/submissions/a1e9b9ce-0d67-4d42-b107-b9821f44dd60/MethylationProfiling/082131ac-d62d-411a-8f48-e5993fcddb80/call-CpgPileup/HG03130.combined.bed.gz.tbi?generation=1777749601918466	2	4z68qA==	GBBqRsdskd1JF3K5bog7UQ==	CIK8lqypm5QDEAI=
HG03130	hap1_bed	cpg_hap1_bed	gs://fc-fd42e80c-b41e-4e60-a9cf-b7c0ade168c4/submissions/a1e9b9ce-0d67-4d42-b107-b9821f44dd60/MethylationProfiling/082131ac-d62d-411a-8f48-e5993fcddb80/call-CpgPileup/HG03130.hap1.bed.gz	1777749567733493	283896873	md5_base64	O/j6XP4N4b4m0qnM2ll5SA==	2026-05-02T19:19:27.737Z	2026-06-03T15:56:19.394Z	gs://fc-fd42e80c-b41e-4e60-a9cf-b7c0ade168c4/submissions/a1e9b9ce-0d67-4d42-b107-b9821f44dd60/MethylationProfiling/082131ac-d62d-411a-8f48-e5993fcddb80/call-CpgPileup/HG03130.hap1.bed.gz?generation=1777749567733493	3	JcWoBA==	O/j6XP4N4b4m0qnM2ll5SA==	CPX975upm5QDEAM=
HG03130	hap1_bed_index	cpg_hap1_bed_idx	gs://fc-fd42e80c-b41e-4e60-a9cf-b7c0ade168c4/submissions/a1e9b9ce-0d67-4d42-b107-b9821f44dd60/MethylationProfiling/082131ac-d62d-411a-8f48-e5993fcddb80/call-CpgPileup/HG03130.hap1.bed.gz.tbi	1777749604053330	1555504	md5_base64	qJNwpl1A/0asZ88HtjHsVA==	2026-05-02T19:20:04.057Z	2026-06-03T15:55:57.208Z	gs://fc-fd42e80c-b41e-4e60-a9cf-b7c0ade168c4/submissions/a1e9b9ce-0d67-4d42-b107-b9821f44dd60/MethylationProfiling/082131ac-d62d-411a-8f48-e5993fcddb80/call-CpgPileup/HG03130.hap1.bed.gz.tbi?generation=1777749604053330	3	PZv3CQ==	qJNwpl1A/0asZ88HtjHsVA==	CNLimK2pm5QDEAM=
HG03130	hap2_bed	cpg_hap2_bed	gs://fc-fd42e80c-b41e-4e60-a9cf-b7c0ade168c4/submissions/a1e9b9ce-0d67-4d42-b107-b9821f44dd60/MethylationProfiling/082131ac-d62d-411a-8f48-e5993fcddb80/call-CpgPileup/HG03130.hap2.bed.gz	1777749585364256	283952146	md5_base64	xYVmXS/Cl8m8jDh5NkSHEQ==	2026-05-02T19:19:45.369Z	2026-06-02T19:47:05.067Z	gs://fc-fd42e80c-b41e-4e60-a9cf-b7c0ade168c4/submissions/a1e9b9ce-0d67-4d42-b107-b9821f44dd60/MethylationProfiling/082131ac-d62d-411a-8f48-e5993fcddb80/call-CpgPileup/HG03130.hap2.bed.gz?generation=1777749585364256	2	vhX9Cg==	xYVmXS/Cl8m8jDh5NkSHEQ==	CKCKpKSpm5QDEAI=
HG03130	hap2_bed_index	cpg_hap2_bed_idx	gs://fc-fd42e80c-b41e-4e60-a9cf-b7c0ade168c4/submissions/a1e9b9ce-0d67-4d42-b107-b9821f44dd60/MethylationProfiling/082131ac-d62d-411a-8f48-e5993fcddb80/call-CpgPileup/HG03130.hap2.bed.gz.tbi	1777749606022009	1556109	md5_base64	RfgPDoSLkS11AiN4YUxHfw==	2026-05-02T19:20:06.027Z	2026-06-02T19:49:58.797Z	gs://fc-fd42e80c-b41e-4e60-a9cf-b7c0ade168c4/submissions/a1e9b9ce-0d67-4d42-b107-b9821f44dd60/MethylationProfiling/082131ac-d62d-411a-8f48-e5993fcddb80/call-CpgPileup/HG03130.hap2.bed.gz.tbi?generation=1777749606022009	2	A7l3Bg==	RfgPDoSLkS11AiN4YUxHfw==	CPn2kK6pm5QDEAI=
HG03139	combined_bed	cpg_combined_bed	gs://fc-fd42e80c-b41e-4e60-a9cf-b7c0ade168c4/submissions/a1e9b9ce-0d67-4d42-b107-b9821f44dd60/MethylationProfiling/de7aac8f-4aeb-4025-831b-10408d5a5be2/call-CpgPileup/HG03139.combined.bed.gz	1777749613191135	326394726	md5_base64	PRs0Tgza5aIwS7FiqdLyKQ==	2026-05-02T19:20:13.195Z	2026-06-02T19:42:56.976Z	gs://fc-fd42e80c-b41e-4e60-a9cf-b7c0ade168c4/submissions/a1e9b9ce-0d67-4d42-b107-b9821f44dd60/MethylationProfiling/de7aac8f-4aeb-4025-831b-10408d5a5be2/call-CpgPileup/HG03139.combined.bed.gz?generation=1777749613191135	2	f/Z6Pw==	PRs0Tgza5aIwS7FiqdLyKQ==	CN+/xrGpm5QDEAI=
HG03139	combined_bed_index	independently_verified_combined_bed_index	gs://fc-fd42e80c-b41e-4e60-a9cf-b7c0ade168c4/submissions/a1e9b9ce-0d67-4d42-b107-b9821f44dd60/MethylationProfiling/de7aac8f-4aeb-4025-831b-10408d5a5be2/call-CpgPileup/HG03139.combined.bed.gz.tbi	1777749591856095	1693182	md5_base64	AkPZWWDfX9NsKtdw2Az8Bg==	2026-05-02T19:19:51.859Z	2026-06-03T15:18:04.278Z	gs://fc-fd42e80c-b41e-4e60-a9cf-b7c0ade168c4/submissions/a1e9b9ce-0d67-4d42-b107-b9821f44dd60/MethylationProfiling/de7aac8f-4aeb-4025-831b-10408d5a5be2/call-CpgPileup/HG03139.combined.bed.gz.tbi?generation=1777749591856095	3	f9hnsA==	AkPZWWDfX9NsKtdw2Az8Bg==	CN+nsKepm5QDEAM=
HG03139	hap1_bed	cpg_hap1_bed	gs://fc-fd42e80c-b41e-4e60-a9cf-b7c0ade168c4/submissions/a1e9b9ce-0d67-4d42-b107-b9821f44dd60/MethylationProfiling/de7aac8f-4aeb-4025-831b-10408d5a5be2/call-CpgPileup/HG03139.hap1.bed.gz	1777749590025844	280225709	md5_base64	APqJGNwSR9Vnwzi/qswuYA==	2026-05-02T19:19:50.030Z	2026-06-03T14:43:00.298Z	gs://fc-fd42e80c-b41e-4e60-a9cf-b7c0ade168c4/submissions/a1e9b9ce-0d67-4d42-b107-b9821f44dd60/MethylationProfiling/de7aac8f-4aeb-4025-831b-10408d5a5be2/call-CpgPileup/HG03139.hap1.bed.gz?generation=1777749590025844	3	SlTZ5w==	APqJGNwSR9Vnwzi/qswuYA==	CPTMwKapm5QDEAM=
HG03139	hap1_bed_index	cpg_hap1_bed_idx	gs://fc-fd42e80c-b41e-4e60-a9cf-b7c0ade168c4/submissions/a1e9b9ce-0d67-4d42-b107-b9821f44dd60/MethylationProfiling/de7aac8f-4aeb-4025-831b-10408d5a5be2/call-CpgPileup/HG03139.hap1.bed.gz.tbi	1777749593825898	1571766	md5_base64	JipvHrGR54BbnjqeLehM5A==	2026-05-02T19:19:53.830Z	2026-06-03T15:06:58.507Z	gs://fc-fd42e80c-b41e-4e60-a9cf-b7c0ade168c4/submissions/a1e9b9ce-0d67-4d42-b107-b9821f44dd60/MethylationProfiling/de7aac8f-4aeb-4025-831b-10408d5a5be2/call-CpgPileup/HG03139.hap1.bed.gz.tbi?generation=1777749593825898	3	83J+mg==	JipvHrGR54BbnjqeLehM5A==	COrEqKipm5QDEAM=
HG03139	hap2_bed	cpg_hap2_bed	gs://fc-fd42e80c-b41e-4e60-a9cf-b7c0ade168c4/submissions/a1e9b9ce-0d67-4d42-b107-b9821f44dd60/MethylationProfiling/de7aac8f-4aeb-4025-831b-10408d5a5be2/call-CpgPileup/HG03139.hap2.bed.gz	1777749601288298	280055969	md5_base64	AULerWsTOHcERwptIp5C1Q==	2026-05-02T19:20:01.293Z	2026-06-03T15:24:04.324Z	gs://fc-fd42e80c-b41e-4e60-a9cf-b7c0ade168c4/submissions/a1e9b9ce-0d67-4d42-b107-b9821f44dd60/MethylationProfiling/de7aac8f-4aeb-4025-831b-10408d5a5be2/call-CpgPileup/HG03139.hap2.bed.gz?generation=1777749601288298	3	eXjZhQ==	AULerWsTOHcERwptIp5C1Q==	COqA8Kupm5QDEAM=
HG03139	hap2_bed_index	cpg_hap2_bed_idx	gs://fc-fd42e80c-b41e-4e60-a9cf-b7c0ade168c4/submissions/a1e9b9ce-0d67-4d42-b107-b9821f44dd60/MethylationProfiling/de7aac8f-4aeb-4025-831b-10408d5a5be2/call-CpgPileup/HG03139.hap2.bed.gz.tbi	1777749603305794	1571178	md5_base64	e5+OFOa/AVLmAMpy89gOnA==	2026-05-02T19:20:03.309Z	2026-06-03T15:34:38.975Z	gs://fc-fd42e80c-b41e-4e60-a9cf-b7c0ade168c4/submissions/a1e9b9ce-0d67-4d42-b107-b9821f44dd60/MethylationProfiling/de7aac8f-4aeb-4025-831b-10408d5a5be2/call-CpgPileup/HG03139.hap2.bed.gz.tbi?generation=1777749603305794	3	/dWTFA==	e5+OFOa/AVLmAMpy89gOnA==	CMKS66ypm5QDEAM=
HG03195	combined_bed	cpg_combined_bed	gs://fc-fd42e80c-b41e-4e60-a9cf-b7c0ade168c4/submissions/a1e9b9ce-0d67-4d42-b107-b9821f44dd60/MethylationProfiling/5a3de470-7c83-457c-bc09-3228cfc7a511/call-CpgPileup/HG03195.combined.bed.gz	1777749960408885	361304145	md5_base64	rBFLJt4hQgUnx451pG0O3Q==	2026-05-02T19:26:00.416Z	2026-06-03T14:48:57.878Z	gs://fc-fd42e80c-b41e-4e60-a9cf-b7c0ade168c4/submissions/a1e9b9ce-0d67-4d42-b107-b9821f44dd60/MethylationProfiling/5a3de470-7c83-457c-bc09-3228cfc7a511/call-CpgPileup/HG03195.combined.bed.gz?generation=1777749960408885	3	QzAaRQ==	rBFLJt4hQgUnx451pG0O3Q==	CLX+jteqm5QDEAM=
HG03195	combined_bed_index	independently_verified_combined_bed_index	gs://fc-fd42e80c-b41e-4e60-a9cf-b7c0ade168c4/submissions/a1e9b9ce-0d67-4d42-b107-b9821f44dd60/MethylationProfiling/5a3de470-7c83-457c-bc09-3228cfc7a511/call-CpgPileup/HG03195.combined.bed.gz.tbi	1777749972485852	1684951	md5_base64	nHz7wdQ9oWgHNx0FDKI6KA==	2026-05-02T19:26:12.505Z	2026-06-02T20:26:41.059Z	gs://fc-fd42e80c-b41e-4e60-a9cf-b7c0ade168c4/submissions/a1e9b9ce-0d67-4d42-b107-b9821f44dd60/MethylationProfiling/5a3de470-7c83-457c-bc09-3228cfc7a511/call-CpgPileup/HG03195.combined.bed.gz.tbi?generation=1777749972485852	2	0WT73A==	nHz7wdQ9oWgHNx0FDKI6KA==	CNyN8Nyqm5QDEAI=
HG03195	hap1_bed	cpg_hap1_bed	gs://fc-fd42e80c-b41e-4e60-a9cf-b7c0ade168c4/submissions/a1e9b9ce-0d67-4d42-b107-b9821f44dd60/MethylationProfiling/5a3de470-7c83-457c-bc09-3228cfc7a511/call-CpgPileup/HG03195.hap1.bed.gz	1777749981076095	320258241	md5_base64	arZ1684aGeKzOS1uF3QNZw==	2026-05-02T19:26:21.081Z	2026-06-02T20:21:14.058Z	gs://fc-fd42e80c-b41e-4e60-a9cf-b7c0ade168c4/submissions/a1e9b9ce-0d67-4d42-b107-b9821f44dd60/MethylationProfiling/5a3de470-7c83-457c-bc09-3228cfc7a511/call-CpgPileup/HG03195.hap1.bed.gz?generation=1777749981076095	2	xg+ovA==	arZ1684aGeKzOS1uF3QNZw==	CP+0/OCqm5QDEAI=
HG03195	hap1_bed_index	cpg_hap1_bed_idx	gs://fc-fd42e80c-b41e-4e60-a9cf-b7c0ade168c4/submissions/a1e9b9ce-0d67-4d42-b107-b9821f44dd60/MethylationProfiling/5a3de470-7c83-457c-bc09-3228cfc7a511/call-CpgPileup/HG03195.hap1.bed.gz.tbi	1777749983054264	1658143	md5_base64	ksjwK5UO/wMiRNoThY7Hcg==	2026-05-02T19:26:23.061Z	2026-06-03T14:50:58.123Z	gs://fc-fd42e80c-b41e-4e60-a9cf-b7c0ade168c4/submissions/a1e9b9ce-0d67-4d42-b107-b9821f44dd60/MethylationProfiling/5a3de470-7c83-457c-bc09-3228cfc7a511/call-CpgPileup/HG03195.hap1.bed.gz.tbi?generation=1777749983054264	3	noH7Gw==	ksjwK5UO/wMiRNoThY7Hcg==	CLiT9eGqm5QDEAM=
HG03195	hap2_bed	cpg_hap2_bed	gs://fc-fd42e80c-b41e-4e60-a9cf-b7c0ade168c4/submissions/a1e9b9ce-0d67-4d42-b107-b9821f44dd60/MethylationProfiling/5a3de470-7c83-457c-bc09-3228cfc7a511/call-CpgPileup/HG03195.hap2.bed.gz	1777749970204862	320341785	md5_base64	73mES1Sug4CZkGb7mLWovA==	2026-05-02T19:26:10.209Z	2026-06-03T16:03:02.720Z	gs://fc-fd42e80c-b41e-4e60-a9cf-b7c0ade168c4/submissions/a1e9b9ce-0d67-4d42-b107-b9821f44dd60/MethylationProfiling/5a3de470-7c83-457c-bc09-3228cfc7a511/call-CpgPileup/HG03195.hap2.bed.gz?generation=1777749970204862	3	qmWz+Q==	73mES1Sug4CZkGb7mLWovA==	CL7x5Nuqm5QDEAM=
HG03195	hap2_bed_index	cpg_hap2_bed_idx	gs://fc-fd42e80c-b41e-4e60-a9cf-b7c0ade168c4/submissions/a1e9b9ce-0d67-4d42-b107-b9821f44dd60/MethylationProfiling/5a3de470-7c83-457c-bc09-3228cfc7a511/call-CpgPileup/HG03195.hap2.bed.gz.tbi	1777749952655948	1658129	md5_base64	WoJ4/o7F6g2bgYageEZtFQ==	2026-05-02T19:25:52.659Z	2026-06-03T15:09:09.469Z	gs://fc-fd42e80c-b41e-4e60-a9cf-b7c0ade168c4/submissions/a1e9b9ce-0d67-4d42-b107-b9821f44dd60/MethylationProfiling/5a3de470-7c83-457c-bc09-3228cfc7a511/call-CpgPileup/HG03195.hap2.bed.gz.tbi?generation=1777749952655948	3	jgS95g==	WoJ4/o7F6g2bgYageEZtFQ==	CMzktdOqm5QDEAM=
HG03209	combined_bed	cpg_combined_bed	gs://fc-fd42e80c-b41e-4e60-a9cf-b7c0ade168c4/submissions/a1e9b9ce-0d67-4d42-b107-b9821f44dd60/MethylationProfiling/e7e8d249-b282-412a-8626-d11852b46a5f/call-CpgPileup/HG03209.combined.bed.gz	1777749871427863	333006481	md5_base64	j0fiDAV2b/lkBw358w28kA==	2026-05-02T19:24:31.431Z	2026-06-03T14:38:05.298Z	gs://fc-fd42e80c-b41e-4e60-a9cf-b7c0ade168c4/submissions/a1e9b9ce-0d67-4d42-b107-b9821f44dd60/MethylationProfiling/e7e8d249-b282-412a-8626-d11852b46a5f/call-CpgPileup/HG03209.combined.bed.gz?generation=1777749871427863	3	D8qXSA==	j0fiDAV2b/lkBw358w28kA==	CJeC2Kyqm5QDEAM=
HG03209	combined_bed_index	independently_verified_combined_bed_index	gs://fc-fd42e80c-b41e-4e60-a9cf-b7c0ade168c4/submissions/a1e9b9ce-0d67-4d42-b107-b9821f44dd60/MethylationProfiling/e7e8d249-b282-412a-8626-d11852b46a5f/call-CpgPileup/HG03209.combined.bed.gz.tbi	1777749851905442	1692939	md5_base64	Ch6KtRKQZXpLHYCjR+ZY7w==	2026-05-02T19:24:11.909Z	2026-06-03T15:05:03.874Z	gs://fc-fd42e80c-b41e-4e60-a9cf-b7c0ade168c4/submissions/a1e9b9ce-0d67-4d42-b107-b9821f44dd60/MethylationProfiling/e7e8d249-b282-412a-8626-d11852b46a5f/call-CpgPileup/HG03209.combined.bed.gz.tbi?generation=1777749851905442	3	vcr9iQ==	Ch6KtRKQZXpLHYCjR+ZY7w==	CKK7sKOqm5QDEAM=
HG03209	hap1_bed	cpg_hap1_bed	gs://fc-fd42e80c-b41e-4e60-a9cf-b7c0ade168c4/submissions/a1e9b9ce-0d67-4d42-b107-b9821f44dd60/MethylationProfiling/e7e8d249-b282-412a-8626-d11852b46a5f/call-CpgPileup/HG03209.hap1.bed.gz	1777749861176958	284539434	md5_base64	FYoPO0NqJdDUo1gblfIgIA==	2026-05-02T19:24:21.181Z	2026-06-03T15:58:16.644Z	gs://fc-fd42e80c-b41e-4e60-a9cf-b7c0ade168c4/submissions/a1e9b9ce-0d67-4d42-b107-b9821f44dd60/MethylationProfiling/e7e8d249-b282-412a-8626-d11852b46a5f/call-CpgPileup/HG03209.hap1.bed.gz?generation=1777749861176958	3	TVOqdg==	FYoPO0NqJdDUo1gblfIgIA==	CP6s5qeqm5QDEAM=
HG03209	hap1_bed_index	cpg_hap1_bed_idx	gs://fc-fd42e80c-b41e-4e60-a9cf-b7c0ade168c4/submissions/a1e9b9ce-0d67-4d42-b107-b9821f44dd60/MethylationProfiling/e7e8d249-b282-412a-8626-d11852b46a5f/call-CpgPileup/HG03209.hap1.bed.gz.tbi	1777749849985344	1570884	md5_base64	w542WUQTSI+ClRMow22d9Q==	2026-05-02T19:24:09.989Z	2026-06-02T20:07:24.309Z	gs://fc-fd42e80c-b41e-4e60-a9cf-b7c0ade168c4/submissions/a1e9b9ce-0d67-4d42-b107-b9821f44dd60/MethylationProfiling/e7e8d249-b282-412a-8626-d11852b46a5f/call-CpgPileup/HG03209.hap1.bed.gz.tbi?generation=1777749849985344	2	VDT4sA==	w542WUQTSI+ClRMow22d9Q==	CMCiu6Kqm5QDEAI=
HG03209	hap2_bed	cpg_hap2_bed	gs://fc-fd42e80c-b41e-4e60-a9cf-b7c0ade168c4/submissions/a1e9b9ce-0d67-4d42-b107-b9821f44dd60/MethylationProfiling/e7e8d249-b282-412a-8626-d11852b46a5f/call-CpgPileup/HG03209.hap2.bed.gz	1777749882953968	284935473	md5_base64	pwvWZk7hpVGglRN+5pwzkQ==	2026-05-02T19:24:42.958Z	2026-06-03T15:48:04.159Z	gs://fc-fd42e80c-b41e-4e60-a9cf-b7c0ade168c4/submissions/a1e9b9ce-0d67-4d42-b107-b9821f44dd60/MethylationProfiling/e7e8d249-b282-412a-8626-d11852b46a5f/call-CpgPileup/HG03209.hap2.bed.gz?generation=1777749882953968	3	HejKAw==	pwvWZk7hpVGglRN+5pwzkQ==	CPDBl7Kqm5QDEAM=
HG03209	hap2_bed_index	cpg_hap2_bed_idx	gs://fc-fd42e80c-b41e-4e60-a9cf-b7c0ade168c4/submissions/a1e9b9ce-0d67-4d42-b107-b9821f44dd60/MethylationProfiling/e7e8d249-b282-412a-8626-d11852b46a5f/call-CpgPileup/HG03209.hap2.bed.gz.tbi	1777749873338498	1571655	md5_base64	b2401ualyT6PQd6AzLnGHA==	2026-05-02T19:24:33.343Z	2026-06-03T15:56:15.332Z	gs://fc-fd42e80c-b41e-4e60-a9cf-b7c0ade168c4/submissions/a1e9b9ce-0d67-4d42-b107-b9821f44dd60/MethylationProfiling/e7e8d249-b282-412a-8626-d11852b46a5f/call-CpgPileup/HG03209.hap2.bed.gz.tbi?generation=1777749873338498	3	bZJ8cQ==	b2401ualyT6PQd6AzLnGHA==	CILRzK2qm5QDEAM=
HG03225	combined_bed	cpg_combined_bed	gs://fc-fd42e80c-b41e-4e60-a9cf-b7c0ade168c4/submissions/569a9e19-4a00-4d9c-98ff-6de0000f6e8f/MethylationProfiling/02e4f063-a56a-4087-9d34-4a1d3af18144/call-CpgPileup/HG03225.combined.bed.gz	1777761974615765	357947258	md5_base64	oUUdmgv7OkLX1ZZpXEPd9Q==	2026-05-02T22:46:14.619Z	2026-06-02T20:03:11.884Z	gs://fc-fd42e80c-b41e-4e60-a9cf-b7c0ade168c4/submissions/569a9e19-4a00-4d9c-98ff-6de0000f6e8f/MethylationProfiling/02e4f063-a56a-4087-9d34-4a1d3af18144/call-CpgPileup/HG03225.combined.bed.gz?generation=1777761974615765	2	Q16phg==	oUUdmgv7OkLX1ZZpXEPd9Q==	CNX997fXm5QDEAI=
HG03225	combined_bed_index	independently_verified_combined_bed_index	gs://fc-fd42e80c-b41e-4e60-a9cf-b7c0ade168c4/submissions/569a9e19-4a00-4d9c-98ff-6de0000f6e8f/MethylationProfiling/02e4f063-a56a-4087-9d34-4a1d3af18144/call-CpgPileup/HG03225.combined.bed.gz.tbi	1777761961787682	1695041	md5_base64	SIGZhY2yge3XpyJPHEbzPQ==	2026-05-02T22:46:01.791Z	2026-06-03T16:03:02.720Z	gs://fc-fd42e80c-b41e-4e60-a9cf-b7c0ade168c4/submissions/569a9e19-4a00-4d9c-98ff-6de0000f6e8f/MethylationProfiling/02e4f063-a56a-4087-9d34-4a1d3af18144/call-CpgPileup/HG03225.combined.bed.gz.tbi?generation=1777761961787682	3	eyqi9w==	SIGZhY2yge3XpyJPHEbzPQ==	CKKC6bHXm5QDEAM=
HG03225	hap1_bed	cpg_hap1_bed	gs://fc-fd42e80c-b41e-4e60-a9cf-b7c0ade168c4/submissions/569a9e19-4a00-4d9c-98ff-6de0000f6e8f/MethylationProfiling/02e4f063-a56a-4087-9d34-4a1d3af18144/call-CpgPileup/HG03225.hap1.bed.gz	1777761947825645	303477808	md5_base64	e0alP9vZ3K7j1tKd/+d+HA==	2026-05-02T22:45:47.830Z	2026-06-03T14:34:01.653Z	gs://fc-fd42e80c-b41e-4e60-a9cf-b7c0ade168c4/submissions/569a9e19-4a00-4d9c-98ff-6de0000f6e8f/MethylationProfiling/02e4f063-a56a-4087-9d34-4a1d3af18144/call-CpgPileup/HG03225.hap1.bed.gz?generation=1777761947825645	3	GN2ZIA==	e0alP9vZ3K7j1tKd/+d+HA==	CO3rlKvXm5QDEAM=
HG03225	hap1_bed_index	cpg_hap1_bed_idx	gs://fc-fd42e80c-b41e-4e60-a9cf-b7c0ade168c4/submissions/569a9e19-4a00-4d9c-98ff-6de0000f6e8f/MethylationProfiling/02e4f063-a56a-4087-9d34-4a1d3af18144/call-CpgPileup/HG03225.hap1.bed.gz.tbi	1777761959827024	1577730	md5_base64	OopQn0V4kho2Dslueut/8A==	2026-05-02T22:45:59.831Z	2026-06-02T20:33:31.643Z	gs://fc-fd42e80c-b41e-4e60-a9cf-b7c0ade168c4/submissions/569a9e19-4a00-4d9c-98ff-6de0000f6e8f/MethylationProfiling/02e4f063-a56a-4087-9d34-4a1d3af18144/call-CpgPileup/HG03225.hap1.bed.gz.tbi?generation=1777761959827024	2	pEWsWQ==	OopQn0V4kho2Dslueut/8A==	CNCs8bDXm5QDEAI=
HG03225	hap2_bed	cpg_hap2_bed	gs://fc-fd42e80c-b41e-4e60-a9cf-b7c0ade168c4/submissions/569a9e19-4a00-4d9c-98ff-6de0000f6e8f/MethylationProfiling/02e4f063-a56a-4087-9d34-4a1d3af18144/call-CpgPileup/HG03225.hap2.bed.gz	1777761957813298	303719587	md5_base64	jF/tncbVP1xlxhPFRc4zOw==	2026-05-02T22:45:57.817Z	2026-06-03T15:00:05.411Z	gs://fc-fd42e80c-b41e-4e60-a9cf-b7c0ade168c4/submissions/569a9e19-4a00-4d9c-98ff-6de0000f6e8f/MethylationProfiling/02e4f063-a56a-4087-9d34-4a1d3af18144/call-CpgPileup/HG03225.hap2.bed.gz?generation=1777761957813298	3	pLVyYA==	jF/tncbVP1xlxhPFRc4zOw==	CLK49q/Xm5QDEAM=
HG03225	hap2_bed_index	cpg_hap2_bed_idx	gs://fc-fd42e80c-b41e-4e60-a9cf-b7c0ade168c4/submissions/569a9e19-4a00-4d9c-98ff-6de0000f6e8f/MethylationProfiling/02e4f063-a56a-4087-9d34-4a1d3af18144/call-CpgPileup/HG03225.hap2.bed.gz.tbi	1777761936818150	1578054	md5_base64	oi8VkT+t0Yq4Kw8V2aGGjA==	2026-05-02T22:45:36.823Z	2026-06-02T19:57:29.265Z	gs://fc-fd42e80c-b41e-4e60-a9cf-b7c0ade168c4/submissions/569a9e19-4a00-4d9c-98ff-6de0000f6e8f/MethylationProfiling/02e4f063-a56a-4087-9d34-4a1d3af18144/call-CpgPileup/HG03225.hap2.bed.gz.tbi?generation=1777761936818150	2	YRyHEw==	oi8VkT+t0Yq4Kw8V2aGGjA==	COb/9KXXm5QDEAI=
HG03239	combined_bed	cpg_combined_bed	gs://fc-fd42e80c-b41e-4e60-a9cf-b7c0ade168c4/submissions/a1e9b9ce-0d67-4d42-b107-b9821f44dd60/MethylationProfiling/f4e6333f-3e95-4b91-9429-649b4a3f7d4e/call-CpgPileup/HG03239.combined.bed.gz	1777749515897193	329963135	md5_base64	lEWIGUTbkNQ5y5ialYRA3g==	2026-05-02T19:18:35.900Z	2026-06-03T15:00:05.411Z	gs://fc-fd42e80c-b41e-4e60-a9cf-b7c0ade168c4/submissions/a1e9b9ce-0d67-4d42-b107-b9821f44dd60/MethylationProfiling/f4e6333f-3e95-4b91-9429-649b4a3f7d4e/call-CpgPileup/HG03239.combined.bed.gz?generation=1777749515897193	3	o2eFFw==	lEWIGUTbkNQ5y5ialYRA3g==	COmSlIOpm5QDEAM=
HG03239	combined_bed_index	independently_verified_combined_bed_index	gs://fc-fd42e80c-b41e-4e60-a9cf-b7c0ade168c4/submissions/a1e9b9ce-0d67-4d42-b107-b9821f44dd60/MethylationProfiling/f4e6333f-3e95-4b91-9429-649b4a3f7d4e/call-CpgPileup/HG03239.combined.bed.gz.tbi	1777749529578314	1683352	md5_base64	GUs9VWrayBA9lzRJerni2A==	2026-05-02T19:18:49.581Z	2026-06-03T14:36:58.846Z	gs://fc-fd42e80c-b41e-4e60-a9cf-b7c0ade168c4/submissions/a1e9b9ce-0d67-4d42-b107-b9821f44dd60/MethylationProfiling/f4e6333f-3e95-4b91-9429-649b4a3f7d4e/call-CpgPileup/HG03239.combined.bed.gz.tbi?generation=1777749529578314	3	bAsmwg==	GUs9VWrayBA9lzRJerni2A==	CMqW14mpm5QDEAM=
HG03239	hap1_bed	cpg_hap1_bed	gs://fc-fd42e80c-b41e-4e60-a9cf-b7c0ade168c4/submissions/a1e9b9ce-0d67-4d42-b107-b9821f44dd60/MethylationProfiling/f4e6333f-3e95-4b91-9429-649b4a3f7d4e/call-CpgPileup/HG03239.hap1.bed.gz	1777749506803224	294118907	md5_base64	qqy5SgC6RWFlyH8l4nR57g==	2026-05-02T19:18:26.813Z	2026-06-03T14:43:00.298Z	gs://fc-fd42e80c-b41e-4e60-a9cf-b7c0ade168c4/submissions/a1e9b9ce-0d67-4d42-b107-b9821f44dd60/MethylationProfiling/f4e6333f-3e95-4b91-9429-649b4a3f7d4e/call-CpgPileup/HG03239.hap1.bed.gz?generation=1777749506803224	3	Pyxjtg==	qqy5SgC6RWFlyH8l4nR57g==	CJiM6f6om5QDEAM=
HG03239	hap1_bed_index	cpg_hap1_bed_idx	gs://fc-fd42e80c-b41e-4e60-a9cf-b7c0ade168c4/submissions/a1e9b9ce-0d67-4d42-b107-b9821f44dd60/MethylationProfiling/f4e6333f-3e95-4b91-9429-649b4a3f7d4e/call-CpgPileup/HG03239.hap1.bed.gz.tbi	1777749527515837	1657623	md5_base64	yl36QvRX/WAg7kI5sP0mpw==	2026-05-02T19:18:47.519Z	2026-06-03T14:44:58.557Z	gs://fc-fd42e80c-b41e-4e60-a9cf-b7c0ade168c4/submissions/a1e9b9ce-0d67-4d42-b107-b9821f44dd60/MethylationProfiling/f4e6333f-3e95-4b91-9429-649b4a3f7d4e/call-CpgPileup/HG03239.hap1.bed.gz.tbi?generation=1777749527515837	3	PbGGnA==	yl36QvRX/WAg7kI5sP0mpw==	CL2l2Yipm5QDEAM=
HG03239	hap2_bed	cpg_hap2_bed	gs://fc-fd42e80c-b41e-4e60-a9cf-b7c0ade168c4/submissions/a1e9b9ce-0d67-4d42-b107-b9821f44dd60/MethylationProfiling/f4e6333f-3e95-4b91-9429-649b4a3f7d4e/call-CpgPileup/HG03239.hap2.bed.gz	1777749525535392	293770843	md5_base64	VO9laVyoDurrp1MwwJExEA==	2026-05-02T19:18:45.542Z	2026-06-03T15:33:04.149Z	gs://fc-fd42e80c-b41e-4e60-a9cf-b7c0ade168c4/submissions/a1e9b9ce-0d67-4d42-b107-b9821f44dd60/MethylationProfiling/f4e6333f-3e95-4b91-9429-649b4a3f7d4e/call-CpgPileup/HG03239.hap2.bed.gz?generation=1777749525535392	3	vpolCg==	VO9laVyoDurrp1MwwJExEA==	CKC14Iepm5QDEAM=
HG03239	hap2_bed_index	cpg_hap2_bed_idx	gs://fc-fd42e80c-b41e-4e60-a9cf-b7c0ade168c4/submissions/a1e9b9ce-0d67-4d42-b107-b9821f44dd60/MethylationProfiling/f4e6333f-3e95-4b91-9429-649b4a3f7d4e/call-CpgPileup/HG03239.hap2.bed.gz.tbi	1777749517965041	1655909	md5_base64	hYIhm7wj3Nmw3wXoVELrPA==	2026-05-02T19:18:37.969Z	2026-06-03T14:48:57.878Z	gs://fc-fd42e80c-b41e-4e60-a9cf-b7c0ade168c4/submissions/a1e9b9ce-0d67-4d42-b107-b9821f44dd60/MethylationProfiling/f4e6333f-3e95-4b91-9429-649b4a3f7d4e/call-CpgPileup/HG03239.hap2.bed.gz.tbi?generation=1777749517965041	3	5SyQdg==	hYIhm7wj3Nmw3wXoVELrPA==	CPGtkoSpm5QDEAM=
HG03270	combined_bed	cpg_combined_bed	gs://fc-fd42e80c-b41e-4e60-a9cf-b7c0ade168c4/submissions/a1e9b9ce-0d67-4d42-b107-b9821f44dd60/MethylationProfiling/1f67dc36-56b4-405a-9ab3-a1f93909daa1/call-CpgPileup/HG03270.combined.bed.gz	1777748309555738	342262474	md5_base64	CE4qqe910lHW2syw/+uw+Q==	2026-05-02T18:58:29.559Z	2026-06-03T15:15:57.471Z	gs://fc-fd42e80c-b41e-4e60-a9cf-b7c0ade168c4/submissions/a1e9b9ce-0d67-4d42-b107-b9821f44dd60/MethylationProfiling/1f67dc36-56b4-405a-9ab3-a1f93909daa1/call-CpgPileup/HG03270.combined.bed.gz?generation=1777748309555738	3	Urp95w==	CE4qqe910lHW2syw/+uw+Q==	CJr09sOkm5QDEAM=
HG03270	combined_bed_index	independently_verified_combined_bed_index	gs://fc-fd42e80c-b41e-4e60-a9cf-b7c0ade168c4/submissions/a1e9b9ce-0d67-4d42-b107-b9821f44dd60/MethylationProfiling/1f67dc36-56b4-405a-9ab3-a1f93909daa1/call-CpgPileup/HG03270.combined.bed.gz.tbi	1777748311510113	1683911	md5_base64	YCsJR/F0uQ0ls3/Kq+QARA==	2026-05-02T18:58:31.513Z	2026-06-03T15:01:07.509Z	gs://fc-fd42e80c-b41e-4e60-a9cf-b7c0ade168c4/submissions/a1e9b9ce-0d67-4d42-b107-b9821f44dd60/MethylationProfiling/1f67dc36-56b4-405a-9ab3-a1f93909daa1/call-CpgPileup/HG03270.combined.bed.gz.tbi?generation=1777748311510113	3	EoWIGg==	YCsJR/F0uQ0ls3/Kq+QARA==	COGY7sSkm5QDEAM=
HG03270	hap1_bed	cpg_hap1_bed	gs://fc-fd42e80c-b41e-4e60-a9cf-b7c0ade168c4/submissions/a1e9b9ce-0d67-4d42-b107-b9821f44dd60/MethylationProfiling/1f67dc36-56b4-405a-9ab3-a1f93909daa1/call-CpgPileup/HG03270.hap1.bed.gz	1777748328419860	306455072	md5_base64	3pmYJwiazAzW5CKf7awQ3A==	2026-05-02T18:58:48.424Z	2026-06-03T15:42:57.449Z	gs://fc-fd42e80c-b41e-4e60-a9cf-b7c0ade168c4/submissions/a1e9b9ce-0d67-4d42-b107-b9821f44dd60/MethylationProfiling/1f67dc36-56b4-405a-9ab3-a1f93909daa1/call-CpgPileup/HG03270.hap1.bed.gz?generation=1777748328419860	3	9ZmM/g==	3pmYJwiazAzW5CKf7awQ3A==	CJSk9sykm5QDEAM=
HG03270	hap1_bed_index	cpg_hap1_bed_idx	gs://fc-fd42e80c-b41e-4e60-a9cf-b7c0ade168c4/submissions/a1e9b9ce-0d67-4d42-b107-b9821f44dd60/MethylationProfiling/1f67dc36-56b4-405a-9ab3-a1f93909daa1/call-CpgPileup/HG03270.hap1.bed.gz.tbi	1777748330353983	1662041	md5_base64	uAUVRHiDS+g+sgRWPn6F/Q==	2026-05-02T18:58:50.357Z	2026-06-03T15:25:28.732Z	gs://fc-fd42e80c-b41e-4e60-a9cf-b7c0ade168c4/submissions/a1e9b9ce-0d67-4d42-b107-b9821f44dd60/MethylationProfiling/1f67dc36-56b4-405a-9ab3-a1f93909daa1/call-CpgPileup/HG03270.hap1.bed.gz.tbi?generation=1777748330353983	3	gCh7Xg==	uAUVRHiDS+g+sgRWPn6F/Q==	CL+q7M2km5QDEAM=
HG03270	hap2_bed	cpg_hap2_bed	gs://fc-fd42e80c-b41e-4e60-a9cf-b7c0ade168c4/submissions/a1e9b9ce-0d67-4d42-b107-b9821f44dd60/MethylationProfiling/1f67dc36-56b4-405a-9ab3-a1f93909daa1/call-CpgPileup/HG03270.hap2.bed.gz	1777748345082654	306014727	md5_base64	kFke9P7SsCoyo4NEIG0UpA==	2026-05-02T18:59:05.086Z	2026-06-03T15:47:03.462Z	gs://fc-fd42e80c-b41e-4e60-a9cf-b7c0ade168c4/submissions/a1e9b9ce-0d67-4d42-b107-b9821f44dd60/MethylationProfiling/1f67dc36-56b4-405a-9ab3-a1f93909daa1/call-CpgPileup/HG03270.hap2.bed.gz?generation=1777748345082654	3	QaxoUA==	kFke9P7SsCoyo4NEIG0UpA==	CJ6m79Skm5QDEAM=
HG03270	hap2_bed_index	cpg_hap2_bed_idx	gs://fc-fd42e80c-b41e-4e60-a9cf-b7c0ade168c4/submissions/a1e9b9ce-0d67-4d42-b107-b9821f44dd60/MethylationProfiling/1f67dc36-56b4-405a-9ab3-a1f93909daa1/call-CpgPileup/HG03270.hap2.bed.gz.tbi	1777748332264092	1662017	md5_base64	n0CELNKw8Um2I3G++BSIVg==	2026-05-02T18:58:52.268Z	2026-06-03T14:28:57.657Z	gs://fc-fd42e80c-b41e-4e60-a9cf-b7c0ade168c4/submissions/a1e9b9ce-0d67-4d42-b107-b9821f44dd60/MethylationProfiling/1f67dc36-56b4-405a-9ab3-a1f93909daa1/call-CpgPileup/HG03270.hap2.bed.gz.tbi?generation=1777748332264092	3	Gw81wA==	n0CELNKw8Um2I3G++BSIVg==	CJz14M6km5QDEAM=
HG03369	combined_bed	cpg_combined_bed	gs://fc-fd42e80c-b41e-4e60-a9cf-b7c0ade168c4/submissions/a1e9b9ce-0d67-4d42-b107-b9821f44dd60/MethylationProfiling/63bbde32-02d3-4cbb-a94c-c62995d0b759/call-CpgPileup/HG03369.combined.bed.gz	1777747806138365	336157224	md5_base64	IqMFrG3BDv9+YGXCwGnNGg==	2026-05-02T18:50:06.145Z	2026-06-03T15:07:06.700Z	gs://fc-fd42e80c-b41e-4e60-a9cf-b7c0ade168c4/submissions/a1e9b9ce-0d67-4d42-b107-b9821f44dd60/MethylationProfiling/63bbde32-02d3-4cbb-a94c-c62995d0b759/call-CpgPileup/HG03369.combined.bed.gz?generation=1777747806138365	3	+qvG3w==	IqMFrG3BDv9+YGXCwGnNGg==	CP3f8NOim5QDEAM=
HG03369	combined_bed_index	independently_verified_combined_bed_index	gs://fc-fd42e80c-b41e-4e60-a9cf-b7c0ade168c4/submissions/a1e9b9ce-0d67-4d42-b107-b9821f44dd60/MethylationProfiling/63bbde32-02d3-4cbb-a94c-c62995d0b759/call-CpgPileup/HG03369.combined.bed.gz.tbi	1777747821821769	1683088	md5_base64	4+IoGf+P8xassUYvKs48ng==	2026-05-02T18:50:21.828Z	2026-06-03T15:00:05.411Z	gs://fc-fd42e80c-b41e-4e60-a9cf-b7c0ade168c4/submissions/a1e9b9ce-0d67-4d42-b107-b9821f44dd60/MethylationProfiling/63bbde32-02d3-4cbb-a94c-c62995d0b759/call-CpgPileup/HG03369.combined.bed.gz.tbi?generation=1777747821821769	3	tm2TXA==	4+IoGf+P8xassUYvKs48ng==	CMn+rduim5QDEAM=
HG03369	hap1_bed	cpg_hap1_bed	gs://fc-fd42e80c-b41e-4e60-a9cf-b7c0ade168c4/submissions/a1e9b9ce-0d67-4d42-b107-b9821f44dd60/MethylationProfiling/63bbde32-02d3-4cbb-a94c-c62995d0b759/call-CpgPileup/HG03369.hap1.bed.gz	1777747814011368	300272402	md5_base64	/wlO+Fw6/xg8IU9lOD8TrA==	2026-05-02T18:50:14.015Z	2026-06-03T15:40:02.499Z	gs://fc-fd42e80c-b41e-4e60-a9cf-b7c0ade168c4/submissions/a1e9b9ce-0d67-4d42-b107-b9821f44dd60/MethylationProfiling/63bbde32-02d3-4cbb-a94c-c62995d0b759/call-CpgPileup/HG03369.hap1.bed.gz?generation=1777747814011368	3	VCI6qg==	/wlO+Fw6/xg8IU9lOD8TrA==	COij0deim5QDEAM=
HG03369	hap1_bed_index	cpg_hap1_bed_idx	gs://fc-fd42e80c-b41e-4e60-a9cf-b7c0ade168c4/submissions/a1e9b9ce-0d67-4d42-b107-b9821f44dd60/MethylationProfiling/63bbde32-02d3-4cbb-a94c-c62995d0b759/call-CpgPileup/HG03369.hap1.bed.gz.tbi	1777747825801363	1659794	md5_base64	1Qdm8lBm6pou3FbM9dmdTg==	2026-05-02T18:50:25.804Z	2026-06-03T16:00:47.430Z	gs://fc-fd42e80c-b41e-4e60-a9cf-b7c0ade168c4/submissions/a1e9b9ce-0d67-4d42-b107-b9821f44dd60/MethylationProfiling/63bbde32-02d3-4cbb-a94c-c62995d0b759/call-CpgPileup/HG03369.hap1.bed.gz.tbi?generation=1777747825801363	3	xkSsSg==	1Qdm8lBm6pou3FbM9dmdTg==	CJPxoN2im5QDEAM=
HG03369	hap2_bed	cpg_hap2_bed	gs://fc-fd42e80c-b41e-4e60-a9cf-b7c0ade168c4/submissions/a1e9b9ce-0d67-4d42-b107-b9821f44dd60/MethylationProfiling/63bbde32-02d3-4cbb-a94c-c62995d0b759/call-CpgPileup/HG03369.hap2.bed.gz	1777747819875078	300097051	md5_base64	5iS/lX8as2RSxRkkoHgumw==	2026-05-02T18:50:19.880Z	2026-06-03T15:40:02.969Z	gs://fc-fd42e80c-b41e-4e60-a9cf-b7c0ade168c4/submissions/a1e9b9ce-0d67-4d42-b107-b9821f44dd60/MethylationProfiling/63bbde32-02d3-4cbb-a94c-c62995d0b759/call-CpgPileup/HG03369.hap2.bed.gz?generation=1777747819875078	3	rJ5UoQ==	5iS/lX8as2RSxRkkoHgumw==	CIaWt9qim5QDEAM=
HG03369	hap2_bed_index	cpg_hap2_bed_idx	gs://fc-fd42e80c-b41e-4e60-a9cf-b7c0ade168c4/submissions/a1e9b9ce-0d67-4d42-b107-b9821f44dd60/MethylationProfiling/63bbde32-02d3-4cbb-a94c-c62995d0b759/call-CpgPileup/HG03369.hap2.bed.gz.tbi	1777747823728031	1661391	md5_base64	01BDxXxriTN9xd4xU2e7fA==	2026-05-02T18:50:23.732Z	2026-06-03T15:52:36.850Z	gs://fc-fd42e80c-b41e-4e60-a9cf-b7c0ade168c4/submissions/a1e9b9ce-0d67-4d42-b107-b9821f44dd60/MethylationProfiling/63bbde32-02d3-4cbb-a94c-c62995d0b759/call-CpgPileup/HG03369.hap2.bed.gz.tbi?generation=1777747823728031	3	vuH/4Q==	01BDxXxriTN9xd4xU2e7fA==	CJ+rotyim5QDEAM=
HG03453	combined_bed	cpg_combined_bed	gs://fc-fd42e80c-b41e-4e60-a9cf-b7c0ade168c4/submissions/f0ab26b0-d66f-45be-8322-24218670bc4d/MethylationProfiling/4ba02899-2a3b-4edc-b0ef-5e1f98edba7a/call-CpgPileup/attempt-2/HG03453.combined.bed.gz	1783885847127298	339526168	md5_base64	FRY+QFtDtqU/GM83361LTA==	2026-07-12T19:50:47.133Z	2026-07-12T19:50:47.133Z	gs://fc-fd42e80c-b41e-4e60-a9cf-b7c0ade168c4/submissions/f0ab26b0-d66f-45be-8322-24218670bc4d/MethylationProfiling/4ba02899-2a3b-4edc-b0ef-5e1f98edba7a/call-CpgPileup/attempt-2/HG03453.combined.bed.gz?generation=1783885847127298	1	1wkTLA==	FRY+QFtDtqU/GM83361LTA==	CILK89H0zZUDEAE=
HG03453	combined_bed_index	independently_verified_combined_bed_index	gs://fc-fd42e80c-b41e-4e60-a9cf-b7c0ade168c4/submissions/f0ab26b0-d66f-45be-8322-24218670bc4d/MethylationProfiling/4ba02899-2a3b-4edc-b0ef-5e1f98edba7a/call-CpgPileup/attempt-2/HG03453.combined.bed.gz.tbi	1783885884422869	1683446	md5_base64	YXsausz9SFg7UWVf4xurHQ==	2026-07-12T19:51:24.426Z	2026-07-12T19:51:24.426Z	gs://fc-fd42e80c-b41e-4e60-a9cf-b7c0ade168c4/submissions/f0ab26b0-d66f-45be-8322-24218670bc4d/MethylationProfiling/4ba02899-2a3b-4edc-b0ef-5e1f98edba7a/call-CpgPileup/attempt-2/HG03453.combined.bed.gz.tbi?generation=1783885884422869	1	XEvtKA==	YXsausz9SFg7UWVf4xurHQ==	CNX11+P0zZUDEAE=
HG03453	hap1_bed	cpg_hap1_bed	gs://fc-fd42e80c-b41e-4e60-a9cf-b7c0ade168c4/submissions/f0ab26b0-d66f-45be-8322-24218670bc4d/MethylationProfiling/4ba02899-2a3b-4edc-b0ef-5e1f98edba7a/call-CpgPileup/attempt-2/HG03453.hap1.bed.gz	1783885882594515	303410164	md5_base64	KyBYWf0hKXdxJgMmYYL/Bw==	2026-07-12T19:51:22.598Z	2026-07-12T19:51:22.598Z	gs://fc-fd42e80c-b41e-4e60-a9cf-b7c0ade168c4/submissions/f0ab26b0-d66f-45be-8322-24218670bc4d/MethylationProfiling/4ba02899-2a3b-4edc-b0ef-5e1f98edba7a/call-CpgPileup/attempt-2/HG03453.hap1.bed.gz?generation=1783885882594515	1	JFW4JA==	KyBYWf0hKXdxJgMmYYL/Bw==	CNOp6OL0zZUDEAE=
HG03453	hap1_bed_index	cpg_hap1_bed_idx	gs://fc-fd42e80c-b41e-4e60-a9cf-b7c0ade168c4/submissions/f0ab26b0-d66f-45be-8322-24218670bc4d/MethylationProfiling/4ba02899-2a3b-4edc-b0ef-5e1f98edba7a/call-CpgPileup/attempt-2/HG03453.hap1.bed.gz.tbi	1783885838129526	1655948	md5_base64	OqQn3Yym5NPeH9440oacnw==	2026-07-12T19:50:38.133Z	2026-07-12T19:50:38.133Z	gs://fc-fd42e80c-b41e-4e60-a9cf-b7c0ade168c4/submissions/f0ab26b0-d66f-45be-8322-24218670bc4d/MethylationProfiling/4ba02899-2a3b-4edc-b0ef-5e1f98edba7a/call-CpgPileup/attempt-2/HG03453.hap1.bed.gz.tbi?generation=1783885838129526	1	TgiFSQ==	OqQn3Yym5NPeH9440oacnw==	CPayzs30zZUDEAE=
HG03453	hap2_bed	cpg_hap2_bed	gs://fc-fd42e80c-b41e-4e60-a9cf-b7c0ade168c4/submissions/f0ab26b0-d66f-45be-8322-24218670bc4d/MethylationProfiling/4ba02899-2a3b-4edc-b0ef-5e1f98edba7a/call-CpgPileup/attempt-2/HG03453.hap2.bed.gz	1783885865911578	303460223	md5_base64	f3TwIh5voyxkaruFlcHshA==	2026-07-12T19:51:05.916Z	2026-07-12T19:51:05.916Z	gs://fc-fd42e80c-b41e-4e60-a9cf-b7c0ade168c4/submissions/f0ab26b0-d66f-45be-8322-24218670bc4d/MethylationProfiling/4ba02899-2a3b-4edc-b0ef-5e1f98edba7a/call-CpgPileup/attempt-2/HG03453.hap2.bed.gz?generation=1783885865911578	1	2lwxCw==	f3TwIh5voyxkaruFlcHshA==	CJqK7tr0zZUDEAE=
HG03453	hap2_bed_index	cpg_hap2_bed_idx	gs://fc-fd42e80c-b41e-4e60-a9cf-b7c0ade168c4/submissions/f0ab26b0-d66f-45be-8322-24218670bc4d/MethylationProfiling/4ba02899-2a3b-4edc-b0ef-5e1f98edba7a/call-CpgPileup/attempt-2/HG03453.hap2.bed.gz.tbi	1783885886229550	1657254	md5_base64	6zxdxxuz5JMu04MHGD9lnA==	2026-07-12T19:51:26.233Z	2026-07-12T19:51:26.233Z	gs://fc-fd42e80c-b41e-4e60-a9cf-b7c0ade168c4/submissions/f0ab26b0-d66f-45be-8322-24218670bc4d/MethylationProfiling/4ba02899-2a3b-4edc-b0ef-5e1f98edba7a/call-CpgPileup/attempt-2/HG03453.hap2.bed.gz.tbi?generation=1783885886229550	1	NjhjGQ==	6zxdxxuz5JMu04MHGD9lnA==	CK6YxuT0zZUDEAE=
HG03470	combined_bed	cpg_combined_bed	gs://fc-fd42e80c-b41e-4e60-a9cf-b7c0ade168c4/submissions/a1e9b9ce-0d67-4d42-b107-b9821f44dd60/MethylationProfiling/41313a23-9da8-4465-85b5-81b7a36d6d72/call-CpgPileup/HG03470.combined.bed.gz	1777750773998721	338027117	md5_base64	lLqSWUrlL6iGlCrWTJlRkA==	2026-05-02T19:39:34.003Z	2026-06-02T20:19:18.677Z	gs://fc-fd42e80c-b41e-4e60-a9cf-b7c0ade168c4/submissions/a1e9b9ce-0d67-4d42-b107-b9821f44dd60/MethylationProfiling/41313a23-9da8-4465-85b5-81b7a36d6d72/call-CpgPileup/HG03470.combined.bed.gz?generation=1777750773998721	2	x0DYLw==	lLqSWUrlL6iGlCrWTJlRkA==	CIHJiNutm5QDEAI=
HG03470	combined_bed_index	independently_verified_combined_bed_index	gs://fc-fd42e80c-b41e-4e60-a9cf-b7c0ade168c4/submissions/a1e9b9ce-0d67-4d42-b107-b9821f44dd60/MethylationProfiling/41313a23-9da8-4465-85b5-81b7a36d6d72/call-CpgPileup/HG03470.combined.bed.gz.tbi	1777750777747385	1684867	md5_base64	vrco2+7Kfdsx2O0EjGG9KQ==	2026-05-02T19:39:37.751Z	2026-06-03T15:51:09.121Z	gs://fc-fd42e80c-b41e-4e60-a9cf-b7c0ade168c4/submissions/a1e9b9ce-0d67-4d42-b107-b9821f44dd60/MethylationProfiling/41313a23-9da8-4465-85b5-81b7a36d6d72/call-CpgPileup/HG03470.combined.bed.gz.tbi?generation=1777750777747385	3	tVod4w==	vrco2+7Kfdsx2O0EjGG9KQ==	CLmv7dytm5QDEAM=
HG03470	hap1_bed	cpg_hap1_bed	gs://fc-fd42e80c-b41e-4e60-a9cf-b7c0ade168c4/submissions/a1e9b9ce-0d67-4d42-b107-b9821f44dd60/MethylationProfiling/41313a23-9da8-4465-85b5-81b7a36d6d72/call-CpgPileup/HG03470.hap1.bed.gz	1777750758331420	304488839	md5_base64	gouB0OBbdLRTnhMNRWapmw==	2026-05-02T19:39:18.335Z	2026-06-02T20:19:18.677Z	gs://fc-fd42e80c-b41e-4e60-a9cf-b7c0ade168c4/submissions/a1e9b9ce-0d67-4d42-b107-b9821f44dd60/MethylationProfiling/41313a23-9da8-4465-85b5-81b7a36d6d72/call-CpgPileup/HG03470.hap1.bed.gz?generation=1777750758331420	2	RX1F6Q==	gouB0OBbdLRTnhMNRWapmw==	CJyozNOtm5QDEAI=
HG03470	hap1_bed_index	cpg_hap1_bed_idx	gs://fc-fd42e80c-b41e-4e60-a9cf-b7c0ade168c4/submissions/a1e9b9ce-0d67-4d42-b107-b9821f44dd60/MethylationProfiling/41313a23-9da8-4465-85b5-81b7a36d6d72/call-CpgPileup/HG03470.hap1.bed.gz.tbi	1777750766856303	1668800	md5_base64	JbxU8qWmq/nbHpfq+8QlZw==	2026-05-02T19:39:26.859Z	2026-06-03T15:52:07.004Z	gs://fc-fd42e80c-b41e-4e60-a9cf-b7c0ade168c4/submissions/a1e9b9ce-0d67-4d42-b107-b9821f44dd60/MethylationProfiling/41313a23-9da8-4465-85b5-81b7a36d6d72/call-CpgPileup/HG03470.hap1.bed.gz.tbi?generation=1777750766856303	3	jFvVTA==	JbxU8qWmq/nbHpfq+8QlZw==	CO/Q1Netm5QDEAM=
HG03470	hap2_bed	cpg_hap2_bed	gs://fc-fd42e80c-b41e-4e60-a9cf-b7c0ade168c4/submissions/a1e9b9ce-0d67-4d42-b107-b9821f44dd60/MethylationProfiling/41313a23-9da8-4465-85b5-81b7a36d6d72/call-CpgPileup/HG03470.hap2.bed.gz	1777750764974742	304692574	md5_base64	pdE1lT0dDNTeaK3dwsQgVg==	2026-05-02T19:39:24.979Z	2026-06-03T15:00:00.403Z	gs://fc-fd42e80c-b41e-4e60-a9cf-b7c0ade168c4/submissions/a1e9b9ce-0d67-4d42-b107-b9821f44dd60/MethylationProfiling/41313a23-9da8-4465-85b5-81b7a36d6d72/call-CpgPileup/HG03470.hap2.bed.gz?generation=1777750764974742	3	oFpsTw==	pdE1lT0dDNTeaK3dwsQgVg==	CJbl4datm5QDEAM=
HG03470	hap2_bed_index	cpg_hap2_bed_idx	gs://fc-fd42e80c-b41e-4e60-a9cf-b7c0ade168c4/submissions/a1e9b9ce-0d67-4d42-b107-b9821f44dd60/MethylationProfiling/41313a23-9da8-4465-85b5-81b7a36d6d72/call-CpgPileup/HG03470.hap2.bed.gz.tbi	1777750775891924	1669020	md5_base64	aQS5T84CkU/wLAxxnPuCKQ==	2026-05-02T19:39:35.895Z	2026-06-03T16:01:59.033Z	gs://fc-fd42e80c-b41e-4e60-a9cf-b7c0ade168c4/submissions/a1e9b9ce-0d67-4d42-b107-b9821f44dd60/MethylationProfiling/41313a23-9da8-4465-85b5-81b7a36d6d72/call-CpgPileup/HG03470.hap2.bed.gz.tbi?generation=1777750775891924	3	sG7bZg==	aQS5T84CkU/wLAxxnPuCKQ==	CNSP/Nutm5QDEAM=
HG03471	combined_bed	cpg_combined_bed	gs://fc-fd42e80c-b41e-4e60-a9cf-b7c0ade168c4/submissions/f0ab26b0-d66f-45be-8322-24218670bc4d/MethylationProfiling/648752cf-85ec-49ef-b4c5-09d8e7c6b8e4/call-CpgPileup/HG03471.combined.bed.gz	1783876212961187	341118151	md5_base64	V6FlBs9nAbQsrKtK6zQKZA==	2026-07-12T17:10:12.966Z	2026-07-12T17:10:12.966Z	gs://fc-fd42e80c-b41e-4e60-a9cf-b7c0ade168c4/submissions/f0ab26b0-d66f-45be-8322-24218670bc4d/MethylationProfiling/648752cf-85ec-49ef-b4c5-09d8e7c6b8e4/call-CpgPileup/HG03471.combined.bed.gz?generation=1783876212961187	1	ExI9/Q==	V6FlBs9nAbQsrKtK6zQKZA==	CKPf/N/QzZUDEAE=
HG03471	combined_bed_index	independently_verified_combined_bed_index	gs://fc-fd42e80c-b41e-4e60-a9cf-b7c0ade168c4/submissions/f0ab26b0-d66f-45be-8322-24218670bc4d/MethylationProfiling/648752cf-85ec-49ef-b4c5-09d8e7c6b8e4/call-CpgPileup/HG03471.combined.bed.gz.tbi	1783876228093802	1693079	md5_base64	yMu8HXktkSRzpPojYO+JqQ==	2026-07-12T17:10:28.098Z	2026-07-12T17:10:28.098Z	gs://fc-fd42e80c-b41e-4e60-a9cf-b7c0ade168c4/submissions/f0ab26b0-d66f-45be-8322-24218670bc4d/MethylationProfiling/648752cf-85ec-49ef-b4c5-09d8e7c6b8e4/call-CpgPileup/HG03471.combined.bed.gz.tbi?generation=1783876228093802	1	ID4QLw==	yMu8HXktkSRzpPojYO+JqQ==	COqumOfQzZUDEAE=
HG03471	hap1_bed	cpg_hap1_bed	gs://fc-fd42e80c-b41e-4e60-a9cf-b7c0ade168c4/submissions/f0ab26b0-d66f-45be-8322-24218670bc4d/MethylationProfiling/648752cf-85ec-49ef-b4c5-09d8e7c6b8e4/call-CpgPileup/HG03471.hap1.bed.gz	1783876224207119	291953095	md5_base64	xNyUzfgZwTCoW4MllpTSpQ==	2026-07-12T17:10:24.217Z	2026-07-12T17:10:24.217Z	gs://fc-fd42e80c-b41e-4e60-a9cf-b7c0ade168c4/submissions/f0ab26b0-d66f-45be-8322-24218670bc4d/MethylationProfiling/648752cf-85ec-49ef-b4c5-09d8e7c6b8e4/call-CpgPileup/HG03471.hap1.bed.gz?generation=1783876224207119	1	Q9GMmg==	xNyUzfgZwTCoW4MllpTSpQ==	CI+Sq+XQzZUDEAE=
HG03471	hap1_bed_index	cpg_hap1_bed_idx	gs://fc-fd42e80c-b41e-4e60-a9cf-b7c0ade168c4/submissions/f0ab26b0-d66f-45be-8322-24218670bc4d/MethylationProfiling/648752cf-85ec-49ef-b4c5-09d8e7c6b8e4/call-CpgPileup/HG03471.hap1.bed.gz.tbi	1783876226158407	1572697	md5_base64	/AJd8oEeyxNhoblGP97OeA==	2026-07-12T17:10:26.162Z	2026-07-12T17:10:26.162Z	gs://fc-fd42e80c-b41e-4e60-a9cf-b7c0ade168c4/submissions/f0ab26b0-d66f-45be-8322-24218670bc4d/MethylationProfiling/648752cf-85ec-49ef-b4c5-09d8e7c6b8e4/call-CpgPileup/HG03471.hap1.bed.gz.tbi?generation=1783876226158407	1	9wy4Uw==	/AJd8oEeyxNhoblGP97OeA==	CMeeoubQzZUDEAE=
HG03471	hap2_bed	cpg_hap2_bed	gs://fc-fd42e80c-b41e-4e60-a9cf-b7c0ade168c4/submissions/f0ab26b0-d66f-45be-8322-24218670bc4d/MethylationProfiling/648752cf-85ec-49ef-b4c5-09d8e7c6b8e4/call-CpgPileup/HG03471.hap2.bed.gz	1783876207701926	291669405	md5_base64	CVzcdsR/JNe3hedXG6l6FQ==	2026-07-12T17:10:07.705Z	2026-07-12T17:10:07.705Z	gs://fc-fd42e80c-b41e-4e60-a9cf-b7c0ade168c4/submissions/f0ab26b0-d66f-45be-8322-24218670bc4d/MethylationProfiling/648752cf-85ec-49ef-b4c5-09d8e7c6b8e4/call-CpgPileup/HG03471.hap2.bed.gz?generation=1783876207701926	1	AbIcHw==	CVzcdsR/JNe3hedXG6l6FQ==	CKbfu93QzZUDEAE=
HG03471	hap2_bed_index	cpg_hap2_bed_idx	gs://fc-fd42e80c-b41e-4e60-a9cf-b7c0ade168c4/submissions/f0ab26b0-d66f-45be-8322-24218670bc4d/MethylationProfiling/648752cf-85ec-49ef-b4c5-09d8e7c6b8e4/call-CpgPileup/HG03471.hap2.bed.gz.tbi	1783876194152786	1572307	md5_base64	0VXj6RhqkzH+fl8Fj0DlkQ==	2026-07-12T17:09:54.157Z	2026-07-12T17:09:54.157Z	gs://fc-fd42e80c-b41e-4e60-a9cf-b7c0ade168c4/submissions/f0ab26b0-d66f-45be-8322-24218670bc4d/MethylationProfiling/648752cf-85ec-49ef-b4c5-09d8e7c6b8e4/call-CpgPileup/HG03471.hap2.bed.gz.tbi?generation=1783876194152786	1	sU8yfw==	0VXj6RhqkzH+fl8Fj0DlkQ==	CNLigNfQzZUDEAE=
HG03486	combined_bed	cpg_combined_bed	gs://fc-fd42e80c-b41e-4e60-a9cf-b7c0ade168c4/submissions/f0ab26b0-d66f-45be-8322-24218670bc4d/MethylationProfiling/8060d3a6-1d35-44b4-b838-cb3250b7dda1/call-CpgPileup/HG03486.combined.bed.gz	1783874305838616	332741094	md5_base64	7tn52egOuBBObD6+VYHMWQ==	2026-07-12T16:38:25.842Z	2026-07-12T16:38:25.842Z	gs://fc-fd42e80c-b41e-4e60-a9cf-b7c0ade168c4/submissions/f0ab26b0-d66f-45be-8322-24218670bc4d/MethylationProfiling/8060d3a6-1d35-44b4-b838-cb3250b7dda1/call-CpgPileup/HG03486.combined.bed.gz?generation=1783874305838616	1	98YqCA==	7tn52egOuBBObD6+VYHMWQ==	CJicy9LJzZUDEAE=
HG03486	combined_bed_index	independently_verified_combined_bed_index	gs://fc-fd42e80c-b41e-4e60-a9cf-b7c0ade168c4/submissions/f0ab26b0-d66f-45be-8322-24218670bc4d/MethylationProfiling/8060d3a6-1d35-44b4-b838-cb3250b7dda1/call-CpgPileup/HG03486.combined.bed.gz.tbi	1783874297639087	1682288	md5_base64	7Tl9NgqbXZSuTZqhsnH3LQ==	2026-07-12T16:38:17.643Z	2026-07-12T16:38:17.643Z	gs://fc-fd42e80c-b41e-4e60-a9cf-b7c0ade168c4/submissions/f0ab26b0-d66f-45be-8322-24218670bc4d/MethylationProfiling/8060d3a6-1d35-44b4-b838-cb3250b7dda1/call-CpgPileup/HG03486.combined.bed.gz.tbi?generation=1783874297639087	1	wtfl4A==	7Tl9NgqbXZSuTZqhsnH3LQ==	CK/h1s7JzZUDEAE=
HG03486	hap1_bed	cpg_hap1_bed	gs://fc-fd42e80c-b41e-4e60-a9cf-b7c0ade168c4/submissions/f0ab26b0-d66f-45be-8322-24218670bc4d/MethylationProfiling/8060d3a6-1d35-44b4-b838-cb3250b7dda1/call-CpgPileup/HG03486.hap1.bed.gz	1783874295662342	294644513	md5_base64	CGkpDTqjHolD3FFTiQ9BeQ==	2026-07-12T16:38:15.667Z	2026-07-12T16:38:15.667Z	gs://fc-fd42e80c-b41e-4e60-a9cf-b7c0ade168c4/submissions/f0ab26b0-d66f-45be-8322-24218670bc4d/MethylationProfiling/8060d3a6-1d35-44b4-b838-cb3250b7dda1/call-CpgPileup/HG03486.hap1.bed.gz?generation=1783874295662342	1	62S6OQ==	CGkpDTqjHolD3FFTiQ9BeQ==	CIaO3s3JzZUDEAE=
HG03486	hap1_bed_index	cpg_hap1_bed_idx	gs://fc-fd42e80c-b41e-4e60-a9cf-b7c0ade168c4/submissions/f0ab26b0-d66f-45be-8322-24218670bc4d/MethylationProfiling/8060d3a6-1d35-44b4-b838-cb3250b7dda1/call-CpgPileup/HG03486.hap1.bed.gz.tbi	1783874322325644	1651523	md5_base64	8r7TEDxYO8RKzk27ID8mUQ==	2026-07-12T16:38:42.328Z	2026-07-12T16:38:42.328Z	gs://fc-fd42e80c-b41e-4e60-a9cf-b7c0ade168c4/submissions/f0ab26b0-d66f-45be-8322-24218670bc4d/MethylationProfiling/8060d3a6-1d35-44b4-b838-cb3250b7dda1/call-CpgPileup/HG03486.hap1.bed.gz.tbi?generation=1783874322325644	1	1XhACg==	8r7TEDxYO8RKzk27ID8mUQ==	CIzBudrJzZUDEAE=
HG03486	hap2_bed	cpg_hap2_bed	gs://fc-fd42e80c-b41e-4e60-a9cf-b7c0ade168c4/submissions/f0ab26b0-d66f-45be-8322-24218670bc4d/MethylationProfiling/8060d3a6-1d35-44b4-b838-cb3250b7dda1/call-CpgPileup/HG03486.hap2.bed.gz	1783874320303373	294798003	md5_base64	0a9E4whcfh+pX+NFQirCIQ==	2026-07-12T16:38:40.307Z	2026-07-12T16:38:40.307Z	gs://fc-fd42e80c-b41e-4e60-a9cf-b7c0ade168c4/submissions/f0ab26b0-d66f-45be-8322-24218670bc4d/MethylationProfiling/8060d3a6-1d35-44b4-b838-cb3250b7dda1/call-CpgPileup/HG03486.hap2.bed.gz?generation=1783874320303373	1	I7yFpA==	0a9E4whcfh+pX+NFQirCIQ==	CI2KvtnJzZUDEAE=
HG03486	hap2_bed_index	cpg_hap2_bed_idx	gs://fc-fd42e80c-b41e-4e60-a9cf-b7c0ade168c4/submissions/f0ab26b0-d66f-45be-8322-24218670bc4d/MethylationProfiling/8060d3a6-1d35-44b4-b838-cb3250b7dda1/call-CpgPileup/HG03486.hap2.bed.gz.tbi	1783874324349574	1652391	md5_base64	Un85tP5+9hsfuR6fNB0SJg==	2026-07-12T16:38:44.353Z	2026-07-12T16:38:44.353Z	gs://fc-fd42e80c-b41e-4e60-a9cf-b7c0ade168c4/submissions/f0ab26b0-d66f-45be-8322-24218670bc4d/MethylationProfiling/8060d3a6-1d35-44b4-b838-cb3250b7dda1/call-CpgPileup/HG03486.hap2.bed.gz.tbi?generation=1783874324349574	1	WFr8NA==	Un85tP5+9hsfuR6fNB0SJg==	CIaFtdvJzZUDEAE=
HG03516	combined_bed	cpg_combined_bed	gs://fc-fd42e80c-b41e-4e60-a9cf-b7c0ade168c4/submissions/a1e9b9ce-0d67-4d42-b107-b9821f44dd60/MethylationProfiling/19106b8d-827d-4eae-846c-1ac1885366c6/call-CpgPileup/HG03516.combined.bed.gz	1777750237593346	302534552	md5_base64	Is04MPWfAC+qsQheywn6DQ==	2026-05-02T19:30:37.605Z	2026-06-03T15:15:05.080Z	gs://fc-fd42e80c-b41e-4e60-a9cf-b7c0ade168c4/submissions/a1e9b9ce-0d67-4d42-b107-b9821f44dd60/MethylationProfiling/19106b8d-827d-4eae-846c-1ac1885366c6/call-CpgPileup/HG03516.combined.bed.gz?generation=1777750237593346	3	tnlBAw==	Is04MPWfAC+qsQheywn6DQ==	CIL+pNurm5QDEAM=
HG03516	combined_bed_index	independently_verified_combined_bed_index	gs://fc-fd42e80c-b41e-4e60-a9cf-b7c0ade168c4/submissions/a1e9b9ce-0d67-4d42-b107-b9821f44dd60/MethylationProfiling/19106b8d-827d-4eae-846c-1ac1885366c6/call-CpgPileup/HG03516.combined.bed.gz.tbi	1777750230646729	1677794	md5_base64	rjmtpRNTzgvQ9EhLWA0V4Q==	2026-05-02T19:30:30.650Z	2026-06-03T15:18:04.278Z	gs://fc-fd42e80c-b41e-4e60-a9cf-b7c0ade168c4/submissions/a1e9b9ce-0d67-4d42-b107-b9821f44dd60/MethylationProfiling/19106b8d-827d-4eae-846c-1ac1885366c6/call-CpgPileup/HG03516.combined.bed.gz.tbi?generation=1777750230646729	3	Dd6Rww==	rjmtpRNTzgvQ9EhLWA0V4Q==	CMn//Nerm5QDEAM=
HG03516	hap1_bed	cpg_hap1_bed	gs://fc-fd42e80c-b41e-4e60-a9cf-b7c0ade168c4/submissions/a1e9b9ce-0d67-4d42-b107-b9821f44dd60/MethylationProfiling/19106b8d-827d-4eae-846c-1ac1885366c6/call-CpgPileup/HG03516.hap1.bed.gz	1777750254913878	266319903	md5_base64	/6yc3JdBl//oYnPTsBXl0w==	2026-05-02T19:30:54.920Z	2026-06-03T14:47:57.279Z	gs://fc-fd42e80c-b41e-4e60-a9cf-b7c0ade168c4/submissions/a1e9b9ce-0d67-4d42-b107-b9821f44dd60/MethylationProfiling/19106b8d-827d-4eae-846c-1ac1885366c6/call-CpgPileup/HG03516.hap1.bed.gz?generation=1777750254913878	3	Ti04/w==	/6yc3JdBl//oYnPTsBXl0w==	CNaSxuOrm5QDEAM=
HG03516	hap1_bed_index	cpg_hap1_bed_idx	gs://fc-fd42e80c-b41e-4e60-a9cf-b7c0ade168c4/submissions/a1e9b9ce-0d67-4d42-b107-b9821f44dd60/MethylationProfiling/19106b8d-827d-4eae-846c-1ac1885366c6/call-CpgPileup/HG03516.hap1.bed.gz.tbi	1777750239459344	1641318	md5_base64	pi75STBx+wqIG9s+okCIbA==	2026-05-02T19:30:39.466Z	2026-06-03T15:01:56.290Z	gs://fc-fd42e80c-b41e-4e60-a9cf-b7c0ade168c4/submissions/a1e9b9ce-0d67-4d42-b107-b9821f44dd60/MethylationProfiling/19106b8d-827d-4eae-846c-1ac1885366c6/call-CpgPileup/HG03516.hap1.bed.gz.tbi?generation=1777750239459344	3	6ltdaw==	pi75STBx+wqIG9s+okCIbA==	CJDwltyrm5QDEAM=
HG03516	hap2_bed	cpg_hap2_bed	gs://fc-fd42e80c-b41e-4e60-a9cf-b7c0ade168c4/submissions/a1e9b9ce-0d67-4d42-b107-b9821f44dd60/MethylationProfiling/19106b8d-827d-4eae-846c-1ac1885366c6/call-CpgPileup/HG03516.hap2.bed.gz	1777750246631930	266252907	md5_base64	NiJdZJL0JNMqIt0/wGl1HA==	2026-05-02T19:30:46.636Z	2026-06-03T14:51:57.528Z	gs://fc-fd42e80c-b41e-4e60-a9cf-b7c0ade168c4/submissions/a1e9b9ce-0d67-4d42-b107-b9821f44dd60/MethylationProfiling/19106b8d-827d-4eae-846c-1ac1885366c6/call-CpgPileup/HG03516.hap2.bed.gz?generation=1777750246631930	3	PSrRWQ==	NiJdZJL0JNMqIt0/wGl1HA==	CPrTzN+rm5QDEAM=
HG03516	hap2_bed_index	cpg_hap2_bed_idx	gs://fc-fd42e80c-b41e-4e60-a9cf-b7c0ade168c4/submissions/a1e9b9ce-0d67-4d42-b107-b9821f44dd60/MethylationProfiling/19106b8d-827d-4eae-846c-1ac1885366c6/call-CpgPileup/HG03516.hap2.bed.gz.tbi	1777750248704365	1641006	md5_base64	LK9BjkBJOX3MSBo2ldeL9A==	2026-05-02T19:30:48.708Z	2026-06-02T20:14:11.175Z	gs://fc-fd42e80c-b41e-4e60-a9cf-b7c0ade168c4/submissions/a1e9b9ce-0d67-4d42-b107-b9821f44dd60/MethylationProfiling/19106b8d-827d-4eae-846c-1ac1885366c6/call-CpgPileup/HG03516.hap2.bed.gz.tbi?generation=1777750248704365	2	JuSSjQ==	LK9BjkBJOX3MSBo2ldeL9A==	CO2Sy+Crm5QDEAI=
HG03521	combined_bed	cpg_combined_bed	gs://fc-fd42e80c-b41e-4e60-a9cf-b7c0ade168c4/submissions/a1e9b9ce-0d67-4d42-b107-b9821f44dd60/MethylationProfiling/50a4383d-3b62-433e-87f3-c5bf39f1687a/call-CpgPileup/HG03521.combined.bed.gz	1777748815625356	342942975	md5_base64	9ORWIEhQiJyu/0lcm/CB0Q==	2026-05-02T19:06:55.629Z	2026-06-03T15:36:48.735Z	gs://fc-fd42e80c-b41e-4e60-a9cf-b7c0ade168c4/submissions/a1e9b9ce-0d67-4d42-b107-b9821f44dd60/MethylationProfiling/50a4383d-3b62-433e-87f3-c5bf39f1687a/call-CpgPileup/HG03521.combined.bed.gz?generation=1777748815625356	3	ANqf0w==	9ORWIEhQiJyu/0lcm/CB0Q==	CIz5nrWmm5QDEAM=
HG03521	combined_bed_index	independently_verified_combined_bed_index	gs://fc-fd42e80c-b41e-4e60-a9cf-b7c0ade168c4/submissions/a1e9b9ce-0d67-4d42-b107-b9821f44dd60/MethylationProfiling/50a4383d-3b62-433e-87f3-c5bf39f1687a/call-CpgPileup/HG03521.combined.bed.gz.tbi	1777748805189767	1693767	md5_base64	ExPkOdLmBw9XAT4HWvorWA==	2026-05-02T19:06:45.194Z	2026-06-02T20:06:29.100Z	gs://fc-fd42e80c-b41e-4e60-a9cf-b7c0ade168c4/submissions/a1e9b9ce-0d67-4d42-b107-b9821f44dd60/MethylationProfiling/50a4383d-3b62-433e-87f3-c5bf39f1687a/call-CpgPileup/HG03521.combined.bed.gz.tbi?generation=1777748805189767	2	2nL85g==	ExPkOdLmBw9XAT4HWvorWA==	CIeBorCmm5QDEAI=
HG03521	hap1_bed	cpg_hap1_bed	gs://fc-fd42e80c-b41e-4e60-a9cf-b7c0ade168c4/submissions/a1e9b9ce-0d67-4d42-b107-b9821f44dd60/MethylationProfiling/50a4383d-3b62-433e-87f3-c5bf39f1687a/call-CpgPileup/HG03521.hap1.bed.gz	1777748800839870	293115184	md5_base64	3vDkPVBJUN1zq39w0A0Tkw==	2026-05-02T19:06:40.844Z	2026-06-03T16:04:41.732Z	gs://fc-fd42e80c-b41e-4e60-a9cf-b7c0ade168c4/submissions/a1e9b9ce-0d67-4d42-b107-b9821f44dd60/MethylationProfiling/50a4383d-3b62-433e-87f3-c5bf39f1687a/call-CpgPileup/HG03521.hap1.bed.gz?generation=1777748800839870	3	8lzIMg==	3vDkPVBJUN1zq39w0A0Tkw==	CL7BmK6mm5QDEAM=
HG03521	hap1_bed_index	cpg_hap1_bed_idx	gs://fc-fd42e80c-b41e-4e60-a9cf-b7c0ade168c4/submissions/a1e9b9ce-0d67-4d42-b107-b9821f44dd60/MethylationProfiling/50a4383d-3b62-433e-87f3-c5bf39f1687a/call-CpgPileup/HG03521.hap1.bed.gz.tbi	1777748803153344	1572360	md5_base64	XMIOKg4P7enXJCaS1pkAdA==	2026-05-02T19:06:43.158Z	2026-06-03T15:19:57.306Z	gs://fc-fd42e80c-b41e-4e60-a9cf-b7c0ade168c4/submissions/a1e9b9ce-0d67-4d42-b107-b9821f44dd60/MethylationProfiling/50a4383d-3b62-433e-87f3-c5bf39f1687a/call-CpgPileup/HG03521.hap1.bed.gz.tbi?generation=1777748803153344	3	eoOhZw==	XMIOKg4P7enXJCaS1pkAdA==	CMDbpa+mm5QDEAM=
HG03521	hap2_bed	cpg_hap2_bed	gs://fc-fd42e80c-b41e-4e60-a9cf-b7c0ade168c4/submissions/a1e9b9ce-0d67-4d42-b107-b9821f44dd60/MethylationProfiling/50a4383d-3b62-433e-87f3-c5bf39f1687a/call-CpgPileup/HG03521.hap2.bed.gz	1777748793984188	292792178	md5_base64	Ky5uUXbK/8MMhabHlCHJ0w==	2026-05-02T19:06:33.988Z	2026-06-02T20:25:36.428Z	gs://fc-fd42e80c-b41e-4e60-a9cf-b7c0ade168c4/submissions/a1e9b9ce-0d67-4d42-b107-b9821f44dd60/MethylationProfiling/50a4383d-3b62-433e-87f3-c5bf39f1687a/call-CpgPileup/HG03521.hap2.bed.gz?generation=1777748793984188	2	U9uKpA==	Ky5uUXbK/8MMhabHlCHJ0w==	CLyJ9qqmm5QDEAI=
HG03521	hap2_bed_index	cpg_hap2_bed_idx	gs://fc-fd42e80c-b41e-4e60-a9cf-b7c0ade168c4/submissions/a1e9b9ce-0d67-4d42-b107-b9821f44dd60/MethylationProfiling/50a4383d-3b62-433e-87f3-c5bf39f1687a/call-CpgPileup/HG03521.hap2.bed.gz.tbi	1777748807295744	1572076	md5_base64	RC06Et1PbkaTb0um0hvFOg==	2026-05-02T19:06:47.299Z	2026-06-03T15:34:38.975Z	gs://fc-fd42e80c-b41e-4e60-a9cf-b7c0ade168c4/submissions/a1e9b9ce-0d67-4d42-b107-b9821f44dd60/MethylationProfiling/50a4383d-3b62-433e-87f3-c5bf39f1687a/call-CpgPileup/HG03521.hap2.bed.gz.tbi?generation=1777748807295744	3	mDd2SQ==	RC06Et1PbkaTb0um0hvFOg==	CIDGorGmm5QDEAM=
HG03540	combined_bed	cpg_combined_bed	gs://fc-fd42e80c-b41e-4e60-a9cf-b7c0ade168c4/submissions/f0ab26b0-d66f-45be-8322-24218670bc4d/MethylationProfiling/0de49fbe-5126-4a40-8b87-de82a46d50cc/call-CpgPileup/HG03540.combined.bed.gz	1783876485524853	337025916	md5_base64	dqQ0AkrtsFse5y8OcPQkIQ==	2026-07-12T17:14:45.527Z	2026-07-12T17:14:45.527Z	gs://fc-fd42e80c-b41e-4e60-a9cf-b7c0ade168c4/submissions/f0ab26b0-d66f-45be-8322-24218670bc4d/MethylationProfiling/0de49fbe-5126-4a40-8b87-de82a46d50cc/call-CpgPileup/HG03540.combined.bed.gz?generation=1783876485524853	1	nvFZ8A==	dqQ0AkrtsFse5y8OcPQkIQ==	CPXa+OHRzZUDEAE=
HG03540	combined_bed_index	independently_verified_combined_bed_index	gs://fc-fd42e80c-b41e-4e60-a9cf-b7c0ade168c4/submissions/f0ab26b0-d66f-45be-8322-24218670bc4d/MethylationProfiling/0de49fbe-5126-4a40-8b87-de82a46d50cc/call-CpgPileup/HG03540.combined.bed.gz.tbi	1783876468276679	1681904	md5_base64	57Ukgo0idOqcnyCcRqwBzA==	2026-07-12T17:14:28.280Z	2026-07-12T17:14:28.280Z	gs://fc-fd42e80c-b41e-4e60-a9cf-b7c0ade168c4/submissions/f0ab26b0-d66f-45be-8322-24218670bc4d/MethylationProfiling/0de49fbe-5126-4a40-8b87-de82a46d50cc/call-CpgPileup/HG03540.combined.bed.gz.tbi?generation=1783876468276679	1	I9tneQ==	57Ukgo0idOqcnyCcRqwBzA==	CMf729nRzZUDEAE=
HG03540	hap1_bed	cpg_hap1_bed	gs://fc-fd42e80c-b41e-4e60-a9cf-b7c0ade168c4/submissions/f0ab26b0-d66f-45be-8322-24218670bc4d/MethylationProfiling/0de49fbe-5126-4a40-8b87-de82a46d50cc/call-CpgPileup/HG03540.hap1.bed.gz	1783876464047407	297384109	md5_base64	zPOMeeLj8JhLE9Jpawe5PQ==	2026-07-12T17:14:24.052Z	2026-07-12T17:14:24.052Z	gs://fc-fd42e80c-b41e-4e60-a9cf-b7c0ade168c4/submissions/f0ab26b0-d66f-45be-8322-24218670bc4d/MethylationProfiling/0de49fbe-5126-4a40-8b87-de82a46d50cc/call-CpgPileup/HG03540.hap1.bed.gz?generation=1783876464047407	1	5B6+JQ==	zPOMeeLj8JhLE9Jpawe5PQ==	CK/q2dfRzZUDEAE=
HG03540	hap1_bed_index	cpg_hap1_bed_idx	gs://fc-fd42e80c-b41e-4e60-a9cf-b7c0ade168c4/submissions/f0ab26b0-d66f-45be-8322-24218670bc4d/MethylationProfiling/0de49fbe-5126-4a40-8b87-de82a46d50cc/call-CpgPileup/HG03540.hap1.bed.gz.tbi	1783876466100284	1659283	md5_base64	SOFp+w5MXofMmfmt3sX/sw==	2026-07-12T17:14:26.103Z	2026-07-12T17:14:26.103Z	gs://fc-fd42e80c-b41e-4e60-a9cf-b7c0ade168c4/submissions/f0ab26b0-d66f-45be-8322-24218670bc4d/MethylationProfiling/0de49fbe-5126-4a40-8b87-de82a46d50cc/call-CpgPileup/HG03540.hap1.bed.gz.tbi?generation=1783876466100284	1	VRotwQ==	SOFp+w5MXofMmfmt3sX/sw==	CLyQ19jRzZUDEAE=
HG03540	hap2_bed	cpg_hap2_bed	gs://fc-fd42e80c-b41e-4e60-a9cf-b7c0ade168c4/submissions/f0ab26b0-d66f-45be-8322-24218670bc4d/MethylationProfiling/0de49fbe-5126-4a40-8b87-de82a46d50cc/call-CpgPileup/HG03540.hap2.bed.gz	1783876499341328	297159248	md5_base64	eaa/qUGY2k+C3cn8Eeo/fQ==	2026-07-12T17:14:59.345Z	2026-07-12T17:14:59.345Z	gs://fc-fd42e80c-b41e-4e60-a9cf-b7c0ade168c4/submissions/f0ab26b0-d66f-45be-8322-24218670bc4d/MethylationProfiling/0de49fbe-5126-4a40-8b87-de82a46d50cc/call-CpgPileup/HG03540.hap2.bed.gz?generation=1783876499341328	1	tyKSSw==	eaa/qUGY2k+C3cn8Eeo/fQ==	CJCAxOjRzZUDEAE=
HG03540	hap2_bed_index	cpg_hap2_bed_idx	gs://fc-fd42e80c-b41e-4e60-a9cf-b7c0ade168c4/submissions/f0ab26b0-d66f-45be-8322-24218670bc4d/MethylationProfiling/0de49fbe-5126-4a40-8b87-de82a46d50cc/call-CpgPileup/HG03540.hap2.bed.gz.tbi	1783876501425458	1659680	md5_base64	WinGnY9QJjjQmjKVV9iV0w==	2026-07-12T17:15:01.430Z	2026-07-12T17:15:01.430Z	gs://fc-fd42e80c-b41e-4e60-a9cf-b7c0ade168c4/submissions/f0ab26b0-d66f-45be-8322-24218670bc4d/MethylationProfiling/0de49fbe-5126-4a40-8b87-de82a46d50cc/call-CpgPileup/HG03540.hap2.bed.gz.tbi?generation=1783876501425458	1	Omp1Hw==	WinGnY9QJjjQmjKVV9iV0w==	CLKaw+nRzZUDEAE=
HG03579	combined_bed	cpg_combined_bed	gs://fc-fd42e80c-b41e-4e60-a9cf-b7c0ade168c4/submissions/f0ab26b0-d66f-45be-8322-24218670bc4d/MethylationProfiling/bde8e153-ac21-4831-9eb7-c28ce4c0e09b/call-CpgPileup/HG03579.combined.bed.gz	1783876009886416	348773288	md5_base64	SXPnEL/FU+8T1a66n2luFA==	2026-07-12T17:06:49.890Z	2026-07-12T17:06:49.890Z	gs://fc-fd42e80c-b41e-4e60-a9cf-b7c0ade168c4/submissions/f0ab26b0-d66f-45be-8322-24218670bc4d/MethylationProfiling/bde8e153-ac21-4831-9eb7-c28ce4c0e09b/call-CpgPileup/HG03579.combined.bed.gz?generation=1783876009886416	1	NOxz+Q==	SXPnEL/FU+8T1a66n2luFA==	CNCFkv/PzZUDEAE=
HG03579	combined_bed_index	independently_verified_combined_bed_index	gs://fc-fd42e80c-b41e-4e60-a9cf-b7c0ade168c4/submissions/f0ab26b0-d66f-45be-8322-24218670bc4d/MethylationProfiling/bde8e153-ac21-4831-9eb7-c28ce4c0e09b/call-CpgPileup/HG03579.combined.bed.gz.tbi	1783876001548150	1695321	md5_base64	VLjwVM/llPYkEborlPPYdg==	2026-07-12T17:06:41.552Z	2026-07-12T17:06:41.552Z	gs://fc-fd42e80c-b41e-4e60-a9cf-b7c0ade168c4/submissions/f0ab26b0-d66f-45be-8322-24218670bc4d/MethylationProfiling/bde8e153-ac21-4831-9eb7-c28ce4c0e09b/call-CpgPileup/HG03579.combined.bed.gz.tbi?generation=1783876001548150	1	2MO3ow==	VLjwVM/llPYkEborlPPYdg==	CPaOlfvPzZUDEAE=
HG03579	hap1_bed	cpg_hap1_bed	gs://fc-fd42e80c-b41e-4e60-a9cf-b7c0ade168c4/submissions/f0ab26b0-d66f-45be-8322-24218670bc4d/MethylationProfiling/bde8e153-ac21-4831-9eb7-c28ce4c0e09b/call-CpgPileup/HG03579.hap1.bed.gz	1783876022753208	299990569	md5_base64	wnhs0GF0cB6NvfV48Fc8kw==	2026-07-12T17:07:02.756Z	2026-07-12T17:07:02.756Z	gs://fc-fd42e80c-b41e-4e60-a9cf-b7c0ade168c4/submissions/f0ab26b0-d66f-45be-8322-24218670bc4d/MethylationProfiling/bde8e153-ac21-4831-9eb7-c28ce4c0e09b/call-CpgPileup/HG03579.hap1.bed.gz?generation=1783876022753208	1	mGQMQQ==	wnhs0GF0cB6NvfV48Fc8kw==	CLivo4XQzZUDEAE=
HG03579	hap1_bed_index	cpg_hap1_bed_idx	gs://fc-fd42e80c-b41e-4e60-a9cf-b7c0ade168c4/submissions/f0ab26b0-d66f-45be-8322-24218670bc4d/MethylationProfiling/bde8e153-ac21-4831-9eb7-c28ce4c0e09b/call-CpgPileup/HG03579.hap1.bed.gz.tbi	1783876005051501	1575603	md5_base64	iiLoEct44xK8AuiSSSd2/g==	2026-07-12T17:06:45.057Z	2026-07-12T17:06:45.057Z	gs://fc-fd42e80c-b41e-4e60-a9cf-b7c0ade168c4/submissions/f0ab26b0-d66f-45be-8322-24218670bc4d/MethylationProfiling/bde8e153-ac21-4831-9eb7-c28ce4c0e09b/call-CpgPileup/HG03579.hap1.bed.gz.tbi?generation=1783876005051501	1	xU7GtA==	iiLoEct44xK8AuiSSSd2/g==	CO346vzPzZUDEAE=
HG03579	hap2_bed	cpg_hap2_bed	gs://fc-fd42e80c-b41e-4e60-a9cf-b7c0ade168c4/submissions/f0ab26b0-d66f-45be-8322-24218670bc4d/MethylationProfiling/bde8e153-ac21-4831-9eb7-c28ce4c0e09b/call-CpgPileup/HG03579.hap2.bed.gz	1783875999790784	300143628	md5_base64	nEs1pIKoOs7NL+nprxblkg==	2026-07-12T17:06:39.796Z	2026-07-12T17:06:39.796Z	gs://fc-fd42e80c-b41e-4e60-a9cf-b7c0ade168c4/submissions/f0ab26b0-d66f-45be-8322-24218670bc4d/MethylationProfiling/bde8e153-ac21-4831-9eb7-c28ce4c0e09b/call-CpgPileup/HG03579.hap2.bed.gz?generation=1783875999790784	1	uggHug==	nEs1pIKoOs7NL+nprxblkg==	CMDtqfrPzZUDEAE=
HG03579	hap2_bed_index	cpg_hap2_bed_idx	gs://fc-fd42e80c-b41e-4e60-a9cf-b7c0ade168c4/submissions/f0ab26b0-d66f-45be-8322-24218670bc4d/MethylationProfiling/bde8e153-ac21-4831-9eb7-c28ce4c0e09b/call-CpgPileup/HG03579.hap2.bed.gz.tbi	1783876003310357	1575725	md5_base64	cZTY13D3SbhrpR6GgWeJuw==	2026-07-12T17:06:43.313Z	2026-07-12T17:06:43.313Z	gs://fc-fd42e80c-b41e-4e60-a9cf-b7c0ade168c4/submissions/f0ab26b0-d66f-45be-8322-24218670bc4d/MethylationProfiling/bde8e153-ac21-4831-9eb7-c28ce4c0e09b/call-CpgPileup/HG03579.hap2.bed.gz.tbi?generation=1783876003310357	1	3oDfNg==	cZTY13D3SbhrpR6GgWeJuw==	CJXWgPzPzZUDEAE=
HG03583	combined_bed	cpg_combined_bed	gs://fc-fd42e80c-b41e-4e60-a9cf-b7c0ade168c4/submissions/569a9e19-4a00-4d9c-98ff-6de0000f6e8f/MethylationProfiling/e19e8f24-7840-458a-b868-6ccb423add09/call-CpgPileup/attempt-2/HG03583.combined.bed.gz	1777762238209274	332661145	md5_base64	sncUCrCYYcm7if0huV53Zg==	2026-05-02T22:50:38.213Z	2026-06-03T15:46:57.431Z	gs://fc-fd42e80c-b41e-4e60-a9cf-b7c0ade168c4/submissions/569a9e19-4a00-4d9c-98ff-6de0000f6e8f/MethylationProfiling/e19e8f24-7840-458a-b868-6ccb423add09/call-CpgPileup/attempt-2/HG03583.combined.bed.gz?generation=1777762238209274	3	zhXY/Q==	sncUCrCYYcm7if0huV53Zg==	CPq50LXYm5QDEAM=
HG03583	combined_bed_index	independently_verified_combined_bed_index	gs://fc-fd42e80c-b41e-4e60-a9cf-b7c0ade168c4/submissions/569a9e19-4a00-4d9c-98ff-6de0000f6e8f/MethylationProfiling/e19e8f24-7840-458a-b868-6ccb423add09/call-CpgPileup/attempt-2/HG03583.combined.bed.gz.tbi	1777762226512373	1683420	md5_base64	dfPMQdg/181dBAmGX7Pmiw==	2026-05-02T22:50:26.515Z	2026-06-02T20:24:12.623Z	gs://fc-fd42e80c-b41e-4e60-a9cf-b7c0ade168c4/submissions/569a9e19-4a00-4d9c-98ff-6de0000f6e8f/MethylationProfiling/e19e8f24-7840-458a-b868-6ccb423add09/call-CpgPileup/attempt-2/HG03583.combined.bed.gz.tbi?generation=1777762226512373	2	4k4adQ==	dfPMQdg/181dBAmGX7Pmiw==	CPXDhrDYm5QDEAI=
HG03583	hap1_bed	cpg_hap1_bed	gs://fc-fd42e80c-b41e-4e60-a9cf-b7c0ade168c4/submissions/569a9e19-4a00-4d9c-98ff-6de0000f6e8f/MethylationProfiling/e19e8f24-7840-458a-b868-6ccb423add09/call-CpgPileup/attempt-2/HG03583.hap1.bed.gz	1777762245528924	297990784	md5_base64	O3Bw0/GkI8ZmRkDSRCWNbg==	2026-05-02T22:50:45.533Z	2026-06-03T15:07:58.463Z	gs://fc-fd42e80c-b41e-4e60-a9cf-b7c0ade168c4/submissions/569a9e19-4a00-4d9c-98ff-6de0000f6e8f/MethylationProfiling/e19e8f24-7840-458a-b868-6ccb423add09/call-CpgPileup/attempt-2/HG03583.hap1.bed.gz?generation=1777762245528924	3	MMkVXA==	O3Bw0/GkI8ZmRkDSRCWNbg==	CNyaj7nYm5QDEAM=
HG03583	hap1_bed_index	cpg_hap1_bed_idx	gs://fc-fd42e80c-b41e-4e60-a9cf-b7c0ade168c4/submissions/569a9e19-4a00-4d9c-98ff-6de0000f6e8f/MethylationProfiling/e19e8f24-7840-458a-b868-6ccb423add09/call-CpgPileup/attempt-2/HG03583.hap1.bed.gz.tbi	1777762239968421	1666043	md5_base64	Av+NcLeg1PIJLwN9gAIdUg==	2026-05-02T22:50:39.971Z	2026-06-02T20:34:22.718Z	gs://fc-fd42e80c-b41e-4e60-a9cf-b7c0ade168c4/submissions/569a9e19-4a00-4d9c-98ff-6de0000f6e8f/MethylationProfiling/e19e8f24-7840-458a-b868-6ccb423add09/call-CpgPileup/attempt-2/HG03583.hap1.bed.gz.tbi?generation=1777762239968421	2	XOfYfw==	Av+NcLeg1PIJLwN9gAIdUg==	CKXpu7bYm5QDEAI=
HG03583	hap2_bed	cpg_hap2_bed	gs://fc-fd42e80c-b41e-4e60-a9cf-b7c0ade168c4/submissions/569a9e19-4a00-4d9c-98ff-6de0000f6e8f/MethylationProfiling/e19e8f24-7840-458a-b868-6ccb423add09/call-CpgPileup/attempt-2/HG03583.hap2.bed.gz	1777762232353664	298104849	md5_base64	I/WrcXWzDzG3hs3mxBrJvw==	2026-05-02T22:50:32.357Z	2026-06-03T15:48:04.159Z	gs://fc-fd42e80c-b41e-4e60-a9cf-b7c0ade168c4/submissions/569a9e19-4a00-4d9c-98ff-6de0000f6e8f/MethylationProfiling/e19e8f24-7840-458a-b868-6ccb423add09/call-CpgPileup/attempt-2/HG03583.hap2.bed.gz?generation=1777762232353664	3	FPzsVA==	I/WrcXWzDzG3hs3mxBrJvw==	CICH67LYm5QDEAM=
HG03583	hap2_bed_index	cpg_hap2_bed_idx	gs://fc-fd42e80c-b41e-4e60-a9cf-b7c0ade168c4/submissions/569a9e19-4a00-4d9c-98ff-6de0000f6e8f/MethylationProfiling/e19e8f24-7840-458a-b868-6ccb423add09/call-CpgPileup/attempt-2/HG03583.hap2.bed.gz.tbi	1777762224744435	1665864	md5_base64	0/PeGUp8la+A9bi+DuNn0g==	2026-05-02T22:50:24.749Z	2026-06-03T15:16:56.537Z	gs://fc-fd42e80c-b41e-4e60-a9cf-b7c0ade168c4/submissions/569a9e19-4a00-4d9c-98ff-6de0000f6e8f/MethylationProfiling/e19e8f24-7840-458a-b868-6ccb423add09/call-CpgPileup/attempt-2/HG03583.hap2.bed.gz.tbi?generation=1777762224744435	3	EtXlpA==	0/PeGUp8la+A9bi+DuNn0g==	CPPPmq/Ym5QDEAM=
HG03654	combined_bed	cpg_combined_bed	gs://fc-fd42e80c-b41e-4e60-a9cf-b7c0ade168c4/submissions/a1e9b9ce-0d67-4d42-b107-b9821f44dd60/MethylationProfiling/b5ff448e-b7f7-4995-b4ce-6b7d330b8094/call-CpgPileup/attempt-2/HG03654.combined.bed.gz	1777759408453540	303900951	md5_base64	wbQEU90AWP1r21Xejj2ACw==	2026-05-02T22:03:28.460Z	2026-06-02T19:58:02.199Z	gs://fc-fd42e80c-b41e-4e60-a9cf-b7c0ade168c4/submissions/a1e9b9ce-0d67-4d42-b107-b9821f44dd60/MethylationProfiling/b5ff448e-b7f7-4995-b4ce-6b7d330b8094/call-CpgPileup/attempt-2/HG03654.combined.bed.gz?generation=1777759408453540	2	QEZwDg==	wbQEU90AWP1r21Xejj2ACw==	CKTvpfDNm5QDEAI=
HG03654	combined_bed_index	independently_verified_combined_bed_index	gs://fc-fd42e80c-b41e-4e60-a9cf-b7c0ade168c4/submissions/a1e9b9ce-0d67-4d42-b107-b9821f44dd60/MethylationProfiling/b5ff448e-b7f7-4995-b4ce-6b7d330b8094/call-CpgPileup/attempt-2/HG03654.combined.bed.gz.tbi	1777759403323161	1688013	md5_base64	lpmNnV1w4Ne2mguj4pyhow==	2026-05-02T22:03:23.328Z	2026-06-03T15:03:11.441Z	gs://fc-fd42e80c-b41e-4e60-a9cf-b7c0ade168c4/submissions/a1e9b9ce-0d67-4d42-b107-b9821f44dd60/MethylationProfiling/b5ff448e-b7f7-4995-b4ce-6b7d330b8094/call-CpgPileup/attempt-2/HG03654.combined.bed.gz.tbi?generation=1777759403323161	3	Ot7ajg==	lpmNnV1w4Ne2mguj4pyhow==	CJne7O3Nm5QDEAM=
HG03654	hap1_bed	cpg_hap1_bed	gs://fc-fd42e80c-b41e-4e60-a9cf-b7c0ade168c4/submissions/a1e9b9ce-0d67-4d42-b107-b9821f44dd60/MethylationProfiling/b5ff448e-b7f7-4995-b4ce-6b7d330b8094/call-CpgPileup/attempt-2/HG03654.hap1.bed.gz	1777759416229261	250975590	md5_base64	4BxtLnrSoN92qw/BuTAxIA==	2026-05-02T22:03:36.234Z	2026-06-02T20:26:52.093Z	gs://fc-fd42e80c-b41e-4e60-a9cf-b7c0ade168c4/submissions/a1e9b9ce-0d67-4d42-b107-b9821f44dd60/MethylationProfiling/b5ff448e-b7f7-4995-b4ce-6b7d330b8094/call-CpgPileup/attempt-2/HG03654.hap1.bed.gz?generation=1777759416229261	2	I115xg==	4BxtLnrSoN92qw/BuTAxIA==	CI27gPTNm5QDEAI=
HG03654	hap1_bed_index	cpg_hap1_bed_idx	gs://fc-fd42e80c-b41e-4e60-a9cf-b7c0ade168c4/submissions/a1e9b9ce-0d67-4d42-b107-b9821f44dd60/MethylationProfiling/b5ff448e-b7f7-4995-b4ce-6b7d330b8094/call-CpgPileup/attempt-2/HG03654.hap1.bed.gz.tbi	1777759410124631	1548589	md5_base64	qhuXrwnT3D+TBMs0GGK5sw==	2026-05-02T22:03:30.129Z	2026-06-03T15:57:05.842Z	gs://fc-fd42e80c-b41e-4e60-a9cf-b7c0ade168c4/submissions/a1e9b9ce-0d67-4d42-b107-b9821f44dd60/MethylationProfiling/b5ff448e-b7f7-4995-b4ce-6b7d330b8094/call-CpgPileup/attempt-2/HG03654.hap1.bed.gz.tbi?generation=1777759410124631	3	U/6+dw==	qhuXrwnT3D+TBMs0GGK5sw==	CNfui/HNm5QDEAM=
HG03654	hap2_bed	cpg_hap2_bed	gs://fc-fd42e80c-b41e-4e60-a9cf-b7c0ade168c4/submissions/a1e9b9ce-0d67-4d42-b107-b9821f44dd60/MethylationProfiling/b5ff448e-b7f7-4995-b4ce-6b7d330b8094/call-CpgPileup/attempt-2/HG03654.hap2.bed.gz	1777759401583592	250709108	md5_base64	WO3GwKO4wELzYxX8Er1V5A==	2026-05-02T22:03:21.589Z	2026-06-03T15:29:40.353Z	gs://fc-fd42e80c-b41e-4e60-a9cf-b7c0ade168c4/submissions/a1e9b9ce-0d67-4d42-b107-b9821f44dd60/MethylationProfiling/b5ff448e-b7f7-4995-b4ce-6b7d330b8094/call-CpgPileup/attempt-2/HG03654.hap2.bed.gz?generation=1777759401583592	3	qvL2dQ==	WO3GwKO4wELzYxX8Er1V5A==	COjHgu3Nm5QDEAM=
HG03654	hap2_bed_index	cpg_hap2_bed_idx	gs://fc-fd42e80c-b41e-4e60-a9cf-b7c0ade168c4/submissions/a1e9b9ce-0d67-4d42-b107-b9821f44dd60/MethylationProfiling/b5ff448e-b7f7-4995-b4ce-6b7d330b8094/call-CpgPileup/attempt-2/HG03654.hap2.bed.gz.tbi	1777759411764544	1547999	md5_base64	8Onn0KKkDcOJVJo9demiVw==	2026-05-02T22:03:31.772Z	2026-06-02T20:17:12.618Z	gs://fc-fd42e80c-b41e-4e60-a9cf-b7c0ade168c4/submissions/a1e9b9ce-0d67-4d42-b107-b9821f44dd60/MethylationProfiling/b5ff448e-b7f7-4995-b4ce-6b7d330b8094/call-CpgPileup/attempt-2/HG03654.hap2.bed.gz.tbi?generation=1777759411764544	2	ZVSZSA==	8Onn0KKkDcOJVJo9demiVw==	CMD67/HNm5QDEAI=
HG03669	combined_bed	cpg_combined_bed	gs://fc-fd42e80c-b41e-4e60-a9cf-b7c0ade168c4/submissions/a1e9b9ce-0d67-4d42-b107-b9821f44dd60/MethylationProfiling/7ea63d66-9f3d-4bc7-912a-9d38211c97e4/call-CpgPileup/HG03669.combined.bed.gz	1777750922056038	308356318	md5_base64	7vQlpZPVfubLhLRm5cT86w==	2026-05-02T19:42:02.060Z	2026-06-03T15:56:15.332Z	gs://fc-fd42e80c-b41e-4e60-a9cf-b7c0ade168c4/submissions/a1e9b9ce-0d67-4d42-b107-b9821f44dd60/MethylationProfiling/7ea63d66-9f3d-4bc7-912a-9d38211c97e4/call-CpgPileup/HG03669.combined.bed.gz?generation=1777750922056038	3	kK78+Q==	7vQlpZPVfubLhLRm5cT86w==	COai1aGum5QDEAM=
HG03669	combined_bed_index	independently_verified_combined_bed_index	gs://fc-fd42e80c-b41e-4e60-a9cf-b7c0ade168c4/submissions/a1e9b9ce-0d67-4d42-b107-b9821f44dd60/MethylationProfiling/7ea63d66-9f3d-4bc7-912a-9d38211c97e4/call-CpgPileup/HG03669.combined.bed.gz.tbi	1777750940180676	1680754	md5_base64	jBvgyRXsTRAVPsilJSbUXA==	2026-05-02T19:42:20.184Z	2026-06-02T19:41:57.799Z	gs://fc-fd42e80c-b41e-4e60-a9cf-b7c0ade168c4/submissions/a1e9b9ce-0d67-4d42-b107-b9821f44dd60/MethylationProfiling/7ea63d66-9f3d-4bc7-912a-9d38211c97e4/call-CpgPileup/HG03669.combined.bed.gz.tbi?generation=1777750940180676	2	OOU/8w==	jBvgyRXsTRAVPsilJSbUXA==	CMTBp6qum5QDEAI=
HG03669	hap1_bed	cpg_hap1_bed	gs://fc-fd42e80c-b41e-4e60-a9cf-b7c0ade168c4/submissions/a1e9b9ce-0d67-4d42-b107-b9821f44dd60/MethylationProfiling/7ea63d66-9f3d-4bc7-912a-9d38211c97e4/call-CpgPileup/HG03669.hap1.bed.gz	1777750936438781	266492211	md5_base64	FxdBkpfVeWPiZ2/sLJidYg==	2026-05-02T19:42:16.444Z	2026-06-03T15:55:18.601Z	gs://fc-fd42e80c-b41e-4e60-a9cf-b7c0ade168c4/submissions/a1e9b9ce-0d67-4d42-b107-b9821f44dd60/MethylationProfiling/7ea63d66-9f3d-4bc7-912a-9d38211c97e4/call-CpgPileup/HG03669.hap1.bed.gz?generation=1777750936438781	3	avTmyw==	FxdBkpfVeWPiZ2/sLJidYg==	CP2Pw6ium5QDEAM=
HG03669	hap1_bed_index	cpg_hap1_bed_idx	gs://fc-fd42e80c-b41e-4e60-a9cf-b7c0ade168c4/submissions/a1e9b9ce-0d67-4d42-b107-b9821f44dd60/MethylationProfiling/7ea63d66-9f3d-4bc7-912a-9d38211c97e4/call-CpgPileup/HG03669.hap1.bed.gz.tbi	1777750930866674	1637595	md5_base64	DShN6eS14rw7j12cW8siKw==	2026-05-02T19:42:10.871Z	2026-06-03T15:26:00.224Z	gs://fc-fd42e80c-b41e-4e60-a9cf-b7c0ade168c4/submissions/a1e9b9ce-0d67-4d42-b107-b9821f44dd60/MethylationProfiling/7ea63d66-9f3d-4bc7-912a-9d38211c97e4/call-CpgPileup/HG03669.hap1.bed.gz.tbi?generation=1777750930866674	3	pYJ9vA==	DShN6eS14rw7j12cW8siKw==	CPKD76Wum5QDEAM=
HG03669	hap2_bed	cpg_hap2_bed	gs://fc-fd42e80c-b41e-4e60-a9cf-b7c0ade168c4/submissions/a1e9b9ce-0d67-4d42-b107-b9821f44dd60/MethylationProfiling/7ea63d66-9f3d-4bc7-912a-9d38211c97e4/call-CpgPileup/HG03669.hap2.bed.gz	1777750928907662	266148954	md5_base64	DTvveuMzXpE+W+k7960wiA==	2026-05-02T19:42:08.911Z	2026-06-03T15:50:58.380Z	gs://fc-fd42e80c-b41e-4e60-a9cf-b7c0ade168c4/submissions/a1e9b9ce-0d67-4d42-b107-b9821f44dd60/MethylationProfiling/7ea63d66-9f3d-4bc7-912a-9d38211c97e4/call-CpgPileup/HG03669.hap2.bed.gz?generation=1777750928907662	3	rwweoA==	DTvveuMzXpE+W+k7960wiA==	CI6796Sum5QDEAM=
HG03669	hap2_bed_index	cpg_hap2_bed_idx	gs://fc-fd42e80c-b41e-4e60-a9cf-b7c0ade168c4/submissions/a1e9b9ce-0d67-4d42-b107-b9821f44dd60/MethylationProfiling/7ea63d66-9f3d-4bc7-912a-9d38211c97e4/call-CpgPileup/HG03669.hap2.bed.gz.tbi	1777750938353229	1637934	md5_base64	PomludWAP9oGaeQHAoEYqA==	2026-05-02T19:42:18.356Z	2026-06-03T14:51:06.525Z	gs://fc-fd42e80c-b41e-4e60-a9cf-b7c0ade168c4/submissions/a1e9b9ce-0d67-4d42-b107-b9821f44dd60/MethylationProfiling/7ea63d66-9f3d-4bc7-912a-9d38211c97e4/call-CpgPileup/HG03669.hap2.bed.gz.tbi?generation=1777750938353229	3	FNFQZg==	PomludWAP9oGaeQHAoEYqA==	CM38t6mum5QDEAM=
HG03688	combined_bed	cpg_combined_bed	gs://fc-fd42e80c-b41e-4e60-a9cf-b7c0ade168c4/submissions/a1e9b9ce-0d67-4d42-b107-b9821f44dd60/MethylationProfiling/be99c8a4-5903-479b-878d-942cd4a64f25/call-CpgPileup/HG03688.combined.bed.gz	1777749752456429	297743437	md5_base64	4MtKQ5085ezNPTUp7h9vlw==	2026-05-02T19:22:32.462Z	2026-06-03T15:24:57.952Z	gs://fc-fd42e80c-b41e-4e60-a9cf-b7c0ade168c4/submissions/a1e9b9ce-0d67-4d42-b107-b9821f44dd60/MethylationProfiling/be99c8a4-5903-479b-878d-942cd4a64f25/call-CpgPileup/HG03688.combined.bed.gz?generation=1777749752456429	3	BZAQoA==	4MtKQ5085ezNPTUp7h9vlw==	CO3J+vOpm5QDEAM=
HG03688	combined_bed_index	independently_verified_combined_bed_index	gs://fc-fd42e80c-b41e-4e60-a9cf-b7c0ade168c4/submissions/a1e9b9ce-0d67-4d42-b107-b9821f44dd60/MethylationProfiling/be99c8a4-5903-479b-878d-942cd4a64f25/call-CpgPileup/HG03688.combined.bed.gz.tbi	1777749754391745	1686109	md5_base64	iHGdKkbDNUDCh9B6qkzq6Q==	2026-05-02T19:22:34.395Z	2026-06-03T14:49:10.052Z	gs://fc-fd42e80c-b41e-4e60-a9cf-b7c0ade168c4/submissions/a1e9b9ce-0d67-4d42-b107-b9821f44dd60/MethylationProfiling/be99c8a4-5903-479b-878d-942cd4a64f25/call-CpgPileup/HG03688.combined.bed.gz.tbi?generation=1777749754391745	3	Gdw2sA==	iHGdKkbDNUDCh9B6qkzq6Q==	CMHZ8PSpm5QDEAM=
HG03688	hap1_bed	cpg_hap1_bed	gs://fc-fd42e80c-b41e-4e60-a9cf-b7c0ade168c4/submissions/a1e9b9ce-0d67-4d42-b107-b9821f44dd60/MethylationProfiling/be99c8a4-5903-479b-878d-942cd4a64f25/call-CpgPileup/HG03688.hap1.bed.gz	1777749747545126	239548107	md5_base64	86q6/mwH+/sMS4s0W3Wueg==	2026-05-02T19:22:27.549Z	2026-06-03T16:03:23.007Z	gs://fc-fd42e80c-b41e-4e60-a9cf-b7c0ade168c4/submissions/a1e9b9ce-0d67-4d42-b107-b9821f44dd60/MethylationProfiling/be99c8a4-5903-479b-878d-942cd4a64f25/call-CpgPileup/HG03688.hap1.bed.gz?generation=1777749747545126	3	T+DoWg==	86q6/mwH+/sMS4s0W3Wueg==	CKbozvGpm5QDEAM=
HG03688	hap1_bed_index	cpg_hap1_bed_idx	gs://fc-fd42e80c-b41e-4e60-a9cf-b7c0ade168c4/submissions/a1e9b9ce-0d67-4d42-b107-b9821f44dd60/MethylationProfiling/be99c8a4-5903-479b-878d-942cd4a64f25/call-CpgPileup/HG03688.hap1.bed.gz.tbi	1777749738450421	1535990	md5_base64	aQeSoVGTxouGylVn435Z9w==	2026-05-02T19:22:18.453Z	2026-06-02T20:31:58.464Z	gs://fc-fd42e80c-b41e-4e60-a9cf-b7c0ade168c4/submissions/a1e9b9ce-0d67-4d42-b107-b9821f44dd60/MethylationProfiling/be99c8a4-5903-479b-878d-942cd4a64f25/call-CpgPileup/HG03688.hap1.bed.gz.tbi?generation=1777749738450421	2	b9OaPA==	aQeSoVGTxouGylVn435Z9w==	CPXbo+2pm5QDEAI=
HG03688	hap2_bed	cpg_hap2_bed	gs://fc-fd42e80c-b41e-4e60-a9cf-b7c0ade168c4/submissions/a1e9b9ce-0d67-4d42-b107-b9821f44dd60/MethylationProfiling/be99c8a4-5903-479b-878d-942cd4a64f25/call-CpgPileup/HG03688.hap2.bed.gz	1777749760120876	239182663	md5_base64	vE0+T9JSM5d3r5oxoTtyXw==	2026-05-02T19:22:40.125Z	2026-06-03T15:58:06.701Z	gs://fc-fd42e80c-b41e-4e60-a9cf-b7c0ade168c4/submissions/a1e9b9ce-0d67-4d42-b107-b9821f44dd60/MethylationProfiling/be99c8a4-5903-479b-878d-942cd4a64f25/call-CpgPileup/HG03688.hap2.bed.gz?generation=1777749760120876	3	Mju0Lw==	vE0+T9JSM5d3r5oxoTtyXw==	CKywzvepm5QDEAM=
HG03688	hap2_bed_index	cpg_hap2_bed_idx	gs://fc-fd42e80c-b41e-4e60-a9cf-b7c0ade168c4/submissions/a1e9b9ce-0d67-4d42-b107-b9821f44dd60/MethylationProfiling/be99c8a4-5903-479b-878d-942cd4a64f25/call-CpgPileup/HG03688.hap2.bed.gz.tbi	1777749740483858	1532802	md5_base64	hn6iX/+ycMo40qY9m4Znnw==	2026-05-02T19:22:20.489Z	2026-06-02T20:01:53.341Z	gs://fc-fd42e80c-b41e-4e60-a9cf-b7c0ade168c4/submissions/a1e9b9ce-0d67-4d42-b107-b9821f44dd60/MethylationProfiling/be99c8a4-5903-479b-878d-942cd4a64f25/call-CpgPileup/HG03688.hap2.bed.gz.tbi?generation=1777749740483858	2	OpeV/Q==	hn6iX/+ycMo40qY9m4Znnw==	CJLqn+6pm5QDEAI=
HG03704	combined_bed	cpg_combined_bed	gs://fc-fd42e80c-b41e-4e60-a9cf-b7c0ade168c4/submissions/a1e9b9ce-0d67-4d42-b107-b9821f44dd60/MethylationProfiling/60531177-f213-4af9-a7ed-f9b390ed2f97/call-CpgPileup/HG03704.combined.bed.gz	1777749133285332	355969412	md5_base64	YgpY5hSKHIRCvMoQ0ai9iw==	2026-05-02T19:12:13.291Z	2026-06-03T15:10:03.012Z	gs://fc-fd42e80c-b41e-4e60-a9cf-b7c0ade168c4/submissions/a1e9b9ce-0d67-4d42-b107-b9821f44dd60/MethylationProfiling/60531177-f213-4af9-a7ed-f9b390ed2f97/call-CpgPileup/HG03704.combined.bed.gz?generation=1777749133285332	3	v08/Cw==	YgpY5hSKHIRCvMoQ0ai9iw==	CNSv28ynm5QDEAM=
HG03704	combined_bed_index	independently_verified_combined_bed_index	gs://fc-fd42e80c-b41e-4e60-a9cf-b7c0ade168c4/submissions/a1e9b9ce-0d67-4d42-b107-b9821f44dd60/MethylationProfiling/60531177-f213-4af9-a7ed-f9b390ed2f97/call-CpgPileup/HG03704.combined.bed.gz.tbi	1777749125316663	1685344	md5_base64	HbunXlIBhtGlZ6ifEGHUAw==	2026-05-02T19:12:05.319Z	2026-06-03T15:28:02.242Z	gs://fc-fd42e80c-b41e-4e60-a9cf-b7c0ade168c4/submissions/a1e9b9ce-0d67-4d42-b107-b9821f44dd60/MethylationProfiling/60531177-f213-4af9-a7ed-f9b390ed2f97/call-CpgPileup/HG03704.combined.bed.gz.tbi?generation=1777749125316663	3	469qGw==	HbunXlIBhtGlZ6ifEGHUAw==	CLeA9cinm5QDEAM=
HG03704	hap1_bed	cpg_hap1_bed	gs://fc-fd42e80c-b41e-4e60-a9cf-b7c0ade168c4/submissions/a1e9b9ce-0d67-4d42-b107-b9821f44dd60/MethylationProfiling/60531177-f213-4af9-a7ed-f9b390ed2f97/call-CpgPileup/HG03704.hap1.bed.gz	1777749144727809	312724652	md5_base64	Fak5zKCYuxAoeDe9YRRUZA==	2026-05-02T19:12:24.732Z	2026-06-02T20:27:58.247Z	gs://fc-fd42e80c-b41e-4e60-a9cf-b7c0ade168c4/submissions/a1e9b9ce-0d67-4d42-b107-b9821f44dd60/MethylationProfiling/60531177-f213-4af9-a7ed-f9b390ed2f97/call-CpgPileup/HG03704.hap1.bed.gz?generation=1777749144727809	2	8xtARA==	Fak5zKCYuxAoeDe9YRRUZA==	CIHildKnm5QDEAI=
HG03704	hap1_bed_index	cpg_hap1_bed_idx	gs://fc-fd42e80c-b41e-4e60-a9cf-b7c0ade168c4/submissions/a1e9b9ce-0d67-4d42-b107-b9821f44dd60/MethylationProfiling/60531177-f213-4af9-a7ed-f9b390ed2f97/call-CpgPileup/HG03704.hap1.bed.gz.tbi	1777749135318871	1658892	md5_base64	zzK15HAo+lOYtJiPnte91Q==	2026-05-02T19:12:15.322Z	2026-06-03T15:02:04.516Z	gs://fc-fd42e80c-b41e-4e60-a9cf-b7c0ade168c4/submissions/a1e9b9ce-0d67-4d42-b107-b9821f44dd60/MethylationProfiling/60531177-f213-4af9-a7ed-f9b390ed2f97/call-CpgPileup/HG03704.hap1.bed.gz.tbi?generation=1777749135318871	3	VV5l9Q==	zzK15HAo+lOYtJiPnte91Q==	CNe+182nm5QDEAM=
HG03704	hap2_bed	cpg_hap2_bed	gs://fc-fd42e80c-b41e-4e60-a9cf-b7c0ade168c4/submissions/a1e9b9ce-0d67-4d42-b107-b9821f44dd60/MethylationProfiling/60531177-f213-4af9-a7ed-f9b390ed2f97/call-CpgPileup/HG03704.hap2.bed.gz	1777749123370572	312562041	md5_base64	awXk127/YtoqajBaCjOlAg==	2026-05-02T19:12:03.375Z	2026-06-03T15:33:04.149Z	gs://fc-fd42e80c-b41e-4e60-a9cf-b7c0ade168c4/submissions/a1e9b9ce-0d67-4d42-b107-b9821f44dd60/MethylationProfiling/60531177-f213-4af9-a7ed-f9b390ed2f97/call-CpgPileup/HG03704.hap2.bed.gz?generation=1777749123370572	3	MCqfRA==	awXk127/YtoqajBaCjOlAg==	CMyc/senm5QDEAM=
HG03704	hap2_bed_index	cpg_hap2_bed_idx	gs://fc-fd42e80c-b41e-4e60-a9cf-b7c0ade168c4/submissions/a1e9b9ce-0d67-4d42-b107-b9821f44dd60/MethylationProfiling/60531177-f213-4af9-a7ed-f9b390ed2f97/call-CpgPileup/HG03704.hap2.bed.gz.tbi	1777749137188992	1659941	md5_base64	MAaLirqOPcp4UqjQGMDs/w==	2026-05-02T19:12:17.193Z	2026-06-03T15:00:05.411Z	gs://fc-fd42e80c-b41e-4e60-a9cf-b7c0ade168c4/submissions/a1e9b9ce-0d67-4d42-b107-b9821f44dd60/MethylationProfiling/60531177-f213-4af9-a7ed-f9b390ed2f97/call-CpgPileup/HG03704.hap2.bed.gz.tbi?generation=1777749137188992	3	w3QCjQ==	MAaLirqOPcp4UqjQGMDs/w==	CIDRyc6nm5QDEAM=
HG03710	combined_bed	cpg_combined_bed	gs://fc-fd42e80c-b41e-4e60-a9cf-b7c0ade168c4/submissions/a1e9b9ce-0d67-4d42-b107-b9821f44dd60/MethylationProfiling/939ad1d3-61c8-4342-8789-377ef8221782/call-CpgPileup/HG03710.combined.bed.gz	1777751339820715	314294960	md5_base64	uB2+YxhUh9iRdGEe3SXl2A==	2026-05-02T19:48:59.825Z	2026-06-03T14:34:59.923Z	gs://fc-fd42e80c-b41e-4e60-a9cf-b7c0ade168c4/submissions/a1e9b9ce-0d67-4d42-b107-b9821f44dd60/MethylationProfiling/939ad1d3-61c8-4342-8789-377ef8221782/call-CpgPileup/HG03710.combined.bed.gz?generation=1777751339820715	3	PA36iA==	uB2+YxhUh9iRdGEe3SXl2A==	CKvN7+ivm5QDEAM=
HG03710	combined_bed_index	independently_verified_combined_bed_index	gs://fc-fd42e80c-b41e-4e60-a9cf-b7c0ade168c4/submissions/a1e9b9ce-0d67-4d42-b107-b9821f44dd60/MethylationProfiling/939ad1d3-61c8-4342-8789-377ef8221782/call-CpgPileup/HG03710.combined.bed.gz.tbi	1777751347983893	1694334	md5_base64	E4W58No8qhZ0r3EmRjfAng==	2026-05-02T19:49:07.989Z	2026-06-03T14:47:57.279Z	gs://fc-fd42e80c-b41e-4e60-a9cf-b7c0ade168c4/submissions/a1e9b9ce-0d67-4d42-b107-b9821f44dd60/MethylationProfiling/939ad1d3-61c8-4342-8789-377ef8221782/call-CpgPileup/HG03710.combined.bed.gz.tbi?generation=1777751347983893	3	qTZ2nQ==	E4W58No8qhZ0r3EmRjfAng==	CJXs4eyvm5QDEAM=
HG03710	hap1_bed	cpg_hap1_bed	gs://fc-fd42e80c-b41e-4e60-a9cf-b7c0ade168c4/submissions/a1e9b9ce-0d67-4d42-b107-b9821f44dd60/MethylationProfiling/939ad1d3-61c8-4342-8789-377ef8221782/call-CpgPileup/HG03710.hap1.bed.gz	1777751346072526	266838804	md5_base64	ObcnrfeQlfFwEizW5LzbrA==	2026-05-02T19:49:06.078Z	2026-06-03T14:47:45.737Z	gs://fc-fd42e80c-b41e-4e60-a9cf-b7c0ade168c4/submissions/a1e9b9ce-0d67-4d42-b107-b9821f44dd60/MethylationProfiling/939ad1d3-61c8-4342-8789-377ef8221782/call-CpgPileup/HG03710.hap1.bed.gz?generation=1777751346072526	3	8bUm+Q==	ObcnrfeQlfFwEizW5LzbrA==	CM6X7euvm5QDEAM=
HG03710	hap1_bed_index	cpg_hap1_bed_idx	gs://fc-fd42e80c-b41e-4e60-a9cf-b7c0ade168c4/submissions/a1e9b9ce-0d67-4d42-b107-b9821f44dd60/MethylationProfiling/939ad1d3-61c8-4342-8789-377ef8221782/call-CpgPileup/HG03710.hap1.bed.gz.tbi	1777751331609057	1570591	md5_base64	Ci0Iy4x/iEE2oWylB1nsJg==	2026-05-02T19:48:51.612Z	2026-06-03T15:42:19.598Z	gs://fc-fd42e80c-b41e-4e60-a9cf-b7c0ade168c4/submissions/a1e9b9ce-0d67-4d42-b107-b9821f44dd60/MethylationProfiling/939ad1d3-61c8-4342-8789-377ef8221782/call-CpgPileup/HG03710.hap1.bed.gz.tbi?generation=1777751331609057	3	2jSIsA==	Ci0Iy4x/iEE2oWylB1nsJg==	COGz+uSvm5QDEAM=
HG03710	hap2_bed	cpg_hap2_bed	gs://fc-fd42e80c-b41e-4e60-a9cf-b7c0ade168c4/submissions/a1e9b9ce-0d67-4d42-b107-b9821f44dd60/MethylationProfiling/939ad1d3-61c8-4342-8789-377ef8221782/call-CpgPileup/HG03710.hap2.bed.gz	1777751354401613	266704830	md5_base64	0wnQN6caBqUcXJ65dxtvwQ==	2026-05-02T19:49:14.408Z	2026-06-03T15:33:09.108Z	gs://fc-fd42e80c-b41e-4e60-a9cf-b7c0ade168c4/submissions/a1e9b9ce-0d67-4d42-b107-b9821f44dd60/MethylationProfiling/939ad1d3-61c8-4342-8789-377ef8221782/call-CpgPileup/HG03710.hap2.bed.gz?generation=1777751354401613	3	uMARVw==	0wnQN6caBqUcXJ65dxtvwQ==	CM3G6e+vm5QDEAM=
HG03710	hap2_bed_index	cpg_hap2_bed_idx	gs://fc-fd42e80c-b41e-4e60-a9cf-b7c0ade168c4/submissions/a1e9b9ce-0d67-4d42-b107-b9821f44dd60/MethylationProfiling/939ad1d3-61c8-4342-8789-377ef8221782/call-CpgPileup/HG03710.hap2.bed.gz.tbi	1777751333492379	1569692	md5_base64	NKITdli8ZmFqglada6zxfA==	2026-05-02T19:48:53.496Z	2026-06-03T16:01:03.139Z	gs://fc-fd42e80c-b41e-4e60-a9cf-b7c0ade168c4/submissions/a1e9b9ce-0d67-4d42-b107-b9821f44dd60/MethylationProfiling/939ad1d3-61c8-4342-8789-377ef8221782/call-CpgPileup/HG03710.hap2.bed.gz.tbi?generation=1777751333492379	3	g+pspw==	NKITdli8ZmFqglada6zxfA==	CJut7eWvm5QDEAM=
HG03742	combined_bed	cpg_combined_bed	gs://fc-fd42e80c-b41e-4e60-a9cf-b7c0ade168c4/submissions/a1e9b9ce-0d67-4d42-b107-b9821f44dd60/MethylationProfiling/25f7799b-6745-44f4-85e2-1a37fbc93d16/call-CpgPileup/HG03742.combined.bed.gz	1777748881886018	322862436	md5_base64	iw07w48HSqdUxeL4DSi3kQ==	2026-05-02T19:08:01.894Z	2026-06-03T15:46:11.657Z	gs://fc-fd42e80c-b41e-4e60-a9cf-b7c0ade168c4/submissions/a1e9b9ce-0d67-4d42-b107-b9821f44dd60/MethylationProfiling/25f7799b-6745-44f4-85e2-1a37fbc93d16/call-CpgPileup/HG03742.combined.bed.gz?generation=1777748881886018	3	ljzqUA==	iw07w48HSqdUxeL4DSi3kQ==	CMKW69Smm5QDEAM=
HG03742	combined_bed_index	independently_verified_combined_bed_index	gs://fc-fd42e80c-b41e-4e60-a9cf-b7c0ade168c4/submissions/a1e9b9ce-0d67-4d42-b107-b9821f44dd60/MethylationProfiling/25f7799b-6745-44f4-85e2-1a37fbc93d16/call-CpgPileup/HG03742.combined.bed.gz.tbi	1777748871594772	1692527	md5_base64	AyTs78XsMJRmf8AykbXHyA==	2026-05-02T19:07:51.598Z	2026-06-03T15:34:59.992Z	gs://fc-fd42e80c-b41e-4e60-a9cf-b7c0ade168c4/submissions/a1e9b9ce-0d67-4d42-b107-b9821f44dd60/MethylationProfiling/25f7799b-6745-44f4-85e2-1a37fbc93d16/call-CpgPileup/HG03742.combined.bed.gz.tbi?generation=1777748871594772	3	5+kIww==	AyTs78XsMJRmf8AykbXHyA==	CJSG98+mm5QDEAM=
HG03742	hap1_bed	cpg_hap1_bed	gs://fc-fd42e80c-b41e-4e60-a9cf-b7c0ade168c4/submissions/a1e9b9ce-0d67-4d42-b107-b9821f44dd60/MethylationProfiling/25f7799b-6745-44f4-85e2-1a37fbc93d16/call-CpgPileup/HG03742.hap1.bed.gz	1777748888512084	273457254	md5_base64	unxP2kXJFizctTP00E6MHA==	2026-05-02T19:08:08.516Z	2026-06-02T20:17:23.668Z	gs://fc-fd42e80c-b41e-4e60-a9cf-b7c0ade168c4/submissions/a1e9b9ce-0d67-4d42-b107-b9821f44dd60/MethylationProfiling/25f7799b-6745-44f4-85e2-1a37fbc93d16/call-CpgPileup/HG03742.hap1.bed.gz?generation=1777748888512084	2	LcbRXA==	unxP2kXJFizctTP00E6MHA==	CNTM/9emm5QDEAI=
HG03742	hap1_bed_index	cpg_hap1_bed_idx	gs://fc-fd42e80c-b41e-4e60-a9cf-b7c0ade168c4/submissions/a1e9b9ce-0d67-4d42-b107-b9821f44dd60/MethylationProfiling/25f7799b-6745-44f4-85e2-1a37fbc93d16/call-CpgPileup/HG03742.hap1.bed.gz.tbi	1777748890295845	1567110	md5_base64	DBloZpj7DUsPBAY3w0TWnw==	2026-05-02T19:08:10.299Z	2026-06-02T20:20:30.741Z	gs://fc-fd42e80c-b41e-4e60-a9cf-b7c0ade168c4/submissions/a1e9b9ce-0d67-4d42-b107-b9821f44dd60/MethylationProfiling/25f7799b-6745-44f4-85e2-1a37fbc93d16/call-CpgPileup/HG03742.hap1.bed.gz.tbi?generation=1777748890295845	2	KekTwg==	DBloZpj7DUsPBAY3w0TWnw==	CKW87Nimm5QDEAI=
HG03742	hap2_bed	cpg_hap2_bed	gs://fc-fd42e80c-b41e-4e60-a9cf-b7c0ade168c4/submissions/a1e9b9ce-0d67-4d42-b107-b9821f44dd60/MethylationProfiling/25f7799b-6745-44f4-85e2-1a37fbc93d16/call-CpgPileup/HG03742.hap2.bed.gz	1777748896963392	273357866	md5_base64	Tttffifc3bmyVLRBO/wW7Q==	2026-05-02T19:08:16.967Z	2026-06-03T15:44:08.651Z	gs://fc-fd42e80c-b41e-4e60-a9cf-b7c0ade168c4/submissions/a1e9b9ce-0d67-4d42-b107-b9821f44dd60/MethylationProfiling/25f7799b-6745-44f4-85e2-1a37fbc93d16/call-CpgPileup/HG03742.hap2.bed.gz?generation=1777748896963392	3	8t2fag==	Tttffifc3bmyVLRBO/wW7Q==	CMC2g9ymm5QDEAM=
HG03742	hap2_bed_index	cpg_hap2_bed_idx	gs://fc-fd42e80c-b41e-4e60-a9cf-b7c0ade168c4/submissions/a1e9b9ce-0d67-4d42-b107-b9821f44dd60/MethylationProfiling/25f7799b-6745-44f4-85e2-1a37fbc93d16/call-CpgPileup/HG03742.hap2.bed.gz.tbi	1777748873414391	1566707	md5_base64	hwAiar9yYCIGZzc3fQRVGA==	2026-05-02T19:07:53.417Z	2026-06-03T15:32:57.949Z	gs://fc-fd42e80c-b41e-4e60-a9cf-b7c0ade168c4/submissions/a1e9b9ce-0d67-4d42-b107-b9821f44dd60/MethylationProfiling/25f7799b-6745-44f4-85e2-1a37fbc93d16/call-CpgPileup/HG03742.hap2.bed.gz.tbi?generation=1777748873414391	3	g9biPA==	hwAiar9yYCIGZzc3fQRVGA==	CPeN5tCmm5QDEAM=
HG03784	combined_bed	cpg_combined_bed	gs://fc-fd42e80c-b41e-4e60-a9cf-b7c0ade168c4/submissions/a1e9b9ce-0d67-4d42-b107-b9821f44dd60/MethylationProfiling/31466a0a-364b-4db5-8499-938c35e22c52/call-CpgPileup/HG03784.combined.bed.gz	1777748296110104	339264665	md5_base64	zuGo3kdbJyrX5wY4cQrTKA==	2026-05-02T18:58:16.114Z	2026-06-03T16:02:38.707Z	gs://fc-fd42e80c-b41e-4e60-a9cf-b7c0ade168c4/submissions/a1e9b9ce-0d67-4d42-b107-b9821f44dd60/MethylationProfiling/31466a0a-364b-4db5-8499-938c35e22c52/call-CpgPileup/HG03784.combined.bed.gz?generation=1777748296110104	3	46K8jA==	zuGo3kdbJyrX5wY4cQrTKA==	CJigwr2km5QDEAM=
HG03784	combined_bed_index	independently_verified_combined_bed_index	gs://fc-fd42e80c-b41e-4e60-a9cf-b7c0ade168c4/submissions/a1e9b9ce-0d67-4d42-b107-b9821f44dd60/MethylationProfiling/31466a0a-364b-4db5-8499-938c35e22c52/call-CpgPileup/HG03784.combined.bed.gz.tbi	1777748284216439	1683422	md5_base64	CeF6doRaPKuaLFEXnAp4OA==	2026-05-02T18:58:04.220Z	2026-06-02T20:33:20.162Z	gs://fc-fd42e80c-b41e-4e60-a9cf-b7c0ade168c4/submissions/a1e9b9ce-0d67-4d42-b107-b9821f44dd60/MethylationProfiling/31466a0a-364b-4db5-8499-938c35e22c52/call-CpgPileup/HG03784.combined.bed.gz.tbi?generation=1777748284216439	2	n2hFvw==	CeF6doRaPKuaLFEXnAp4OA==	CPeo7Lekm5QDEAI=
HG03784	hap1_bed	cpg_hap1_bed	gs://fc-fd42e80c-b41e-4e60-a9cf-b7c0ade168c4/submissions/a1e9b9ce-0d67-4d42-b107-b9821f44dd60/MethylationProfiling/31466a0a-364b-4db5-8499-938c35e22c52/call-CpgPileup/HG03784.hap1.bed.gz	1777748278434142	295625564	md5_base64	yHPRn14gSnjpx0A+a4QEkQ==	2026-05-02T18:57:58.439Z	2026-06-03T15:46:00.893Z	gs://fc-fd42e80c-b41e-4e60-a9cf-b7c0ade168c4/submissions/a1e9b9ce-0d67-4d42-b107-b9821f44dd60/MethylationProfiling/31466a0a-364b-4db5-8499-938c35e22c52/call-CpgPileup/HG03784.hap1.bed.gz?generation=1777748278434142	3	kGbBSw==	yHPRn14gSnjpx0A+a4QEkQ==	CN6yi7Wkm5QDEAM=
HG03784	hap1_bed_index	cpg_hap1_bed_idx	gs://fc-fd42e80c-b41e-4e60-a9cf-b7c0ade168c4/submissions/a1e9b9ce-0d67-4d42-b107-b9821f44dd60/MethylationProfiling/31466a0a-364b-4db5-8499-938c35e22c52/call-CpgPileup/HG03784.hap1.bed.gz.tbi	1777748280252149	1626720	md5_base64	Dwjlbgtsfk00nRL9t4LKWQ==	2026-05-02T18:58:00.255Z	2026-06-02T20:08:13.682Z	gs://fc-fd42e80c-b41e-4e60-a9cf-b7c0ade168c4/submissions/a1e9b9ce-0d67-4d42-b107-b9821f44dd60/MethylationProfiling/31466a0a-364b-4db5-8499-938c35e22c52/call-CpgPileup/HG03784.hap1.bed.gz.tbi?generation=1777748280252149	2	VvKxOA==	Dwjlbgtsfk00nRL9t4LKWQ==	CPWt+rWkm5QDEAI=
HG03784	hap2_bed	cpg_hap2_bed	gs://fc-fd42e80c-b41e-4e60-a9cf-b7c0ade168c4/submissions/a1e9b9ce-0d67-4d42-b107-b9821f44dd60/MethylationProfiling/31466a0a-364b-4db5-8499-938c35e22c52/call-CpgPileup/HG03784.hap2.bed.gz	1777748290333842	295446925	md5_base64	Z2qRh3RaFKQ6fX+ilzlZfA==	2026-05-02T18:58:10.337Z	2026-06-02T20:25:55.330Z	gs://fc-fd42e80c-b41e-4e60-a9cf-b7c0ade168c4/submissions/a1e9b9ce-0d67-4d42-b107-b9821f44dd60/MethylationProfiling/31466a0a-364b-4db5-8499-938c35e22c52/call-CpgPileup/HG03784.hap2.bed.gz?generation=1777748290333842	2	vi73GQ==	Z2qRh3RaFKQ6fX+ilzlZfA==	CJLZ4bqkm5QDEAI=
HG03784	hap2_bed_index	cpg_hap2_bed_idx	gs://fc-fd42e80c-b41e-4e60-a9cf-b7c0ade168c4/submissions/a1e9b9ce-0d67-4d42-b107-b9821f44dd60/MethylationProfiling/31466a0a-364b-4db5-8499-938c35e22c52/call-CpgPileup/HG03784.hap2.bed.gz.tbi	1777748282400814	1627613	md5_base64	wcV3Z1iDSDS2p4eIfCILiQ==	2026-05-02T18:58:02.403Z	2026-06-03T14:28:01.316Z	gs://fc-fd42e80c-b41e-4e60-a9cf-b7c0ade168c4/submissions/a1e9b9ce-0d67-4d42-b107-b9821f44dd60/MethylationProfiling/31466a0a-364b-4db5-8499-938c35e22c52/call-CpgPileup/HG03784.hap2.bed.gz.tbi?generation=1777748282400814	3	D7hppg==	wcV3Z1iDSDS2p4eIfCILiQ==	CK7A/bakm5QDEAM=
HG03804	combined_bed	cpg_combined_bed	gs://fc-fd42e80c-b41e-4e60-a9cf-b7c0ade168c4/submissions/a1e9b9ce-0d67-4d42-b107-b9821f44dd60/MethylationProfiling/e3b6c696-8831-4083-a33b-e629297ecfe7/call-CpgPileup/HG03804.combined.bed.gz	1777750459087030	340746488	md5_base64	xxhlTUafd4WGEul4yGCUPA==	2026-05-02T19:34:19.091Z	2026-06-03T14:55:57.877Z	gs://fc-fd42e80c-b41e-4e60-a9cf-b7c0ade168c4/submissions/a1e9b9ce-0d67-4d42-b107-b9821f44dd60/MethylationProfiling/e3b6c696-8831-4083-a33b-e629297ecfe7/call-CpgPileup/HG03804.combined.bed.gz?generation=1777750459087030	3	aB0gBg==	xxhlTUafd4WGEul4yGCUPA==	CLbx88Ssm5QDEAM=
HG03804	combined_bed_index	independently_verified_combined_bed_index	gs://fc-fd42e80c-b41e-4e60-a9cf-b7c0ade168c4/submissions/a1e9b9ce-0d67-4d42-b107-b9821f44dd60/MethylationProfiling/e3b6c696-8831-4083-a33b-e629297ecfe7/call-CpgPileup/HG03804.combined.bed.gz.tbi	1777750460958350	1685234	md5_base64	oIHzTmr7aIpJDsGR10AJoQ==	2026-05-02T19:34:20.961Z	2026-06-03T15:13:18.481Z	gs://fc-fd42e80c-b41e-4e60-a9cf-b7c0ade168c4/submissions/a1e9b9ce-0d67-4d42-b107-b9821f44dd60/MethylationProfiling/e3b6c696-8831-4083-a33b-e629297ecfe7/call-CpgPileup/HG03804.combined.bed.gz.tbi?generation=1777750460958350	3	fUoUPg==	oIHzTmr7aIpJDsGR10AJoQ==	CI6N5sWsm5QDEAM=
HG03804	hap1_bed	cpg_hap1_bed	gs://fc-fd42e80c-b41e-4e60-a9cf-b7c0ade168c4/submissions/a1e9b9ce-0d67-4d42-b107-b9821f44dd60/MethylationProfiling/e3b6c696-8831-4083-a33b-e629297ecfe7/call-CpgPileup/HG03804.hap1.bed.gz	1777750448485573	304141847	md5_base64	+eVZkDH6W0rUxiM6pN4lig==	2026-05-02T19:34:08.490Z	2026-06-03T15:48:58.094Z	gs://fc-fd42e80c-b41e-4e60-a9cf-b7c0ade168c4/submissions/a1e9b9ce-0d67-4d42-b107-b9821f44dd60/MethylationProfiling/e3b6c696-8831-4083-a33b-e629297ecfe7/call-CpgPileup/HG03804.hap1.bed.gz?generation=1777750448485573	3	t2J2PQ==	+eVZkDH6W0rUxiM6pN4lig==	CMXp7L+sm5QDEAM=
HG03804	hap1_bed_index	cpg_hap1_bed_idx	gs://fc-fd42e80c-b41e-4e60-a9cf-b7c0ade168c4/submissions/a1e9b9ce-0d67-4d42-b107-b9821f44dd60/MethylationProfiling/e3b6c696-8831-4083-a33b-e629297ecfe7/call-CpgPileup/HG03804.hap1.bed.gz.tbi	1777750462998455	1658768	md5_base64	rJcked1OdJTbxDQRN0bV5w==	2026-05-02T19:34:23.001Z	2026-06-02T20:26:04.499Z	gs://fc-fd42e80c-b41e-4e60-a9cf-b7c0ade168c4/submissions/a1e9b9ce-0d67-4d42-b107-b9821f44dd60/MethylationProfiling/e3b6c696-8831-4083-a33b-e629297ecfe7/call-CpgPileup/HG03804.hap1.bed.gz.tbi?generation=1777750462998455	2	0VsPow==	rJcked1OdJTbxDQRN0bV5w==	CLfP4sasm5QDEAI=
HG03804	hap2_bed	cpg_hap2_bed	gs://fc-fd42e80c-b41e-4e60-a9cf-b7c0ade168c4/submissions/a1e9b9ce-0d67-4d42-b107-b9821f44dd60/MethylationProfiling/e3b6c696-8831-4083-a33b-e629297ecfe7/call-CpgPileup/HG03804.hap2.bed.gz	1777750471060727	304419286	md5_base64	XOHvAcnJKyHFYGL54hYpHA==	2026-05-02T19:34:31.065Z	2026-06-03T15:26:00.224Z	gs://fc-fd42e80c-b41e-4e60-a9cf-b7c0ade168c4/submissions/a1e9b9ce-0d67-4d42-b107-b9821f44dd60/MethylationProfiling/e3b6c696-8831-4083-a33b-e629297ecfe7/call-CpgPileup/HG03804.hap2.bed.gz?generation=1777750471060727	3	IVyWcw==	XOHvAcnJKyHFYGL54hYpHA==	CPfZzsqsm5QDEAM=
HG03804	hap2_bed_index	cpg_hap2_bed_idx	gs://fc-fd42e80c-b41e-4e60-a9cf-b7c0ade168c4/submissions/a1e9b9ce-0d67-4d42-b107-b9821f44dd60/MethylationProfiling/e3b6c696-8831-4083-a33b-e629297ecfe7/call-CpgPileup/HG03804.hap2.bed.gz.tbi	1777750450463877	1658792	md5_base64	IenktxaNJQTr+pES0Vrixg==	2026-05-02T19:34:10.469Z	2026-06-02T20:16:54.785Z	gs://fc-fd42e80c-b41e-4e60-a9cf-b7c0ade168c4/submissions/a1e9b9ce-0d67-4d42-b107-b9821f44dd60/MethylationProfiling/e3b6c696-8831-4083-a33b-e629297ecfe7/call-CpgPileup/HG03804.hap2.bed.gz.tbi?generation=1777750450463877	2	gx0AFw==	IenktxaNJQTr+pES0Vrixg==	CIXJ5cCsm5QDEAI=
HG03816	combined_bed	cpg_combined_bed	gs://fc-fd42e80c-b41e-4e60-a9cf-b7c0ade168c4/submissions/a1e9b9ce-0d67-4d42-b107-b9821f44dd60/MethylationProfiling/55d37770-0f17-4ea0-81ee-6e9d95636e8b/call-CpgPileup/HG03816.combined.bed.gz	1777749611482721	331484676	md5_base64	LLQ7x0kpsM1pgGzR5dz0XQ==	2026-05-02T19:20:11.487Z	2026-06-02T20:17:57.081Z	gs://fc-fd42e80c-b41e-4e60-a9cf-b7c0ade168c4/submissions/a1e9b9ce-0d67-4d42-b107-b9821f44dd60/MethylationProfiling/55d37770-0f17-4ea0-81ee-6e9d95636e8b/call-CpgPileup/HG03816.combined.bed.gz?generation=1777749611482721	2	wFV+Vw==	LLQ7x0kpsM1pgGzR5dz0XQ==	COGc3rCpm5QDEAI=
HG03816	combined_bed_index	independently_verified_combined_bed_index	gs://fc-fd42e80c-b41e-4e60-a9cf-b7c0ade168c4/submissions/a1e9b9ce-0d67-4d42-b107-b9821f44dd60/MethylationProfiling/55d37770-0f17-4ea0-81ee-6e9d95636e8b/call-CpgPileup/HG03816.combined.bed.gz.tbi	1777749624294501	1683022	md5_base64	BEJYhIQGevFtRNoi6NcEIg==	2026-05-02T19:20:24.298Z	2026-06-03T15:54:00.267Z	gs://fc-fd42e80c-b41e-4e60-a9cf-b7c0ade168c4/submissions/a1e9b9ce-0d67-4d42-b107-b9821f44dd60/MethylationProfiling/55d37770-0f17-4ea0-81ee-6e9d95636e8b/call-CpgPileup/HG03816.combined.bed.gz.tbi?generation=1777749624294501	3	I8u60w==	BEJYhIQGevFtRNoi6NcEIg==	COWY7Lapm5QDEAM=
HG03816	hap1_bed	cpg_hap1_bed	gs://fc-fd42e80c-b41e-4e60-a9cf-b7c0ade168c4/submissions/a1e9b9ce-0d67-4d42-b107-b9821f44dd60/MethylationProfiling/55d37770-0f17-4ea0-81ee-6e9d95636e8b/call-CpgPileup/HG03816.hap1.bed.gz	1777749622358710	294952590	md5_base64	vpMmxdKSJnp5VxtJBui3+g==	2026-05-02T19:20:22.363Z	2026-06-03T15:20:42.854Z	gs://fc-fd42e80c-b41e-4e60-a9cf-b7c0ade168c4/submissions/a1e9b9ce-0d67-4d42-b107-b9821f44dd60/MethylationProfiling/55d37770-0f17-4ea0-81ee-6e9d95636e8b/call-CpgPileup/HG03816.hap1.bed.gz?generation=1777749622358710	3	zRSxjQ==	vpMmxdKSJnp5VxtJBui3+g==	CLaF9rWpm5QDEAM=
HG03816	hap1_bed_index	cpg_hap1_bed_idx	gs://fc-fd42e80c-b41e-4e60-a9cf-b7c0ade168c4/submissions/a1e9b9ce-0d67-4d42-b107-b9821f44dd60/MethylationProfiling/55d37770-0f17-4ea0-81ee-6e9d95636e8b/call-CpgPileup/HG03816.hap1.bed.gz.tbi	1777749596533519	1653696	md5_base64	RZUpno2s4BuzWZesRnHwWA==	2026-05-02T19:19:56.537Z	2026-06-03T15:28:57.693Z	gs://fc-fd42e80c-b41e-4e60-a9cf-b7c0ade168c4/submissions/a1e9b9ce-0d67-4d42-b107-b9821f44dd60/MethylationProfiling/55d37770-0f17-4ea0-81ee-6e9d95636e8b/call-CpgPileup/HG03816.hap1.bed.gz.tbi?generation=1777749596533519	3	axdEmQ==	RZUpno2s4BuzWZesRnHwWA==	CI/mzampm5QDEAM=
HG03816	hap2_bed	cpg_hap2_bed	gs://fc-fd42e80c-b41e-4e60-a9cf-b7c0ade168c4/submissions/a1e9b9ce-0d67-4d42-b107-b9821f44dd60/MethylationProfiling/55d37770-0f17-4ea0-81ee-6e9d95636e8b/call-CpgPileup/HG03816.hap2.bed.gz	1777749604370279	295074015	md5_base64	yZtvnmHiaqSLz/uGwzUn9Q==	2026-05-02T19:20:04.383Z	2026-06-03T15:26:00.224Z	gs://fc-fd42e80c-b41e-4e60-a9cf-b7c0ade168c4/submissions/a1e9b9ce-0d67-4d42-b107-b9821f44dd60/MethylationProfiling/55d37770-0f17-4ea0-81ee-6e9d95636e8b/call-CpgPileup/HG03816.hap2.bed.gz?generation=1777749604370279	3	NGPa0A==	yZtvnmHiaqSLz/uGwzUn9Q==	COeOrK2pm5QDEAM=
HG03816	hap2_bed_index	cpg_hap2_bed_idx	gs://fc-fd42e80c-b41e-4e60-a9cf-b7c0ade168c4/submissions/a1e9b9ce-0d67-4d42-b107-b9821f44dd60/MethylationProfiling/55d37770-0f17-4ea0-81ee-6e9d95636e8b/call-CpgPileup/HG03816.hap2.bed.gz.tbi	1777749613414738	1654040	md5_base64	3W6s7CkAbAKhbbj1uP7zOg==	2026-05-02T19:20:13.420Z	2026-06-02T19:52:57.432Z	gs://fc-fd42e80c-b41e-4e60-a9cf-b7c0ade168c4/submissions/a1e9b9ce-0d67-4d42-b107-b9821f44dd60/MethylationProfiling/55d37770-0f17-4ea0-81ee-6e9d95636e8b/call-CpgPileup/HG03816.hap2.bed.gz.tbi?generation=1777749613414738	2	QylOwA==	3W6s7CkAbAKhbbj1uP7zOg==	CNKS1LGpm5QDEAI=
HG03831	combined_bed	cpg_combined_bed	gs://fc-fd42e80c-b41e-4e60-a9cf-b7c0ade168c4/submissions/a1e9b9ce-0d67-4d42-b107-b9821f44dd60/MethylationProfiling/dc402f8e-1836-4161-a812-9b8e3718516a/call-CpgPileup/HG03831.combined.bed.gz	1777751504552119	310985790	md5_base64	Qq8U5s5sGXVUjOm2dK3f0w==	2026-05-02T19:51:44.559Z	2026-06-03T15:51:04.936Z	gs://fc-fd42e80c-b41e-4e60-a9cf-b7c0ade168c4/submissions/a1e9b9ce-0d67-4d42-b107-b9821f44dd60/MethylationProfiling/dc402f8e-1836-4161-a812-9b8e3718516a/call-CpgPileup/HG03831.combined.bed.gz?generation=1777751504552119	3	BNsKdg==	Qq8U5s5sGXVUjOm2dK3f0w==	CLeBtrewm5QDEAM=
HG03831	combined_bed_index	independently_verified_combined_bed_index	gs://fc-fd42e80c-b41e-4e60-a9cf-b7c0ade168c4/submissions/a1e9b9ce-0d67-4d42-b107-b9821f44dd60/MethylationProfiling/dc402f8e-1836-4161-a812-9b8e3718516a/call-CpgPileup/HG03831.combined.bed.gz.tbi	1777751506453608	1681671	md5_base64	qFwFkfqPTNTD3qZO0iHIIw==	2026-05-02T19:51:46.457Z	2026-06-03T15:11:03.655Z	gs://fc-fd42e80c-b41e-4e60-a9cf-b7c0ade168c4/submissions/a1e9b9ce-0d67-4d42-b107-b9821f44dd60/MethylationProfiling/dc402f8e-1836-4161-a812-9b8e3718516a/call-CpgPileup/HG03831.combined.bed.gz.tbi?generation=1777751506453608	3	QlP+kg==	qFwFkfqPTNTD3qZO0iHIIw==	COiIqriwm5QDEAM=
HG03831	hap1_bed	cpg_hap1_bed	gs://fc-fd42e80c-b41e-4e60-a9cf-b7c0ade168c4/submissions/a1e9b9ce-0d67-4d42-b107-b9821f44dd60/MethylationProfiling/dc402f8e-1836-4161-a812-9b8e3718516a/call-CpgPileup/HG03831.hap1.bed.gz	1777751491359643	276043174	md5_base64	RRpB3QGyVQ+k/y/BCsrWew==	2026-05-02T19:51:31.364Z	2026-06-02T19:47:05.067Z	gs://fc-fd42e80c-b41e-4e60-a9cf-b7c0ade168c4/submissions/a1e9b9ce-0d67-4d42-b107-b9821f44dd60/MethylationProfiling/dc402f8e-1836-4161-a812-9b8e3718516a/call-CpgPileup/HG03831.hap1.bed.gz?generation=1777751491359643	2	dDa6PA==	RRpB3QGyVQ+k/y/BCsrWew==	CJvnkLGwm5QDEAI=
HG03831	hap1_bed_index	cpg_hap1_bed_idx	gs://fc-fd42e80c-b41e-4e60-a9cf-b7c0ade168c4/submissions/a1e9b9ce-0d67-4d42-b107-b9821f44dd60/MethylationProfiling/dc402f8e-1836-4161-a812-9b8e3718516a/call-CpgPileup/HG03831.hap1.bed.gz.tbi	1777751493330285	1655028	md5_base64	wq7IMhgbFsNHCY2hcCB8CQ==	2026-05-02T19:51:33.334Z	2026-06-02T20:18:09.297Z	gs://fc-fd42e80c-b41e-4e60-a9cf-b7c0ade168c4/submissions/a1e9b9ce-0d67-4d42-b107-b9821f44dd60/MethylationProfiling/dc402f8e-1836-4161-a812-9b8e3718516a/call-CpgPileup/HG03831.hap1.bed.gz.tbi?generation=1777751493330285	2	s9caZQ==	wq7IMhgbFsNHCY2hcCB8CQ==	CO2KibKwm5QDEAI=
HG03831	hap2_bed	cpg_hap2_bed	gs://fc-fd42e80c-b41e-4e60-a9cf-b7c0ade168c4/submissions/a1e9b9ce-0d67-4d42-b107-b9821f44dd60/MethylationProfiling/dc402f8e-1836-4161-a812-9b8e3718516a/call-CpgPileup/HG03831.hap2.bed.gz	1777751520318003	275643214	md5_base64	iP4pnZ53Zwk2p8VejYoQNg==	2026-05-02T19:52:00.323Z	2026-06-02T19:46:22.022Z	gs://fc-fd42e80c-b41e-4e60-a9cf-b7c0ade168c4/submissions/a1e9b9ce-0d67-4d42-b107-b9821f44dd60/MethylationProfiling/dc402f8e-1836-4161-a812-9b8e3718516a/call-CpgPileup/HG03831.hap2.bed.gz?generation=1777751520318003	2	xdyAoQ==	iP4pnZ53Zwk2p8VejYoQNg==	CLOk+L6wm5QDEAI=
HG03831	hap2_bed_index	cpg_hap2_bed_idx	gs://fc-fd42e80c-b41e-4e60-a9cf-b7c0ade168c4/submissions/a1e9b9ce-0d67-4d42-b107-b9821f44dd60/MethylationProfiling/dc402f8e-1836-4161-a812-9b8e3718516a/call-CpgPileup/HG03831.hap2.bed.gz.tbi	1777751522251753	1654704	md5_base64	DiSNaHAf12F9DfRR6h71tw==	2026-05-02T19:52:02.257Z	2026-06-03T15:42:02.716Z	gs://fc-fd42e80c-b41e-4e60-a9cf-b7c0ade168c4/submissions/a1e9b9ce-0d67-4d42-b107-b9821f44dd60/MethylationProfiling/dc402f8e-1836-4161-a812-9b8e3718516a/call-CpgPileup/HG03831.hap2.bed.gz.tbi?generation=1777751522251753	3	HvqJAQ==	DiSNaHAf12F9DfRR6h71tw==	COmn7r+wm5QDEAM=
HG03834	combined_bed	cpg_combined_bed	gs://fc-fd42e80c-b41e-4e60-a9cf-b7c0ade168c4/submissions/a1e9b9ce-0d67-4d42-b107-b9821f44dd60/MethylationProfiling/4be70f51-bc6f-402f-a650-9be371a6c110/call-CpgPileup/HG03834.combined.bed.gz	1777750126024086	365510947	md5_base64	usYuERGNDvp7+RC9z46H/g==	2026-05-02T19:28:46.027Z	2026-06-02T20:16:13.107Z	gs://fc-fd42e80c-b41e-4e60-a9cf-b7c0ade168c4/submissions/a1e9b9ce-0d67-4d42-b107-b9821f44dd60/MethylationProfiling/4be70f51-bc6f-402f-a650-9be371a6c110/call-CpgPileup/HG03834.combined.bed.gz?generation=1777750126024086	2	Q8FINw==	usYuERGNDvp7+RC9z46H/g==	CJari6arm5QDEAI=
HG03834	combined_bed_index	independently_verified_combined_bed_index	gs://fc-fd42e80c-b41e-4e60-a9cf-b7c0ade168c4/submissions/a1e9b9ce-0d67-4d42-b107-b9821f44dd60/MethylationProfiling/4be70f51-bc6f-402f-a650-9be371a6c110/call-CpgPileup/HG03834.combined.bed.gz.tbi	1777750107654002	1686213	md5_base64	z1YImf0/N1LMxUZvdPESvg==	2026-05-02T19:28:27.658Z	2026-06-03T15:05:09.705Z	gs://fc-fd42e80c-b41e-4e60-a9cf-b7c0ade168c4/submissions/a1e9b9ce-0d67-4d42-b107-b9821f44dd60/MethylationProfiling/4be70f51-bc6f-402f-a650-9be371a6c110/call-CpgPileup/HG03834.combined.bed.gz.tbi?generation=1777750107654002	3	nDtglw==	z1YImf0/N1LMxUZvdPESvg==	CPKOqp2rm5QDEAM=
HG03834	hap1_bed	cpg_hap1_bed	gs://fc-fd42e80c-b41e-4e60-a9cf-b7c0ade168c4/submissions/a1e9b9ce-0d67-4d42-b107-b9821f44dd60/MethylationProfiling/4be70f51-bc6f-402f-a650-9be371a6c110/call-CpgPileup/HG03834.hap1.bed.gz	1777750105420952	322691656	md5_base64	KV8fB71kEvxRMydT4tOoxQ==	2026-05-02T19:28:25.426Z	2026-06-02T20:18:21.859Z	gs://fc-fd42e80c-b41e-4e60-a9cf-b7c0ade168c4/submissions/a1e9b9ce-0d67-4d42-b107-b9821f44dd60/MethylationProfiling/4be70f51-bc6f-402f-a650-9be371a6c110/call-CpgPileup/HG03834.hap1.bed.gz?generation=1777750105420952	2	Ucaemg==	KV8fB71kEvxRMydT4tOoxQ==	CJjpoZyrm5QDEAI=
HG03834	hap1_bed_index	cpg_hap1_bed_idx	gs://fc-fd42e80c-b41e-4e60-a9cf-b7c0ade168c4/submissions/a1e9b9ce-0d67-4d42-b107-b9821f44dd60/MethylationProfiling/4be70f51-bc6f-402f-a650-9be371a6c110/call-CpgPileup/HG03834.hap1.bed.gz.tbi	1777750096873356	1653953	md5_base64	iwGAhtZuXf2Dbfh7a3vfdw==	2026-05-02T19:28:16.877Z	2026-06-03T15:09:23.982Z	gs://fc-fd42e80c-b41e-4e60-a9cf-b7c0ade168c4/submissions/a1e9b9ce-0d67-4d42-b107-b9821f44dd60/MethylationProfiling/4be70f51-bc6f-402f-a650-9be371a6c110/call-CpgPileup/HG03834.hap1.bed.gz.tbi?generation=1777750096873356	3	e/n4Dw==	iwGAhtZuXf2Dbfh7a3vfdw==	CIyPmJirm5QDEAM=
HG03834	hap2_bed	cpg_hap2_bed	gs://fc-fd42e80c-b41e-4e60-a9cf-b7c0ade168c4/submissions/a1e9b9ce-0d67-4d42-b107-b9821f44dd60/MethylationProfiling/4be70f51-bc6f-402f-a650-9be371a6c110/call-CpgPileup/HG03834.hap2.bed.gz	1777750117865417	322495012	md5_base64	fRBYeqm4beFwNieNPRo7nw==	2026-05-02T19:28:37.877Z	2026-06-03T15:14:45.737Z	gs://fc-fd42e80c-b41e-4e60-a9cf-b7c0ade168c4/submissions/a1e9b9ce-0d67-4d42-b107-b9821f44dd60/MethylationProfiling/4be70f51-bc6f-402f-a650-9be371a6c110/call-CpgPileup/HG03834.hap2.bed.gz?generation=1777750117865417	3	oljkgQ==	fRBYeqm4beFwNieNPRo7nw==	CMmvmaKrm5QDEAM=
HG03834	hap2_bed_index	cpg_hap2_bed_idx	gs://fc-fd42e80c-b41e-4e60-a9cf-b7c0ade168c4/submissions/a1e9b9ce-0d67-4d42-b107-b9821f44dd60/MethylationProfiling/4be70f51-bc6f-402f-a650-9be371a6c110/call-CpgPileup/HG03834.hap2.bed.gz.tbi	1777750109716093	1653276	md5_base64	c4mQZrLPceP3ZcWmYizyRg==	2026-05-02T19:28:29.721Z	2026-06-02T20:23:56.295Z	gs://fc-fd42e80c-b41e-4e60-a9cf-b7c0ade168c4/submissions/a1e9b9ce-0d67-4d42-b107-b9821f44dd60/MethylationProfiling/4be70f51-bc6f-402f-a650-9be371a6c110/call-CpgPileup/HG03834.hap2.bed.gz.tbi?generation=1777750109716093	2	OeF71A==	c4mQZrLPceP3ZcWmYizyRg==	CP38p56rm5QDEAI=
HG03874	combined_bed	cpg_combined_bed	gs://fc-fd42e80c-b41e-4e60-a9cf-b7c0ade168c4/submissions/a1e9b9ce-0d67-4d42-b107-b9821f44dd60/MethylationProfiling/d2c358d7-106e-4806-858c-e02642d7e8cb/call-CpgPileup/HG03874.combined.bed.gz	1777748128935580	328542891	md5_base64	l6yUhQHdcLrP1HwMVym9kQ==	2026-05-02T18:55:28.939Z	2026-06-03T15:11:56.284Z	gs://fc-fd42e80c-b41e-4e60-a9cf-b7c0ade168c4/submissions/a1e9b9ce-0d67-4d42-b107-b9821f44dd60/MethylationProfiling/d2c358d7-106e-4806-858c-e02642d7e8cb/call-CpgPileup/HG03874.combined.bed.gz?generation=1777748128935580	3	mQIjdQ==	l6yUhQHdcLrP1HwMVym9kQ==	CJzd5u2jm5QDEAM=
HG03874	combined_bed_index	independently_verified_combined_bed_index	gs://fc-fd42e80c-b41e-4e60-a9cf-b7c0ade168c4/submissions/a1e9b9ce-0d67-4d42-b107-b9821f44dd60/MethylationProfiling/d2c358d7-106e-4806-858c-e02642d7e8cb/call-CpgPileup/HG03874.combined.bed.gz.tbi	1777748121053287	1683677	md5_base64	rp1YmYXmsevHyLc9t2MFCA==	2026-05-02T18:55:21.056Z	2026-06-03T15:47:57.987Z	gs://fc-fd42e80c-b41e-4e60-a9cf-b7c0ade168c4/submissions/a1e9b9ce-0d67-4d42-b107-b9821f44dd60/MethylationProfiling/d2c358d7-106e-4806-858c-e02642d7e8cb/call-CpgPileup/HG03874.combined.bed.gz.tbi?generation=1777748121053287	3	36NlnQ==	rp1YmYXmsevHyLc9t2MFCA==	COfQheqjm5QDEAM=
HG03874	hap1_bed	cpg_hap1_bed	gs://fc-fd42e80c-b41e-4e60-a9cf-b7c0ade168c4/submissions/a1e9b9ce-0d67-4d42-b107-b9821f44dd60/MethylationProfiling/d2c358d7-106e-4806-858c-e02642d7e8cb/call-CpgPileup/HG03874.hap1.bed.gz	1777748117143314	293898670	md5_base64	MRcn2OtOPiwWpvtmKOUcHw==	2026-05-02T18:55:17.147Z	2026-06-03T15:47:56.898Z	gs://fc-fd42e80c-b41e-4e60-a9cf-b7c0ade168c4/submissions/a1e9b9ce-0d67-4d42-b107-b9821f44dd60/MethylationProfiling/d2c358d7-106e-4806-858c-e02642d7e8cb/call-CpgPileup/HG03874.hap1.bed.gz?generation=1777748117143314	3	J9clWg==	MRcn2OtOPiwWpvtmKOUcHw==	CJL+luijm5QDEAM=
HG03874	hap1_bed_index	cpg_hap1_bed_idx	gs://fc-fd42e80c-b41e-4e60-a9cf-b7c0ade168c4/submissions/a1e9b9ce-0d67-4d42-b107-b9821f44dd60/MethylationProfiling/d2c358d7-106e-4806-858c-e02642d7e8cb/call-CpgPileup/HG03874.hap1.bed.gz.tbi	1777748119141237	1662677	md5_base64	unhe1gSx3m+t8FHVGpuWBQ==	2026-05-02T18:55:19.145Z	2026-06-03T15:51:02.587Z	gs://fc-fd42e80c-b41e-4e60-a9cf-b7c0ade168c4/submissions/a1e9b9ce-0d67-4d42-b107-b9821f44dd60/MethylationProfiling/d2c358d7-106e-4806-858c-e02642d7e8cb/call-CpgPileup/HG03874.hap1.bed.gz.tbi?generation=1777748119141237	3	kJRKkw==	unhe1gSx3m+t8FHVGpuWBQ==	CPX2kOmjm5QDEAM=
HG03874	hap2_bed	cpg_hap2_bed	gs://fc-fd42e80c-b41e-4e60-a9cf-b7c0ade168c4/submissions/a1e9b9ce-0d67-4d42-b107-b9821f44dd60/MethylationProfiling/d2c358d7-106e-4806-858c-e02642d7e8cb/call-CpgPileup/HG03874.hap2.bed.gz	1777748110741222	293867797	md5_base64	sm00frCUgg+hZfrtLGaW5w==	2026-05-02T18:55:10.744Z	2026-06-02T19:49:58.797Z	gs://fc-fd42e80c-b41e-4e60-a9cf-b7c0ade168c4/submissions/a1e9b9ce-0d67-4d42-b107-b9821f44dd60/MethylationProfiling/d2c358d7-106e-4806-858c-e02642d7e8cb/call-CpgPileup/HG03874.hap2.bed.gz?generation=1777748110741222	2	rrdMMg==	sm00frCUgg+hZfrtLGaW5w==	COadkOWjm5QDEAI=
HG03874	hap2_bed_index	cpg_hap2_bed_idx	gs://fc-fd42e80c-b41e-4e60-a9cf-b7c0ade168c4/submissions/a1e9b9ce-0d67-4d42-b107-b9821f44dd60/MethylationProfiling/d2c358d7-106e-4806-858c-e02642d7e8cb/call-CpgPileup/HG03874.hap2.bed.gz.tbi	1777748122949364	1660797	md5_base64	m/peMUW5+z1wclo7XI9hjw==	2026-05-02T18:55:22.952Z	2026-06-03T15:53:34.942Z	gs://fc-fd42e80c-b41e-4e60-a9cf-b7c0ade168c4/submissions/a1e9b9ce-0d67-4d42-b107-b9821f44dd60/MethylationProfiling/d2c358d7-106e-4806-858c-e02642d7e8cb/call-CpgPileup/HG03874.hap2.bed.gz.tbi?generation=1777748122949364	3	u7k7ow==	m/peMUW5+z1wclo7XI9hjw==	CPSt+eqjm5QDEAM=
HG03927	combined_bed	cpg_combined_bed	gs://fc-fd42e80c-b41e-4e60-a9cf-b7c0ade168c4/submissions/a1e9b9ce-0d67-4d42-b107-b9821f44dd60/MethylationProfiling/a1d3b297-7156-4050-b871-3fcbc4ce520d/call-CpgPileup/HG03927.combined.bed.gz	1777750017848067	283796892	md5_base64	OAEiSiuZjsQWUKXeVgExHg==	2026-05-02T19:26:57.851Z	2026-06-03T15:44:16.263Z	gs://fc-fd42e80c-b41e-4e60-a9cf-b7c0ade168c4/submissions/a1e9b9ce-0d67-4d42-b107-b9821f44dd60/MethylationProfiling/a1d3b297-7156-4050-b871-3fcbc4ce520d/call-CpgPileup/HG03927.combined.bed.gz?generation=1777750017848067	3	+4xBKQ==	OAEiSiuZjsQWUKXeVgExHg==	CIPmwPKqm5QDEAM=
HG03927	combined_bed_index	independently_verified_combined_bed_index	gs://fc-fd42e80c-b41e-4e60-a9cf-b7c0ade168c4/submissions/a1e9b9ce-0d67-4d42-b107-b9821f44dd60/MethylationProfiling/a1d3b297-7156-4050-b871-3fcbc4ce520d/call-CpgPileup/HG03927.combined.bed.gz.tbi	1777750009325194	1675071	md5_base64	j81oH8zSvSA57vPyAumHww==	2026-05-02T19:26:49.329Z	2026-06-03T15:50:58.380Z	gs://fc-fd42e80c-b41e-4e60-a9cf-b7c0ade168c4/submissions/a1e9b9ce-0d67-4d42-b107-b9821f44dd60/MethylationProfiling/a1d3b297-7156-4050-b871-3fcbc4ce520d/call-CpgPileup/HG03927.combined.bed.gz.tbi?generation=1777750009325194	3	27QGEg==	j81oH8zSvSA57vPyAumHww==	CIrNuO6qm5QDEAM=
HG03927	hap1_bed	cpg_hap1_bed	gs://fc-fd42e80c-b41e-4e60-a9cf-b7c0ade168c4/submissions/a1e9b9ce-0d67-4d42-b107-b9821f44dd60/MethylationProfiling/a1d3b297-7156-4050-b871-3fcbc4ce520d/call-CpgPileup/HG03927.hap1.bed.gz	1777750003836567	221787626	md5_base64	mZ87ZkejVHh0pcQ8F55PXQ==	2026-05-02T19:26:43.841Z	2026-06-03T15:38:27.034Z	gs://fc-fd42e80c-b41e-4e60-a9cf-b7c0ade168c4/submissions/a1e9b9ce-0d67-4d42-b107-b9821f44dd60/MethylationProfiling/a1d3b297-7156-4050-b871-3fcbc4ce520d/call-CpgPileup/HG03927.hap1.bed.gz?generation=1777750003836567	3	lRN8Tg==	mZ87ZkejVHh0pcQ8F55PXQ==	CJfN6euqm5QDEAM=
HG03927	hap1_bed_index	cpg_hap1_bed_idx	gs://fc-fd42e80c-b41e-4e60-a9cf-b7c0ade168c4/submissions/a1e9b9ce-0d67-4d42-b107-b9821f44dd60/MethylationProfiling/a1d3b297-7156-4050-b871-3fcbc4ce520d/call-CpgPileup/HG03927.hap1.bed.gz.tbi	1777750007512062	1591548	md5_base64	GwPiGQK3DXgMemcPUc+cjA==	2026-05-02T19:26:47.515Z	2026-06-03T14:44:58.850Z	gs://fc-fd42e80c-b41e-4e60-a9cf-b7c0ade168c4/submissions/a1e9b9ce-0d67-4d42-b107-b9821f44dd60/MethylationProfiling/a1d3b297-7156-4050-b871-3fcbc4ce520d/call-CpgPileup/HG03927.hap1.bed.gz.tbi?generation=1777750007512062	3	9TW60A==	GwPiGQK3DXgMemcPUc+cjA==	CP73ye2qm5QDEAM=
HG03927	hap2_bed	cpg_hap2_bed	gs://fc-fd42e80c-b41e-4e60-a9cf-b7c0ade168c4/submissions/a1e9b9ce-0d67-4d42-b107-b9821f44dd60/MethylationProfiling/a1d3b297-7156-4050-b871-3fcbc4ce520d/call-CpgPileup/HG03927.hap2.bed.gz	1777750012855676	221418923	md5_base64	GS0ZKl3WPgCZC30hQm6cGw==	2026-05-02T19:26:52.859Z	2026-06-02T20:19:49.078Z	gs://fc-fd42e80c-b41e-4e60-a9cf-b7c0ade168c4/submissions/a1e9b9ce-0d67-4d42-b107-b9821f44dd60/MethylationProfiling/a1d3b297-7156-4050-b871-3fcbc4ce520d/call-CpgPileup/HG03927.hap2.bed.gz?generation=1777750012855676	2	eNsAew==	GS0ZKl3WPgCZC30hQm6cGw==	CPyKkPCqm5QDEAI=
HG03927	hap2_bed_index	cpg_hap2_bed_idx	gs://fc-fd42e80c-b41e-4e60-a9cf-b7c0ade168c4/submissions/a1e9b9ce-0d67-4d42-b107-b9821f44dd60/MethylationProfiling/a1d3b297-7156-4050-b871-3fcbc4ce520d/call-CpgPileup/HG03927.hap2.bed.gz.tbi	1777750005689912	1590093	md5_base64	ss5NrfYLov4tlzDOAEXgBA==	2026-05-02T19:26:45.693Z	2026-06-03T15:27:01.507Z	gs://fc-fd42e80c-b41e-4e60-a9cf-b7c0ade168c4/submissions/a1e9b9ce-0d67-4d42-b107-b9821f44dd60/MethylationProfiling/a1d3b297-7156-4050-b871-3fcbc4ce520d/call-CpgPileup/HG03927.hap2.bed.gz.tbi?generation=1777750005689912	3	8hl++A==	ss5NrfYLov4tlzDOAEXgBA==	CLjc2uyqm5QDEAM=
HG03942	combined_bed	cpg_combined_bed	gs://fc-fd42e80c-b41e-4e60-a9cf-b7c0ade168c4/submissions/569a9e19-4a00-4d9c-98ff-6de0000f6e8f/MethylationProfiling/ec95f2a8-b285-4eef-acc6-6b0b0efbd2f8/call-CpgPileup/attempt-3/HG03942.combined.bed.gz	1777765619467910	296026458	md5_base64	7y4x8cPza616il64Pq2nPA==	2026-05-02T23:46:59.472Z	2026-06-03T14:56:16.087Z	gs://fc-fd42e80c-b41e-4e60-a9cf-b7c0ade168c4/submissions/569a9e19-4a00-4d9c-98ff-6de0000f6e8f/MethylationProfiling/ec95f2a8-b285-4eef-acc6-6b0b0efbd2f8/call-CpgPileup/attempt-3/HG03942.combined.bed.gz?generation=1777765619467910	3	q2An5g==	7y4x8cPza616il64Pq2nPA==	CIaN+IHlm5QDEAM=
HG03942	combined_bed_index	independently_verified_combined_bed_index	gs://fc-fd42e80c-b41e-4e60-a9cf-b7c0ade168c4/submissions/569a9e19-4a00-4d9c-98ff-6de0000f6e8f/MethylationProfiling/ec95f2a8-b285-4eef-acc6-6b0b0efbd2f8/call-CpgPileup/attempt-3/HG03942.combined.bed.gz.tbi	1777765621472930	1686499	md5_base64	onol4EgFcb44Qh1bnvKA8w==	2026-05-02T23:47:01.477Z	2026-06-03T16:03:02.720Z	gs://fc-fd42e80c-b41e-4e60-a9cf-b7c0ade168c4/submissions/569a9e19-4a00-4d9c-98ff-6de0000f6e8f/MethylationProfiling/ec95f2a8-b285-4eef-acc6-6b0b0efbd2f8/call-CpgPileup/attempt-3/HG03942.combined.bed.gz.tbi?generation=1777765621472930	3	GvS8pQ==	onol4EgFcb44Qh1bnvKA8w==	CKK98oLlm5QDEAM=
HG03942	hap1_bed	cpg_hap1_bed	gs://fc-fd42e80c-b41e-4e60-a9cf-b7c0ade168c4/submissions/569a9e19-4a00-4d9c-98ff-6de0000f6e8f/MethylationProfiling/ec95f2a8-b285-4eef-acc6-6b0b0efbd2f8/call-CpgPileup/attempt-3/HG03942.hap1.bed.gz	1777765603670290	239874887	md5_base64	4d4t5C6cd9cMaDP5IS4x8A==	2026-05-02T23:46:43.676Z	2026-06-03T16:00:02.850Z	gs://fc-fd42e80c-b41e-4e60-a9cf-b7c0ade168c4/submissions/569a9e19-4a00-4d9c-98ff-6de0000f6e8f/MethylationProfiling/ec95f2a8-b285-4eef-acc6-6b0b0efbd2f8/call-CpgPileup/attempt-3/HG03942.hap1.bed.gz?generation=1777765603670290	3	lInmug==	4d4t5C6cd9cMaDP5IS4x8A==	CJLys/rkm5QDEAM=
HG03942	hap1_bed_index	cpg_hap1_bed_idx	gs://fc-fd42e80c-b41e-4e60-a9cf-b7c0ade168c4/submissions/569a9e19-4a00-4d9c-98ff-6de0000f6e8f/MethylationProfiling/ec95f2a8-b285-4eef-acc6-6b0b0efbd2f8/call-CpgPileup/attempt-3/HG03942.hap1.bed.gz.tbi	1777765613470130	1540237	md5_base64	dffGQzLbrzV4m5YC9F4+vw==	2026-05-02T23:46:53.474Z	2026-06-03T15:17:34.886Z	gs://fc-fd42e80c-b41e-4e60-a9cf-b7c0ade168c4/submissions/569a9e19-4a00-4d9c-98ff-6de0000f6e8f/MethylationProfiling/ec95f2a8-b285-4eef-acc6-6b0b0efbd2f8/call-CpgPileup/attempt-3/HG03942.hap1.bed.gz.tbi?generation=1777765613470130	3	p0uAcw==	dffGQzLbrzV4m5YC9F4+vw==	CLKDiv/km5QDEAM=
HG03942	hap2_bed	cpg_hap2_bed	gs://fc-fd42e80c-b41e-4e60-a9cf-b7c0ade168c4/submissions/569a9e19-4a00-4d9c-98ff-6de0000f6e8f/MethylationProfiling/ec95f2a8-b285-4eef-acc6-6b0b0efbd2f8/call-CpgPileup/attempt-3/HG03942.hap2.bed.gz	1777765609401380	239652160	md5_base64	N5sf2tuD2xNuzkV1/jZEtA==	2026-05-02T23:46:49.406Z	2026-06-03T14:35:58.450Z	gs://fc-fd42e80c-b41e-4e60-a9cf-b7c0ade168c4/submissions/569a9e19-4a00-4d9c-98ff-6de0000f6e8f/MethylationProfiling/ec95f2a8-b285-4eef-acc6-6b0b0efbd2f8/call-CpgPileup/attempt-3/HG03942.hap2.bed.gz?generation=1777765609401380	3	PFGscg==	N5sf2tuD2xNuzkV1/jZEtA==	CKTYkf3km5QDEAM=
HG03942	hap2_bed_index	cpg_hap2_bed_idx	gs://fc-fd42e80c-b41e-4e60-a9cf-b7c0ade168c4/submissions/569a9e19-4a00-4d9c-98ff-6de0000f6e8f/MethylationProfiling/ec95f2a8-b285-4eef-acc6-6b0b0efbd2f8/call-CpgPileup/attempt-3/HG03942.hap2.bed.gz.tbi	1777765611469902	1536485	md5_base64	0BCvhqqBDxTtAS6sXcuASg==	2026-05-02T23:46:51.475Z	2026-06-02T20:01:16.043Z	gs://fc-fd42e80c-b41e-4e60-a9cf-b7c0ade168c4/submissions/569a9e19-4a00-4d9c-98ff-6de0000f6e8f/MethylationProfiling/ec95f2a8-b285-4eef-acc6-6b0b0efbd2f8/call-CpgPileup/attempt-3/HG03942.hap2.bed.gz.tbi?generation=1777765611469902	2	0AWa9A==	0BCvhqqBDxTtAS6sXcuASg==	CM74j/7km5QDEAI=
HG04115	combined_bed	cpg_combined_bed	gs://fc-fd42e80c-b41e-4e60-a9cf-b7c0ade168c4/submissions/a1e9b9ce-0d67-4d42-b107-b9821f44dd60/MethylationProfiling/1b16c89d-2de7-42a7-b121-0521553eba5d/call-CpgPileup/HG04115.combined.bed.gz	1777750703633620	314709158	md5_base64	o+y6MzXxkZesEjRWLSHymA==	2026-05-02T19:38:23.637Z	2026-06-02T19:49:17.703Z	gs://fc-fd42e80c-b41e-4e60-a9cf-b7c0ade168c4/submissions/a1e9b9ce-0d67-4d42-b107-b9821f44dd60/MethylationProfiling/1b16c89d-2de7-42a7-b121-0521553eba5d/call-CpgPileup/HG04115.combined.bed.gz?generation=1777750703633620	2	TxQW9Q==	o+y6MzXxkZesEjRWLSHymA==	CNTpwbmtm5QDEAI=
HG04115	combined_bed_index	independently_verified_combined_bed_index	gs://fc-fd42e80c-b41e-4e60-a9cf-b7c0ade168c4/submissions/a1e9b9ce-0d67-4d42-b107-b9821f44dd60/MethylationProfiling/1b16c89d-2de7-42a7-b121-0521553eba5d/call-CpgPileup/HG04115.combined.bed.gz.tbi	1777750705592812	1690617	md5_base64	dithT3JlS54MUd9IzNHyPA==	2026-05-02T19:38:25.596Z	2026-06-03T15:34:59.992Z	gs://fc-fd42e80c-b41e-4e60-a9cf-b7c0ade168c4/submissions/a1e9b9ce-0d67-4d42-b107-b9821f44dd60/MethylationProfiling/1b16c89d-2de7-42a7-b121-0521553eba5d/call-CpgPileup/HG04115.combined.bed.gz.tbi?generation=1777750705592812	3	H/Gy0Q==	dithT3JlS54MUd9IzNHyPA==	COyzubqtm5QDEAM=
HG04115	hap1_bed	cpg_hap1_bed	gs://fc-fd42e80c-b41e-4e60-a9cf-b7c0ade168c4/submissions/a1e9b9ce-0d67-4d42-b107-b9821f44dd60/MethylationProfiling/1b16c89d-2de7-42a7-b121-0521553eba5d/call-CpgPileup/HG04115.hap1.bed.gz	1777750680816330	258711424	md5_base64	jfUX0Elc8xyIA6TKfdq7/Q==	2026-05-02T19:38:00.820Z	2026-06-02T20:09:02.891Z	gs://fc-fd42e80c-b41e-4e60-a9cf-b7c0ade168c4/submissions/a1e9b9ce-0d67-4d42-b107-b9821f44dd60/MethylationProfiling/1b16c89d-2de7-42a7-b121-0521553eba5d/call-CpgPileup/HG04115.hap1.bed.gz?generation=1777750680816330	2	9CtdZw==	jfUX0Elc8xyIA6TKfdq7/Q==	CMqV0a6tm5QDEAI=
HG04115	hap1_bed_index	cpg_hap1_bed_idx	gs://fc-fd42e80c-b41e-4e60-a9cf-b7c0ade168c4/submissions/a1e9b9ce-0d67-4d42-b107-b9821f44dd60/MethylationProfiling/1b16c89d-2de7-42a7-b121-0521553eba5d/call-CpgPileup/HG04115.hap1.bed.gz.tbi	1777750682965679	1541858	md5_base64	9IFmE0ABboYNUh5eKsiZ2w==	2026-05-02T19:38:02.971Z	2026-06-02T19:55:25.737Z	gs://fc-fd42e80c-b41e-4e60-a9cf-b7c0ade168c4/submissions/a1e9b9ce-0d67-4d42-b107-b9821f44dd60/MethylationProfiling/1b16c89d-2de7-42a7-b121-0521553eba5d/call-CpgPileup/HG04115.hap1.bed.gz.tbi?generation=1777750682965679	2	DdRcKw==	9IFmE0ABboYNUh5eKsiZ2w==	CK+t1K+tm5QDEAI=
HG04115	hap2_bed	cpg_hap2_bed	gs://fc-fd42e80c-b41e-4e60-a9cf-b7c0ade168c4/submissions/a1e9b9ce-0d67-4d42-b107-b9821f44dd60/MethylationProfiling/1b16c89d-2de7-42a7-b121-0521553eba5d/call-CpgPileup/HG04115.hap2.bed.gz	1777750689224088	258834785	md5_base64	dlWV2LRg2Y9Lo5aiQuPnTQ==	2026-05-02T19:38:09.229Z	2026-06-02T19:51:01.924Z	gs://fc-fd42e80c-b41e-4e60-a9cf-b7c0ade168c4/submissions/a1e9b9ce-0d67-4d42-b107-b9821f44dd60/MethylationProfiling/1b16c89d-2de7-42a7-b121-0521553eba5d/call-CpgPileup/HG04115.hap2.bed.gz?generation=1777750689224088	2	IxJvRQ==	dlWV2LRg2Y9Lo5aiQuPnTQ==	CJir0rKtm5QDEAI=
HG04115	hap2_bed_index	cpg_hap2_bed_idx	gs://fc-fd42e80c-b41e-4e60-a9cf-b7c0ade168c4/submissions/a1e9b9ce-0d67-4d42-b107-b9821f44dd60/MethylationProfiling/1b16c89d-2de7-42a7-b121-0521553eba5d/call-CpgPileup/HG04115.hap2.bed.gz.tbi	1777750691217188	1544490	md5_base64	EevFJE65LYCN71nx8AP4zQ==	2026-05-02T19:38:11.220Z	2026-06-03T14:29:06.468Z	gs://fc-fd42e80c-b41e-4e60-a9cf-b7c0ade168c4/submissions/a1e9b9ce-0d67-4d42-b107-b9821f44dd60/MethylationProfiling/1b16c89d-2de7-42a7-b121-0521553eba5d/call-CpgPileup/HG04115.hap2.bed.gz.tbi?generation=1777750691217188	3	hwvHqg==	EevFJE65LYCN71nx8AP4zQ==	CKT+y7Otm5QDEAM=
HG04157	combined_bed	cpg_combined_bed	gs://fc-fd42e80c-b41e-4e60-a9cf-b7c0ade168c4/submissions/a1e9b9ce-0d67-4d42-b107-b9821f44dd60/MethylationProfiling/62e50ccf-63df-4701-94b2-3d14d2d293d4/call-CpgPileup/HG04157.combined.bed.gz	1777749700267999	336353335	md5_base64	siPCdt6AL+6bgmY/fSJk0w==	2026-05-02T19:21:40.274Z	2026-06-03T15:15:05.080Z	gs://fc-fd42e80c-b41e-4e60-a9cf-b7c0ade168c4/submissions/a1e9b9ce-0d67-4d42-b107-b9821f44dd60/MethylationProfiling/62e50ccf-63df-4701-94b2-3d14d2d293d4/call-CpgPileup/HG04157.combined.bed.gz?generation=1777749700267999	3	bcQOUA==	siPCdt6AL+6bgmY/fSJk0w==	CN+fidupm5QDEAM=
HG04157	combined_bed_index	independently_verified_combined_bed_index	gs://fc-fd42e80c-b41e-4e60-a9cf-b7c0ade168c4/submissions/a1e9b9ce-0d67-4d42-b107-b9821f44dd60/MethylationProfiling/62e50ccf-63df-4701-94b2-3d14d2d293d4/call-CpgPileup/HG04157.combined.bed.gz.tbi	1777749686138151	1693627	md5_base64	4Be8uSE40+wjXBhO7y85GA==	2026-05-02T19:21:26.141Z	2026-06-02T19:58:13.596Z	gs://fc-fd42e80c-b41e-4e60-a9cf-b7c0ade168c4/submissions/a1e9b9ce-0d67-4d42-b107-b9821f44dd60/MethylationProfiling/62e50ccf-63df-4701-94b2-3d14d2d293d4/call-CpgPileup/HG04157.combined.bed.gz.tbi?generation=1777749686138151	2	Nbw18Q==	4Be8uSE40+wjXBhO7y85GA==	CKfqqtSpm5QDEAI=
HG04157	hap1_bed	cpg_hap1_bed	gs://fc-fd42e80c-b41e-4e60-a9cf-b7c0ade168c4/submissions/a1e9b9ce-0d67-4d42-b107-b9821f44dd60/MethylationProfiling/62e50ccf-63df-4701-94b2-3d14d2d293d4/call-CpgPileup/HG04157.hap1.bed.gz	1777749684132977	286403362	md5_base64	71o+omIpzRaxaFleiNQ+sg==	2026-05-02T19:21:24.138Z	2026-06-02T20:02:42.811Z	gs://fc-fd42e80c-b41e-4e60-a9cf-b7c0ade168c4/submissions/a1e9b9ce-0d67-4d42-b107-b9821f44dd60/MethylationProfiling/62e50ccf-63df-4701-94b2-3d14d2d293d4/call-CpgPileup/HG04157.hap1.bed.gz?generation=1777749684132977	2	mUw4eQ==	71o+omIpzRaxaFleiNQ+sg==	CPG4sNOpm5QDEAI=
HG04157	hap1_bed_index	cpg_hap1_bed_idx	gs://fc-fd42e80c-b41e-4e60-a9cf-b7c0ade168c4/submissions/a1e9b9ce-0d67-4d42-b107-b9821f44dd60/MethylationProfiling/62e50ccf-63df-4701-94b2-3d14d2d293d4/call-CpgPileup/HG04157.hap1.bed.gz.tbi	1777749702256540	1572920	md5_base64	ScIMUMM4JWxofSp6jVb3Fw==	2026-05-02T19:21:42.261Z	2026-06-03T15:58:33.804Z	gs://fc-fd42e80c-b41e-4e60-a9cf-b7c0ade168c4/submissions/a1e9b9ce-0d67-4d42-b107-b9821f44dd60/MethylationProfiling/62e50ccf-63df-4701-94b2-3d14d2d293d4/call-CpgPileup/HG04157.hap1.bed.gz.tbi?generation=1777749702256540	3	B0IVIw==	ScIMUMM4JWxofSp6jVb3Fw==	CJzPgtypm5QDEAM=
HG04157	hap2_bed	cpg_hap2_bed	gs://fc-fd42e80c-b41e-4e60-a9cf-b7c0ade168c4/submissions/a1e9b9ce-0d67-4d42-b107-b9821f44dd60/MethylationProfiling/62e50ccf-63df-4701-94b2-3d14d2d293d4/call-CpgPileup/HG04157.hap2.bed.gz	1777749692641523	286452158	md5_base64	/6ikwKnmqnbgUI2I20WusQ==	2026-05-02T19:21:32.646Z	2026-06-03T15:27:58.580Z	gs://fc-fd42e80c-b41e-4e60-a9cf-b7c0ade168c4/submissions/a1e9b9ce-0d67-4d42-b107-b9821f44dd60/MethylationProfiling/62e50ccf-63df-4701-94b2-3d14d2d293d4/call-CpgPileup/HG04157.hap2.bed.gz?generation=1777749692641523	3	pypoig==	/6ikwKnmqnbgUI2I20WusQ==	CPPht9epm5QDEAM=
HG04157	hap2_bed_index	cpg_hap2_bed_idx	gs://fc-fd42e80c-b41e-4e60-a9cf-b7c0ade168c4/submissions/a1e9b9ce-0d67-4d42-b107-b9821f44dd60/MethylationProfiling/62e50ccf-63df-4701-94b2-3d14d2d293d4/call-CpgPileup/HG04157.hap2.bed.gz.tbi	1777749677193712	1572885	md5_base64	stQKwfB5nOybUGTFYHPkLw==	2026-05-02T19:21:17.198Z	2026-06-02T20:34:50.221Z	gs://fc-fd42e80c-b41e-4e60-a9cf-b7c0ade168c4/submissions/a1e9b9ce-0d67-4d42-b107-b9821f44dd60/MethylationProfiling/62e50ccf-63df-4701-94b2-3d14d2d293d4/call-CpgPileup/HG04157.hap2.bed.gz.tbi?generation=1777749677193712	2	kE5DlQ==	stQKwfB5nOybUGTFYHPkLw==	CPDziNCpm5QDEAI=
HG04160	combined_bed	cpg_combined_bed	gs://fc-fd42e80c-b41e-4e60-a9cf-b7c0ade168c4/submissions/a1e9b9ce-0d67-4d42-b107-b9821f44dd60/MethylationProfiling/8864331f-6877-4aab-8b88-7d3fe3d5f1ae/call-CpgPileup/HG04160.combined.bed.gz	1777749987699835	341767399	md5_base64	wbiyb04zU4JNlZI0RriXWA==	2026-05-02T19:26:27.703Z	2026-06-02T19:43:06.234Z	gs://fc-fd42e80c-b41e-4e60-a9cf-b7c0ade168c4/submissions/a1e9b9ce-0d67-4d42-b107-b9821f44dd60/MethylationProfiling/8864331f-6877-4aab-8b88-7d3fe3d5f1ae/call-CpgPileup/HG04160.combined.bed.gz?generation=1777749987699835	2	1+Y11A==	wbiyb04zU4JNlZI0RriXWA==	CPvYkOSqm5QDEAI=
HG04160	combined_bed_index	independently_verified_combined_bed_index	gs://fc-fd42e80c-b41e-4e60-a9cf-b7c0ade168c4/submissions/a1e9b9ce-0d67-4d42-b107-b9821f44dd60/MethylationProfiling/8864331f-6877-4aab-8b88-7d3fe3d5f1ae/call-CpgPileup/HG04160.combined.bed.gz.tbi	1777750007904805	1694312	md5_base64	zl1kZynj2IPyeUqehgvd+w==	2026-05-02T19:26:47.907Z	2026-06-03T14:30:13.832Z	gs://fc-fd42e80c-b41e-4e60-a9cf-b7c0ade168c4/submissions/a1e9b9ce-0d67-4d42-b107-b9821f44dd60/MethylationProfiling/8864331f-6877-4aab-8b88-7d3fe3d5f1ae/call-CpgPileup/HG04160.combined.bed.gz.tbi?generation=1777750007904805	3	vL0MNA==	zl1kZynj2IPyeUqehgvd+w==	CKX04e2qm5QDEAM=
HG04160	hap1_bed	cpg_hap1_bed	gs://fc-fd42e80c-b41e-4e60-a9cf-b7c0ade168c4/submissions/a1e9b9ce-0d67-4d42-b107-b9821f44dd60/MethylationProfiling/8864331f-6877-4aab-8b88-7d3fe3d5f1ae/call-CpgPileup/HG04160.hap1.bed.gz	1777749994909512	289077306	md5_base64	yFWgTn/wLzOglsyoaEoppQ==	2026-05-02T19:26:34.915Z	2026-06-03T14:33:00.446Z	gs://fc-fd42e80c-b41e-4e60-a9cf-b7c0ade168c4/submissions/a1e9b9ce-0d67-4d42-b107-b9821f44dd60/MethylationProfiling/8864331f-6877-4aab-8b88-7d3fe3d5f1ae/call-CpgPileup/HG04160.hap1.bed.gz?generation=1777749994909512	3	Rc3KtQ==	yFWgTn/wLzOglsyoaEoppQ==	CMjeyOeqm5QDEAM=
HG04160	hap1_bed_index	cpg_hap1_bed_idx	gs://fc-fd42e80c-b41e-4e60-a9cf-b7c0ade168c4/submissions/a1e9b9ce-0d67-4d42-b107-b9821f44dd60/MethylationProfiling/8864331f-6877-4aab-8b88-7d3fe3d5f1ae/call-CpgPileup/HG04160.hap1.bed.gz.tbi	1777750004253988	1567273	md5_base64	QRLbZNqX7rPWdiB7wZDseQ==	2026-05-02T19:26:44.268Z	2026-06-02T20:23:10.617Z	gs://fc-fd42e80c-b41e-4e60-a9cf-b7c0ade168c4/submissions/a1e9b9ce-0d67-4d42-b107-b9821f44dd60/MethylationProfiling/8864331f-6877-4aab-8b88-7d3fe3d5f1ae/call-CpgPileup/HG04160.hap1.bed.gz.tbi?generation=1777750004253988	2	X6j9JQ==	QRLbZNqX7rPWdiB7wZDseQ==	CKSKg+yqm5QDEAI=
HG04160	hap2_bed	cpg_hap2_bed	gs://fc-fd42e80c-b41e-4e60-a9cf-b7c0ade168c4/submissions/a1e9b9ce-0d67-4d42-b107-b9821f44dd60/MethylationProfiling/8864331f-6877-4aab-8b88-7d3fe3d5f1ae/call-CpgPileup/HG04160.hap2.bed.gz	1777750002366812	289212427	md5_base64	Jbr2P+opNX2LBkgYNaF+TA==	2026-05-02T19:26:42.371Z	2026-06-03T15:36:02.567Z	gs://fc-fd42e80c-b41e-4e60-a9cf-b7c0ade168c4/submissions/a1e9b9ce-0d67-4d42-b107-b9821f44dd60/MethylationProfiling/8864331f-6877-4aab-8b88-7d3fe3d5f1ae/call-CpgPileup/HG04160.hap2.bed.gz?generation=1777750002366812	3	PWJ8GQ==	Jbr2P+opNX2LBkgYNaF+TA==	CNzyj+uqm5QDEAM=
HG04160	hap2_bed_index	cpg_hap2_bed_idx	gs://fc-fd42e80c-b41e-4e60-a9cf-b7c0ade168c4/submissions/a1e9b9ce-0d67-4d42-b107-b9821f44dd60/MethylationProfiling/8864331f-6877-4aab-8b88-7d3fe3d5f1ae/call-CpgPileup/HG04160.hap2.bed.gz.tbi	1777750006095852	1569147	md5_base64	psUOp6zxlU2LbJfnLvXzBQ==	2026-05-02T19:26:46.101Z	2026-06-02T20:11:03.277Z	gs://fc-fd42e80c-b41e-4e60-a9cf-b7c0ade168c4/submissions/a1e9b9ce-0d67-4d42-b107-b9821f44dd60/MethylationProfiling/8864331f-6877-4aab-8b88-7d3fe3d5f1ae/call-CpgPileup/HG04160.hap2.bed.gz.tbi?generation=1777750006095852	2	gNV1ng==	psUOp6zxlU2LbJfnLvXzBQ==	COy/8+yqm5QDEAI=
HG04184	combined_bed	cpg_combined_bed	gs://fc-fd42e80c-b41e-4e60-a9cf-b7c0ade168c4/submissions/a1e9b9ce-0d67-4d42-b107-b9821f44dd60/MethylationProfiling/e8489121-e5e6-420f-bac1-17ded9338ad6/call-CpgPileup/HG04184.combined.bed.gz	1777750024352852	291826854	md5_base64	k+pMOPPRNGB/7f9SuHhIyg==	2026-05-02T19:27:04.357Z	2026-06-02T20:35:02.213Z	gs://fc-fd42e80c-b41e-4e60-a9cf-b7c0ade168c4/submissions/a1e9b9ce-0d67-4d42-b107-b9821f44dd60/MethylationProfiling/e8489121-e5e6-420f-bac1-17ded9338ad6/call-CpgPileup/HG04184.combined.bed.gz?generation=1777750024352852	2	RqYesQ==	k+pMOPPRNGB/7f9SuHhIyg==	CNTozfWqm5QDEAI=
HG04184	combined_bed_index	independently_verified_combined_bed_index	gs://fc-fd42e80c-b41e-4e60-a9cf-b7c0ade168c4/submissions/a1e9b9ce-0d67-4d42-b107-b9821f44dd60/MethylationProfiling/e8489121-e5e6-420f-bac1-17ded9338ad6/call-CpgPileup/HG04184.combined.bed.gz.tbi	1777750016985621	1676517	md5_base64	pmSKg2zCaIYZC4xDXpcvzQ==	2026-05-02T19:26:56.989Z	2026-06-03T15:20:42.854Z	gs://fc-fd42e80c-b41e-4e60-a9cf-b7c0ade168c4/submissions/a1e9b9ce-0d67-4d42-b107-b9821f44dd60/MethylationProfiling/e8489121-e5e6-420f-bac1-17ded9338ad6/call-CpgPileup/HG04184.combined.bed.gz.tbi?generation=1777750016985621	3	0WVaYg==	pmSKg2zCaIYZC4xDXpcvzQ==	CJWUjPKqm5QDEAM=
HG04184	hap1_bed	cpg_hap1_bed	gs://fc-fd42e80c-b41e-4e60-a9cf-b7c0ade168c4/submissions/a1e9b9ce-0d67-4d42-b107-b9821f44dd60/MethylationProfiling/e8489121-e5e6-420f-bac1-17ded9338ad6/call-CpgPileup/HG04184.hap1.bed.gz	1777750008003197	242802528	md5_base64	YsIQorAN1t26uboymQDrBQ==	2026-05-02T19:26:48.008Z	2026-06-02T20:17:38.332Z	gs://fc-fd42e80c-b41e-4e60-a9cf-b7c0ade168c4/submissions/a1e9b9ce-0d67-4d42-b107-b9821f44dd60/MethylationProfiling/e8489121-e5e6-420f-bac1-17ded9338ad6/call-CpgPileup/HG04184.hap1.bed.gz?generation=1777750008003197	2	rBpIMg==	YsIQorAN1t26uboymQDrBQ==	CP305+2qm5QDEAI=
HG04184	hap1_bed_index	cpg_hap1_bed_idx	gs://fc-fd42e80c-b41e-4e60-a9cf-b7c0ade168c4/submissions/a1e9b9ce-0d67-4d42-b107-b9821f44dd60/MethylationProfiling/e8489121-e5e6-420f-bac1-17ded9338ad6/call-CpgPileup/HG04184.hap1.bed.gz.tbi	1777750000563313	1622772	md5_base64	qx4oguCitA6I+S2WwNSk6A==	2026-05-02T19:26:40.566Z	2026-06-03T15:50:05.996Z	gs://fc-fd42e80c-b41e-4e60-a9cf-b7c0ade168c4/submissions/a1e9b9ce-0d67-4d42-b107-b9821f44dd60/MethylationProfiling/e8489121-e5e6-420f-bac1-17ded9338ad6/call-CpgPileup/HG04184.hap1.bed.gz.tbi?generation=1777750000563313	3	qovvYA==	qx4oguCitA6I+S2WwNSk6A==	CPHooeqqm5QDEAM=
HG04184	hap2_bed	cpg_hap2_bed	gs://fc-fd42e80c-b41e-4e60-a9cf-b7c0ade168c4/submissions/a1e9b9ce-0d67-4d42-b107-b9821f44dd60/MethylationProfiling/e8489121-e5e6-420f-bac1-17ded9338ad6/call-CpgPileup/HG04184.hap2.bed.gz	1777750013026812	242868938	md5_base64	Ep2hwsic0kWqkdtiRRXXaA==	2026-05-02T19:26:53.031Z	2026-06-03T15:04:04.666Z	gs://fc-fd42e80c-b41e-4e60-a9cf-b7c0ade168c4/submissions/a1e9b9ce-0d67-4d42-b107-b9821f44dd60/MethylationProfiling/e8489121-e5e6-420f-bac1-17ded9338ad6/call-CpgPileup/HG04184.hap2.bed.gz?generation=1777750013026812	3	5lx9/w==	Ep2hwsic0kWqkdtiRRXXaA==	CPzDmvCqm5QDEAM=
HG04184	hap2_bed_index	cpg_hap2_bed_idx	gs://fc-fd42e80c-b41e-4e60-a9cf-b7c0ade168c4/submissions/a1e9b9ce-0d67-4d42-b107-b9821f44dd60/MethylationProfiling/e8489121-e5e6-420f-bac1-17ded9338ad6/call-CpgPileup/HG04184.hap2.bed.gz.tbi	1777750015016013	1622700	md5_base64	tk+ypVAn8SDOdN9elCNSQw==	2026-05-02T19:26:55.019Z	2026-06-03T15:11:07.290Z	gs://fc-fd42e80c-b41e-4e60-a9cf-b7c0ade168c4/submissions/a1e9b9ce-0d67-4d42-b107-b9821f44dd60/MethylationProfiling/e8489121-e5e6-420f-bac1-17ded9338ad6/call-CpgPileup/HG04184.hap2.bed.gz.tbi?generation=1777750015016013	3	+Sl6ow==	tk+ypVAn8SDOdN9elCNSQw==	CM34k/Gqm5QDEAM=
HG04187	combined_bed	cpg_combined_bed	gs://fc-fd42e80c-b41e-4e60-a9cf-b7c0ade168c4/submissions/a1e9b9ce-0d67-4d42-b107-b9821f44dd60/MethylationProfiling/64becc1c-8dc1-4e2b-916b-44199ec3e64c/call-CpgPileup/HG04187.combined.bed.gz	1777743454164019	298655033	md5_base64	Q5WrVGbq95vqxg5rKI7Ihg==	2026-05-02T17:37:34.168Z	2026-06-03T15:39:07.095Z	gs://fc-fd42e80c-b41e-4e60-a9cf-b7c0ade168c4/submissions/a1e9b9ce-0d67-4d42-b107-b9821f44dd60/MethylationProfiling/64becc1c-8dc1-4e2b-916b-44199ec3e64c/call-CpgPileup/HG04187.combined.bed.gz?generation=1777743454164019	3	ChZI4g==	Q5WrVGbq95vqxg5rKI7Ihg==	CLOo2biSm5QDEAM=
HG04187	combined_bed_index	independently_verified_combined_bed_index	gs://fc-fd42e80c-b41e-4e60-a9cf-b7c0ade168c4/submissions/a1e9b9ce-0d67-4d42-b107-b9821f44dd60/MethylationProfiling/64becc1c-8dc1-4e2b-916b-44199ec3e64c/call-CpgPileup/HG04187.combined.bed.gz.tbi	1777743456094278	1688166	md5_base64	F37lF6YKumXv9x2yUEnLyg==	2026-05-02T17:37:36.097Z	2026-06-03T15:56:59.189Z	gs://fc-fd42e80c-b41e-4e60-a9cf-b7c0ade168c4/submissions/a1e9b9ce-0d67-4d42-b107-b9821f44dd60/MethylationProfiling/64becc1c-8dc1-4e2b-916b-44199ec3e64c/call-CpgPileup/HG04187.combined.bed.gz.tbi?generation=1777743456094278	3	aFMNgg==	F37lF6YKumXv9x2yUEnLyg==	CMaQz7mSm5QDEAM=
HG04187	hap1_bed	cpg_hap1_bed	gs://fc-fd42e80c-b41e-4e60-a9cf-b7c0ade168c4/submissions/a1e9b9ce-0d67-4d42-b107-b9821f44dd60/MethylationProfiling/64becc1c-8dc1-4e2b-916b-44199ec3e64c/call-CpgPileup/HG04187.hap1.bed.gz	1777743464933656	248645171	md5_base64	/Oz4ogbImvSNHTDUkzSlvQ==	2026-05-02T17:37:44.936Z	2026-06-03T14:55:57.877Z	gs://fc-fd42e80c-b41e-4e60-a9cf-b7c0ade168c4/submissions/a1e9b9ce-0d67-4d42-b107-b9821f44dd60/MethylationProfiling/64becc1c-8dc1-4e2b-916b-44199ec3e64c/call-CpgPileup/HG04187.hap1.bed.gz?generation=1777743464933656	3	i6I6xw==	/Oz4ogbImvSNHTDUkzSlvQ==	CJjS6r2Sm5QDEAM=
HG04187	hap1_bed_index	cpg_hap1_bed_idx	gs://fc-fd42e80c-b41e-4e60-a9cf-b7c0ade168c4/submissions/a1e9b9ce-0d67-4d42-b107-b9821f44dd60/MethylationProfiling/64becc1c-8dc1-4e2b-916b-44199ec3e64c/call-CpgPileup/HG04187.hap1.bed.gz.tbi	1777743466821898	1553547	md5_base64	hlil11M8tDKKcsdI7PbbFw==	2026-05-02T17:37:46.825Z	2026-06-03T15:49:31.065Z	gs://fc-fd42e80c-b41e-4e60-a9cf-b7c0ade168c4/submissions/a1e9b9ce-0d67-4d42-b107-b9821f44dd60/MethylationProfiling/64becc1c-8dc1-4e2b-916b-44199ec3e64c/call-CpgPileup/HG04187.hap1.bed.gz.tbi?generation=1777743466821898	3	BHLUFQ==	hlil11M8tDKKcsdI7PbbFw==	CIry3b6Sm5QDEAM=
HG04187	hap2_bed	cpg_hap2_bed	gs://fc-fd42e80c-b41e-4e60-a9cf-b7c0ade168c4/submissions/a1e9b9ce-0d67-4d42-b107-b9821f44dd60/MethylationProfiling/64becc1c-8dc1-4e2b-916b-44199ec3e64c/call-CpgPileup/HG04187.hap2.bed.gz	1777743472544522	248267559	md5_base64	EzST+mcgZKr+9odik+BrzQ==	2026-05-02T17:37:52.548Z	2026-06-03T16:00:02.850Z	gs://fc-fd42e80c-b41e-4e60-a9cf-b7c0ade168c4/submissions/a1e9b9ce-0d67-4d42-b107-b9821f44dd60/MethylationProfiling/64becc1c-8dc1-4e2b-916b-44199ec3e64c/call-CpgPileup/HG04187.hap2.bed.gz?generation=1777743472544522	3	xDgeRw==	EzST+mcgZKr+9odik+BrzQ==	CIqWu8GSm5QDEAM=
HG04187	hap2_bed_index	cpg_hap2_bed_idx	gs://fc-fd42e80c-b41e-4e60-a9cf-b7c0ade168c4/submissions/a1e9b9ce-0d67-4d42-b107-b9821f44dd60/MethylationProfiling/64becc1c-8dc1-4e2b-916b-44199ec3e64c/call-CpgPileup/HG04187.hap2.bed.gz.tbi	1777743457992542	1553202	md5_base64	Fxo8d8Ii4rwbkNW9WTF8ag==	2026-05-02T17:37:37.995Z	2026-06-02T19:43:30.591Z	gs://fc-fd42e80c-b41e-4e60-a9cf-b7c0ade168c4/submissions/a1e9b9ce-0d67-4d42-b107-b9821f44dd60/MethylationProfiling/64becc1c-8dc1-4e2b-916b-44199ec3e64c/call-CpgPileup/HG04187.hap2.bed.gz.tbi?generation=1777743457992542	2	M+ww8A==	Fxo8d8Ii4rwbkNW9WTF8ag==	CN7+wrqSm5QDEAI=
HG04199	combined_bed	cpg_combined_bed	gs://fc-fd42e80c-b41e-4e60-a9cf-b7c0ade168c4/submissions/a1e9b9ce-0d67-4d42-b107-b9821f44dd60/MethylationProfiling/6068b55e-1866-47a6-956e-74df50af92b3/call-CpgPileup/HG04199.combined.bed.gz	1777750468838420	311462287	md5_base64	tVm2bV6jwln/nadf1zRQBg==	2026-05-02T19:34:28.843Z	2026-06-03T15:48:12.757Z	gs://fc-fd42e80c-b41e-4e60-a9cf-b7c0ade168c4/submissions/a1e9b9ce-0d67-4d42-b107-b9821f44dd60/MethylationProfiling/6068b55e-1866-47a6-956e-74df50af92b3/call-CpgPileup/HG04199.combined.bed.gz?generation=1777750468838420	3	udyWoA==	tVm2bV6jwln/nadf1zRQBg==	CJSIx8msm5QDEAM=
HG04199	combined_bed_index	independently_verified_combined_bed_index	gs://fc-fd42e80c-b41e-4e60-a9cf-b7c0ade168c4/submissions/a1e9b9ce-0d67-4d42-b107-b9821f44dd60/MethylationProfiling/6068b55e-1866-47a6-956e-74df50af92b3/call-CpgPileup/HG04199.combined.bed.gz.tbi	1777750480393783	1690744	md5_base64	8kNd9L/S8MITAkaVcWN7/g==	2026-05-02T19:34:40.399Z	2026-06-03T14:48:09.855Z	gs://fc-fd42e80c-b41e-4e60-a9cf-b7c0ade168c4/submissions/a1e9b9ce-0d67-4d42-b107-b9821f44dd60/MethylationProfiling/6068b55e-1866-47a6-956e-74df50af92b3/call-CpgPileup/HG04199.combined.bed.gz.tbi?generation=1777750480393783	3	npEq3Q==	8kNd9L/S8MITAkaVcWN7/g==	CLesiM+sm5QDEAM=
HG04199	hap1_bed	cpg_hap1_bed	gs://fc-fd42e80c-b41e-4e60-a9cf-b7c0ade168c4/submissions/a1e9b9ce-0d67-4d42-b107-b9821f44dd60/MethylationProfiling/6068b55e-1866-47a6-956e-74df50af92b3/call-CpgPileup/HG04199.hap1.bed.gz	1777750474911646	260362477	md5_base64	YNe5lhBi1UGoknjt3epqhw==	2026-05-02T19:34:34.915Z	2026-06-02T20:29:45.654Z	gs://fc-fd42e80c-b41e-4e60-a9cf-b7c0ade168c4/submissions/a1e9b9ce-0d67-4d42-b107-b9821f44dd60/MethylationProfiling/6068b55e-1866-47a6-956e-74df50af92b3/call-CpgPileup/HG04199.hap1.bed.gz?generation=1777750474911646	2	/CQQnA==	YNe5lhBi1UGoknjt3epqhw==	CJ7fucysm5QDEAI=
HG04199	hap1_bed_index	cpg_hap1_bed_idx	gs://fc-fd42e80c-b41e-4e60-a9cf-b7c0ade168c4/submissions/a1e9b9ce-0d67-4d42-b107-b9821f44dd60/MethylationProfiling/6068b55e-1866-47a6-956e-74df50af92b3/call-CpgPileup/HG04199.hap1.bed.gz.tbi	1777750478601484	1558694	md5_base64	WS8SMmU41gO5jV5ilzL5NA==	2026-05-02T19:34:38.605Z	2026-06-03T15:50:05.996Z	gs://fc-fd42e80c-b41e-4e60-a9cf-b7c0ade168c4/submissions/a1e9b9ce-0d67-4d42-b107-b9821f44dd60/MethylationProfiling/6068b55e-1866-47a6-956e-74df50af92b3/call-CpgPileup/HG04199.hap1.bed.gz.tbi?generation=1777750478601484	3	5dQOqw==	WS8SMmU41gO5jV5ilzL5NA==	CIz6ms6sm5QDEAM=
HG04199	hap2_bed	cpg_hap2_bed	gs://fc-fd42e80c-b41e-4e60-a9cf-b7c0ade168c4/submissions/a1e9b9ce-0d67-4d42-b107-b9821f44dd60/MethylationProfiling/6068b55e-1866-47a6-956e-74df50af92b3/call-CpgPileup/HG04199.hap2.bed.gz	1777750463178054	260336686	md5_base64	NVvpitXftDQTJoB4r7gztw==	2026-05-02T19:34:23.183Z	2026-06-03T15:13:05.399Z	gs://fc-fd42e80c-b41e-4e60-a9cf-b7c0ade168c4/submissions/a1e9b9ce-0d67-4d42-b107-b9821f44dd60/MethylationProfiling/6068b55e-1866-47a6-956e-74df50af92b3/call-CpgPileup/HG04199.hap2.bed.gz?generation=1777750463178054	3	u8O1Aw==	NVvpitXftDQTJoB4r7gztw==	CMbK7casm5QDEAM=
HG04199	hap2_bed_index	cpg_hap2_bed_idx	gs://fc-fd42e80c-b41e-4e60-a9cf-b7c0ade168c4/submissions/a1e9b9ce-0d67-4d42-b107-b9821f44dd60/MethylationProfiling/6068b55e-1866-47a6-956e-74df50af92b3/call-CpgPileup/HG04199.hap2.bed.gz.tbi	1777750476794948	1557927	md5_base64	8ioiZHGN5bFnFvvqxs6/fg==	2026-05-02T19:34:36.799Z	2026-06-03T15:37:03.485Z	gs://fc-fd42e80c-b41e-4e60-a9cf-b7c0ade168c4/submissions/a1e9b9ce-0d67-4d42-b107-b9821f44dd60/MethylationProfiling/6068b55e-1866-47a6-956e-74df50af92b3/call-CpgPileup/HG04199.hap2.bed.gz.tbi?generation=1777750476794948	3	yMdG4w==	8ioiZHGN5bFnFvvqxs6/fg==	CMTYrM2sm5QDEAM=
HG04204	combined_bed	cpg_combined_bed	gs://fc-fd42e80c-b41e-4e60-a9cf-b7c0ade168c4/submissions/a1e9b9ce-0d67-4d42-b107-b9821f44dd60/MethylationProfiling/a6161cdc-9c06-4c0a-8418-3dd87f4b920f/call-CpgPileup/HG04204.combined.bed.gz	1777750483247385	292878646	md5_base64	cJgh+AMSV1Ehqa55G0+Z7Q==	2026-05-02T19:34:43.252Z	2026-06-03T16:01:49.011Z	gs://fc-fd42e80c-b41e-4e60-a9cf-b7c0ade168c4/submissions/a1e9b9ce-0d67-4d42-b107-b9821f44dd60/MethylationProfiling/a6161cdc-9c06-4c0a-8418-3dd87f4b920f/call-CpgPileup/HG04204.combined.bed.gz?generation=1777750483247385	3	7JDS0A==	cJgh+AMSV1Ehqa55G0+Z7Q==	CJnCttCsm5QDEAM=
HG04204	combined_bed_index	independently_verified_combined_bed_index	gs://fc-fd42e80c-b41e-4e60-a9cf-b7c0ade168c4/submissions/a1e9b9ce-0d67-4d42-b107-b9821f44dd60/MethylationProfiling/a6161cdc-9c06-4c0a-8418-3dd87f4b920f/call-CpgPileup/HG04204.combined.bed.gz.tbi	1777750485227432	1686086	md5_base64	SBbvlFEp996yez2ks+KZ4Q==	2026-05-02T19:34:45.230Z	2026-06-02T20:25:11.483Z	gs://fc-fd42e80c-b41e-4e60-a9cf-b7c0ade168c4/submissions/a1e9b9ce-0d67-4d42-b107-b9821f44dd60/MethylationProfiling/a6161cdc-9c06-4c0a-8418-3dd87f4b920f/call-CpgPileup/HG04204.combined.bed.gz.tbi?generation=1777750485227432	2	gwyTbA==	SBbvlFEp996yez2ks+KZ4Q==	CKivr9Gsm5QDEAI=
HG04204	hap1_bed	cpg_hap1_bed	gs://fc-fd42e80c-b41e-4e60-a9cf-b7c0ade168c4/submissions/a1e9b9ce-0d67-4d42-b107-b9821f44dd60/MethylationProfiling/a6161cdc-9c06-4c0a-8418-3dd87f4b920f/call-CpgPileup/HG04204.hap1.bed.gz	1777750468072847	236758248	md5_base64	TN6hqk61oqsDl7YbXq1rNQ==	2026-05-02T19:34:28.078Z	2026-06-03T15:48:27.286Z	gs://fc-fd42e80c-b41e-4e60-a9cf-b7c0ade168c4/submissions/a1e9b9ce-0d67-4d42-b107-b9821f44dd60/MethylationProfiling/a6161cdc-9c06-4c0a-8418-3dd87f4b920f/call-CpgPileup/HG04204.hap1.bed.gz?generation=1777750468072847	3	IImY4A==	TN6hqk61oqsDl7YbXq1rNQ==	CI+rmMmsm5QDEAM=
HG04204	hap1_bed_index	cpg_hap1_bed_idx	gs://fc-fd42e80c-b41e-4e60-a9cf-b7c0ade168c4/submissions/a1e9b9ce-0d67-4d42-b107-b9821f44dd60/MethylationProfiling/a6161cdc-9c06-4c0a-8418-3dd87f4b920f/call-CpgPileup/HG04204.hap1.bed.gz.tbi	1777750469992383	1542394	md5_base64	/La5PoQJdZEtJircBaJXPg==	2026-05-02T19:34:29.996Z	2026-06-03T14:55:00.288Z	gs://fc-fd42e80c-b41e-4e60-a9cf-b7c0ade168c4/submissions/a1e9b9ce-0d67-4d42-b107-b9821f44dd60/MethylationProfiling/a6161cdc-9c06-4c0a-8418-3dd87f4b920f/call-CpgPileup/HG04204.hap1.bed.gz.tbi?generation=1777750469992383	3	8sqz0A==	/La5PoQJdZEtJircBaJXPg==	CL+/jcqsm5QDEAM=
HG04204	hap2_bed	cpg_hap2_bed	gs://fc-fd42e80c-b41e-4e60-a9cf-b7c0ade168c4/submissions/a1e9b9ce-0d67-4d42-b107-b9821f44dd60/MethylationProfiling/a6161cdc-9c06-4c0a-8418-3dd87f4b920f/call-CpgPileup/HG04204.hap2.bed.gz	1777750476387602	236800504	md5_base64	hanDSWS5pVuh/E8aDcPm1g==	2026-05-02T19:34:36.391Z	2026-06-02T20:33:44.472Z	gs://fc-fd42e80c-b41e-4e60-a9cf-b7c0ade168c4/submissions/a1e9b9ce-0d67-4d42-b107-b9821f44dd60/MethylationProfiling/a6161cdc-9c06-4c0a-8418-3dd87f4b920f/call-CpgPileup/HG04204.hap2.bed.gz?generation=1777750476387602	2	SXutaw==	hanDSWS5pVuh/E8aDcPm1g==	CJLqk82sm5QDEAI=
HG04204	hap2_bed_index	cpg_hap2_bed_idx	gs://fc-fd42e80c-b41e-4e60-a9cf-b7c0ade168c4/submissions/a1e9b9ce-0d67-4d42-b107-b9821f44dd60/MethylationProfiling/a6161cdc-9c06-4c0a-8418-3dd87f4b920f/call-CpgPileup/HG04204.hap2.bed.gz.tbi	1777750478380449	1542661	md5_base64	avABh4iAtCpj2yBnrXcWsw==	2026-05-02T19:34:38.383Z	2026-06-02T20:01:16.043Z	gs://fc-fd42e80c-b41e-4e60-a9cf-b7c0ade168c4/submissions/a1e9b9ce-0d67-4d42-b107-b9821f44dd60/MethylationProfiling/a6161cdc-9c06-4c0a-8418-3dd87f4b920f/call-CpgPileup/HG04204.hap2.bed.gz.tbi?generation=1777750478380449	2	vpeOHw==	avABh4iAtCpj2yBnrXcWsw==	CKG7jc6sm5QDEAI=
HG04228	combined_bed	cpg_combined_bed	gs://fc-fd42e80c-b41e-4e60-a9cf-b7c0ade168c4/submissions/a1e9b9ce-0d67-4d42-b107-b9821f44dd60/MethylationProfiling/feedbd05-4cc5-4413-8e20-3a4aa0f27dc8/call-CpgPileup/HG04228.combined.bed.gz	1777750441341064	286691666	md5_base64	oh+pF3dnU//L0Vnu66jE9Q==	2026-05-02T19:34:01.345Z	2026-06-03T15:57:11.321Z	gs://fc-fd42e80c-b41e-4e60-a9cf-b7c0ade168c4/submissions/a1e9b9ce-0d67-4d42-b107-b9821f44dd60/MethylationProfiling/feedbd05-4cc5-4413-8e20-3a4aa0f27dc8/call-CpgPileup/HG04228.combined.bed.gz?generation=1777750441341064	3	lTdymQ==	oh+pF3dnU//L0Vnu66jE9Q==	CIjhuLysm5QDEAM=
HG04228	combined_bed_index	independently_verified_combined_bed_index	gs://fc-fd42e80c-b41e-4e60-a9cf-b7c0ade168c4/submissions/a1e9b9ce-0d67-4d42-b107-b9821f44dd60/MethylationProfiling/feedbd05-4cc5-4413-8e20-3a4aa0f27dc8/call-CpgPileup/HG04228.combined.bed.gz.tbi	1777750431137431	1682545	md5_base64	Cf0N1nT8aEFk90wOl6P+ug==	2026-05-02T19:33:51.141Z	2026-06-02T20:23:10.617Z	gs://fc-fd42e80c-b41e-4e60-a9cf-b7c0ade168c4/submissions/a1e9b9ce-0d67-4d42-b107-b9821f44dd60/MethylationProfiling/feedbd05-4cc5-4413-8e20-3a4aa0f27dc8/call-CpgPileup/HG04228.combined.bed.gz.tbi?generation=1777750431137431	2	M7V6Qg==	Cf0N1nT8aEFk90wOl6P+ug==	CJf9ybesm5QDEAI=
HG04228	hap1_bed	cpg_hap1_bed	gs://fc-fd42e80c-b41e-4e60-a9cf-b7c0ade168c4/submissions/a1e9b9ce-0d67-4d42-b107-b9821f44dd60/MethylationProfiling/feedbd05-4cc5-4413-8e20-3a4aa0f27dc8/call-CpgPileup/HG04228.hap1.bed.gz	1777750424543678	216978504	md5_base64	/NCznaAWQ3CUz0R7kRUYuw==	2026-05-02T19:33:44.548Z	2026-06-03T15:00:00.403Z	gs://fc-fd42e80c-b41e-4e60-a9cf-b7c0ade168c4/submissions/a1e9b9ce-0d67-4d42-b107-b9821f44dd60/MethylationProfiling/feedbd05-4cc5-4413-8e20-3a4aa0f27dc8/call-CpgPileup/HG04228.hap1.bed.gz?generation=1777750424543678	3	1ERImw==	/NCznaAWQ3CUz0R7kRUYuw==	CL7Dt7Ssm5QDEAM=
HG04228	hap1_bed_index	cpg_hap1_bed_idx	gs://fc-fd42e80c-b41e-4e60-a9cf-b7c0ade168c4/submissions/a1e9b9ce-0d67-4d42-b107-b9821f44dd60/MethylationProfiling/feedbd05-4cc5-4413-8e20-3a4aa0f27dc8/call-CpgPileup/HG04228.hap1.bed.gz.tbi	1777750443354025	1512244	md5_base64	fiWB1PxZsR2qb7s6ExppBg==	2026-05-02T19:34:03.357Z	2026-06-02T20:21:39.371Z	gs://fc-fd42e80c-b41e-4e60-a9cf-b7c0ade168c4/submissions/a1e9b9ce-0d67-4d42-b107-b9821f44dd60/MethylationProfiling/feedbd05-4cc5-4413-8e20-3a4aa0f27dc8/call-CpgPileup/HG04228.hap1.bed.gz.tbi?generation=1777750443354025	2	28N8+A==	fiWB1PxZsR2qb7s6ExppBg==	CKnPs72sm5QDEAI=
HG04228	hap2_bed	cpg_hap2_bed	gs://fc-fd42e80c-b41e-4e60-a9cf-b7c0ade168c4/submissions/a1e9b9ce-0d67-4d42-b107-b9821f44dd60/MethylationProfiling/feedbd05-4cc5-4413-8e20-3a4aa0f27dc8/call-CpgPileup/HG04228.hap2.bed.gz	1777750429274831	216504503	md5_base64	RD/DgVD0ZHEQ15IUM2EeVA==	2026-05-02T19:33:49.279Z	2026-06-03T15:19:56.776Z	gs://fc-fd42e80c-b41e-4e60-a9cf-b7c0ade168c4/submissions/a1e9b9ce-0d67-4d42-b107-b9821f44dd60/MethylationProfiling/feedbd05-4cc5-4413-8e20-3a4aa0f27dc8/call-CpgPileup/HG04228.hap2.bed.gz?generation=1777750429274831	3	pCkFag==	RD/DgVD0ZHEQ15IUM2EeVA==	CM+l2Lasm5QDEAM=
HG04228	hap2_bed_index	cpg_hap2_bed_idx	gs://fc-fd42e80c-b41e-4e60-a9cf-b7c0ade168c4/submissions/a1e9b9ce-0d67-4d42-b107-b9821f44dd60/MethylationProfiling/feedbd05-4cc5-4413-8e20-3a4aa0f27dc8/call-CpgPileup/HG04228.hap2.bed.gz.tbi	1777750445394687	1511081	md5_base64	rlSR/O7djDAh/WJU5CUxhQ==	2026-05-02T19:34:05.402Z	2026-06-03T14:33:05.565Z	gs://fc-fd42e80c-b41e-4e60-a9cf-b7c0ade168c4/submissions/a1e9b9ce-0d67-4d42-b107-b9821f44dd60/MethylationProfiling/feedbd05-4cc5-4413-8e20-3a4aa0f27dc8/call-CpgPileup/HG04228.hap2.bed.gz.tbi?generation=1777750445394687	3	Yd8few==	rlSR/O7djDAh/WJU5CUxhQ==	CP+VsL6sm5QDEAM=
HG06807	combined_bed	cpg_combined_bed	gs://fc-fd42e80c-b41e-4e60-a9cf-b7c0ade168c4/submissions/a1e9b9ce-0d67-4d42-b107-b9821f44dd60/MethylationProfiling/ea412637-b6a4-48d0-9205-3dd4a3ee2f0f/call-CpgPileup/HG06807.combined.bed.gz	1777737663007813	301333328	md5_base64	8jrVVAfCDnCNZIYS8gYcAw==	2026-05-02T16:01:03.013Z	2026-06-03T15:20:42.854Z	gs://fc-fd42e80c-b41e-4e60-a9cf-b7c0ade168c4/submissions/a1e9b9ce-0d67-4d42-b107-b9821f44dd60/MethylationProfiling/ea412637-b6a4-48d0-9205-3dd4a3ee2f0f/call-CpgPileup/HG06807.combined.bed.gz?generation=1777737663007813	3	gc0+Jw==	8jrVVAfCDnCNZIYS8gYcAw==	CMWYoe/8mpQDEAM=
HG06807	combined_bed_index	independently_verified_combined_bed_index	gs://fc-fd42e80c-b41e-4e60-a9cf-b7c0ade168c4/submissions/a1e9b9ce-0d67-4d42-b107-b9821f44dd60/MethylationProfiling/ea412637-b6a4-48d0-9205-3dd4a3ee2f0f/call-CpgPileup/HG06807.combined.bed.gz.tbi	1777737701394922	1677104	md5_base64	9UvL+Nu2sSGrBDRUWjA8fA==	2026-05-02T16:01:41.400Z	2026-06-02T20:30:22.667Z	gs://fc-fd42e80c-b41e-4e60-a9cf-b7c0ade168c4/submissions/a1e9b9ce-0d67-4d42-b107-b9821f44dd60/MethylationProfiling/ea412637-b6a4-48d0-9205-3dd4a3ee2f0f/call-CpgPileup/HG06807.combined.bed.gz.tbi?generation=1777737701394922	2	AJ6Gig==	9UvL+Nu2sSGrBDRUWjA8fA==	COqTyIH9mpQDEAI=
HG06807	hap1_bed	cpg_hap1_bed	gs://fc-fd42e80c-b41e-4e60-a9cf-b7c0ade168c4/submissions/a1e9b9ce-0d67-4d42-b107-b9821f44dd60/MethylationProfiling/ea412637-b6a4-48d0-9205-3dd4a3ee2f0f/call-CpgPileup/HG06807.hap1.bed.gz	1777737679482438	264148042	md5_base64	AMsxDK8gfQx3+YyKWTwpGg==	2026-05-02T16:01:19.487Z	2026-06-03T15:50:01.058Z	gs://fc-fd42e80c-b41e-4e60-a9cf-b7c0ade168c4/submissions/a1e9b9ce-0d67-4d42-b107-b9821f44dd60/MethylationProfiling/ea412637-b6a4-48d0-9205-3dd4a3ee2f0f/call-CpgPileup/HG06807.hap1.bed.gz?generation=1777737679482438	3	3Hl7XQ==	AMsxDK8gfQx3+YyKWTwpGg==	CMbcjvf8mpQDEAM=
HG06807	hap1_bed_index	cpg_hap1_bed_idx	gs://fc-fd42e80c-b41e-4e60-a9cf-b7c0ade168c4/submissions/a1e9b9ce-0d67-4d42-b107-b9821f44dd60/MethylationProfiling/ea412637-b6a4-48d0-9205-3dd4a3ee2f0f/call-CpgPileup/HG06807.hap1.bed.gz.tbi	1777737681325657	1646835	md5_base64	0QofIbjZ94NF95LVhnHgaQ==	2026-05-02T16:01:21.330Z	2026-06-02T19:47:23.723Z	gs://fc-fd42e80c-b41e-4e60-a9cf-b7c0ade168c4/submissions/a1e9b9ce-0d67-4d42-b107-b9821f44dd60/MethylationProfiling/ea412637-b6a4-48d0-9205-3dd4a3ee2f0f/call-CpgPileup/HG06807.hap1.bed.gz.tbi?generation=1777737681325657	2	d5NqhA==	0QofIbjZ94NF95LVhnHgaQ==	CNmc//f8mpQDEAI=
HG06807	hap2_bed	cpg_hap2_bed	gs://fc-fd42e80c-b41e-4e60-a9cf-b7c0ade168c4/submissions/a1e9b9ce-0d67-4d42-b107-b9821f44dd60/MethylationProfiling/ea412637-b6a4-48d0-9205-3dd4a3ee2f0f/call-CpgPileup/HG06807.hap2.bed.gz	1777737699550641	264266923	md5_base64	sNp76RIWqkyXuzrYgJZhVg==	2026-05-02T16:01:39.558Z	2026-06-03T14:47:06.059Z	gs://fc-fd42e80c-b41e-4e60-a9cf-b7c0ade168c4/submissions/a1e9b9ce-0d67-4d42-b107-b9821f44dd60/MethylationProfiling/ea412637-b6a4-48d0-9205-3dd4a3ee2f0f/call-CpgPileup/HG06807.hap2.bed.gz?generation=1777737699550641	3	gGMGaw==	sNp76RIWqkyXuzrYgJZhVg==	CLHL14D9mpQDEAM=
HG06807	hap2_bed_index	cpg_hap2_bed_idx	gs://fc-fd42e80c-b41e-4e60-a9cf-b7c0ade168c4/submissions/a1e9b9ce-0d67-4d42-b107-b9821f44dd60/MethylationProfiling/ea412637-b6a4-48d0-9205-3dd4a3ee2f0f/call-CpgPileup/HG06807.hap2.bed.gz.tbi	1777737664845444	1646920	md5_base64	6nS3L3bee/2ij5HP9Q/bGQ==	2026-05-02T16:01:04.850Z	2026-06-03T14:44:03.237Z	gs://fc-fd42e80c-b41e-4e60-a9cf-b7c0ade168c4/submissions/a1e9b9ce-0d67-4d42-b107-b9821f44dd60/MethylationProfiling/ea412637-b6a4-48d0-9205-3dd4a3ee2f0f/call-CpgPileup/HG06807.hap2.bed.gz.tbi?generation=1777737664845444	3	xUuOIw==	6nS3L3bee/2ij5HP9Q/bGQ==	CIStkfD8mpQDEAM=
NA18505	combined_bed	cpg_combined_bed	gs://fc-fd42e80c-b41e-4e60-a9cf-b7c0ade168c4/submissions/a1e9b9ce-0d67-4d42-b107-b9821f44dd60/MethylationProfiling/e4443a0c-07b9-4533-b22d-d7dd8485baf7/call-CpgPileup/NA18505.combined.bed.gz	1777747802690096	334235213	md5_base64	EIZryyzj0Gbf2HHEYxWgBg==	2026-05-02T18:50:02.694Z	2026-06-02T20:18:41.286Z	gs://fc-fd42e80c-b41e-4e60-a9cf-b7c0ade168c4/submissions/a1e9b9ce-0d67-4d42-b107-b9821f44dd60/MethylationProfiling/e4443a0c-07b9-4533-b22d-d7dd8485baf7/call-CpgPileup/NA18505.combined.bed.gz?generation=1777747802690096	2	qwnlBg==	EIZryyzj0Gbf2HHEYxWgBg==	CLCkntKim5QDEAI=
NA18505	combined_bed_index	independently_verified_combined_bed_index	gs://fc-fd42e80c-b41e-4e60-a9cf-b7c0ade168c4/submissions/a1e9b9ce-0d67-4d42-b107-b9821f44dd60/MethylationProfiling/e4443a0c-07b9-4533-b22d-d7dd8485baf7/call-CpgPileup/NA18505.combined.bed.gz.tbi	1777747796780229	1683122	md5_base64	poY1PdPJ0Bh5GBQoRVIJ6w==	2026-05-02T18:49:56.783Z	2026-06-03T14:55:58.172Z	gs://fc-fd42e80c-b41e-4e60-a9cf-b7c0ade168c4/submissions/a1e9b9ce-0d67-4d42-b107-b9821f44dd60/MethylationProfiling/e4443a0c-07b9-4533-b22d-d7dd8485baf7/call-CpgPileup/NA18505.combined.bed.gz.tbi?generation=1777747796780229	3	EL3fEw==	poY1PdPJ0Bh5GBQoRVIJ6w==	CMXJtc+im5QDEAM=
NA18505	hap1_bed	cpg_hap1_bed	gs://fc-fd42e80c-b41e-4e60-a9cf-b7c0ade168c4/submissions/a1e9b9ce-0d67-4d42-b107-b9821f44dd60/MethylationProfiling/e4443a0c-07b9-4533-b22d-d7dd8485baf7/call-CpgPileup/NA18505.hap1.bed.gz	1777747819891348	299191152	md5_base64	xvWep76dc7wvtxyoCW00dg==	2026-05-02T18:50:19.894Z	2026-06-03T15:03:00.819Z	gs://fc-fd42e80c-b41e-4e60-a9cf-b7c0ade168c4/submissions/a1e9b9ce-0d67-4d42-b107-b9821f44dd60/MethylationProfiling/e4443a0c-07b9-4533-b22d-d7dd8485baf7/call-CpgPileup/NA18505.hap1.bed.gz?generation=1777747819891348	3	JeG9Nw==	xvWep76dc7wvtxyoCW00dg==	CJSVuNqim5QDEAM=
NA18505	hap1_bed_index	cpg_hap1_bed_idx	gs://fc-fd42e80c-b41e-4e60-a9cf-b7c0ade168c4/submissions/a1e9b9ce-0d67-4d42-b107-b9821f44dd60/MethylationProfiling/e4443a0c-07b9-4533-b22d-d7dd8485baf7/call-CpgPileup/NA18505.hap1.bed.gz.tbi	1777747812409611	1662465	md5_base64	+HpFYhINkcuUkcIQu2KIdQ==	2026-05-02T18:50:12.414Z	2026-06-03T14:30:13.832Z	gs://fc-fd42e80c-b41e-4e60-a9cf-b7c0ade168c4/submissions/a1e9b9ce-0d67-4d42-b107-b9821f44dd60/MethylationProfiling/e4443a0c-07b9-4533-b22d-d7dd8485baf7/call-CpgPileup/NA18505.hap1.bed.gz.tbi?generation=1777747812409611	3	dI4NCQ==	+HpFYhINkcuUkcIQu2KIdQ==	CIvC79aim5QDEAM=
NA18505	hap2_bed	cpg_hap2_bed	gs://fc-fd42e80c-b41e-4e60-a9cf-b7c0ade168c4/submissions/a1e9b9ce-0d67-4d42-b107-b9821f44dd60/MethylationProfiling/e4443a0c-07b9-4533-b22d-d7dd8485baf7/call-CpgPileup/NA18505.hap2.bed.gz	1777747810319293	299059654	md5_base64	jUqApgnyKuhH39NT3KY7Cw==	2026-05-02T18:50:10.324Z	2026-06-03T14:54:01.339Z	gs://fc-fd42e80c-b41e-4e60-a9cf-b7c0ade168c4/submissions/a1e9b9ce-0d67-4d42-b107-b9821f44dd60/MethylationProfiling/e4443a0c-07b9-4533-b22d-d7dd8485baf7/call-CpgPileup/NA18505.hap2.bed.gz?generation=1777747810319293	3	0+N8hg==	jUqApgnyKuhH39NT3KY7Cw==	CL3379Wim5QDEAM=
NA18505	hap2_bed_index	cpg_hap2_bed_idx	gs://fc-fd42e80c-b41e-4e60-a9cf-b7c0ade168c4/submissions/a1e9b9ce-0d67-4d42-b107-b9821f44dd60/MethylationProfiling/e4443a0c-07b9-4533-b22d-d7dd8485baf7/call-CpgPileup/NA18505.hap2.bed.gz.tbi	1777747821871290	1661997	md5_base64	xOTR0DUGCBFqHRuyaYnkaA==	2026-05-02T18:50:21.875Z	2026-06-03T15:30:01.641Z	gs://fc-fd42e80c-b41e-4e60-a9cf-b7c0ade168c4/submissions/a1e9b9ce-0d67-4d42-b107-b9821f44dd60/MethylationProfiling/e4443a0c-07b9-4533-b22d-d7dd8485baf7/call-CpgPileup/NA18505.hap2.bed.gz.tbi?generation=1777747821871290	3	F9kaNA==	xOTR0DUGCBFqHRuyaYnkaA==	CLqBsduim5QDEAM=
NA18508	combined_bed	cpg_combined_bed	gs://fc-fd42e80c-b41e-4e60-a9cf-b7c0ade168c4/submissions/a1e9b9ce-0d67-4d42-b107-b9821f44dd60/MethylationProfiling/fee4c5aa-01f2-40d6-8226-b1a8d9058621/call-CpgPileup/NA18508.combined.bed.gz	1777747563789419	331047045	md5_base64	oAD9AX5PPLArIV0uy5iQ1A==	2026-05-02T18:46:03.796Z	2026-06-02T20:18:52.990Z	gs://fc-fd42e80c-b41e-4e60-a9cf-b7c0ade168c4/submissions/a1e9b9ce-0d67-4d42-b107-b9821f44dd60/MethylationProfiling/fee4c5aa-01f2-40d6-8226-b1a8d9058621/call-CpgPileup/NA18508.combined.bed.gz?generation=1777747563789419	2	eb1bfw==	oAD9AX5PPLArIV0uy5iQ1A==	COv4qOChm5QDEAI=
NA18508	combined_bed_index	independently_verified_combined_bed_index	gs://fc-fd42e80c-b41e-4e60-a9cf-b7c0ade168c4/submissions/a1e9b9ce-0d67-4d42-b107-b9821f44dd60/MethylationProfiling/fee4c5aa-01f2-40d6-8226-b1a8d9058621/call-CpgPileup/NA18508.combined.bed.gz.tbi	1777747566000110	1682535	md5_base64	q5Mw8I/JcNN+oBDYsYOIcg==	2026-05-02T18:46:06.003Z	2026-06-02T19:48:57.253Z	gs://fc-fd42e80c-b41e-4e60-a9cf-b7c0ade168c4/submissions/a1e9b9ce-0d67-4d42-b107-b9821f44dd60/MethylationProfiling/fee4c5aa-01f2-40d6-8226-b1a8d9058621/call-CpgPileup/NA18508.combined.bed.gz.tbi?generation=1777747566000110	2	91QJ1Q==	q5Mw8I/JcNN+oBDYsYOIcg==	CO7vr+Ghm5QDEAI=
NA18508	hap1_bed	cpg_hap1_bed	gs://fc-fd42e80c-b41e-4e60-a9cf-b7c0ade168c4/submissions/a1e9b9ce-0d67-4d42-b107-b9821f44dd60/MethylationProfiling/fee4c5aa-01f2-40d6-8226-b1a8d9058621/call-CpgPileup/NA18508.hap1.bed.gz	1777747585755051	295202207	md5_base64	c6O0PGLgaDSXa4uSvqc79A==	2026-05-02T18:46:25.764Z	2026-06-02T20:05:57.713Z	gs://fc-fd42e80c-b41e-4e60-a9cf-b7c0ade168c4/submissions/a1e9b9ce-0d67-4d42-b107-b9821f44dd60/MethylationProfiling/fee4c5aa-01f2-40d6-8226-b1a8d9058621/call-CpgPileup/NA18508.hap1.bed.gz?generation=1777747585755051	2	nDkLCw==	c6O0PGLgaDSXa4uSvqc79A==	CKvP5eqhm5QDEAI=
NA18508	hap1_bed_index	cpg_hap1_bed_idx	gs://fc-fd42e80c-b41e-4e60-a9cf-b7c0ade168c4/submissions/a1e9b9ce-0d67-4d42-b107-b9821f44dd60/MethylationProfiling/fee4c5aa-01f2-40d6-8226-b1a8d9058621/call-CpgPileup/NA18508.hap1.bed.gz.tbi	1777747589822405	1664331	md5_base64	JYkrUX+qZ3xAmNUydw6KmA==	2026-05-02T18:46:29.826Z	2026-06-02T20:35:02.213Z	gs://fc-fd42e80c-b41e-4e60-a9cf-b7c0ade168c4/submissions/a1e9b9ce-0d67-4d42-b107-b9821f44dd60/MethylationProfiling/fee4c5aa-01f2-40d6-8226-b1a8d9058621/call-CpgPileup/NA18508.hap1.bed.gz.tbi?generation=1777747589822405	2	k6AmQg==	JYkrUX+qZ3xAmNUydw6KmA==	CMXv3eyhm5QDEAI=
NA18508	hap2_bed	cpg_hap2_bed	gs://fc-fd42e80c-b41e-4e60-a9cf-b7c0ade168c4/submissions/a1e9b9ce-0d67-4d42-b107-b9821f44dd60/MethylationProfiling/fee4c5aa-01f2-40d6-8226-b1a8d9058621/call-CpgPileup/NA18508.hap2.bed.gz	1777747576733898	294787923	md5_base64	7BFV+SowOSTTW7D9uIDKVQ==	2026-05-02T18:46:16.738Z	2026-06-02T20:12:38.837Z	gs://fc-fd42e80c-b41e-4e60-a9cf-b7c0ade168c4/submissions/a1e9b9ce-0d67-4d42-b107-b9821f44dd60/MethylationProfiling/fee4c5aa-01f2-40d6-8226-b1a8d9058621/call-CpgPileup/NA18508.hap2.bed.gz?generation=1777747576733898	2	EM/TgQ==	7BFV+SowOSTTW7D9uIDKVQ==	CMqBv+ahm5QDEAI=
NA18508	hap2_bed_index	cpg_hap2_bed_idx	gs://fc-fd42e80c-b41e-4e60-a9cf-b7c0ade168c4/submissions/a1e9b9ce-0d67-4d42-b107-b9821f44dd60/MethylationProfiling/fee4c5aa-01f2-40d6-8226-b1a8d9058621/call-CpgPileup/NA18508.hap2.bed.gz.tbi	1777747587840830	1663608	md5_base64	IJmpmKTAZcgGQmx++yvfTw==	2026-05-02T18:46:27.844Z	2026-06-03T15:19:04.700Z	gs://fc-fd42e80c-b41e-4e60-a9cf-b7c0ade168c4/submissions/a1e9b9ce-0d67-4d42-b107-b9821f44dd60/MethylationProfiling/fee4c5aa-01f2-40d6-8226-b1a8d9058621/call-CpgPileup/NA18508.hap2.bed.gz.tbi?generation=1777747587840830	3	uJ8iLQ==	IJmpmKTAZcgGQmx++yvfTw==	CL725Ouhm5QDEAM=
NA18522	combined_bed	cpg_combined_bed	gs://fc-fd42e80c-b41e-4e60-a9cf-b7c0ade168c4/submissions/a1e9b9ce-0d67-4d42-b107-b9821f44dd60/MethylationProfiling/13e67116-7d0f-4861-a740-5e607e66265c/call-CpgPileup/NA18522.combined.bed.gz	1777749772925856	338666698	md5_base64	lGVSBRwrXxLkP0c4gZ7HBA==	2026-05-02T19:22:52.930Z	2026-06-03T15:34:01.420Z	gs://fc-fd42e80c-b41e-4e60-a9cf-b7c0ade168c4/submissions/a1e9b9ce-0d67-4d42-b107-b9821f44dd60/MethylationProfiling/13e67116-7d0f-4861-a740-5e607e66265c/call-CpgPileup/NA18522.combined.bed.gz?generation=1777749772925856	3	iGbi5A==	lGVSBRwrXxLkP0c4gZ7HBA==	CKD32/2pm5QDEAM=
NA18522	combined_bed_index	independently_verified_combined_bed_index	gs://fc-fd42e80c-b41e-4e60-a9cf-b7c0ade168c4/submissions/a1e9b9ce-0d67-4d42-b107-b9821f44dd60/MethylationProfiling/13e67116-7d0f-4861-a740-5e607e66265c/call-CpgPileup/NA18522.combined.bed.gz.tbi	1777749755876738	1693836	md5_base64	M0jxmW6yCp+nM2KPSZ2OVg==	2026-05-02T19:22:35.882Z	2026-06-03T15:28:10.910Z	gs://fc-fd42e80c-b41e-4e60-a9cf-b7c0ade168c4/submissions/a1e9b9ce-0d67-4d42-b107-b9821f44dd60/MethylationProfiling/13e67116-7d0f-4861-a740-5e607e66265c/call-CpgPileup/NA18522.combined.bed.gz.tbi?generation=1777749755876738	3	vkO8Cg==	M0jxmW6yCp+nM2KPSZ2OVg==	CIKry/Wpm5QDEAM=
NA18522	hap1_bed	cpg_hap1_bed	gs://fc-fd42e80c-b41e-4e60-a9cf-b7c0ade168c4/submissions/a1e9b9ce-0d67-4d42-b107-b9821f44dd60/MethylationProfiling/13e67116-7d0f-4861-a740-5e607e66265c/call-CpgPileup/NA18522.hap1.bed.gz	1777749780224661	290111153	md5_base64	Us3/jZTmyzuumVn4RR19wQ==	2026-05-02T19:23:00.229Z	2026-06-03T16:03:02.720Z	gs://fc-fd42e80c-b41e-4e60-a9cf-b7c0ade168c4/submissions/a1e9b9ce-0d67-4d42-b107-b9821f44dd60/MethylationProfiling/13e67116-7d0f-4861-a740-5e607e66265c/call-CpgPileup/NA18522.hap1.bed.gz?generation=1777749780224661	3	rd0p+g==	Us3/jZTmyzuumVn4RR19wQ==	CJW1mYGqm5QDEAM=
NA18522	hap1_bed_index	cpg_hap1_bed_idx	gs://fc-fd42e80c-b41e-4e60-a9cf-b7c0ade168c4/submissions/a1e9b9ce-0d67-4d42-b107-b9821f44dd60/MethylationProfiling/13e67116-7d0f-4861-a740-5e607e66265c/call-CpgPileup/NA18522.hap1.bed.gz.tbi	1777749767865689	1577746	md5_base64	wZ54DgwANfDX51NK1Inv/Q==	2026-05-02T19:22:47.870Z	2026-06-03T14:46:05.403Z	gs://fc-fd42e80c-b41e-4e60-a9cf-b7c0ade168c4/submissions/a1e9b9ce-0d67-4d42-b107-b9821f44dd60/MethylationProfiling/13e67116-7d0f-4861-a740-5e607e66265c/call-CpgPileup/NA18522.hap1.bed.gz.tbi?generation=1777749767865689	3	Af3hZg==	wZ54DgwANfDX51NK1Inv/Q==	CNmKp/upm5QDEAM=
NA18522	hap2_bed	cpg_hap2_bed	gs://fc-fd42e80c-b41e-4e60-a9cf-b7c0ade168c4/submissions/a1e9b9ce-0d67-4d42-b107-b9821f44dd60/MethylationProfiling/13e67116-7d0f-4861-a740-5e607e66265c/call-CpgPileup/NA18522.hap2.bed.gz	1777749763851254	290278817	md5_base64	uFiHSHmcQIPVZZtbJDYN5w==	2026-05-02T19:22:43.855Z	2026-06-03T15:18:13.359Z	gs://fc-fd42e80c-b41e-4e60-a9cf-b7c0ade168c4/submissions/a1e9b9ce-0d67-4d42-b107-b9821f44dd60/MethylationProfiling/13e67116-7d0f-4861-a740-5e607e66265c/call-CpgPileup/NA18522.hap2.bed.gz?generation=1777749763851254	3	tb0jTQ==	uFiHSHmcQIPVZZtbJDYN5w==	CPaHsvmpm5QDEAM=
NA18522	hap2_bed_index	cpg_hap2_bed_idx	gs://fc-fd42e80c-b41e-4e60-a9cf-b7c0ade168c4/submissions/a1e9b9ce-0d67-4d42-b107-b9821f44dd60/MethylationProfiling/13e67116-7d0f-4861-a740-5e607e66265c/call-CpgPileup/NA18522.hap2.bed.gz.tbi	1777749765978083	1578204	md5_base64	42vlfG0wOAhuwWoUYLEQqQ==	2026-05-02T19:22:45.982Z	2026-06-02T20:18:52.990Z	gs://fc-fd42e80c-b41e-4e60-a9cf-b7c0ade168c4/submissions/a1e9b9ce-0d67-4d42-b107-b9821f44dd60/MethylationProfiling/13e67116-7d0f-4861-a740-5e607e66265c/call-CpgPileup/NA18522.hap2.bed.gz.tbi?generation=1777749765978083	2	g9Dqxg==	42vlfG0wOAhuwWoUYLEQqQ==	COPvs/qpm5QDEAI=
NA18565	combined_bed	cpg_combined_bed	gs://fc-fd42e80c-b41e-4e60-a9cf-b7c0ade168c4/submissions/a1e9b9ce-0d67-4d42-b107-b9821f44dd60/MethylationProfiling/07a6b2b0-0366-49b8-8248-b14b14bdce15/call-CpgPileup/NA18565.combined.bed.gz	1777747614821155	332597246	md5_base64	57nAXoyt90SexP35nsPoAg==	2026-05-02T18:46:54.825Z	2026-06-03T15:32:58.127Z	gs://fc-fd42e80c-b41e-4e60-a9cf-b7c0ade168c4/submissions/a1e9b9ce-0d67-4d42-b107-b9821f44dd60/MethylationProfiling/07a6b2b0-0366-49b8-8248-b14b14bdce15/call-CpgPileup/NA18565.combined.bed.gz?generation=1777747614821155	3	RBAn9w==	57nAXoyt90SexP35nsPoAg==	CKPW0/ihm5QDEAM=
NA18565	combined_bed_index	independently_verified_combined_bed_index	gs://fc-fd42e80c-b41e-4e60-a9cf-b7c0ade168c4/submissions/a1e9b9ce-0d67-4d42-b107-b9821f44dd60/MethylationProfiling/07a6b2b0-0366-49b8-8248-b14b14bdce15/call-CpgPileup/NA18565.combined.bed.gz.tbi	1777747625217053	1683040	md5_base64	cggyzkT4VFxyu8SG8biTpQ==	2026-05-02T18:47:05.220Z	2026-06-03T15:28:03.486Z	gs://fc-fd42e80c-b41e-4e60-a9cf-b7c0ade168c4/submissions/a1e9b9ce-0d67-4d42-b107-b9821f44dd60/MethylationProfiling/07a6b2b0-0366-49b8-8248-b14b14bdce15/call-CpgPileup/NA18565.combined.bed.gz.tbi?generation=1777747625217053	3	+XjNRg==	cggyzkT4VFxyu8SG8biTpQ==	CJ2Yzv2hm5QDEAM=
NA18565	hap1_bed	cpg_hap1_bed	gs://fc-fd42e80c-b41e-4e60-a9cf-b7c0ade168c4/submissions/a1e9b9ce-0d67-4d42-b107-b9821f44dd60/MethylationProfiling/07a6b2b0-0366-49b8-8248-b14b14bdce15/call-CpgPileup/NA18565.hap1.bed.gz	1777747623290396	291297949	md5_base64	hBNJBJ/ObkvFqqU4L7vI+Q==	2026-05-02T18:47:03.294Z	2026-06-03T15:59:15.246Z	gs://fc-fd42e80c-b41e-4e60-a9cf-b7c0ade168c4/submissions/a1e9b9ce-0d67-4d42-b107-b9821f44dd60/MethylationProfiling/07a6b2b0-0366-49b8-8248-b14b14bdce15/call-CpgPileup/NA18565.hap1.bed.gz?generation=1777747623290396	3	/4aERA==	hBNJBJ/ObkvFqqU4L7vI+Q==	CJzM2Pyhm5QDEAM=
NA18565	hap1_bed_index	cpg_hap1_bed_idx	gs://fc-fd42e80c-b41e-4e60-a9cf-b7c0ade168c4/submissions/a1e9b9ce-0d67-4d42-b107-b9821f44dd60/MethylationProfiling/07a6b2b0-0366-49b8-8248-b14b14bdce15/call-CpgPileup/NA18565.hap1.bed.gz.tbi	1777747608308942	1639890	md5_base64	n8kgKAX4vNvttaCHnMzZ8g==	2026-05-02T18:46:48.312Z	2026-06-03T15:05:00.213Z	gs://fc-fd42e80c-b41e-4e60-a9cf-b7c0ade168c4/submissions/a1e9b9ce-0d67-4d42-b107-b9821f44dd60/MethylationProfiling/07a6b2b0-0366-49b8-8248-b14b14bdce15/call-CpgPileup/NA18565.hap1.bed.gz.tbi?generation=1777747608308942	3	vyU7cA==	n8kgKAX4vNvttaCHnMzZ8g==	CM6ZxvWhm5QDEAM=
NA18565	hap2_bed	cpg_hap2_bed	gs://fc-fd42e80c-b41e-4e60-a9cf-b7c0ade168c4/submissions/a1e9b9ce-0d67-4d42-b107-b9821f44dd60/MethylationProfiling/07a6b2b0-0366-49b8-8248-b14b14bdce15/call-CpgPileup/NA18565.hap2.bed.gz	1777747638682581	291299891	md5_base64	vxGxzq/EOzmVcGJh6pGKFw==	2026-05-02T18:47:18.688Z	2026-06-02T20:18:52.990Z	gs://fc-fd42e80c-b41e-4e60-a9cf-b7c0ade168c4/submissions/a1e9b9ce-0d67-4d42-b107-b9821f44dd60/MethylationProfiling/07a6b2b0-0366-49b8-8248-b14b14bdce15/call-CpgPileup/NA18565.hap2.bed.gz?generation=1777747638682581	2	igk+SQ==	vxGxzq/EOzmVcGJh6pGKFw==	CNWHhISim5QDEAI=
NA18565	hap2_bed_index	cpg_hap2_bed_idx	gs://fc-fd42e80c-b41e-4e60-a9cf-b7c0ade168c4/submissions/a1e9b9ce-0d67-4d42-b107-b9821f44dd60/MethylationProfiling/07a6b2b0-0366-49b8-8248-b14b14bdce15/call-CpgPileup/NA18565.hap2.bed.gz.tbi	1777747627156205	1638403	md5_base64	NNobBZZA2Ivf1IkDyRbWGA==	2026-05-02T18:47:07.161Z	2026-06-02T19:53:11.371Z	gs://fc-fd42e80c-b41e-4e60-a9cf-b7c0ade168c4/submissions/a1e9b9ce-0d67-4d42-b107-b9821f44dd60/MethylationProfiling/07a6b2b0-0366-49b8-8248-b14b14bdce15/call-CpgPileup/NA18565.hap2.bed.gz.tbi?generation=1777747627156205	2	AvfmuQ==	NNobBZZA2Ivf1IkDyRbWGA==	CO3FxP6hm5QDEAI=
NA18570	combined_bed	cpg_combined_bed	gs://fc-fd42e80c-b41e-4e60-a9cf-b7c0ade168c4/submissions/a1e9b9ce-0d67-4d42-b107-b9821f44dd60/MethylationProfiling/61311682-6a4b-4215-800c-dc4a3f6e6f55/call-CpgPileup/NA18570.combined.bed.gz	1777750160616187	332726811	md5_base64	VYqNZA0Zd+hRFG1RMy3Q5A==	2026-05-02T19:29:20.619Z	2026-06-03T15:35:58.755Z	gs://fc-fd42e80c-b41e-4e60-a9cf-b7c0ade168c4/submissions/a1e9b9ce-0d67-4d42-b107-b9821f44dd60/MethylationProfiling/61311682-6a4b-4215-800c-dc4a3f6e6f55/call-CpgPileup/NA18570.combined.bed.gz?generation=1777750160616187	3	xTf6zg==	VYqNZA0Zd+hRFG1RMy3Q5A==	CPvVyrarm5QDEAM=
NA18570	combined_bed_index	independently_verified_combined_bed_index	gs://fc-fd42e80c-b41e-4e60-a9cf-b7c0ade168c4/submissions/a1e9b9ce-0d67-4d42-b107-b9821f44dd60/MethylationProfiling/61311682-6a4b-4215-800c-dc4a3f6e6f55/call-CpgPileup/NA18570.combined.bed.gz.tbi	1777750171246271	1684575	md5_base64	vbe2T83zi1cyjEe6aF61Gw==	2026-05-02T19:29:31.250Z	2026-06-03T15:11:07.290Z	gs://fc-fd42e80c-b41e-4e60-a9cf-b7c0ade168c4/submissions/a1e9b9ce-0d67-4d42-b107-b9821f44dd60/MethylationProfiling/61311682-6a4b-4215-800c-dc4a3f6e6f55/call-CpgPileup/NA18570.combined.bed.gz.tbi?generation=1777750171246271	3	/aupUg==	vbe2T83zi1cyjEe6aF61Gw==	CL+907urm5QDEAM=
NA18570	hap1_bed	cpg_hap1_bed	gs://fc-fd42e80c-b41e-4e60-a9cf-b7c0ade168c4/submissions/a1e9b9ce-0d67-4d42-b107-b9821f44dd60/MethylationProfiling/61311682-6a4b-4215-800c-dc4a3f6e6f55/call-CpgPileup/NA18570.hap1.bed.gz	1777750180081628	296693131	md5_base64	6wIVaFX6B0cD55cjNO8iEg==	2026-05-02T19:29:40.085Z	2026-06-02T19:46:10.860Z	gs://fc-fd42e80c-b41e-4e60-a9cf-b7c0ade168c4/submissions/a1e9b9ce-0d67-4d42-b107-b9821f44dd60/MethylationProfiling/61311682-6a4b-4215-800c-dc4a3f6e6f55/call-CpgPileup/NA18570.hap1.bed.gz?generation=1777750180081628	2	QqatAQ==	6wIVaFX6B0cD55cjNO8iEg==	CNzf7r+rm5QDEAI=
NA18570	hap1_bed_index	cpg_hap1_bed_idx	gs://fc-fd42e80c-b41e-4e60-a9cf-b7c0ade168c4/submissions/a1e9b9ce-0d67-4d42-b107-b9821f44dd60/MethylationProfiling/61311682-6a4b-4215-800c-dc4a3f6e6f55/call-CpgPileup/NA18570.hap1.bed.gz.tbi	1777750169323849	1658117	md5_base64	3optfZQ6R6nx6yckmUTjDw==	2026-05-02T19:29:29.329Z	2026-06-02T19:47:57.133Z	gs://fc-fd42e80c-b41e-4e60-a9cf-b7c0ade168c4/submissions/a1e9b9ce-0d67-4d42-b107-b9821f44dd60/MethylationProfiling/61311682-6a4b-4215-800c-dc4a3f6e6f55/call-CpgPileup/NA18570.hap1.bed.gz.tbi?generation=1777750169323849	2	ILlLjg==	3optfZQ6R6nx6yckmUTjDw==	CMmS3rqrm5QDEAI=
NA18570	hap2_bed	cpg_hap2_bed	gs://fc-fd42e80c-b41e-4e60-a9cf-b7c0ade168c4/submissions/a1e9b9ce-0d67-4d42-b107-b9821f44dd60/MethylationProfiling/61311682-6a4b-4215-800c-dc4a3f6e6f55/call-CpgPileup/NA18570.hap2.bed.gz	1777750167336442	295851796	md5_base64	S8rtUjIMXA+dPCVfbPaHOg==	2026-05-02T19:29:27.340Z	2026-06-02T19:47:23.723Z	gs://fc-fd42e80c-b41e-4e60-a9cf-b7c0ade168c4/submissions/a1e9b9ce-0d67-4d42-b107-b9821f44dd60/MethylationProfiling/61311682-6a4b-4215-800c-dc4a3f6e6f55/call-CpgPileup/NA18570.hap2.bed.gz?generation=1777750167336442	2	8Vb7sA==	S8rtUjIMXA+dPCVfbPaHOg==	CPrr5Lmrm5QDEAI=
NA18570	hap2_bed_index	cpg_hap2_bed_idx	gs://fc-fd42e80c-b41e-4e60-a9cf-b7c0ade168c4/submissions/a1e9b9ce-0d67-4d42-b107-b9821f44dd60/MethylationProfiling/61311682-6a4b-4215-800c-dc4a3f6e6f55/call-CpgPileup/NA18570.hap2.bed.gz.tbi	1777750173203880	1656505	md5_base64	IOMAr7vPc2gVRpwt30mHGA==	2026-05-02T19:29:33.209Z	2026-06-03T15:31:11.771Z	gs://fc-fd42e80c-b41e-4e60-a9cf-b7c0ade168c4/submissions/a1e9b9ce-0d67-4d42-b107-b9821f44dd60/MethylationProfiling/61311682-6a4b-4215-800c-dc4a3f6e6f55/call-CpgPileup/NA18570.hap2.bed.gz.tbi?generation=1777750173203880	3	mtZ8uA==	IOMAr7vPc2gVRpwt30mHGA==	CKj7yryrm5QDEAM=
NA18608	combined_bed	cpg_combined_bed	gs://fc-fd42e80c-b41e-4e60-a9cf-b7c0ade168c4/submissions/a1e9b9ce-0d67-4d42-b107-b9821f44dd60/MethylationProfiling/1eb6ff18-8e90-44a5-9b8f-180bb74226f8/call-CpgPileup/NA18608.combined.bed.gz	1777747420872463	335403211	md5_base64	UcqGJafmDuX5RkpdB9fK+Q==	2026-05-02T18:43:40.877Z	2026-06-03T15:54:00.267Z	gs://fc-fd42e80c-b41e-4e60-a9cf-b7c0ade168c4/submissions/a1e9b9ce-0d67-4d42-b107-b9821f44dd60/MethylationProfiling/1eb6ff18-8e90-44a5-9b8f-180bb74226f8/call-CpgPileup/NA18608.combined.bed.gz?generation=1777747420872463	3	orLTMw==	UcqGJafmDuX5RkpdB9fK+Q==	CI/+lZyhm5QDEAM=
NA18608	combined_bed_index	independently_verified_combined_bed_index	gs://fc-fd42e80c-b41e-4e60-a9cf-b7c0ade168c4/submissions/a1e9b9ce-0d67-4d42-b107-b9821f44dd60/MethylationProfiling/1eb6ff18-8e90-44a5-9b8f-180bb74226f8/call-CpgPileup/NA18608.combined.bed.gz.tbi	1777747396422217	1692154	md5_base64	QkUK+ZTZXkqCev64ZeKc9w==	2026-05-02T18:43:16.425Z	2026-06-03T15:21:01.786Z	gs://fc-fd42e80c-b41e-4e60-a9cf-b7c0ade168c4/submissions/a1e9b9ce-0d67-4d42-b107-b9821f44dd60/MethylationProfiling/1eb6ff18-8e90-44a5-9b8f-180bb74226f8/call-CpgPileup/NA18608.combined.bed.gz.tbi?generation=1777747396422217	3	6qsW3A==	QkUK+ZTZXkqCev64ZeKc9w==	CMnUwZChm5QDEAM=
NA18608	hap1_bed	cpg_hap1_bed	gs://fc-fd42e80c-b41e-4e60-a9cf-b7c0ade168c4/submissions/a1e9b9ce-0d67-4d42-b107-b9821f44dd60/MethylationProfiling/1eb6ff18-8e90-44a5-9b8f-180bb74226f8/call-CpgPileup/NA18608.hap1.bed.gz	1777747413117020	280121030	md5_base64	j56OcVjl5/GWvrzvwuBiIg==	2026-05-02T18:43:33.120Z	2026-06-02T20:36:41.714Z	gs://fc-fd42e80c-b41e-4e60-a9cf-b7c0ade168c4/submissions/a1e9b9ce-0d67-4d42-b107-b9821f44dd60/MethylationProfiling/1eb6ff18-8e90-44a5-9b8f-180bb74226f8/call-CpgPileup/NA18608.hap1.bed.gz?generation=1777747413117020	2	jOGjPA==	j56OcVjl5/GWvrzvwuBiIg==	CNzQvJihm5QDEAI=
NA18608	hap1_bed_index	cpg_hap1_bed_idx	gs://fc-fd42e80c-b41e-4e60-a9cf-b7c0ade168c4/submissions/a1e9b9ce-0d67-4d42-b107-b9821f44dd60/MethylationProfiling/1eb6ff18-8e90-44a5-9b8f-180bb74226f8/call-CpgPileup/NA18608.hap1.bed.gz.tbi	1777747398306612	1561327	md5_base64	l+LysUO9TmlkVcd+Bg8kow==	2026-05-02T18:43:18.310Z	2026-06-02T20:18:41.286Z	gs://fc-fd42e80c-b41e-4e60-a9cf-b7c0ade168c4/submissions/a1e9b9ce-0d67-4d42-b107-b9821f44dd60/MethylationProfiling/1eb6ff18-8e90-44a5-9b8f-180bb74226f8/call-CpgPileup/NA18608.hap1.bed.gz.tbi?generation=1777747398306612	2	4Ye/dA==	l+LysUO9TmlkVcd+Bg8kow==	CLTWtJGhm5QDEAI=
NA18608	hap2_bed	cpg_hap2_bed	gs://fc-fd42e80c-b41e-4e60-a9cf-b7c0ade168c4/submissions/a1e9b9ce-0d67-4d42-b107-b9821f44dd60/MethylationProfiling/1eb6ff18-8e90-44a5-9b8f-180bb74226f8/call-CpgPileup/NA18608.hap2.bed.gz	1777747405383259	279801342	md5_base64	eaDivmlbFx3b5ZYEg105Bg==	2026-05-02T18:43:25.387Z	2026-06-03T15:45:30.220Z	gs://fc-fd42e80c-b41e-4e60-a9cf-b7c0ade168c4/submissions/a1e9b9ce-0d67-4d42-b107-b9821f44dd60/MethylationProfiling/1eb6ff18-8e90-44a5-9b8f-180bb74226f8/call-CpgPileup/NA18608.hap2.bed.gz?generation=1777747405383259	3	I3nWog==	eaDivmlbFx3b5ZYEg105Bg==	CNvM5JShm5QDEAM=
NA18608	hap2_bed_index	cpg_hap2_bed_idx	gs://fc-fd42e80c-b41e-4e60-a9cf-b7c0ade168c4/submissions/a1e9b9ce-0d67-4d42-b107-b9821f44dd60/MethylationProfiling/1eb6ff18-8e90-44a5-9b8f-180bb74226f8/call-CpgPileup/NA18608.hap2.bed.gz.tbi	1777747422724497	1561229	md5_base64	LuZyFGCo98D9aTjegSl4nA==	2026-05-02T18:43:42.730Z	2026-06-02T20:29:58.104Z	gs://fc-fd42e80c-b41e-4e60-a9cf-b7c0ade168c4/submissions/a1e9b9ce-0d67-4d42-b107-b9821f44dd60/MethylationProfiling/1eb6ff18-8e90-44a5-9b8f-180bb74226f8/call-CpgPileup/NA18608.hap2.bed.gz.tbi?generation=1777747422724497	2	9SI/kQ==	LuZyFGCo98D9aTjegSl4nA==	CJGDh52hm5QDEAI=
NA18620	combined_bed	cpg_combined_bed	gs://fc-fd42e80c-b41e-4e60-a9cf-b7c0ade168c4/submissions/a1e9b9ce-0d67-4d42-b107-b9821f44dd60/MethylationProfiling/56f085f7-fda3-4cec-b303-b1d97c1533df/call-CpgPileup/NA18620.combined.bed.gz	1777749112181522	341147469	md5_base64	EO9y0cP31LIYublAQa6ULw==	2026-05-02T19:11:52.185Z	2026-06-02T19:47:02.044Z	gs://fc-fd42e80c-b41e-4e60-a9cf-b7c0ade168c4/submissions/a1e9b9ce-0d67-4d42-b107-b9821f44dd60/MethylationProfiling/56f085f7-fda3-4cec-b303-b1d97c1533df/call-CpgPileup/NA18620.combined.bed.gz?generation=1777749112181522	2	zUmSrA==	EO9y0cP31LIYublAQa6ULw==	CJKm08Knm5QDEAI=
NA18620	combined_bed_index	independently_verified_combined_bed_index	gs://fc-fd42e80c-b41e-4e60-a9cf-b7c0ade168c4/submissions/a1e9b9ce-0d67-4d42-b107-b9821f44dd60/MethylationProfiling/56f085f7-fda3-4cec-b303-b1d97c1533df/call-CpgPileup/NA18620.combined.bed.gz.tbi	1777749105015139	1694126	md5_base64	4Wi41NWNYoT5BQvkNa3gvw==	2026-05-02T19:11:45.019Z	2026-06-03T15:26:22.967Z	gs://fc-fd42e80c-b41e-4e60-a9cf-b7c0ade168c4/submissions/a1e9b9ce-0d67-4d42-b107-b9821f44dd60/MethylationProfiling/56f085f7-fda3-4cec-b303-b1d97c1533df/call-CpgPileup/NA18620.combined.bed.gz.tbi?generation=1777749105015139	3	sw6Mrg==	4Wi41NWNYoT5BQvkNa3gvw==	COPynb+nm5QDEAM=
NA18620	hap1_bed	cpg_hap1_bed	gs://fc-fd42e80c-b41e-4e60-a9cf-b7c0ade168c4/submissions/a1e9b9ce-0d67-4d42-b107-b9821f44dd60/MethylationProfiling/56f085f7-fda3-4cec-b303-b1d97c1533df/call-CpgPileup/NA18620.hap1.bed.gz	1777749121378934	288688286	md5_base64	cBLTEpRKFPCY9LiGLzvJ+Q==	2026-05-02T19:12:01.382Z	2026-06-03T15:05:58.462Z	gs://fc-fd42e80c-b41e-4e60-a9cf-b7c0ade168c4/submissions/a1e9b9ce-0d67-4d42-b107-b9821f44dd60/MethylationProfiling/56f085f7-fda3-4cec-b303-b1d97c1533df/call-CpgPileup/NA18620.hap1.bed.gz?generation=1777749121378934	3	sePDKA==	cBLTEpRKFPCY9LiGLzvJ+Q==	CPbUhMenm5QDEAM=
NA18620	hap1_bed_index	cpg_hap1_bed_idx	gs://fc-fd42e80c-b41e-4e60-a9cf-b7c0ade168c4/submissions/a1e9b9ce-0d67-4d42-b107-b9821f44dd60/MethylationProfiling/56f085f7-fda3-4cec-b303-b1d97c1533df/call-CpgPileup/NA18620.hap1.bed.gz.tbi	1777749114017569	1567024	md5_base64	iYvTFDMX92dyDKa5ENXQcQ==	2026-05-02T19:11:54.020Z	2026-06-02T20:00:58.367Z	gs://fc-fd42e80c-b41e-4e60-a9cf-b7c0ade168c4/submissions/a1e9b9ce-0d67-4d42-b107-b9821f44dd60/MethylationProfiling/56f085f7-fda3-4cec-b303-b1d97c1533df/call-CpgPileup/NA18620.hap1.bed.gz.tbi?generation=1777749114017569	2	SGRfKw==	iYvTFDMX92dyDKa5ENXQcQ==	CKGuw8Onm5QDEAI=
NA18620	hap2_bed	cpg_hap2_bed	gs://fc-fd42e80c-b41e-4e60-a9cf-b7c0ade168c4/submissions/a1e9b9ce-0d67-4d42-b107-b9821f44dd60/MethylationProfiling/56f085f7-fda3-4cec-b303-b1d97c1533df/call-CpgPileup/NA18620.hap2.bed.gz	1777749129781209	288471265	md5_base64	73JeXrzSQOkGGmsX+c+ILQ==	2026-05-02T19:12:09.785Z	2026-06-02T20:19:30.535Z	gs://fc-fd42e80c-b41e-4e60-a9cf-b7c0ade168c4/submissions/a1e9b9ce-0d67-4d42-b107-b9821f44dd60/MethylationProfiling/56f085f7-fda3-4cec-b303-b1d97c1533df/call-CpgPileup/NA18620.hap2.bed.gz?generation=1777749129781209	2	/o1eGg==	73JeXrzSQOkGGmsX+c+ILQ==	CNm/hcunm5QDEAI=
NA18620	hap2_bed_index	cpg_hap2_bed_idx	gs://fc-fd42e80c-b41e-4e60-a9cf-b7c0ade168c4/submissions/a1e9b9ce-0d67-4d42-b107-b9821f44dd60/MethylationProfiling/56f085f7-fda3-4cec-b303-b1d97c1533df/call-CpgPileup/NA18620.hap2.bed.gz.tbi	1777749123277265	1566327	md5_base64	/E9hhG6Sa0/To+Z201mX3w==	2026-05-02T19:12:03.280Z	2026-06-03T15:45:30.220Z	gs://fc-fd42e80c-b41e-4e60-a9cf-b7c0ade168c4/submissions/a1e9b9ce-0d67-4d42-b107-b9821f44dd60/MethylationProfiling/56f085f7-fda3-4cec-b303-b1d97c1533df/call-CpgPileup/NA18620.hap2.bed.gz.tbi?generation=1777749123277265	3	U2jOTA==	/E9hhG6Sa0/To+Z201mX3w==	CNHD+Menm5QDEAM=
NA18747	combined_bed	cpg_combined_bed	gs://fc-fd42e80c-b41e-4e60-a9cf-b7c0ade168c4/submissions/a1e9b9ce-0d67-4d42-b107-b9821f44dd60/MethylationProfiling/34fc4896-c9eb-40e1-b4af-5ca00f503eb6/call-CpgPileup/NA18747.combined.bed.gz	1777749641371698	328952006	md5_base64	hS/puZTx/d87O0hdFMMKTQ==	2026-05-02T19:20:41.377Z	2026-06-02T20:24:26.442Z	gs://fc-fd42e80c-b41e-4e60-a9cf-b7c0ade168c4/submissions/a1e9b9ce-0d67-4d42-b107-b9821f44dd60/MethylationProfiling/34fc4896-c9eb-40e1-b4af-5ca00f503eb6/call-CpgPileup/NA18747.combined.bed.gz?generation=1777749641371698	2	Cle9ow==	hS/puZTx/d87O0hdFMMKTQ==	CLLA/r6pm5QDEAI=
NA18747	combined_bed_index	independently_verified_combined_bed_index	gs://fc-fd42e80c-b41e-4e60-a9cf-b7c0ade168c4/submissions/a1e9b9ce-0d67-4d42-b107-b9821f44dd60/MethylationProfiling/34fc4896-c9eb-40e1-b4af-5ca00f503eb6/call-CpgPileup/NA18747.combined.bed.gz.tbi	1777749630714260	1692790	md5_base64	q2+8rzwzXHWF9dg8zSbDTg==	2026-05-02T19:20:30.718Z	2026-06-02T19:44:26.751Z	gs://fc-fd42e80c-b41e-4e60-a9cf-b7c0ade168c4/submissions/a1e9b9ce-0d67-4d42-b107-b9821f44dd60/MethylationProfiling/34fc4896-c9eb-40e1-b4af-5ca00f503eb6/call-CpgPileup/NA18747.combined.bed.gz.tbi?generation=1777749630714260	2	9Ior4A==	q2+8rzwzXHWF9dg8zSbDTg==	CJSD9Lmpm5QDEAI=
NA18747	hap1_bed	cpg_hap1_bed	gs://fc-fd42e80c-b41e-4e60-a9cf-b7c0ade168c4/submissions/a1e9b9ce-0d67-4d42-b107-b9821f44dd60/MethylationProfiling/34fc4896-c9eb-40e1-b4af-5ca00f503eb6/call-CpgPileup/NA18747.hap1.bed.gz	1777749646424225	276005359	md5_base64	/vvL4bbxIkCcj47IKQ/OQA==	2026-05-02T19:20:46.428Z	2026-06-02T19:51:58.739Z	gs://fc-fd42e80c-b41e-4e60-a9cf-b7c0ade168c4/submissions/a1e9b9ce-0d67-4d42-b107-b9821f44dd60/MethylationProfiling/34fc4896-c9eb-40e1-b4af-5ca00f503eb6/call-CpgPileup/NA18747.hap1.bed.gz?generation=1777749646424225	2	U/CIXw==	/vvL4bbxIkCcj47IKQ/OQA==	CKHxssGpm5QDEAI=
NA18747	hap1_bed_index	cpg_hap1_bed_idx	gs://fc-fd42e80c-b41e-4e60-a9cf-b7c0ade168c4/submissions/a1e9b9ce-0d67-4d42-b107-b9821f44dd60/MethylationProfiling/34fc4896-c9eb-40e1-b4af-5ca00f503eb6/call-CpgPileup/NA18747.hap1.bed.gz.tbi	1777749632518124	1560411	md5_base64	KgM1d5TnavGOQ/arc1nMbA==	2026-05-02T19:20:32.521Z	2026-06-03T15:08:03.853Z	gs://fc-fd42e80c-b41e-4e60-a9cf-b7c0ade168c4/submissions/a1e9b9ce-0d67-4d42-b107-b9821f44dd60/MethylationProfiling/34fc4896-c9eb-40e1-b4af-5ca00f503eb6/call-CpgPileup/NA18747.hap1.bed.gz.tbi?generation=1777749632518124	3	SjNOIQ==	KgM1d5TnavGOQ/arc1nMbA==	COyP4rqpm5QDEAM=
NA18747	hap2_bed	cpg_hap2_bed	gs://fc-fd42e80c-b41e-4e60-a9cf-b7c0ade168c4/submissions/a1e9b9ce-0d67-4d42-b107-b9821f44dd60/MethylationProfiling/34fc4896-c9eb-40e1-b4af-5ca00f503eb6/call-CpgPileup/NA18747.hap2.bed.gz	1777749628932850	275762854	md5_base64	moZp9iu2RuL9z7GU/9eIsg==	2026-05-02T19:20:28.940Z	2026-06-03T14:47:01.191Z	gs://fc-fd42e80c-b41e-4e60-a9cf-b7c0ade168c4/submissions/a1e9b9ce-0d67-4d42-b107-b9821f44dd60/MethylationProfiling/34fc4896-c9eb-40e1-b4af-5ca00f503eb6/call-CpgPileup/NA18747.hap2.bed.gz?generation=1777749628932850	3	71IKCQ==	moZp9iu2RuL9z7GU/9eIsg==	CPKlh7mpm5QDEAM=
NA18747	hap2_bed_index	cpg_hap2_bed_idx	gs://fc-fd42e80c-b41e-4e60-a9cf-b7c0ade168c4/submissions/a1e9b9ce-0d67-4d42-b107-b9821f44dd60/MethylationProfiling/34fc4896-c9eb-40e1-b4af-5ca00f503eb6/call-CpgPileup/NA18747.hap2.bed.gz.tbi	1777749634316981	1560149	md5_base64	+pGLtrtsGLZ9ZbEOackrMQ==	2026-05-02T19:20:34.320Z	2026-06-03T15:42:57.449Z	gs://fc-fd42e80c-b41e-4e60-a9cf-b7c0ade168c4/submissions/a1e9b9ce-0d67-4d42-b107-b9821f44dd60/MethylationProfiling/34fc4896-c9eb-40e1-b4af-5ca00f503eb6/call-CpgPileup/NA18747.hap2.bed.gz.tbi?generation=1777749634316981	3	vcXmSw==	+pGLtrtsGLZ9ZbEOackrMQ==	CLX1z7upm5QDEAM=
NA18879	combined_bed	cpg_combined_bed	gs://fc-fd42e80c-b41e-4e60-a9cf-b7c0ade168c4/submissions/a1e9b9ce-0d67-4d42-b107-b9821f44dd60/MethylationProfiling/67543d52-5c10-4164-8bfb-e8d75001adc3/call-CpgPileup/NA18879.combined.bed.gz	1777748593854720	340160301	md5_base64	ebP9C70hS28ESglTbE/MAQ==	2026-05-02T19:03:13.858Z	2026-06-02T20:03:28.172Z	gs://fc-fd42e80c-b41e-4e60-a9cf-b7c0ade168c4/submissions/a1e9b9ce-0d67-4d42-b107-b9821f44dd60/MethylationProfiling/67543d52-5c10-4164-8bfb-e8d75001adc3/call-CpgPileup/NA18879.combined.bed.gz?generation=1777748593854720	2	hkmFdw==	ebP9C70hS28ESglTbE/MAQ==	CICSv8ulm5QDEAI=
NA18879	combined_bed_index	independently_verified_combined_bed_index	gs://fc-fd42e80c-b41e-4e60-a9cf-b7c0ade168c4/submissions/a1e9b9ce-0d67-4d42-b107-b9821f44dd60/MethylationProfiling/67543d52-5c10-4164-8bfb-e8d75001adc3/call-CpgPileup/NA18879.combined.bed.gz.tbi	1777748574598403	1693632	md5_base64	1w0n6DhEGTnCvRVHNzRsBg==	2026-05-02T19:02:54.602Z	2026-06-02T20:02:11.544Z	gs://fc-fd42e80c-b41e-4e60-a9cf-b7c0ade168c4/submissions/a1e9b9ce-0d67-4d42-b107-b9821f44dd60/MethylationProfiling/67543d52-5c10-4164-8bfb-e8d75001adc3/call-CpgPileup/NA18879.combined.bed.gz.tbi?generation=1777748574598403	2	oMn3Lg==	1w0n6DhEGTnCvRVHNzRsBg==	CIPqp8Klm5QDEAI=
NA18879	hap1_bed	cpg_hap1_bed	gs://fc-fd42e80c-b41e-4e60-a9cf-b7c0ade168c4/submissions/a1e9b9ce-0d67-4d42-b107-b9821f44dd60/MethylationProfiling/67543d52-5c10-4164-8bfb-e8d75001adc3/call-CpgPileup/NA18879.hap1.bed.gz	1777748572742436	291085072	md5_base64	YUPaLZdo15+cGVTReQlimQ==	2026-05-02T19:02:52.747Z	2026-06-03T15:14:02.452Z	gs://fc-fd42e80c-b41e-4e60-a9cf-b7c0ade168c4/submissions/a1e9b9ce-0d67-4d42-b107-b9821f44dd60/MethylationProfiling/67543d52-5c10-4164-8bfb-e8d75001adc3/call-CpgPileup/NA18879.hap1.bed.gz?generation=1777748572742436	3	qgoBQg==	YUPaLZdo15+cGVTReQlimQ==	CKTGtsGlm5QDEAM=
NA18879	hap1_bed_index	cpg_hap1_bed_idx	gs://fc-fd42e80c-b41e-4e60-a9cf-b7c0ade168c4/submissions/a1e9b9ce-0d67-4d42-b107-b9821f44dd60/MethylationProfiling/67543d52-5c10-4164-8bfb-e8d75001adc3/call-CpgPileup/NA18879.hap1.bed.gz.tbi	1777748595733763	1572128	md5_base64	Y/KjPiT+p4hjP9nU/a4K9Q==	2026-05-02T19:03:15.736Z	2026-06-03T15:44:00.539Z	gs://fc-fd42e80c-b41e-4e60-a9cf-b7c0ade168c4/submissions/a1e9b9ce-0d67-4d42-b107-b9821f44dd60/MethylationProfiling/67543d52-5c10-4164-8bfb-e8d75001adc3/call-CpgPileup/NA18879.hap1.bed.gz.tbi?generation=1777748595733763	3	s+UzRg==	Y/KjPiT+p4hjP9nU/a4K9Q==	CIPqscylm5QDEAM=
NA18879	hap2_bed	cpg_hap2_bed	gs://fc-fd42e80c-b41e-4e60-a9cf-b7c0ade168c4/submissions/a1e9b9ce-0d67-4d42-b107-b9821f44dd60/MethylationProfiling/67543d52-5c10-4164-8bfb-e8d75001adc3/call-CpgPileup/NA18879.hap2.bed.gz	1777748587939092	290807575	md5_base64	8nN2O/WS7Bv7gUbIDODATg==	2026-05-02T19:03:07.945Z	2026-06-02T19:53:11.371Z	gs://fc-fd42e80c-b41e-4e60-a9cf-b7c0ade168c4/submissions/a1e9b9ce-0d67-4d42-b107-b9821f44dd60/MethylationProfiling/67543d52-5c10-4164-8bfb-e8d75001adc3/call-CpgPileup/NA18879.hap2.bed.gz?generation=1777748587939092	2	MKwzUw==	8nN2O/WS7Bv7gUbIDODATg==	CJSK1silm5QDEAI=
NA18879	hap2_bed_index	cpg_hap2_bed_idx	gs://fc-fd42e80c-b41e-4e60-a9cf-b7c0ade168c4/submissions/a1e9b9ce-0d67-4d42-b107-b9821f44dd60/MethylationProfiling/67543d52-5c10-4164-8bfb-e8d75001adc3/call-CpgPileup/NA18879.hap2.bed.gz.tbi	1777748597746178	1571404	md5_base64	RS4i5TsFMmZXgReX864nSA==	2026-05-02T19:03:17.749Z	2026-06-03T14:50:58.123Z	gs://fc-fd42e80c-b41e-4e60-a9cf-b7c0ade168c4/submissions/a1e9b9ce-0d67-4d42-b107-b9821f44dd60/MethylationProfiling/67543d52-5c10-4164-8bfb-e8d75001adc3/call-CpgPileup/NA18879.hap2.bed.gz.tbi?generation=1777748597746178	3	vKKkfg==	RS4i5TsFMmZXgReX864nSA==	CILUrM2lm5QDEAM=
NA18906	combined_bed	cpg_combined_bed	gs://fc-fd42e80c-b41e-4e60-a9cf-b7c0ade168c4/submissions/f0ab26b0-d66f-45be-8322-24218670bc4d/MethylationProfiling/5fc98b04-ee11-4d1b-bf6e-20e86ddd622d/call-CpgPileup/NA18906.combined.bed.gz	1783874589931088	335790666	md5_base64	AZsgXoksbx+AbABViJWPMA==	2026-07-12T16:43:09.935Z	2026-07-12T16:43:09.935Z	gs://fc-fd42e80c-b41e-4e60-a9cf-b7c0ade168c4/submissions/f0ab26b0-d66f-45be-8322-24218670bc4d/MethylationProfiling/5fc98b04-ee11-4d1b-bf6e-20e86ddd622d/call-CpgPileup/NA18906.combined.bed.gz?generation=1783874589931088	1	zZoP1A==	AZsgXoksbx+AbABViJWPMA==	CNDshtrKzZUDEAE=
NA18906	combined_bed_index	independently_verified_combined_bed_index	gs://fc-fd42e80c-b41e-4e60-a9cf-b7c0ade168c4/submissions/f0ab26b0-d66f-45be-8322-24218670bc4d/MethylationProfiling/5fc98b04-ee11-4d1b-bf6e-20e86ddd622d/call-CpgPileup/NA18906.combined.bed.gz.tbi	1783874605340264	1682627	md5_base64	bLo5MelwmXy8chXFNjC6tQ==	2026-07-12T16:43:25.345Z	2026-07-12T16:43:25.345Z	gs://fc-fd42e80c-b41e-4e60-a9cf-b7c0ade168c4/submissions/f0ab26b0-d66f-45be-8322-24218670bc4d/MethylationProfiling/5fc98b04-ee11-4d1b-bf6e-20e86ddd622d/call-CpgPileup/NA18906.combined.bed.gz.tbi?generation=1783874605340264	1	OJ/URg==	bLo5MelwmXy8chXFNjC6tQ==	COiss+HKzZUDEAE=
NA18906	hap1_bed	cpg_hap1_bed	gs://fc-fd42e80c-b41e-4e60-a9cf-b7c0ade168c4/submissions/f0ab26b0-d66f-45be-8322-24218670bc4d/MethylationProfiling/5fc98b04-ee11-4d1b-bf6e-20e86ddd622d/call-CpgPileup/NA18906.hap1.bed.gz	1783874576212505	298850399	md5_base64	+Tt5/X0KPdwgiY14EPCsqw==	2026-07-12T16:42:56.215Z	2026-07-12T16:42:56.215Z	gs://fc-fd42e80c-b41e-4e60-a9cf-b7c0ade168c4/submissions/f0ab26b0-d66f-45be-8322-24218670bc4d/MethylationProfiling/5fc98b04-ee11-4d1b-bf6e-20e86ddd622d/call-CpgPileup/NA18906.hap1.bed.gz?generation=1783874576212505	1	qHq0gg==	+Tt5/X0KPdwgiY14EPCsqw==	CJnEwdPKzZUDEAE=
NA18906	hap1_bed_index	cpg_hap1_bed_idx	gs://fc-fd42e80c-b41e-4e60-a9cf-b7c0ade168c4/submissions/f0ab26b0-d66f-45be-8322-24218670bc4d/MethylationProfiling/5fc98b04-ee11-4d1b-bf6e-20e86ddd622d/call-CpgPileup/NA18906.hap1.bed.gz.tbi	1783874607360413	1658456	md5_base64	B0nibJ8nH1dOtmdwB1RGGQ==	2026-07-12T16:43:27.365Z	2026-07-12T16:43:27.365Z	gs://fc-fd42e80c-b41e-4e60-a9cf-b7c0ade168c4/submissions/f0ab26b0-d66f-45be-8322-24218670bc4d/MethylationProfiling/5fc98b04-ee11-4d1b-bf6e-20e86ddd622d/call-CpgPileup/NA18906.hap1.bed.gz.tbi?generation=1783874607360413	1	4QkC4w==	B0nibJ8nH1dOtmdwB1RGGQ==	CJ3TruLKzZUDEAE=
NA18906	hap2_bed	cpg_hap2_bed	gs://fc-fd42e80c-b41e-4e60-a9cf-b7c0ade168c4/submissions/f0ab26b0-d66f-45be-8322-24218670bc4d/MethylationProfiling/5fc98b04-ee11-4d1b-bf6e-20e86ddd622d/call-CpgPileup/NA18906.hap2.bed.gz	1783874603387346	299136255	md5_base64	Vz1yMDEX63lpPxhVGvMgyg==	2026-07-12T16:43:23.391Z	2026-07-12T16:43:23.391Z	gs://fc-fd42e80c-b41e-4e60-a9cf-b7c0ade168c4/submissions/f0ab26b0-d66f-45be-8322-24218670bc4d/MethylationProfiling/5fc98b04-ee11-4d1b-bf6e-20e86ddd622d/call-CpgPileup/NA18906.hap2.bed.gz?generation=1783874603387346	1	OjFe2w==	Vz1yMDEX63lpPxhVGvMgyg==	CNKTvODKzZUDEAE=
NA18906	hap2_bed_index	cpg_hap2_bed_idx	gs://fc-fd42e80c-b41e-4e60-a9cf-b7c0ade168c4/submissions/f0ab26b0-d66f-45be-8322-24218670bc4d/MethylationProfiling/5fc98b04-ee11-4d1b-bf6e-20e86ddd622d/call-CpgPileup/NA18906.hap2.bed.gz.tbi	1783874562071785	1658882	md5_base64	/k6pD1EuVbUBCug3p6Oiiw==	2026-07-12T16:42:42.074Z	2026-07-12T16:42:42.074Z	gs://fc-fd42e80c-b41e-4e60-a9cf-b7c0ade168c4/submissions/f0ab26b0-d66f-45be-8322-24218670bc4d/MethylationProfiling/5fc98b04-ee11-4d1b-bf6e-20e86ddd622d/call-CpgPileup/NA18906.hap2.bed.gz.tbi?generation=1783874562071785	1	uuye7w==	/k6pD1EuVbUBCug3p6Oiiw==	COm54szKzZUDEAE=
NA18940	combined_bed	cpg_combined_bed	gs://fc-fd42e80c-b41e-4e60-a9cf-b7c0ade168c4/submissions/2f59494a-3bd3-4cb5-8924-bca8cb669391/MethylationProfiling/15a7897b-d3ac-420f-8d30-b6592c9b200d/call-CpgPileup/NA18940.combined.bed.gz	1779043266710125	332581821	md5_base64	duaaXL2osJuNa0l9r8jNyQ==	2026-05-17T18:41:06.715Z	2026-06-20T09:01:10.933Z	gs://fc-fd42e80c-b41e-4e60-a9cf-b7c0ade168c4/submissions/2f59494a-3bd3-4cb5-8924-bca8cb669391/MethylationProfiling/15a7897b-d3ac-420f-8d30-b6592c9b200d/call-CpgPileup/NA18940.combined.bed.gz?generation=1779043266710125	3	Dsw7qQ==	duaaXL2osJuNa0l9r8jNyQ==	CO2Uz8/8wJQDEAM=
NA18940	combined_bed_index	independently_verified_combined_bed_index	gs://fc-fd42e80c-b41e-4e60-a9cf-b7c0ade168c4/submissions/2f59494a-3bd3-4cb5-8924-bca8cb669391/MethylationProfiling/15a7897b-d3ac-420f-8d30-b6592c9b200d/call-CpgPileup/NA18940.combined.bed.gz.tbi	1779043280129867	1693969	md5_base64	B99MM4SVIhNhvvDv7y8Bpg==	2026-05-17T18:41:20.135Z	2026-06-20T04:50:52.370Z	gs://fc-fd42e80c-b41e-4e60-a9cf-b7c0ade168c4/submissions/2f59494a-3bd3-4cb5-8924-bca8cb669391/MethylationProfiling/15a7897b-d3ac-420f-8d30-b6592c9b200d/call-CpgPileup/NA18940.combined.bed.gz.tbi?generation=1779043280129867	3	1VYhdQ==	B99MM4SVIhNhvvDv7y8Bpg==	CMuegtb8wJQDEAM=
NA18940	hap1_bed	cpg_hap1_bed	gs://fc-fd42e80c-b41e-4e60-a9cf-b7c0ade168c4/submissions/2f59494a-3bd3-4cb5-8924-bca8cb669391/MethylationProfiling/15a7897b-d3ac-420f-8d30-b6592c9b200d/call-CpgPileup/NA18940.hap1.bed.gz	1779043273330286	275862207	md5_base64	RL5JXZuzWITEieS0DD+tww==	2026-05-17T18:41:13.334Z	2026-06-20T04:38:25.184Z	gs://fc-fd42e80c-b41e-4e60-a9cf-b7c0ade168c4/submissions/2f59494a-3bd3-4cb5-8924-bca8cb669391/MethylationProfiling/15a7897b-d3ac-420f-8d30-b6592c9b200d/call-CpgPileup/NA18940.hap1.bed.gz?generation=1779043273330286	3	tXQ+qw==	RL5JXZuzWITEieS0DD+tww==	CO6c49L8wJQDEAM=
NA18940	hap1_bed_index	cpg_hap1_bed_idx	gs://fc-fd42e80c-b41e-4e60-a9cf-b7c0ade168c4/submissions/2f59494a-3bd3-4cb5-8924-bca8cb669391/MethylationProfiling/15a7897b-d3ac-420f-8d30-b6592c9b200d/call-CpgPileup/NA18940.hap1.bed.gz.tbi	1779043281952045	1562995	md5_base64	A5LEr4/d551/xmFIbd56HQ==	2026-05-17T18:41:21.956Z	2026-06-20T07:26:51.511Z	gs://fc-fd42e80c-b41e-4e60-a9cf-b7c0ade168c4/submissions/2f59494a-3bd3-4cb5-8924-bca8cb669391/MethylationProfiling/15a7897b-d3ac-420f-8d30-b6592c9b200d/call-CpgPileup/NA18940.hap1.bed.gz.tbi?generation=1779043281952045	3	v3qtKQ==	A5LEr4/d551/xmFIbd56HQ==	CK268db8wJQDEAM=
NA18940	hap2_bed	cpg_hap2_bed	gs://fc-fd42e80c-b41e-4e60-a9cf-b7c0ade168c4/submissions/2f59494a-3bd3-4cb5-8924-bca8cb669391/MethylationProfiling/15a7897b-d3ac-420f-8d30-b6592c9b200d/call-CpgPileup/NA18940.hap2.bed.gz	1779043278337489	275725573	md5_base64	rbjL9iKziVwrScLSBJByqw==	2026-05-17T18:41:18.342Z	2026-06-20T09:47:48.437Z	gs://fc-fd42e80c-b41e-4e60-a9cf-b7c0ade168c4/submissions/2f59494a-3bd3-4cb5-8924-bca8cb669391/MethylationProfiling/15a7897b-d3ac-420f-8d30-b6592c9b200d/call-CpgPileup/NA18940.hap2.bed.gz?generation=1779043278337489	3	X1zSNg==	rbjL9iKziVwrScLSBJByqw==	CNHrlNX8wJQDEAM=
NA18940	hap2_bed_index	cpg_hap2_bed_idx	gs://fc-fd42e80c-b41e-4e60-a9cf-b7c0ade168c4/submissions/2f59494a-3bd3-4cb5-8924-bca8cb669391/MethylationProfiling/15a7897b-d3ac-420f-8d30-b6592c9b200d/call-CpgPileup/NA18940.hap2.bed.gz.tbi	1779043268577982	1563402	md5_base64	Bv+wzgRyEPHAHgYC0JGYvA==	2026-05-17T18:41:08.582Z	2026-06-20T04:33:25.635Z	gs://fc-fd42e80c-b41e-4e60-a9cf-b7c0ade168c4/submissions/2f59494a-3bd3-4cb5-8924-bca8cb669391/MethylationProfiling/15a7897b-d3ac-420f-8d30-b6592c9b200d/call-CpgPileup/NA18940.hap2.bed.gz.tbi?generation=1779043268577982	3	urAF/Q==	Bv+wzgRyEPHAHgYC0JGYvA==	CL6VwdD8wJQDEAM=
NA18943	combined_bed	cpg_combined_bed	gs://fc-fd42e80c-b41e-4e60-a9cf-b7c0ade168c4/submissions/2f59494a-3bd3-4cb5-8924-bca8cb669391/MethylationProfiling/47a3fa95-9d84-4c26-861a-b9ba5f3c477d/call-CpgPileup/NA18943.combined.bed.gz	1779043388712182	329854957	md5_base64	oJlJNXCKYPylS4DavsOPkg==	2026-05-17T18:43:08.717Z	2026-06-20T06:49:34.631Z	gs://fc-fd42e80c-b41e-4e60-a9cf-b7c0ade168c4/submissions/2f59494a-3bd3-4cb5-8924-bca8cb669391/MethylationProfiling/47a3fa95-9d84-4c26-861a-b9ba5f3c477d/call-CpgPileup/NA18943.combined.bed.gz?generation=1779043388712182	3	IXCcAA==	oJlJNXCKYPylS4DavsOPkg==	CPbJ5Yn9wJQDEAM=
NA18943	combined_bed_index	independently_verified_combined_bed_index	gs://fc-fd42e80c-b41e-4e60-a9cf-b7c0ade168c4/submissions/2f59494a-3bd3-4cb5-8924-bca8cb669391/MethylationProfiling/47a3fa95-9d84-4c26-861a-b9ba5f3c477d/call-CpgPileup/NA18943.combined.bed.gz.tbi	1779043368572655	1693772	md5_base64	ta2JTQZ3svh5Uubb4IWj1Q==	2026-05-17T18:42:48.576Z	2026-06-20T02:26:34.291Z	gs://fc-fd42e80c-b41e-4e60-a9cf-b7c0ade168c4/submissions/2f59494a-3bd3-4cb5-8924-bca8cb669391/MethylationProfiling/47a3fa95-9d84-4c26-861a-b9ba5f3c477d/call-CpgPileup/NA18943.combined.bed.gz.tbi?generation=1779043368572655	5	aBmDlg==	ta2JTQZ3svh5Uubb4IWj1Q==	CO+tmID9wJQDEAU=
NA18943	hap1_bed	cpg_hap1_bed	gs://fc-fd42e80c-b41e-4e60-a9cf-b7c0ade168c4/submissions/2f59494a-3bd3-4cb5-8924-bca8cb669391/MethylationProfiling/47a3fa95-9d84-4c26-861a-b9ba5f3c477d/call-CpgPileup/NA18943.hap1.bed.gz	1779043401965745	272037901	md5_base64	O8gGr5drkc2GWJpNfvO78g==	2026-05-17T18:43:21.969Z	2026-06-19T03:31:54.250Z	gs://fc-fd42e80c-b41e-4e60-a9cf-b7c0ade168c4/submissions/2f59494a-3bd3-4cb5-8924-bca8cb669391/MethylationProfiling/47a3fa95-9d84-4c26-861a-b9ba5f3c477d/call-CpgPileup/NA18943.hap1.bed.gz?generation=1779043401965745	2	Qs5OaA==	O8gGr5drkc2GWJpNfvO78g==	CLHBjpD9wJQDEAI=
NA18943	hap1_bed_index	cpg_hap1_bed_idx	gs://fc-fd42e80c-b41e-4e60-a9cf-b7c0ade168c4/submissions/2f59494a-3bd3-4cb5-8924-bca8cb669391/MethylationProfiling/47a3fa95-9d84-4c26-861a-b9ba5f3c477d/call-CpgPileup/NA18943.hap1.bed.gz.tbi	1779043403843466	1557593	md5_base64	Ar3un9q5c3WwvlCu+ksX0A==	2026-05-17T18:43:23.846Z	2026-06-20T09:19:22.720Z	gs://fc-fd42e80c-b41e-4e60-a9cf-b7c0ade168c4/submissions/2f59494a-3bd3-4cb5-8924-bca8cb669391/MethylationProfiling/47a3fa95-9d84-4c26-861a-b9ba5f3c477d/call-CpgPileup/NA18943.hap1.bed.gz.tbi?generation=1779043403843466	3	sdpXuw==	Ar3un9q5c3WwvlCu+ksX0A==	CIqPgZH9wJQDEAM=
NA18943	hap2_bed	cpg_hap2_bed	gs://fc-fd42e80c-b41e-4e60-a9cf-b7c0ade168c4/submissions/2f59494a-3bd3-4cb5-8924-bca8cb669391/MethylationProfiling/47a3fa95-9d84-4c26-861a-b9ba5f3c477d/call-CpgPileup/NA18943.hap2.bed.gz	1779043382631434	272054121	md5_base64	WFZv8XsqbQGhDlZYWRwPRA==	2026-05-17T18:43:02.636Z	2026-06-20T09:24:09.215Z	gs://fc-fd42e80c-b41e-4e60-a9cf-b7c0ade168c4/submissions/2f59494a-3bd3-4cb5-8924-bca8cb669391/MethylationProfiling/47a3fa95-9d84-4c26-861a-b9ba5f3c477d/call-CpgPileup/NA18943.hap2.bed.gz?generation=1779043382631434	3	bbfKTg==	WFZv8XsqbQGhDlZYWRwPRA==	CIq48ob9wJQDEAM=
NA18943	hap2_bed_index	cpg_hap2_bed_idx	gs://fc-fd42e80c-b41e-4e60-a9cf-b7c0ade168c4/submissions/2f59494a-3bd3-4cb5-8924-bca8cb669391/MethylationProfiling/47a3fa95-9d84-4c26-861a-b9ba5f3c477d/call-CpgPileup/NA18943.hap2.bed.gz.tbi	1779043366776650	1557381	md5_base64	QPBNmpj7bnT66+1qC1kXVQ==	2026-05-17T18:42:46.781Z	2026-06-20T03:10:32.587Z	gs://fc-fd42e80c-b41e-4e60-a9cf-b7c0ade168c4/submissions/2f59494a-3bd3-4cb5-8924-bca8cb669391/MethylationProfiling/47a3fa95-9d84-4c26-861a-b9ba5f3c477d/call-CpgPileup/NA18943.hap2.bed.gz.tbi?generation=1779043366776650	3	Dsr7pw==	QPBNmpj7bnT66+1qC1kXVQ==	CMreqv/8wJQDEAM=
NA18944	combined_bed	cpg_combined_bed	gs://fc-fd42e80c-b41e-4e60-a9cf-b7c0ade168c4/submissions/2f59494a-3bd3-4cb5-8924-bca8cb669391/MethylationProfiling/9c27b5ec-5210-4590-87b3-25589f543bba/call-CpgPileup/NA18944.combined.bed.gz	1779043157859492	325361531	md5_base64	2Kl7twV7UfbI9/pgoKp0/w==	2026-05-17T18:39:17.864Z	2026-06-19T03:30:33.758Z	gs://fc-fd42e80c-b41e-4e60-a9cf-b7c0ade168c4/submissions/2f59494a-3bd3-4cb5-8924-bca8cb669391/MethylationProfiling/9c27b5ec-5210-4590-87b3-25589f543bba/call-CpgPileup/NA18944.combined.bed.gz?generation=1779043157859492	2	CWN0yw==	2Kl7twV7UfbI9/pgoKp0/w==	CKS525v8wJQDEAI=
NA18944	combined_bed_index	independently_verified_combined_bed_index	gs://fc-fd42e80c-b41e-4e60-a9cf-b7c0ade168c4/submissions/2f59494a-3bd3-4cb5-8924-bca8cb669391/MethylationProfiling/9c27b5ec-5210-4590-87b3-25589f543bba/call-CpgPileup/NA18944.combined.bed.gz.tbi	1779043150401482	1691805	md5_base64	hxPfGyOCmrTb7/2tscUj7A==	2026-05-17T18:39:10.404Z	2026-06-20T05:31:28.757Z	gs://fc-fd42e80c-b41e-4e60-a9cf-b7c0ade168c4/submissions/2f59494a-3bd3-4cb5-8924-bca8cb669391/MethylationProfiling/9c27b5ec-5210-4590-87b3-25589f543bba/call-CpgPileup/NA18944.combined.bed.gz.tbi?generation=1779043150401482	3	WrNKbg==	hxPfGyOCmrTb7/2tscUj7A==	CMqflJj8wJQDEAM=
NA18944	hap1_bed	cpg_hap1_bed	gs://fc-fd42e80c-b41e-4e60-a9cf-b7c0ade168c4/submissions/2f59494a-3bd3-4cb5-8924-bca8cb669391/MethylationProfiling/9c27b5ec-5210-4590-87b3-25589f543bba/call-CpgPileup/NA18944.hap1.bed.gz	1779043170551240	266381979	md5_base64	kU/jDonNoVpQyasBAfcddQ==	2026-05-17T18:39:30.555Z	2026-06-20T05:48:31.695Z	gs://fc-fd42e80c-b41e-4e60-a9cf-b7c0ade168c4/submissions/2f59494a-3bd3-4cb5-8924-bca8cb669391/MethylationProfiling/9c27b5ec-5210-4590-87b3-25589f543bba/call-CpgPileup/NA18944.hap1.bed.gz?generation=1779043170551240	3	U8FMMA==	kU/jDonNoVpQyasBAfcddQ==	CMiL4qH8wJQDEAM=
NA18944	hap1_bed_index	cpg_hap1_bed_idx	gs://fc-fd42e80c-b41e-4e60-a9cf-b7c0ade168c4/submissions/2f59494a-3bd3-4cb5-8924-bca8cb669391/MethylationProfiling/9c27b5ec-5210-4590-87b3-25589f543bba/call-CpgPileup/NA18944.hap1.bed.gz.tbi	1779043148417820	1551275	md5_base64	TqkC0iXzVUIVMRwSYbfGmw==	2026-05-17T18:39:08.422Z	2026-06-20T04:36:25.617Z	gs://fc-fd42e80c-b41e-4e60-a9cf-b7c0ade168c4/submissions/2f59494a-3bd3-4cb5-8924-bca8cb669391/MethylationProfiling/9c27b5ec-5210-4590-87b3-25589f543bba/call-CpgPileup/NA18944.hap1.bed.gz.tbi?generation=1779043148417820	3	GuIaRg==	TqkC0iXzVUIVMRwSYbfGmw==	CJyWm5f8wJQDEAM=
NA18944	hap2_bed	cpg_hap2_bed	gs://fc-fd42e80c-b41e-4e60-a9cf-b7c0ade168c4/submissions/2f59494a-3bd3-4cb5-8924-bca8cb669391/MethylationProfiling/9c27b5ec-5210-4590-87b3-25589f543bba/call-CpgPileup/NA18944.hap2.bed.gz	1779043146194448	266395910	md5_base64	3fjQtE4n9/yFEXFMRwsyPQ==	2026-05-17T18:39:06.198Z	2026-06-20T01:49:26.903Z	gs://fc-fd42e80c-b41e-4e60-a9cf-b7c0ade168c4/submissions/2f59494a-3bd3-4cb5-8924-bca8cb669391/MethylationProfiling/9c27b5ec-5210-4590-87b3-25589f543bba/call-CpgPileup/NA18944.hap2.bed.gz?generation=1779043146194448	3	5f9CDQ==	3fjQtE4n9/yFEXFMRwsyPQ==	CJC8k5b8wJQDEAM=
NA18944	hap2_bed_index	cpg_hap2_bed_idx	gs://fc-fd42e80c-b41e-4e60-a9cf-b7c0ade168c4/submissions/2f59494a-3bd3-4cb5-8924-bca8cb669391/MethylationProfiling/9c27b5ec-5210-4590-87b3-25589f543bba/call-CpgPileup/NA18944.hap2.bed.gz.tbi	1779043159838725	1550939	md5_base64	HHtLmvI13zMa5WbGY3ZBvg==	2026-05-17T18:39:19.843Z	2026-06-20T09:18:12.709Z	gs://fc-fd42e80c-b41e-4e60-a9cf-b7c0ade168c4/submissions/2f59494a-3bd3-4cb5-8924-bca8cb669391/MethylationProfiling/9c27b5ec-5210-4590-87b3-25589f543bba/call-CpgPileup/NA18944.hap2.bed.gz.tbi?generation=1779043159838725	3	qzJNZw==	HHtLmvI13zMa5WbGY3ZBvg==	CIWg1Jz8wJQDEAM=
NA18945	combined_bed	cpg_combined_bed	gs://fc-fd42e80c-b41e-4e60-a9cf-b7c0ade168c4/submissions/2f59494a-3bd3-4cb5-8924-bca8cb669391/MethylationProfiling/9cd15637-4e8d-4fb4-8088-065be4cff471/call-CpgPileup/NA18945.combined.bed.gz	1779043369491195	331932678	md5_base64	cV03hK9AzgGx2cSi+xXJvg==	2026-05-17T18:42:49.495Z	2026-06-20T09:34:33.248Z	gs://fc-fd42e80c-b41e-4e60-a9cf-b7c0ade168c4/submissions/2f59494a-3bd3-4cb5-8924-bca8cb669391/MethylationProfiling/9cd15637-4e8d-4fb4-8088-065be4cff471/call-CpgPileup/NA18945.combined.bed.gz?generation=1779043369491195	3	arPiEg==	cV03hK9AzgGx2cSi+xXJvg==	CPu10ID9wJQDEAM=
NA18945	combined_bed_index	independently_verified_combined_bed_index	gs://fc-fd42e80c-b41e-4e60-a9cf-b7c0ade168c4/submissions/2f59494a-3bd3-4cb5-8924-bca8cb669391/MethylationProfiling/9cd15637-4e8d-4fb4-8088-065be4cff471/call-CpgPileup/NA18945.combined.bed.gz.tbi	1779043361793635	1692522	md5_base64	qrcSP5kdt+DVsWwJP7DOpw==	2026-05-17T18:42:41.796Z	2026-06-20T09:23:39.165Z	gs://fc-fd42e80c-b41e-4e60-a9cf-b7c0ade168c4/submissions/2f59494a-3bd3-4cb5-8924-bca8cb669391/MethylationProfiling/9cd15637-4e8d-4fb4-8088-065be4cff471/call-CpgPileup/NA18945.combined.bed.gz.tbi?generation=1779043361793635	3	HcWhMQ==	qrcSP5kdt+DVsWwJP7DOpw==	COPM+vz8wJQDEAM=
NA18945	hap1_bed	cpg_hap1_bed	gs://fc-fd42e80c-b41e-4e60-a9cf-b7c0ade168c4/submissions/2f59494a-3bd3-4cb5-8924-bca8cb669391/MethylationProfiling/9cd15637-4e8d-4fb4-8088-065be4cff471/call-CpgPileup/NA18945.hap1.bed.gz	1779043396932070	272466601	md5_base64	t3rbEWUiOmNb4xQR9JApzg==	2026-05-17T18:43:16.936Z	2026-06-20T09:14:33.205Z	gs://fc-fd42e80c-b41e-4e60-a9cf-b7c0ade168c4/submissions/2f59494a-3bd3-4cb5-8924-bca8cb669391/MethylationProfiling/9cd15637-4e8d-4fb4-8088-065be4cff471/call-CpgPileup/NA18945.hap1.bed.gz?generation=1779043396932070	3	IEZ98Q==	t3rbEWUiOmNb4xQR9JApzg==	COaj2439wJQDEAM=
NA18945	hap1_bed_index	cpg_hap1_bed_idx	gs://fc-fd42e80c-b41e-4e60-a9cf-b7c0ade168c4/submissions/2f59494a-3bd3-4cb5-8924-bca8cb669391/MethylationProfiling/9cd15637-4e8d-4fb4-8088-065be4cff471/call-CpgPileup/NA18945.hap1.bed.gz.tbi	1779043371487363	1554030	md5_base64	7rqusQ8Ht2yxdQfetWS3/w==	2026-05-17T18:42:51.490Z	2026-06-20T08:30:29.475Z	gs://fc-fd42e80c-b41e-4e60-a9cf-b7c0ade168c4/submissions/2f59494a-3bd3-4cb5-8924-bca8cb669391/MethylationProfiling/9cd15637-4e8d-4fb4-8088-065be4cff471/call-CpgPileup/NA18945.hap1.bed.gz.tbi?generation=1779043371487363	3	oFB9rQ==	7rqusQ8Ht2yxdQfetWS3/w==	CIOhyoH9wJQDEAM=
NA18945	hap2_bed	cpg_hap2_bed	gs://fc-fd42e80c-b41e-4e60-a9cf-b7c0ade168c4/submissions/2f59494a-3bd3-4cb5-8924-bca8cb669391/MethylationProfiling/9cd15637-4e8d-4fb4-8088-065be4cff471/call-CpgPileup/NA18945.hap2.bed.gz	1779043384119679	272218033	md5_base64	aknfUrYtvKLeFVsfpl8hRA==	2026-05-17T18:43:04.123Z	2026-06-19T03:06:24.633Z	gs://fc-fd42e80c-b41e-4e60-a9cf-b7c0ade168c4/submissions/2f59494a-3bd3-4cb5-8924-bca8cb669391/MethylationProfiling/9cd15637-4e8d-4fb4-8088-065be4cff471/call-CpgPileup/NA18945.hap2.bed.gz?generation=1779043384119679	2	FzkktQ==	aknfUrYtvKLeFVsfpl8hRA==	CP+izYf9wJQDEAI=
NA18945	hap2_bed_index	cpg_hap2_bed_idx	gs://fc-fd42e80c-b41e-4e60-a9cf-b7c0ade168c4/submissions/2f59494a-3bd3-4cb5-8924-bca8cb669391/MethylationProfiling/9cd15637-4e8d-4fb4-8088-065be4cff471/call-CpgPileup/NA18945.hap2.bed.gz.tbi	1779043373443573	1552996	md5_base64	RKGTwG5cN5+1dbdGudIdeQ==	2026-05-17T18:42:53.448Z	2026-06-20T04:34:34.050Z	gs://fc-fd42e80c-b41e-4e60-a9cf-b7c0ade168c4/submissions/2f59494a-3bd3-4cb5-8924-bca8cb669391/MethylationProfiling/9cd15637-4e8d-4fb4-8088-065be4cff471/call-CpgPileup/NA18945.hap2.bed.gz.tbi?generation=1779043373443573	3	bp6SHA==	RKGTwG5cN5+1dbdGudIdeQ==	CPXTwYL9wJQDEAM=
NA18948	combined_bed	cpg_combined_bed	gs://fc-fd42e80c-b41e-4e60-a9cf-b7c0ade168c4/submissions/2f59494a-3bd3-4cb5-8924-bca8cb669391/MethylationProfiling/0f79a33c-0514-4759-8a5b-059449407d54/call-CpgPileup/attempt-3/NA18948.combined.bed.gz	1779064307907753	332239095	md5_base64	8OP6zMEKawdpSHQllJYwOg==	2026-05-18T00:31:47.912Z	2026-06-20T06:47:26.000Z	gs://fc-fd42e80c-b41e-4e60-a9cf-b7c0ade168c4/submissions/2f59494a-3bd3-4cb5-8924-bca8cb669391/MethylationProfiling/0f79a33c-0514-4759-8a5b-059449407d54/call-CpgPileup/attempt-3/NA18948.combined.bed.gz?generation=1779064307907753	3	CIBVQw==	8OP6zMEKawdpSHQllJYwOg==	CKn564DLwZQDEAM=
NA18948	combined_bed_index	independently_verified_combined_bed_index	gs://fc-fd42e80c-b41e-4e60-a9cf-b7c0ade168c4/submissions/2f59494a-3bd3-4cb5-8924-bca8cb669391/MethylationProfiling/0f79a33c-0514-4759-8a5b-059449407d54/call-CpgPileup/attempt-3/NA18948.combined.bed.gz.tbi	1779064293420295	1693081	md5_base64	L2fK+NjLn/GSqbQwVSvBRQ==	2026-05-18T00:31:33.425Z	2026-06-19T03:32:48.154Z	gs://fc-fd42e80c-b41e-4e60-a9cf-b7c0ade168c4/submissions/2f59494a-3bd3-4cb5-8924-bca8cb669391/MethylationProfiling/0f79a33c-0514-4759-8a5b-059449407d54/call-CpgPileup/attempt-3/NA18948.combined.bed.gz.tbi?generation=1779064293420295	2	UobISQ==	L2fK+NjLn/GSqbQwVSvBRQ==	CIfa9/nKwZQDEAI=
NA18948	hap1_bed	cpg_hap1_bed	gs://fc-fd42e80c-b41e-4e60-a9cf-b7c0ade168c4/submissions/2f59494a-3bd3-4cb5-8924-bca8cb669391/MethylationProfiling/0f79a33c-0514-4759-8a5b-059449407d54/call-CpgPileup/attempt-3/NA18948.hap1.bed.gz	1779064281517107	274250066	md5_base64	NxTnUx1QQwlZLCRKvJRvQQ==	2026-05-18T00:31:21.521Z	2026-06-20T11:31:45.044Z	gs://fc-fd42e80c-b41e-4e60-a9cf-b7c0ade168c4/submissions/2f59494a-3bd3-4cb5-8924-bca8cb669391/MethylationProfiling/0f79a33c-0514-4759-8a5b-059449407d54/call-CpgPileup/attempt-3/NA18948.hap1.bed.gz?generation=1779064281517107	3	iJ7Yaw==	NxTnUx1QQwlZLCRKvJRvQQ==	CLOYofTKwZQDEAM=
NA18948	hap1_bed_index	cpg_hap1_bed_idx	gs://fc-fd42e80c-b41e-4e60-a9cf-b7c0ade168c4/submissions/2f59494a-3bd3-4cb5-8924-bca8cb669391/MethylationProfiling/0f79a33c-0514-4759-8a5b-059449407d54/call-CpgPileup/attempt-3/NA18948.hap1.bed.gz.tbi	1779064310041182	1560587	md5_base64	NFC08wwxMxDiGVguhCwe0g==	2026-05-18T00:31:50.045Z	2026-06-20T10:28:23.983Z	gs://fc-fd42e80c-b41e-4e60-a9cf-b7c0ade168c4/submissions/2f59494a-3bd3-4cb5-8924-bca8cb669391/MethylationProfiling/0f79a33c-0514-4759-8a5b-059449407d54/call-CpgPileup/attempt-3/NA18948.hap1.bed.gz.tbi?generation=1779064310041182	3	ZhvFNA==	NFC08wwxMxDiGVguhCwe0g==	CN6U7oHLwZQDEAM=
NA18948	hap2_bed	cpg_hap2_bed	gs://fc-fd42e80c-b41e-4e60-a9cf-b7c0ade168c4/submissions/2f59494a-3bd3-4cb5-8924-bca8cb669391/MethylationProfiling/0f79a33c-0514-4759-8a5b-059449407d54/call-CpgPileup/attempt-3/NA18948.hap2.bed.gz	1779064291347384	274187843	md5_base64	r4n+CJOuvW6Was/KmdziTA==	2026-05-18T00:31:31.351Z	2026-06-20T05:53:30.119Z	gs://fc-fd42e80c-b41e-4e60-a9cf-b7c0ade168c4/submissions/2f59494a-3bd3-4cb5-8924-bca8cb669391/MethylationProfiling/0f79a33c-0514-4759-8a5b-059449407d54/call-CpgPileup/attempt-3/NA18948.hap2.bed.gz?generation=1779064291347384	3	DcthVg==	r4n+CJOuvW6Was/KmdziTA==	CLiX+fjKwZQDEAM=
NA18948	hap2_bed_index	cpg_hap2_bed_idx	gs://fc-fd42e80c-b41e-4e60-a9cf-b7c0ade168c4/submissions/2f59494a-3bd3-4cb5-8924-bca8cb669391/MethylationProfiling/0f79a33c-0514-4759-8a5b-059449407d54/call-CpgPileup/attempt-3/NA18948.hap2.bed.gz.tbi	1779064270749483	1561465	md5_base64	RxhuzGL1dsOl7c/vNnPFBw==	2026-05-18T00:31:10.757Z	2026-06-20T09:41:44.802Z	gs://fc-fd42e80c-b41e-4e60-a9cf-b7c0ade168c4/submissions/2f59494a-3bd3-4cb5-8924-bca8cb669391/MethylationProfiling/0f79a33c-0514-4759-8a5b-059449407d54/call-CpgPileup/attempt-3/NA18948.hap2.bed.gz.tbi?generation=1779064270749483	3	Y9mo7Q==	RxhuzGL1dsOl7c/vNnPFBw==	CKv+j+/KwZQDEAM=
NA18952	combined_bed	cpg_combined_bed	gs://fc-fd42e80c-b41e-4e60-a9cf-b7c0ade168c4/submissions/569a9e19-4a00-4d9c-98ff-6de0000f6e8f/MethylationProfiling/24f8495b-86f2-4728-9946-075a314fdca3/call-CpgPileup/NA18952.combined.bed.gz	1777762725891699	348459479	md5_base64	fhz/yUNuMBHBUdsebWpX9A==	2026-05-02T22:58:45.896Z	2026-06-03T16:01:05.588Z	gs://fc-fd42e80c-b41e-4e60-a9cf-b7c0ade168c4/submissions/569a9e19-4a00-4d9c-98ff-6de0000f6e8f/MethylationProfiling/24f8495b-86f2-4728-9946-075a314fdca3/call-CpgPileup/NA18952.combined.bed.gz?generation=1777762725891699	3	9Moruw==	fhz/yUNuMBHBUdsebWpX9A==	CPOclp7am5QDEAM=
NA18952	combined_bed_index	independently_verified_combined_bed_index	gs://fc-fd42e80c-b41e-4e60-a9cf-b7c0ade168c4/submissions/569a9e19-4a00-4d9c-98ff-6de0000f6e8f/MethylationProfiling/24f8495b-86f2-4728-9946-075a314fdca3/call-CpgPileup/NA18952.combined.bed.gz.tbi	1777762727414911	1694416	md5_base64	k24MbeF58gbm+y2s/x3W3A==	2026-05-02T22:58:47.420Z	2026-06-02T20:18:09.297Z	gs://fc-fd42e80c-b41e-4e60-a9cf-b7c0ade168c4/submissions/569a9e19-4a00-4d9c-98ff-6de0000f6e8f/MethylationProfiling/24f8495b-86f2-4728-9946-075a314fdca3/call-CpgPileup/NA18952.combined.bed.gz.tbi?generation=1777762727414911	2	2Wm9cQ==	k24MbeF58gbm+y2s/x3W3A==	CP+Y857am5QDEAI=
NA18952	hap1_bed	cpg_hap1_bed	gs://fc-fd42e80c-b41e-4e60-a9cf-b7c0ade168c4/submissions/569a9e19-4a00-4d9c-98ff-6de0000f6e8f/MethylationProfiling/24f8495b-86f2-4728-9946-075a314fdca3/call-CpgPileup/NA18952.hap1.bed.gz	1777762720845000	294760859	md5_base64	ek29lsIeIAW6QzLIOE2orw==	2026-05-02T22:58:40.849Z	2026-06-03T15:13:57.909Z	gs://fc-fd42e80c-b41e-4e60-a9cf-b7c0ade168c4/submissions/569a9e19-4a00-4d9c-98ff-6de0000f6e8f/MethylationProfiling/24f8495b-86f2-4728-9946-075a314fdca3/call-CpgPileup/NA18952.hap1.bed.gz?generation=1777762720845000	3	ywZQZg==	ek29lsIeIAW6QzLIOE2orw==	CMiZ4pvam5QDEAM=
NA18952	hap1_bed_index	cpg_hap1_bed_idx	gs://fc-fd42e80c-b41e-4e60-a9cf-b7c0ade168c4/submissions/569a9e19-4a00-4d9c-98ff-6de0000f6e8f/MethylationProfiling/24f8495b-86f2-4728-9946-075a314fdca3/call-CpgPileup/NA18952.hap1.bed.gz.tbi	1777762714139168	1563792	md5_base64	lPJ82IrXy73LQqJBZ7ED3g==	2026-05-02T22:58:34.144Z	2026-06-03T16:03:23.007Z	gs://fc-fd42e80c-b41e-4e60-a9cf-b7c0ade168c4/submissions/569a9e19-4a00-4d9c-98ff-6de0000f6e8f/MethylationProfiling/24f8495b-86f2-4728-9946-075a314fdca3/call-CpgPileup/NA18952.hap1.bed.gz.tbi?generation=1777762714139168	3	AgPkqg==	lPJ82IrXy73LQqJBZ7ED3g==	CKD0yJjam5QDEAM=
NA18952	hap2_bed	cpg_hap2_bed	gs://fc-fd42e80c-b41e-4e60-a9cf-b7c0ade168c4/submissions/569a9e19-4a00-4d9c-98ff-6de0000f6e8f/MethylationProfiling/24f8495b-86f2-4728-9946-075a314fdca3/call-CpgPileup/NA18952.hap2.bed.gz	1777762712547426	294526484	md5_base64	pvfMOcXNy3PKV420qCcghg==	2026-05-02T22:58:32.552Z	2026-06-02T20:23:56.295Z	gs://fc-fd42e80c-b41e-4e60-a9cf-b7c0ade168c4/submissions/569a9e19-4a00-4d9c-98ff-6de0000f6e8f/MethylationProfiling/24f8495b-86f2-4728-9946-075a314fdca3/call-CpgPileup/NA18952.hap2.bed.gz?generation=1777762712547426	2	qDi/cA==	pvfMOcXNy3PKV420qCcghg==	COLg55fam5QDEAI=
NA18952	hap2_bed_index	cpg_hap2_bed_idx	gs://fc-fd42e80c-b41e-4e60-a9cf-b7c0ade168c4/submissions/569a9e19-4a00-4d9c-98ff-6de0000f6e8f/MethylationProfiling/24f8495b-86f2-4728-9946-075a314fdca3/call-CpgPileup/NA18952.hap2.bed.gz.tbi	1777762704635043	1562136	md5_base64	Dy4CrhuGSK+IYkO98iDh/w==	2026-05-02T22:58:24.638Z	2026-06-03T15:58:33.804Z	gs://fc-fd42e80c-b41e-4e60-a9cf-b7c0ade168c4/submissions/569a9e19-4a00-4d9c-98ff-6de0000f6e8f/MethylationProfiling/24f8495b-86f2-4728-9946-075a314fdca3/call-CpgPileup/NA18952.hap2.bed.gz.tbi?generation=1777762704635043	3	77J1dA==	Dy4CrhuGSK+IYkO98iDh/w==	CKPphJTam5QDEAM=
NA18959	combined_bed	cpg_combined_bed	gs://fc-fd42e80c-b41e-4e60-a9cf-b7c0ade168c4/submissions/2f59494a-3bd3-4cb5-8924-bca8cb669391/MethylationProfiling/373e5dd5-94ef-4d1b-a66a-54d2f3468c5b/call-CpgPileup/attempt-2/NA18959.combined.bed.gz	1779055660328695	329006849	md5_base64	GM54xI+2xpXYhyfV8ZxZ1Q==	2026-05-17T22:07:40.333Z	2026-06-20T07:45:32.313Z	gs://fc-fd42e80c-b41e-4e60-a9cf-b7c0ade168c4/submissions/2f59494a-3bd3-4cb5-8924-bca8cb669391/MethylationProfiling/373e5dd5-94ef-4d1b-a66a-54d2f3468c5b/call-CpgPileup/attempt-2/NA18959.combined.bed.gz?generation=1779055660328695	3	BupNQg==	GM54xI+2xpXYhyfV8ZxZ1Q==	CPfNreWqwZQDEAM=
NA18959	combined_bed_index	independently_verified_combined_bed_index	gs://fc-fd42e80c-b41e-4e60-a9cf-b7c0ade168c4/submissions/2f59494a-3bd3-4cb5-8924-bca8cb669391/MethylationProfiling/373e5dd5-94ef-4d1b-a66a-54d2f3468c5b/call-CpgPileup/attempt-2/NA18959.combined.bed.gz.tbi	1779055652740917	1691944	md5_base64	Clrscum3/Y+agGsMmI/lsQ==	2026-05-17T22:07:32.745Z	2026-06-20T07:55:08.670Z	gs://fc-fd42e80c-b41e-4e60-a9cf-b7c0ade168c4/submissions/2f59494a-3bd3-4cb5-8924-bca8cb669391/MethylationProfiling/373e5dd5-94ef-4d1b-a66a-54d2f3468c5b/call-CpgPileup/attempt-2/NA18959.combined.bed.gz.tbi?generation=1779055652740917	4	nech1g==	Clrscum3/Y+agGsMmI/lsQ==	CLW+3uGqwZQDEAQ=
NA18959	hap1_bed	cpg_hap1_bed	gs://fc-fd42e80c-b41e-4e60-a9cf-b7c0ade168c4/submissions/2f59494a-3bd3-4cb5-8924-bca8cb669391/MethylationProfiling/373e5dd5-94ef-4d1b-a66a-54d2f3468c5b/call-CpgPileup/attempt-2/NA18959.hap1.bed.gz	1779055672807455	266380282	md5_base64	YGRZt/Lve5ZF7VYypLzTgg==	2026-05-17T22:07:52.812Z	2026-06-20T01:51:27.758Z	gs://fc-fd42e80c-b41e-4e60-a9cf-b7c0ade168c4/submissions/2f59494a-3bd3-4cb5-8924-bca8cb669391/MethylationProfiling/373e5dd5-94ef-4d1b-a66a-54d2f3468c5b/call-CpgPileup/attempt-2/NA18959.hap1.bed.gz?generation=1779055672807455	4	8+LACg==	YGRZt/Lve5ZF7VYypLzTgg==	CJ+gp+uqwZQDEAQ=
NA18959	hap1_bed_index	cpg_hap1_bed_idx	gs://fc-fd42e80c-b41e-4e60-a9cf-b7c0ade168c4/submissions/2f59494a-3bd3-4cb5-8924-bca8cb669391/MethylationProfiling/373e5dd5-94ef-4d1b-a66a-54d2f3468c5b/call-CpgPileup/attempt-2/NA18959.hap1.bed.gz.tbi	1779055674958290	1544731	md5_base64	/nif9egPwGl3mDExBFWvFA==	2026-05-17T22:07:54.962Z	2026-06-20T08:49:20.135Z	gs://fc-fd42e80c-b41e-4e60-a9cf-b7c0ade168c4/submissions/2f59494a-3bd3-4cb5-8924-bca8cb669391/MethylationProfiling/373e5dd5-94ef-4d1b-a66a-54d2f3468c5b/call-CpgPileup/attempt-2/NA18959.hap1.bed.gz.tbi?generation=1779055674958290	3	OY+CQw==	/nif9egPwGl3mDExBFWvFA==	CNLDquyqwZQDEAM=
NA18959	hap2_bed	cpg_hap2_bed	gs://fc-fd42e80c-b41e-4e60-a9cf-b7c0ade168c4/submissions/2f59494a-3bd3-4cb5-8924-bca8cb669391/MethylationProfiling/373e5dd5-94ef-4d1b-a66a-54d2f3468c5b/call-CpgPileup/attempt-2/NA18959.hap2.bed.gz	1779055666656077	266178862	md5_base64	5nptBF29OjaCikvVDvUiwA==	2026-05-17T22:07:46.661Z	2026-06-20T08:27:35.858Z	gs://fc-fd42e80c-b41e-4e60-a9cf-b7c0ade168c4/submissions/2f59494a-3bd3-4cb5-8924-bca8cb669391/MethylationProfiling/373e5dd5-94ef-4d1b-a66a-54d2f3468c5b/call-CpgPileup/attempt-2/NA18959.hap2.bed.gz?generation=1779055666656077	3	7goNjw==	5nptBF29OjaCikvVDvUiwA==	CM3mr+iqwZQDEAM=
NA18959	hap2_bed_index	cpg_hap2_bed_idx	gs://fc-fd42e80c-b41e-4e60-a9cf-b7c0ade168c4/submissions/2f59494a-3bd3-4cb5-8924-bca8cb669391/MethylationProfiling/373e5dd5-94ef-4d1b-a66a-54d2f3468c5b/call-CpgPileup/attempt-2/NA18959.hap2.bed.gz.tbi	1779055654926616	1544765	md5_base64	m3wy/1Z4vubolFnEtQFRBg==	2026-05-17T22:07:34.930Z	2026-06-20T06:18:17.532Z	gs://fc-fd42e80c-b41e-4e60-a9cf-b7c0ade168c4/submissions/2f59494a-3bd3-4cb5-8924-bca8cb669391/MethylationProfiling/373e5dd5-94ef-4d1b-a66a-54d2f3468c5b/call-CpgPileup/attempt-2/NA18959.hap2.bed.gz.tbi?generation=1779055654926616	3	6gIEDQ==	m3wy/1Z4vubolFnEtQFRBg==	CJjy4+KqwZQDEAM=
NA18960	combined_bed	cpg_combined_bed	gs://fc-fd42e80c-b41e-4e60-a9cf-b7c0ade168c4/submissions/2f59494a-3bd3-4cb5-8924-bca8cb669391/MethylationProfiling/b3e42a17-36f3-46b9-bd09-728cd1be784c/call-CpgPileup/NA18960.combined.bed.gz	1779044148939937	341482237	md5_base64	nDweppXSP13WlfiFRLJKZA==	2026-05-17T18:55:48.943Z	2026-06-20T11:17:11.840Z	gs://fc-fd42e80c-b41e-4e60-a9cf-b7c0ade168c4/submissions/2f59494a-3bd3-4cb5-8924-bca8cb669391/MethylationProfiling/b3e42a17-36f3-46b9-bd09-728cd1be784c/call-CpgPileup/NA18960.combined.bed.gz?generation=1779044148939937	3	GOA6Bw==	nDweppXSP13WlfiFRLJKZA==	CKGZpvT/wJQDEAM=
NA18960	combined_bed_index	independently_verified_combined_bed_index	gs://fc-fd42e80c-b41e-4e60-a9cf-b7c0ade168c4/submissions/2f59494a-3bd3-4cb5-8924-bca8cb669391/MethylationProfiling/b3e42a17-36f3-46b9-bd09-728cd1be784c/call-CpgPileup/NA18960.combined.bed.gz.tbi	1779044157535067	1695395	md5_base64	eJdo8jgMkl6Dd42K7PaamQ==	2026-05-17T18:55:57.538Z	2026-06-20T02:31:32.286Z	gs://fc-fd42e80c-b41e-4e60-a9cf-b7c0ade168c4/submissions/2f59494a-3bd3-4cb5-8924-bca8cb669391/MethylationProfiling/b3e42a17-36f3-46b9-bd09-728cd1be784c/call-CpgPileup/NA18960.combined.bed.gz.tbi?generation=1779044157535067	3	tuyvMQ==	eJdo8jgMkl6Dd42K7PaamQ==	CNvmsvj/wJQDEAM=
NA18960	hap1_bed	cpg_hap1_bed	gs://fc-fd42e80c-b41e-4e60-a9cf-b7c0ade168c4/submissions/2f59494a-3bd3-4cb5-8924-bca8cb669391/MethylationProfiling/b3e42a17-36f3-46b9-bd09-728cd1be784c/call-CpgPileup/NA18960.hap1.bed.gz	1779044139279777	286512005	md5_base64	QcCuepFLMkLKZhfzXzgzzg==	2026-05-17T18:55:39.284Z	2026-06-20T08:17:21.738Z	gs://fc-fd42e80c-b41e-4e60-a9cf-b7c0ade168c4/submissions/2f59494a-3bd3-4cb5-8924-bca8cb669391/MethylationProfiling/b3e42a17-36f3-46b9-bd09-728cd1be784c/call-CpgPileup/NA18960.hap1.bed.gz?generation=1779044139279777	3	YDsq3Q==	QcCuepFLMkLKZhfzXzgzzg==	CKHL2O//wJQDEAM=
NA18960	hap1_bed_index	cpg_hap1_bed_idx	gs://fc-fd42e80c-b41e-4e60-a9cf-b7c0ade168c4/submissions/2f59494a-3bd3-4cb5-8924-bca8cb669391/MethylationProfiling/b3e42a17-36f3-46b9-bd09-728cd1be784c/call-CpgPileup/NA18960.hap1.bed.gz.tbi	1779044143343959	1568952	md5_base64	6h923ILkHP14cQEkJBgOsw==	2026-05-17T18:55:43.347Z	2026-06-20T07:25:30.176Z	gs://fc-fd42e80c-b41e-4e60-a9cf-b7c0ade168c4/submissions/2f59494a-3bd3-4cb5-8924-bca8cb669391/MethylationProfiling/b3e42a17-36f3-46b9-bd09-728cd1be784c/call-CpgPileup/NA18960.hap1.bed.gz.tbi?generation=1779044143343959	3	2+ExBg==	6h923ILkHP14cQEkJBgOsw==	CNfS0PH/wJQDEAM=
NA18960	hap2_bed	cpg_hap2_bed	gs://fc-fd42e80c-b41e-4e60-a9cf-b7c0ade168c4/submissions/2f59494a-3bd3-4cb5-8924-bca8cb669391/MethylationProfiling/b3e42a17-36f3-46b9-bd09-728cd1be784c/call-CpgPileup/NA18960.hap2.bed.gz	1779044155591585	286307182	md5_base64	n0PoexcQuL5/O9HMqGiN3A==	2026-05-17T18:55:55.594Z	2026-06-20T08:00:24.812Z	gs://fc-fd42e80c-b41e-4e60-a9cf-b7c0ade168c4/submissions/2f59494a-3bd3-4cb5-8924-bca8cb669391/MethylationProfiling/b3e42a17-36f3-46b9-bd09-728cd1be784c/call-CpgPileup/NA18960.hap2.bed.gz?generation=1779044155591585	3	M7gRUg==	n0PoexcQuL5/O9HMqGiN3A==	CKGXvPf/wJQDEAM=
NA18960	hap2_bed_index	cpg_hap2_bed_idx	gs://fc-fd42e80c-b41e-4e60-a9cf-b7c0ade168c4/submissions/2f59494a-3bd3-4cb5-8924-bca8cb669391/MethylationProfiling/b3e42a17-36f3-46b9-bd09-728cd1be784c/call-CpgPileup/NA18960.hap2.bed.gz.tbi	1779044141338988	1568495	md5_base64	UMr71IxlQEN468OqtAUrxg==	2026-05-17T18:55:41.342Z	2026-06-20T01:57:32.631Z	gs://fc-fd42e80c-b41e-4e60-a9cf-b7c0ade168c4/submissions/2f59494a-3bd3-4cb5-8924-bca8cb669391/MethylationProfiling/b3e42a17-36f3-46b9-bd09-728cd1be784c/call-CpgPileup/NA18960.hap2.bed.gz.tbi?generation=1779044141338988	3	34Bk9w==	UMr71IxlQEN468OqtAUrxg==	COyi1vD/wJQDEAM=
NA18967	combined_bed	cpg_combined_bed	gs://fc-fd42e80c-b41e-4e60-a9cf-b7c0ade168c4/submissions/2f59494a-3bd3-4cb5-8924-bca8cb669391/MethylationProfiling/18018d6f-73ba-4556-b062-6f788a765b2c/call-CpgPileup/NA18967.combined.bed.gz	1779044330620764	341060216	md5_base64	VhG2HGfLTgJFrE1xXws5Qw==	2026-05-17T18:58:50.625Z	2026-06-20T06:54:44.837Z	gs://fc-fd42e80c-b41e-4e60-a9cf-b7c0ade168c4/submissions/2f59494a-3bd3-4cb5-8924-bca8cb669391/MethylationProfiling/18018d6f-73ba-4556-b062-6f788a765b2c/call-CpgPileup/NA18967.combined.bed.gz?generation=1779044330620764	3	bxfd6w==	VhG2HGfLTgJFrE1xXws5Qw==	CNyO98qAwZQDEAM=
NA18967	combined_bed_index	independently_verified_combined_bed_index	gs://fc-fd42e80c-b41e-4e60-a9cf-b7c0ade168c4/submissions/2f59494a-3bd3-4cb5-8924-bca8cb669391/MethylationProfiling/18018d6f-73ba-4556-b062-6f788a765b2c/call-CpgPileup/NA18967.combined.bed.gz.tbi	1779044339705674	1693222	md5_base64	1HOq3t1g/Q6iT5SDyoKzyQ==	2026-05-17T18:58:59.709Z	2026-06-20T10:16:02.523Z	gs://fc-fd42e80c-b41e-4e60-a9cf-b7c0ade168c4/submissions/2f59494a-3bd3-4cb5-8924-bca8cb669391/MethylationProfiling/18018d6f-73ba-4556-b062-6f788a765b2c/call-CpgPileup/NA18967.combined.bed.gz.tbi?generation=1779044339705674	3	Jx2QDA==	1HOq3t1g/Q6iT5SDyoKzyQ==	CMrOoc+AwZQDEAM=
NA18967	hap1_bed	cpg_hap1_bed	gs://fc-fd42e80c-b41e-4e60-a9cf-b7c0ade168c4/submissions/2f59494a-3bd3-4cb5-8924-bca8cb669391/MethylationProfiling/18018d6f-73ba-4556-b062-6f788a765b2c/call-CpgPileup/NA18967.hap1.bed.gz	1779044337471793	282103409	md5_base64	qLz9gRabJGQsKHAkpqcfew==	2026-05-17T18:58:57.475Z	2026-06-20T04:36:32.139Z	gs://fc-fd42e80c-b41e-4e60-a9cf-b7c0ade168c4/submissions/2f59494a-3bd3-4cb5-8924-bca8cb669391/MethylationProfiling/18018d6f-73ba-4556-b062-6f788a765b2c/call-CpgPileup/NA18967.hap1.bed.gz?generation=1779044337471793	3	OYjkkA==	qLz9gRabJGQsKHAkpqcfew==	CLGimc6AwZQDEAM=
NA18967	hap1_bed_index	cpg_hap1_bed_idx	gs://fc-fd42e80c-b41e-4e60-a9cf-b7c0ade168c4/submissions/2f59494a-3bd3-4cb5-8924-bca8cb669391/MethylationProfiling/18018d6f-73ba-4556-b062-6f788a765b2c/call-CpgPileup/NA18967.hap1.bed.gz.tbi	1779044344485617	1556272	md5_base64	mOk6OWp509zHnpwRvbtGCw==	2026-05-17T18:59:04.489Z	2026-06-20T04:20:24.411Z	gs://fc-fd42e80c-b41e-4e60-a9cf-b7c0ade168c4/submissions/2f59494a-3bd3-4cb5-8924-bca8cb669391/MethylationProfiling/18018d6f-73ba-4556-b062-6f788a765b2c/call-CpgPileup/NA18967.hap1.bed.gz.tbi?generation=1779044344485617	3	8mv9IQ==	mOk6OWp509zHnpwRvbtGCw==	CPGtxdGAwZQDEAM=
NA18967	hap2_bed	cpg_hap2_bed	gs://fc-fd42e80c-b41e-4e60-a9cf-b7c0ade168c4/submissions/2f59494a-3bd3-4cb5-8924-bca8cb669391/MethylationProfiling/18018d6f-73ba-4556-b062-6f788a765b2c/call-CpgPileup/NA18967.hap2.bed.gz	1779044351782498	282038520	md5_base64	ekTTrSjpncmTVK4CX8oPhA==	2026-05-17T18:59:11.787Z	2026-06-19T03:20:24.361Z	gs://fc-fd42e80c-b41e-4e60-a9cf-b7c0ade168c4/submissions/2f59494a-3bd3-4cb5-8924-bca8cb669391/MethylationProfiling/18018d6f-73ba-4556-b062-6f788a765b2c/call-CpgPileup/NA18967.hap2.bed.gz?generation=1779044351782498	2	KlH2bQ==	ekTTrSjpncmTVK4CX8oPhA==	COLcgtWAwZQDEAI=
NA18967	hap2_bed_index	cpg_hap2_bed_idx	gs://fc-fd42e80c-b41e-4e60-a9cf-b7c0ade168c4/submissions/2f59494a-3bd3-4cb5-8924-bca8cb669391/MethylationProfiling/18018d6f-73ba-4556-b062-6f788a765b2c/call-CpgPileup/NA18967.hap2.bed.gz.tbi	1779044342194971	1555699	md5_base64	xBZOFlAkZ6EdjzJrMjRLmw==	2026-05-17T18:59:02.198Z	2026-06-20T08:12:10.873Z	gs://fc-fd42e80c-b41e-4e60-a9cf-b7c0ade168c4/submissions/2f59494a-3bd3-4cb5-8924-bca8cb669391/MethylationProfiling/18018d6f-73ba-4556-b062-6f788a765b2c/call-CpgPileup/NA18967.hap2.bed.gz.tbi?generation=1779044342194971	3	G3yWGA==	xBZOFlAkZ6EdjzJrMjRLmw==	CJvGudCAwZQDEAM=
NA18970	combined_bed	cpg_combined_bed	gs://fc-fd42e80c-b41e-4e60-a9cf-b7c0ade168c4/submissions/2f59494a-3bd3-4cb5-8924-bca8cb669391/MethylationProfiling/1d65e81f-1488-48c4-868e-f86da43676e6/call-CpgPileup/attempt-2/NA18970.combined.bed.gz	1779055112986505	341598546	md5_base64	IdxsifQ1N5GtWmxNvoWctw==	2026-05-17T21:58:32.990Z	2026-06-20T08:53:37.488Z	gs://fc-fd42e80c-b41e-4e60-a9cf-b7c0ade168c4/submissions/2f59494a-3bd3-4cb5-8924-bca8cb669391/MethylationProfiling/1d65e81f-1488-48c4-868e-f86da43676e6/call-CpgPileup/attempt-2/NA18970.combined.bed.gz?generation=1779055112986505	3	l7Wfjg==	IdxsifQ1N5GtWmxNvoWctw==	CIm/ruCowZQDEAM=
NA18970	combined_bed_index	independently_verified_combined_bed_index	gs://fc-fd42e80c-b41e-4e60-a9cf-b7c0ade168c4/submissions/2f59494a-3bd3-4cb5-8924-bca8cb669391/MethylationProfiling/1d65e81f-1488-48c4-868e-f86da43676e6/call-CpgPileup/attempt-2/NA18970.combined.bed.gz.tbi	1779055114833034	1694557	md5_base64	AFCSuy4QIeTIK7knBvU+Nw==	2026-05-17T21:58:34.837Z	2026-06-20T07:03:23.891Z	gs://fc-fd42e80c-b41e-4e60-a9cf-b7c0ade168c4/submissions/2f59494a-3bd3-4cb5-8924-bca8cb669391/MethylationProfiling/1d65e81f-1488-48c4-868e-f86da43676e6/call-CpgPileup/attempt-2/NA18970.combined.bed.gz.tbi?generation=1779055114833034	3	bERZJg==	AFCSuy4QIeTIK7knBvU+Nw==	CIqZn+GowZQDEAM=
NA18970	hap1_bed	cpg_hap1_bed	gs://fc-fd42e80c-b41e-4e60-a9cf-b7c0ade168c4/submissions/2f59494a-3bd3-4cb5-8924-bca8cb669391/MethylationProfiling/1d65e81f-1488-48c4-868e-f86da43676e6/call-CpgPileup/attempt-2/NA18970.hap1.bed.gz	1779055102525909	287648485	md5_base64	vAqVaalaKUUkh3A8IrmtDQ==	2026-05-17T21:58:22.529Z	2026-06-20T08:12:25.094Z	gs://fc-fd42e80c-b41e-4e60-a9cf-b7c0ade168c4/submissions/2f59494a-3bd3-4cb5-8924-bca8cb669391/MethylationProfiling/1d65e81f-1488-48c4-868e-f86da43676e6/call-CpgPileup/attempt-2/NA18970.hap1.bed.gz?generation=1779055102525909	3	8Iyk8Q==	vAqVaalaKUUkh3A8IrmtDQ==	CNWDsNuowZQDEAM=
NA18970	hap1_bed_index	cpg_hap1_bed_idx	gs://fc-fd42e80c-b41e-4e60-a9cf-b7c0ade168c4/submissions/2f59494a-3bd3-4cb5-8924-bca8cb669391/MethylationProfiling/1d65e81f-1488-48c4-868e-f86da43676e6/call-CpgPileup/attempt-2/NA18970.hap1.bed.gz.tbi	1779055104492160	1570602	md5_base64	INaPbrAKtuERms+rVh9okw==	2026-05-17T21:58:24.494Z	2026-06-20T03:52:33.073Z	gs://fc-fd42e80c-b41e-4e60-a9cf-b7c0ade168c4/submissions/2f59494a-3bd3-4cb5-8924-bca8cb669391/MethylationProfiling/1d65e81f-1488-48c4-868e-f86da43676e6/call-CpgPileup/attempt-2/NA18970.hap1.bed.gz.tbi?generation=1779055104492160	3	fRNUZw==	INaPbrAKtuERms+rVh9okw==	CICFqNyowZQDEAM=
NA18970	hap2_bed	cpg_hap2_bed	gs://fc-fd42e80c-b41e-4e60-a9cf-b7c0ade168c4/submissions/2f59494a-3bd3-4cb5-8924-bca8cb669391/MethylationProfiling/1d65e81f-1488-48c4-868e-f86da43676e6/call-CpgPileup/attempt-2/NA18970.hap2.bed.gz	1779055089476421	287738662	md5_base64	Xgxb99f6rNAGaMtPK7ozCg==	2026-05-17T21:58:09.481Z	2026-06-20T10:26:50.567Z	gs://fc-fd42e80c-b41e-4e60-a9cf-b7c0ade168c4/submissions/2f59494a-3bd3-4cb5-8924-bca8cb669391/MethylationProfiling/1d65e81f-1488-48c4-868e-f86da43676e6/call-CpgPileup/attempt-2/NA18970.hap2.bed.gz?generation=1779055089476421	3	GB06nw==	Xgxb99f6rNAGaMtPK7ozCg==	CMXGk9WowZQDEAM=
NA18970	hap2_bed_index	cpg_hap2_bed_idx	gs://fc-fd42e80c-b41e-4e60-a9cf-b7c0ade168c4/submissions/2f59494a-3bd3-4cb5-8924-bca8cb669391/MethylationProfiling/1d65e81f-1488-48c4-868e-f86da43676e6/call-CpgPileup/attempt-2/NA18970.hap2.bed.gz.tbi	1779055091388001	1571442	md5_base64	iZ+5qzEGaPWRBxlZAuLGQQ==	2026-05-17T21:58:11.391Z	2026-06-20T07:53:23.449Z	gs://fc-fd42e80c-b41e-4e60-a9cf-b7c0ade168c4/submissions/2f59494a-3bd3-4cb5-8924-bca8cb669391/MethylationProfiling/1d65e81f-1488-48c4-868e-f86da43676e6/call-CpgPileup/attempt-2/NA18970.hap2.bed.gz.tbi?generation=1779055091388001	3	99teRw==	iZ+5qzEGaPWRBxlZAuLGQQ==	COGciNaowZQDEAM=
NA18971	combined_bed	cpg_combined_bed	gs://fc-fd42e80c-b41e-4e60-a9cf-b7c0ade168c4/submissions/a1e9b9ce-0d67-4d42-b107-b9821f44dd60/MethylationProfiling/a1f907db-6a18-4bb9-8bd8-6c83708461df/call-CpgPileup/NA18971.combined.bed.gz	1777750004361864	364326543	md5_base64	ktBFRtRfd9Ss3P33XpAr4Q==	2026-05-02T19:26:44.367Z	2026-06-03T15:42:57.449Z	gs://fc-fd42e80c-b41e-4e60-a9cf-b7c0ade168c4/submissions/a1e9b9ce-0d67-4d42-b107-b9821f44dd60/MethylationProfiling/a1f907db-6a18-4bb9-8bd8-6c83708461df/call-CpgPileup/NA18971.combined.bed.gz?generation=1777750004361864	3	Gtb4sg==	ktBFRtRfd9Ss3P33XpAr4Q==	CIjVieyqm5QDEAM=
NA18971	combined_bed_index	independently_verified_combined_bed_index	gs://fc-fd42e80c-b41e-4e60-a9cf-b7c0ade168c4/submissions/a1e9b9ce-0d67-4d42-b107-b9821f44dd60/MethylationProfiling/a1f907db-6a18-4bb9-8bd8-6c83708461df/call-CpgPileup/NA18971.combined.bed.gz.tbi	1777749961589704	1694842	md5_base64	WmDnckqhIZLHzA6geZ/E0A==	2026-05-02T19:26:01.596Z	2026-06-03T16:04:00.799Z	gs://fc-fd42e80c-b41e-4e60-a9cf-b7c0ade168c4/submissions/a1e9b9ce-0d67-4d42-b107-b9821f44dd60/MethylationProfiling/a1f907db-6a18-4bb9-8bd8-6c83708461df/call-CpgPileup/NA18971.combined.bed.gz.tbi?generation=1777749961589704	3	cegQ8Q==	WmDnckqhIZLHzA6geZ/E0A==	CMiH19eqm5QDEAM=
NA18971	hap1_bed	cpg_hap1_bed	gs://fc-fd42e80c-b41e-4e60-a9cf-b7c0ade168c4/submissions/a1e9b9ce-0d67-4d42-b107-b9821f44dd60/MethylationProfiling/a1f907db-6a18-4bb9-8bd8-6c83708461df/call-CpgPileup/NA18971.hap1.bed.gz	1777749979447195	304210001	md5_base64	WxaFrLoKDusi/811rUmAdA==	2026-05-02T19:26:19.450Z	2026-06-03T15:46:04.599Z	gs://fc-fd42e80c-b41e-4e60-a9cf-b7c0ade168c4/submissions/a1e9b9ce-0d67-4d42-b107-b9821f44dd60/MethylationProfiling/a1f907db-6a18-4bb9-8bd8-6c83708461df/call-CpgPileup/NA18971.hap1.bed.gz?generation=1777749979447195	3	kAOE/Q==	WxaFrLoKDusi/811rUmAdA==	CJv/mOCqm5QDEAM=
NA18971	hap1_bed_index	cpg_hap1_bed_idx	gs://fc-fd42e80c-b41e-4e60-a9cf-b7c0ade168c4/submissions/a1e9b9ce-0d67-4d42-b107-b9821f44dd60/MethylationProfiling/a1f907db-6a18-4bb9-8bd8-6c83708461df/call-CpgPileup/NA18971.hap1.bed.gz.tbi	1777750006379601	1558480	md5_base64	Svaje79E0WfwwrZpsdgsDQ==	2026-05-02T19:26:46.384Z	2026-06-02T20:25:47.493Z	gs://fc-fd42e80c-b41e-4e60-a9cf-b7c0ade168c4/submissions/a1e9b9ce-0d67-4d42-b107-b9821f44dd60/MethylationProfiling/a1f907db-6a18-4bb9-8bd8-6c83708461df/call-CpgPileup/NA18971.hap1.bed.gz.tbi?generation=1777750006379601	2	8eCCHA==	Svaje79E0WfwwrZpsdgsDQ==	CNHohO2qm5QDEAI=
NA18971	hap2_bed	cpg_hap2_bed	gs://fc-fd42e80c-b41e-4e60-a9cf-b7c0ade168c4/submissions/a1e9b9ce-0d67-4d42-b107-b9821f44dd60/MethylationProfiling/a1f907db-6a18-4bb9-8bd8-6c83708461df/call-CpgPileup/NA18971.hap2.bed.gz	1777749994257079	304029713	md5_base64	v8JrWcxeJD+aNS4RH1qlEA==	2026-05-02T19:26:34.260Z	2026-06-02T20:17:12.618Z	gs://fc-fd42e80c-b41e-4e60-a9cf-b7c0ade168c4/submissions/a1e9b9ce-0d67-4d42-b107-b9821f44dd60/MethylationProfiling/a1f907db-6a18-4bb9-8bd8-6c83708461df/call-CpgPileup/NA18971.hap2.bed.gz?generation=1777749994257079	2	PydXMg==	v8JrWcxeJD+aNS4RH1qlEA==	CLf1oOeqm5QDEAI=
NA18971	hap2_bed_index	cpg_hap2_bed_idx	gs://fc-fd42e80c-b41e-4e60-a9cf-b7c0ade168c4/submissions/a1e9b9ce-0d67-4d42-b107-b9821f44dd60/MethylationProfiling/a1f907db-6a18-4bb9-8bd8-6c83708461df/call-CpgPileup/NA18971.hap2.bed.gz.tbi	1777750008353199	1558236	md5_base64	oi3f40if6NnNtwmqsroDHw==	2026-05-02T19:26:48.356Z	2026-06-03T15:27:01.507Z	gs://fc-fd42e80c-b41e-4e60-a9cf-b7c0ade168c4/submissions/a1e9b9ce-0d67-4d42-b107-b9821f44dd60/MethylationProfiling/a1f907db-6a18-4bb9-8bd8-6c83708461df/call-CpgPileup/NA18971.hap2.bed.gz.tbi?generation=1777750008353199	3	S/GWcA==	oi3f40if6NnNtwmqsroDHw==	CK+j/e2qm5QDEAM=
NA18974	combined_bed	cpg_combined_bed	gs://fc-fd42e80c-b41e-4e60-a9cf-b7c0ade168c4/submissions/a1e9b9ce-0d67-4d42-b107-b9821f44dd60/MethylationProfiling/0630c48c-aaf9-4411-9a04-440ad749b38c/call-CpgPileup/NA18974.combined.bed.gz	1777750188693063	343411905	md5_base64	BOJ6yQkb/AjZoOAF4f74MQ==	2026-05-02T19:29:48.698Z	2026-06-02T20:03:34.329Z	gs://fc-fd42e80c-b41e-4e60-a9cf-b7c0ade168c4/submissions/a1e9b9ce-0d67-4d42-b107-b9821f44dd60/MethylationProfiling/0630c48c-aaf9-4411-9a04-440ad749b38c/call-CpgPileup/NA18974.combined.bed.gz?generation=1777750188693063	2	NNX9Mw==	BOJ6yQkb/AjZoOAF4f74MQ==	CMes/MOrm5QDEAI=
NA18974	combined_bed_index	independently_verified_combined_bed_index	gs://fc-fd42e80c-b41e-4e60-a9cf-b7c0ade168c4/submissions/a1e9b9ce-0d67-4d42-b107-b9821f44dd60/MethylationProfiling/0630c48c-aaf9-4411-9a04-440ad749b38c/call-CpgPileup/NA18974.combined.bed.gz.tbi	1777750180314959	1695062	md5_base64	Xg/WFfoOhHWbECjhXWLzew==	2026-05-02T19:29:40.318Z	2026-06-03T15:13:02.537Z	gs://fc-fd42e80c-b41e-4e60-a9cf-b7c0ade168c4/submissions/a1e9b9ce-0d67-4d42-b107-b9821f44dd60/MethylationProfiling/0630c48c-aaf9-4411-9a04-440ad749b38c/call-CpgPileup/NA18974.combined.bed.gz.tbi?generation=1777750180314959	3	bXIm/w==	Xg/WFfoOhHWbECjhXWLzew==	CM/+/L+rm5QDEAM=
NA18974	hap1_bed	cpg_hap1_bed	gs://fc-fd42e80c-b41e-4e60-a9cf-b7c0ade168c4/submissions/a1e9b9ce-0d67-4d42-b107-b9821f44dd60/MethylationProfiling/0630c48c-aaf9-4411-9a04-440ad749b38c/call-CpgPileup/NA18974.hap1.bed.gz	1777750178395918	291610624	md5_base64	LBY8MAo8AtdVPdV0H6r8mA==	2026-05-02T19:29:38.400Z	2026-06-03T15:37:03.485Z	gs://fc-fd42e80c-b41e-4e60-a9cf-b7c0ade168c4/submissions/a1e9b9ce-0d67-4d42-b107-b9821f44dd60/MethylationProfiling/0630c48c-aaf9-4411-9a04-440ad749b38c/call-CpgPileup/NA18974.hap1.bed.gz?generation=1777750178395918	3	RwQO5g==	LBY8MAo8AtdVPdV0H6r8mA==	CI7uh7+rm5QDEAM=
NA18974	hap1_bed_index	cpg_hap1_bed_idx	gs://fc-fd42e80c-b41e-4e60-a9cf-b7c0ade168c4/submissions/a1e9b9ce-0d67-4d42-b107-b9821f44dd60/MethylationProfiling/0630c48c-aaf9-4411-9a04-440ad749b38c/call-CpgPileup/NA18974.hap1.bed.gz.tbi	1777750192652349	1561495	md5_base64	mAhJMhLOf64eoTHwd6MTqg==	2026-05-02T19:29:52.656Z	2026-06-03T15:48:09.334Z	gs://fc-fd42e80c-b41e-4e60-a9cf-b7c0ade168c4/submissions/a1e9b9ce-0d67-4d42-b107-b9821f44dd60/MethylationProfiling/0630c48c-aaf9-4411-9a04-440ad749b38c/call-CpgPileup/NA18974.hap1.bed.gz.tbi?generation=1777750192652349	3	hhqIcQ==	mAhJMhLOf64eoTHwd6MTqg==	CL2A7sWrm5QDEAM=
NA18974	hap2_bed	cpg_hap2_bed	gs://fc-fd42e80c-b41e-4e60-a9cf-b7c0ade168c4/submissions/a1e9b9ce-0d67-4d42-b107-b9821f44dd60/MethylationProfiling/0630c48c-aaf9-4411-9a04-440ad749b38c/call-CpgPileup/NA18974.hap2.bed.gz	1777750171093461	291667180	md5_base64	+O0eP1Uiyrgefo4SCMI22Q==	2026-05-02T19:29:31.098Z	2026-06-03T14:29:04.452Z	gs://fc-fd42e80c-b41e-4e60-a9cf-b7c0ade168c4/submissions/a1e9b9ce-0d67-4d42-b107-b9821f44dd60/MethylationProfiling/0630c48c-aaf9-4411-9a04-440ad749b38c/call-CpgPileup/NA18974.hap2.bed.gz?generation=1777750171093461	3	vomFmg==	+O0eP1Uiyrgefo4SCMI22Q==	CNWTyrurm5QDEAM=
NA18974	hap2_bed_index	cpg_hap2_bed_idx	gs://fc-fd42e80c-b41e-4e60-a9cf-b7c0ade168c4/submissions/a1e9b9ce-0d67-4d42-b107-b9821f44dd60/MethylationProfiling/0630c48c-aaf9-4411-9a04-440ad749b38c/call-CpgPileup/NA18974.hap2.bed.gz.tbi	1777750190717750	1562144	md5_base64	WskLQh+Xo+0bo7xueRUG1A==	2026-05-02T19:29:50.721Z	2026-06-03T14:55:58.172Z	gs://fc-fd42e80c-b41e-4e60-a9cf-b7c0ade168c4/submissions/a1e9b9ce-0d67-4d42-b107-b9821f44dd60/MethylationProfiling/0630c48c-aaf9-4411-9a04-440ad749b38c/call-CpgPileup/NA18974.hap2.bed.gz.tbi?generation=1777750190717750	3	uK85eQ==	WskLQh+Xo+0bo7xueRUG1A==	CLb298Srm5QDEAM=
NA18976	combined_bed	cpg_combined_bed	gs://fc-fd42e80c-b41e-4e60-a9cf-b7c0ade168c4/submissions/a1e9b9ce-0d67-4d42-b107-b9821f44dd60/MethylationProfiling/ec620f09-f267-44f8-93b0-39fabac32d0d/call-CpgPileup/NA18976.combined.bed.gz	1777748803602737	345388727	md5_base64	MXO8RMEM0Mu72e/hzultzQ==	2026-05-02T19:06:43.607Z	2026-06-02T19:47:57.133Z	gs://fc-fd42e80c-b41e-4e60-a9cf-b7c0ade168c4/submissions/a1e9b9ce-0d67-4d42-b107-b9821f44dd60/MethylationProfiling/ec620f09-f267-44f8-93b0-39fabac32d0d/call-CpgPileup/NA18976.combined.bed.gz?generation=1777748803602737	2	M1wAVg==	MXO8RMEM0Mu72e/hzultzQ==	CLGSwa+mm5QDEAI=
NA18976	combined_bed_index	independently_verified_combined_bed_index	gs://fc-fd42e80c-b41e-4e60-a9cf-b7c0ade168c4/submissions/a1e9b9ce-0d67-4d42-b107-b9821f44dd60/MethylationProfiling/ec620f09-f267-44f8-93b0-39fabac32d0d/call-CpgPileup/NA18976.combined.bed.gz.tbi	1777748815499875	1684208	md5_base64	J4asWMaE1fYfPn0SCKbOCA==	2026-05-02T19:06:55.503Z	2026-06-03T15:58:33.804Z	gs://fc-fd42e80c-b41e-4e60-a9cf-b7c0ade168c4/submissions/a1e9b9ce-0d67-4d42-b107-b9821f44dd60/MethylationProfiling/ec620f09-f267-44f8-93b0-39fabac32d0d/call-CpgPileup/NA18976.combined.bed.gz.tbi?generation=1777748815499875	3	LWcLpQ==	J4asWMaE1fYfPn0SCKbOCA==	COOkl7Wmm5QDEAM=
NA18976	hap1_bed	cpg_hap1_bed	gs://fc-fd42e80c-b41e-4e60-a9cf-b7c0ade168c4/submissions/a1e9b9ce-0d67-4d42-b107-b9821f44dd60/MethylationProfiling/ec620f09-f267-44f8-93b0-39fabac32d0d/call-CpgPileup/NA18976.hap1.bed.gz	1777748823064642	304899929	md5_base64	wSRLjYxwp1GiYWSHCjpJFg==	2026-05-02T19:07:03.070Z	2026-06-02T20:26:41.059Z	gs://fc-fd42e80c-b41e-4e60-a9cf-b7c0ade168c4/submissions/a1e9b9ce-0d67-4d42-b107-b9821f44dd60/MethylationProfiling/ec620f09-f267-44f8-93b0-39fabac32d0d/call-CpgPileup/NA18976.hap1.bed.gz?generation=1777748823064642	2	EmQ9ag==	wSRLjYxwp1GiYWSHCjpJFg==	CMKA5bimm5QDEAI=
NA18976	hap1_bed_index	cpg_hap1_bed_idx	gs://fc-fd42e80c-b41e-4e60-a9cf-b7c0ade168c4/submissions/a1e9b9ce-0d67-4d42-b107-b9821f44dd60/MethylationProfiling/ec620f09-f267-44f8-93b0-39fabac32d0d/call-CpgPileup/NA18976.hap1.bed.gz.tbi	1777748825068512	1645490	md5_base64	UY1a4xxUsdnE3n216v0x7w==	2026-05-02T19:07:05.071Z	2026-06-02T20:25:36.428Z	gs://fc-fd42e80c-b41e-4e60-a9cf-b7c0ade168c4/submissions/a1e9b9ce-0d67-4d42-b107-b9821f44dd60/MethylationProfiling/ec620f09-f267-44f8-93b0-39fabac32d0d/call-CpgPileup/NA18976.hap1.bed.gz.tbi?generation=1777748825068512	2	/IWFVw==	UY1a4xxUsdnE3n216v0x7w==	COCn37mmm5QDEAI=
NA18976	hap2_bed	cpg_hap2_bed	gs://fc-fd42e80c-b41e-4e60-a9cf-b7c0ade168c4/submissions/a1e9b9ce-0d67-4d42-b107-b9821f44dd60/MethylationProfiling/ec620f09-f267-44f8-93b0-39fabac32d0d/call-CpgPileup/NA18976.hap2.bed.gz	1777748813510763	305215860	md5_base64	Wd3Xpw7zsS3meuOXmcC8Xg==	2026-05-02T19:06:53.514Z	2026-06-03T16:02:06.635Z	gs://fc-fd42e80c-b41e-4e60-a9cf-b7c0ade168c4/submissions/a1e9b9ce-0d67-4d42-b107-b9821f44dd60/MethylationProfiling/ec620f09-f267-44f8-93b0-39fabac32d0d/call-CpgPileup/NA18976.hap2.bed.gz?generation=1777748813510763	3	5kC8Wg==	Wd3Xpw7zsS3meuOXmcC8Xg==	COvwnbSmm5QDEAM=
NA18976	hap2_bed_index	cpg_hap2_bed_idx	gs://fc-fd42e80c-b41e-4e60-a9cf-b7c0ade168c4/submissions/a1e9b9ce-0d67-4d42-b107-b9821f44dd60/MethylationProfiling/ec620f09-f267-44f8-93b0-39fabac32d0d/call-CpgPileup/NA18976.hap2.bed.gz.tbi	1777748805647650	1646026	md5_base64	sSCXZyFPuo1CGU+Bpv95/w==	2026-05-02T19:06:45.650Z	2026-06-03T16:01:33.203Z	gs://fc-fd42e80c-b41e-4e60-a9cf-b7c0ade168c4/submissions/a1e9b9ce-0d67-4d42-b107-b9821f44dd60/MethylationProfiling/ec620f09-f267-44f8-93b0-39fabac32d0d/call-CpgPileup/NA18976.hap2.bed.gz.tbi?generation=1777748805647650	3	ABk3Yw==	sSCXZyFPuo1CGU+Bpv95/w==	CKL6vbCmm5QDEAM=
NA18982	combined_bed	cpg_combined_bed	gs://fc-fd42e80c-b41e-4e60-a9cf-b7c0ade168c4/submissions/437952b1-176f-45fa-9407-a752bf0a7a74/MethylationProfiling/dd3f680e-e183-47b6-bea3-ea8b8af2a265/call-CpgPileup/attempt-2/NA18982.combined.bed.gz	1778873118618017	337865652	md5_base64	s3kwjx5OojZOgkcWDgXKeQ==	2026-05-15T19:25:18.624Z	2026-06-16T23:34:07.213Z	gs://fc-fd42e80c-b41e-4e60-a9cf-b7c0ade168c4/submissions/437952b1-176f-45fa-9407-a752bf0a7a74/MethylationProfiling/dd3f680e-e183-47b6-bea3-ea8b8af2a265/call-CpgPileup/attempt-2/NA18982.combined.bed.gz?generation=1778873118618017	3	AwI1dA==	s3kwjx5OojZOgkcWDgXKeQ==	CKHj1+KCvJQDEAM=
NA18982	combined_bed_index	independently_verified_combined_bed_index	gs://fc-fd42e80c-b41e-4e60-a9cf-b7c0ade168c4/submissions/437952b1-176f-45fa-9407-a752bf0a7a74/MethylationProfiling/dd3f680e-e183-47b6-bea3-ea8b8af2a265/call-CpgPileup/attempt-2/NA18982.combined.bed.gz.tbi	1778873120413289	1694072	md5_base64	jzhj7A6GCk4aRNpX0Ur5bQ==	2026-05-15T19:25:20.423Z	2026-06-16T15:30:27.429Z	gs://fc-fd42e80c-b41e-4e60-a9cf-b7c0ade168c4/submissions/437952b1-176f-45fa-9407-a752bf0a7a74/MethylationProfiling/dd3f680e-e183-47b6-bea3-ea8b8af2a265/call-CpgPileup/attempt-2/NA18982.combined.bed.gz.tbi?generation=1778873120413289	3	nccd0A==	jzhj7A6GCk4aRNpX0Ur5bQ==	COmsxeOCvJQDEAM=
NA18982	hap1_bed	cpg_hap1_bed	gs://fc-fd42e80c-b41e-4e60-a9cf-b7c0ade168c4/submissions/437952b1-176f-45fa-9407-a752bf0a7a74/MethylationProfiling/dd3f680e-e183-47b6-bea3-ea8b8af2a265/call-CpgPileup/attempt-2/NA18982.hap1.bed.gz	1778873134436154	284144941	md5_base64	1UMInJKGjWfFsj1eItspcQ==	2026-05-15T19:25:34.441Z	2026-06-15T21:22:19.862Z	gs://fc-fd42e80c-b41e-4e60-a9cf-b7c0ade168c4/submissions/437952b1-176f-45fa-9407-a752bf0a7a74/MethylationProfiling/dd3f680e-e183-47b6-bea3-ea8b8af2a265/call-CpgPileup/attempt-2/NA18982.hap1.bed.gz?generation=1778873134436154	2	aK9ftA==	1UMInJKGjWfFsj1eItspcQ==	CLqeneqCvJQDEAI=
NA18982	hap1_bed_index	cpg_hap1_bed_idx	gs://fc-fd42e80c-b41e-4e60-a9cf-b7c0ade168c4/submissions/437952b1-176f-45fa-9407-a752bf0a7a74/MethylationProfiling/dd3f680e-e183-47b6-bea3-ea8b8af2a265/call-CpgPileup/attempt-2/NA18982.hap1.bed.gz.tbi	1778873111716108	1573348	md5_base64	KStLr99PuarPNYBgYP0bYg==	2026-05-15T19:25:11.720Z	2026-06-17T06:34:01.541Z	gs://fc-fd42e80c-b41e-4e60-a9cf-b7c0ade168c4/submissions/437952b1-176f-45fa-9407-a752bf0a7a74/MethylationProfiling/dd3f680e-e183-47b6-bea3-ea8b8af2a265/call-CpgPileup/attempt-2/NA18982.hap1.bed.gz.tbi?generation=1778873111716108	3	jQTgpw==	KStLr99PuarPNYBgYP0bYg==	CIzCst+CvJQDEAM=
NA18982	hap2_bed	cpg_hap2_bed	gs://fc-fd42e80c-b41e-4e60-a9cf-b7c0ade168c4/submissions/437952b1-176f-45fa-9407-a752bf0a7a74/MethylationProfiling/dd3f680e-e183-47b6-bea3-ea8b8af2a265/call-CpgPileup/attempt-2/NA18982.hap2.bed.gz	1778873126357853	283842184	md5_base64	r+FbQTSgnAEYSnLgmF6S+A==	2026-05-15T19:25:26.362Z	2026-06-17T10:38:09.658Z	gs://fc-fd42e80c-b41e-4e60-a9cf-b7c0ade168c4/submissions/437952b1-176f-45fa-9407-a752bf0a7a74/MethylationProfiling/dd3f680e-e183-47b6-bea3-ea8b8af2a265/call-CpgPileup/attempt-2/NA18982.hap2.bed.gz?generation=1778873126357853	2	L8xxYg==	r+FbQTSgnAEYSnLgmF6S+A==	CN2WsOaCvJQDEAI=
NA18982	hap2_bed_index	cpg_hap2_bed_idx	gs://fc-fd42e80c-b41e-4e60-a9cf-b7c0ade168c4/submissions/437952b1-176f-45fa-9407-a752bf0a7a74/MethylationProfiling/dd3f680e-e183-47b6-bea3-ea8b8af2a265/call-CpgPileup/attempt-2/NA18982.hap2.bed.gz.tbi	1778873128146554	1573331	md5_base64	nVa9PUFGD2dZeETahBqEkA==	2026-05-15T19:25:28.154Z	2026-06-17T22:06:42.053Z	gs://fc-fd42e80c-b41e-4e60-a9cf-b7c0ade168c4/submissions/437952b1-176f-45fa-9407-a752bf0a7a74/MethylationProfiling/dd3f680e-e183-47b6-bea3-ea8b8af2a265/call-CpgPileup/attempt-2/NA18982.hap2.bed.gz.tbi?generation=1778873128146554	3	fcyc1Q==	nVa9PUFGD2dZeETahBqEkA==	CPqsneeCvJQDEAM=
NA18983	combined_bed	cpg_combined_bed	gs://fc-fd42e80c-b41e-4e60-a9cf-b7c0ade168c4/submissions/a1e9b9ce-0d67-4d42-b107-b9821f44dd60/MethylationProfiling/653702c1-922d-4584-b6ae-8f207d96c841/call-CpgPileup/NA18983.combined.bed.gz	1777749865823121	339814548	md5_base64	6OIjqBi14RNQ3UMpbFY6Ng==	2026-05-02T19:24:25.827Z	2026-06-03T15:29:02.586Z	gs://fc-fd42e80c-b41e-4e60-a9cf-b7c0ade168c4/submissions/a1e9b9ce-0d67-4d42-b107-b9821f44dd60/MethylationProfiling/653702c1-922d-4584-b6ae-8f207d96c841/call-CpgPileup/NA18983.combined.bed.gz?generation=1777749865823121	3	DafNXg==	6OIjqBi14RNQ3UMpbFY6Ng==	CJH3gaqqm5QDEAM=
NA18983	combined_bed_index	independently_verified_combined_bed_index	gs://fc-fd42e80c-b41e-4e60-a9cf-b7c0ade168c4/submissions/a1e9b9ce-0d67-4d42-b107-b9821f44dd60/MethylationProfiling/653702c1-922d-4584-b6ae-8f207d96c841/call-CpgPileup/NA18983.combined.bed.gz.tbi	1777749838483194	1693381	md5_base64	K4V2gTX+T3xCj73+eqc0rg==	2026-05-02T19:23:58.488Z	2026-06-02T19:58:57.999Z	gs://fc-fd42e80c-b41e-4e60-a9cf-b7c0ade168c4/submissions/a1e9b9ce-0d67-4d42-b107-b9821f44dd60/MethylationProfiling/653702c1-922d-4584-b6ae-8f207d96c841/call-CpgPileup/NA18983.combined.bed.gz.tbi?generation=1777749838483194	2	7PFnmw==	K4V2gTX+T3xCj73+eqc0rg==	CPqd/Zyqm5QDEAI=
NA18983	hap1_bed	cpg_hap1_bed	gs://fc-fd42e80c-b41e-4e60-a9cf-b7c0ade168c4/submissions/a1e9b9ce-0d67-4d42-b107-b9821f44dd60/MethylationProfiling/653702c1-922d-4584-b6ae-8f207d96c841/call-CpgPileup/NA18983.hap1.bed.gz	1777749854177273	286635189	md5_base64	fi6b4JxBO49dzWPW0csL1g==	2026-05-02T19:24:14.181Z	2026-06-03T14:38:57.812Z	gs://fc-fd42e80c-b41e-4e60-a9cf-b7c0ade168c4/submissions/a1e9b9ce-0d67-4d42-b107-b9821f44dd60/MethylationProfiling/653702c1-922d-4584-b6ae-8f207d96c841/call-CpgPileup/NA18983.hap1.bed.gz?generation=1777749854177273	3	NA1ogw==	fi6b4JxBO49dzWPW0csL1g==	CPmPu6Sqm5QDEAM=
NA18983	hap1_bed_index	cpg_hap1_bed_idx	gs://fc-fd42e80c-b41e-4e60-a9cf-b7c0ade168c4/submissions/a1e9b9ce-0d67-4d42-b107-b9821f44dd60/MethylationProfiling/653702c1-922d-4584-b6ae-8f207d96c841/call-CpgPileup/NA18983.hap1.bed.gz.tbi	1777749856267338	1560253	md5_base64	ax4BHqt3NikQG3OmxT1tZQ==	2026-05-02T19:24:16.271Z	2026-06-03T16:05:05.915Z	gs://fc-fd42e80c-b41e-4e60-a9cf-b7c0ade168c4/submissions/a1e9b9ce-0d67-4d42-b107-b9821f44dd60/MethylationProfiling/653702c1-922d-4584-b6ae-8f207d96c841/call-CpgPileup/NA18983.hap1.bed.gz.tbi?generation=1777749856267338	3	MO6fmw==	ax4BHqt3NikQG3OmxT1tZQ==	CMrYuqWqm5QDEAM=
NA18983	hap2_bed	cpg_hap2_bed	gs://fc-fd42e80c-b41e-4e60-a9cf-b7c0ade168c4/submissions/a1e9b9ce-0d67-4d42-b107-b9821f44dd60/MethylationProfiling/653702c1-922d-4584-b6ae-8f207d96c841/call-CpgPileup/NA18983.hap2.bed.gz	1777749847760291	286378971	md5_base64	7xuMe4Q8XAaJq6l0AGgPBw==	2026-05-02T19:24:07.764Z	2026-06-03T15:45:00.701Z	gs://fc-fd42e80c-b41e-4e60-a9cf-b7c0ade168c4/submissions/a1e9b9ce-0d67-4d42-b107-b9821f44dd60/MethylationProfiling/653702c1-922d-4584-b6ae-8f207d96c841/call-CpgPileup/NA18983.hap2.bed.gz?generation=1777749847760291	3	1itJ/g==	7xuMe4Q8XAaJq6l0AGgPBw==	CKO7s6Gqm5QDEAM=
NA18983	hap2_bed_index	cpg_hap2_bed_idx	gs://fc-fd42e80c-b41e-4e60-a9cf-b7c0ade168c4/submissions/a1e9b9ce-0d67-4d42-b107-b9821f44dd60/MethylationProfiling/653702c1-922d-4584-b6ae-8f207d96c841/call-CpgPileup/NA18983.hap2.bed.gz.tbi	1777749840530901	1558461	md5_base64	PcxNtLjdBwHpHH9Ww5ccdA==	2026-05-02T19:24:00.536Z	2026-06-02T20:27:02.830Z	gs://fc-fd42e80c-b41e-4e60-a9cf-b7c0ade168c4/submissions/a1e9b9ce-0d67-4d42-b107-b9821f44dd60/MethylationProfiling/653702c1-922d-4584-b6ae-8f207d96c841/call-CpgPileup/NA18983.hap2.bed.gz.tbi?generation=1777749840530901	2	sYisPA==	PcxNtLjdBwHpHH9Ww5ccdA==	CNWb+p2qm5QDEAI=
NA19036	combined_bed	cpg_combined_bed	gs://fc-fd42e80c-b41e-4e60-a9cf-b7c0ade168c4/submissions/a1e9b9ce-0d67-4d42-b107-b9821f44dd60/MethylationProfiling/a379f79c-a34d-447b-9eca-1e9d3b8ec5ab/call-CpgPileup/NA19036.combined.bed.gz	1777747466681270	341666759	md5_base64	D8tSRGsAjVXrc4UWp4jYmQ==	2026-05-02T18:44:26.691Z	2026-06-03T15:34:38.975Z	gs://fc-fd42e80c-b41e-4e60-a9cf-b7c0ade168c4/submissions/a1e9b9ce-0d67-4d42-b107-b9821f44dd60/MethylationProfiling/a379f79c-a34d-447b-9eca-1e9d3b8ec5ab/call-CpgPileup/NA19036.combined.bed.gz?generation=1777747466681270	3	fESyQw==	D8tSRGsAjVXrc4UWp4jYmQ==	CLb3gbKhm5QDEAM=
NA19036	combined_bed_index	independently_verified_combined_bed_index	gs://fc-fd42e80c-b41e-4e60-a9cf-b7c0ade168c4/submissions/a1e9b9ce-0d67-4d42-b107-b9821f44dd60/MethylationProfiling/a379f79c-a34d-447b-9eca-1e9d3b8ec5ab/call-CpgPileup/NA19036.combined.bed.gz.tbi	1777747468648232	1683165	md5_base64	B9OVXwel9I+11gUyzmCIfg==	2026-05-02T18:44:28.651Z	2026-06-03T16:04:51.808Z	gs://fc-fd42e80c-b41e-4e60-a9cf-b7c0ade168c4/submissions/a1e9b9ce-0d67-4d42-b107-b9821f44dd60/MethylationProfiling/a379f79c-a34d-447b-9eca-1e9d3b8ec5ab/call-CpgPileup/NA19036.combined.bed.gz.tbi?generation=1777747468648232	3	IejFDQ==	B9OVXwel9I+11gUyzmCIfg==	CKj++bKhm5QDEAM=
NA19036	hap1_bed	cpg_hap1_bed	gs://fc-fd42e80c-b41e-4e60-a9cf-b7c0ade168c4/submissions/a1e9b9ce-0d67-4d42-b107-b9821f44dd60/MethylationProfiling/a379f79c-a34d-447b-9eca-1e9d3b8ec5ab/call-CpgPileup/NA19036.hap1.bed.gz	1777747485376530	304143161	md5_base64	7QGDzbhWurP11KET5zFrig==	2026-05-02T18:44:45.380Z	2026-06-02T20:06:29.100Z	gs://fc-fd42e80c-b41e-4e60-a9cf-b7c0ade168c4/submissions/a1e9b9ce-0d67-4d42-b107-b9821f44dd60/MethylationProfiling/a379f79c-a34d-447b-9eca-1e9d3b8ec5ab/call-CpgPileup/NA19036.hap1.bed.gz?generation=1777747485376530	2	2UgX0w==	7QGDzbhWurP11KET5zFrig==	CJKA97qhm5QDEAI=
NA19036	hap1_bed_index	cpg_hap1_bed_idx	gs://fc-fd42e80c-b41e-4e60-a9cf-b7c0ade168c4/submissions/a1e9b9ce-0d67-4d42-b107-b9821f44dd60/MethylationProfiling/a379f79c-a34d-447b-9eca-1e9d3b8ec5ab/call-CpgPileup/NA19036.hap1.bed.gz.tbi	1777747470789437	1656926	md5_base64	Osd9FvSAovfBcwOHsdxAGA==	2026-05-02T18:44:30.792Z	2026-06-03T15:58:39.149Z	gs://fc-fd42e80c-b41e-4e60-a9cf-b7c0ade168c4/submissions/a1e9b9ce-0d67-4d42-b107-b9821f44dd60/MethylationProfiling/a379f79c-a34d-447b-9eca-1e9d3b8ec5ab/call-CpgPileup/NA19036.hap1.bed.gz.tbi?generation=1777747470789437	3	Y05+IQ==	Osd9FvSAovfBcwOHsdxAGA==	CL3W/LOhm5QDEAM=
NA19036	hap2_bed	cpg_hap2_bed	gs://fc-fd42e80c-b41e-4e60-a9cf-b7c0ade168c4/submissions/a1e9b9ce-0d67-4d42-b107-b9821f44dd60/MethylationProfiling/a379f79c-a34d-447b-9eca-1e9d3b8ec5ab/call-CpgPileup/NA19036.hap2.bed.gz	1777747478463774	304553024	md5_base64	FUBupnaxiCRX0qvSHO61sw==	2026-05-02T18:44:38.473Z	2026-06-03T15:34:38.975Z	gs://fc-fd42e80c-b41e-4e60-a9cf-b7c0ade168c4/submissions/a1e9b9ce-0d67-4d42-b107-b9821f44dd60/MethylationProfiling/a379f79c-a34d-447b-9eca-1e9d3b8ec5ab/call-CpgPileup/NA19036.hap2.bed.gz?generation=1777747478463774	3	K7lz6Q==	FUBupnaxiCRX0qvSHO61sw==	CJ6K0behm5QDEAM=
NA19036	hap2_bed_index	cpg_hap2_bed_idx	gs://fc-fd42e80c-b41e-4e60-a9cf-b7c0ade168c4/submissions/a1e9b9ce-0d67-4d42-b107-b9821f44dd60/MethylationProfiling/a379f79c-a34d-447b-9eca-1e9d3b8ec5ab/call-CpgPileup/NA19036.hap2.bed.gz.tbi	1777747487426683	1659339	md5_base64	bu60BHAjgIpOiQLJAQxZ6Q==	2026-05-02T18:44:47.429Z	2026-06-03T14:47:01.191Z	gs://fc-fd42e80c-b41e-4e60-a9cf-b7c0ade168c4/submissions/a1e9b9ce-0d67-4d42-b107-b9821f44dd60/MethylationProfiling/a379f79c-a34d-447b-9eca-1e9d3b8ec5ab/call-CpgPileup/NA19036.hap2.bed.gz.tbi?generation=1777747487426683	3	StvgQg==	bu60BHAjgIpOiQLJAQxZ6Q==	CPuQ9Luhm5QDEAM=
NA19043	combined_bed	cpg_combined_bed	gs://fc-fd42e80c-b41e-4e60-a9cf-b7c0ade168c4/submissions/a1e9b9ce-0d67-4d42-b107-b9821f44dd60/MethylationProfiling/2f4844a3-8610-458b-9e2b-01e469fde9d0/call-CpgPileup/NA19043.combined.bed.gz	1777749851835719	336273260	md5_base64	C0Gf+pIg/eh9FujR3kG71A==	2026-05-02T19:24:11.841Z	2026-06-03T15:19:02.714Z	gs://fc-fd42e80c-b41e-4e60-a9cf-b7c0ade168c4/submissions/a1e9b9ce-0d67-4d42-b107-b9821f44dd60/MethylationProfiling/2f4844a3-8610-458b-9e2b-01e469fde9d0/call-CpgPileup/NA19043.combined.bed.gz?generation=1777749851835719	3	KnWRFg==	C0Gf+pIg/eh9FujR3kG71A==	CMearKOqm5QDEAM=
NA19043	combined_bed_index	independently_verified_combined_bed_index	gs://fc-fd42e80c-b41e-4e60-a9cf-b7c0ade168c4/submissions/a1e9b9ce-0d67-4d42-b107-b9821f44dd60/MethylationProfiling/2f4844a3-8610-458b-9e2b-01e469fde9d0/call-CpgPileup/NA19043.combined.bed.gz.tbi	1777749836519636	1692619	md5_base64	XiOjVKPWslHOIf6N1uzNNg==	2026-05-02T19:23:56.523Z	2026-06-03T14:44:58.859Z	gs://fc-fd42e80c-b41e-4e60-a9cf-b7c0ade168c4/submissions/a1e9b9ce-0d67-4d42-b107-b9821f44dd60/MethylationProfiling/2f4844a3-8610-458b-9e2b-01e469fde9d0/call-CpgPileup/NA19043.combined.bed.gz.tbi?generation=1777749836519636	3	OguD6Q==	XiOjVKPWslHOIf6N1uzNNg==	CNSxhZyqm5QDEAM=
NA19043	hap1_bed	cpg_hap1_bed	gs://fc-fd42e80c-b41e-4e60-a9cf-b7c0ade168c4/submissions/a1e9b9ce-0d67-4d42-b107-b9821f44dd60/MethylationProfiling/2f4844a3-8610-458b-9e2b-01e469fde9d0/call-CpgPileup/NA19043.hap1.bed.gz	1777749845128133	287800683	md5_base64	l7BX+fSpIjt08bKTfPqF7g==	2026-05-02T19:24:05.134Z	2026-06-03T16:02:42.912Z	gs://fc-fd42e80c-b41e-4e60-a9cf-b7c0ade168c4/submissions/a1e9b9ce-0d67-4d42-b107-b9821f44dd60/MethylationProfiling/2f4844a3-8610-458b-9e2b-01e469fde9d0/call-CpgPileup/NA19043.hap1.bed.gz?generation=1777749845128133	3	LCGqdw==	l7BX+fSpIjt08bKTfPqF7g==	CMXnkqCqm5QDEAM=
NA19043	hap1_bed_index	cpg_hap1_bed_idx	gs://fc-fd42e80c-b41e-4e60-a9cf-b7c0ade168c4/submissions/a1e9b9ce-0d67-4d42-b107-b9821f44dd60/MethylationProfiling/2f4844a3-8610-458b-9e2b-01e469fde9d0/call-CpgPileup/NA19043.hap1.bed.gz.tbi	1777749827436693	1573354	md5_base64	EnyJwUl3O6IHgWR/sn3tmw==	2026-05-02T19:23:47.439Z	2026-06-03T15:22:01.709Z	gs://fc-fd42e80c-b41e-4e60-a9cf-b7c0ade168c4/submissions/a1e9b9ce-0d67-4d42-b107-b9821f44dd60/MethylationProfiling/2f4844a3-8610-458b-9e2b-01e469fde9d0/call-CpgPileup/NA19043.hap1.bed.gz.tbi?generation=1777749827436693	3	FZGgHw==	EnyJwUl3O6IHgWR/sn3tmw==	CJWB25eqm5QDEAM=
NA19043	hap2_bed	cpg_hap2_bed	gs://fc-fd42e80c-b41e-4e60-a9cf-b7c0ade168c4/submissions/a1e9b9ce-0d67-4d42-b107-b9821f44dd60/MethylationProfiling/2f4844a3-8610-458b-9e2b-01e469fde9d0/call-CpgPileup/NA19043.hap2.bed.gz	1777749834753532	287802646	md5_base64	Er+UYrGvdgUAtoTxsU9tZg==	2026-05-02T19:23:54.757Z	2026-06-02T20:35:02.213Z	gs://fc-fd42e80c-b41e-4e60-a9cf-b7c0ade168c4/submissions/a1e9b9ce-0d67-4d42-b107-b9821f44dd60/MethylationProfiling/2f4844a3-8610-458b-9e2b-01e469fde9d0/call-CpgPileup/NA19043.hap2.bed.gz?generation=1777749834753532	2	aNNMMQ==	Er+UYrGvdgUAtoTxsU9tZg==	CPzLmZuqm5QDEAI=
NA19043	hap2_bed_index	cpg_hap2_bed_idx	gs://fc-fd42e80c-b41e-4e60-a9cf-b7c0ade168c4/submissions/a1e9b9ce-0d67-4d42-b107-b9821f44dd60/MethylationProfiling/2f4844a3-8610-458b-9e2b-01e469fde9d0/call-CpgPileup/NA19043.hap2.bed.gz.tbi	1777749838359795	1574023	md5_base64	mc7Fi9lwLfR9V41/hHtL2A==	2026-05-02T19:23:58.368Z	2026-06-02T19:45:24.035Z	gs://fc-fd42e80c-b41e-4e60-a9cf-b7c0ade168c4/submissions/a1e9b9ce-0d67-4d42-b107-b9821f44dd60/MethylationProfiling/2f4844a3-8610-458b-9e2b-01e469fde9d0/call-CpgPileup/NA19043.hap2.bed.gz.tbi?generation=1777749838359795	2	A09Z0g==	mc7Fi9lwLfR9V41/hHtL2A==	CPPZ9Zyqm5QDEAI=
NA19087	combined_bed	cpg_combined_bed	gs://fc-fd42e80c-b41e-4e60-a9cf-b7c0ade168c4/submissions/a1e9b9ce-0d67-4d42-b107-b9821f44dd60/MethylationProfiling/223344fa-4174-45de-953f-b50e72d355d1/call-CpgPileup/NA19087.combined.bed.gz	1777750102248823	335039850	md5_base64	6FVWQcr/9lMNDvMeF5l7Pg==	2026-05-02T19:28:22.252Z	2026-06-03T15:52:15.819Z	gs://fc-fd42e80c-b41e-4e60-a9cf-b7c0ade168c4/submissions/a1e9b9ce-0d67-4d42-b107-b9821f44dd60/MethylationProfiling/223344fa-4174-45de-953f-b50e72d355d1/call-CpgPileup/NA19087.combined.bed.gz?generation=1777750102248823	3	dZYY1Q==	6FVWQcr/9lMNDvMeF5l7Pg==	CPea4Jqrm5QDEAM=
NA19087	combined_bed_index	independently_verified_combined_bed_index	gs://fc-fd42e80c-b41e-4e60-a9cf-b7c0ade168c4/submissions/a1e9b9ce-0d67-4d42-b107-b9821f44dd60/MethylationProfiling/223344fa-4174-45de-953f-b50e72d355d1/call-CpgPileup/NA19087.combined.bed.gz.tbi	1777750088409758	1683943	md5_base64	1cfKzVghnuL4COCZniO7og==	2026-05-02T19:28:08.414Z	2026-06-02T20:34:50.221Z	gs://fc-fd42e80c-b41e-4e60-a9cf-b7c0ade168c4/submissions/a1e9b9ce-0d67-4d42-b107-b9821f44dd60/MethylationProfiling/223344fa-4174-45de-953f-b50e72d355d1/call-CpgPileup/NA19087.combined.bed.gz.tbi?generation=1777750088409758	2	Xra09A==	1cfKzVghnuL4COCZniO7og==	CJ7Fk5Srm5QDEAI=
NA19087	hap1_bed	cpg_hap1_bed	gs://fc-fd42e80c-b41e-4e60-a9cf-b7c0ade168c4/submissions/a1e9b9ce-0d67-4d42-b107-b9821f44dd60/MethylationProfiling/223344fa-4174-45de-953f-b50e72d355d1/call-CpgPileup/NA19087.hap1.bed.gz	1777750084551836	296435693	md5_base64	sPDKR/vorVEO/KJA78pg8Q==	2026-05-02T19:28:04.556Z	2026-06-03T14:39:56.726Z	gs://fc-fd42e80c-b41e-4e60-a9cf-b7c0ade168c4/submissions/a1e9b9ce-0d67-4d42-b107-b9821f44dd60/MethylationProfiling/223344fa-4174-45de-953f-b50e72d355d1/call-CpgPileup/NA19087.hap1.bed.gz?generation=1777750084551836	3	TFOvug==	sPDKR/vorVEO/KJA78pg8Q==	CJyJqJKrm5QDEAM=
NA19087	hap1_bed_index	cpg_hap1_bed_idx	gs://fc-fd42e80c-b41e-4e60-a9cf-b7c0ade168c4/submissions/a1e9b9ce-0d67-4d42-b107-b9821f44dd60/MethylationProfiling/223344fa-4174-45de-953f-b50e72d355d1/call-CpgPileup/NA19087.hap1.bed.gz.tbi	1777750086536775	1650936	md5_base64	YUZr5ATP5zcrSEw+L+fYaw==	2026-05-02T19:28:06.544Z	2026-06-03T16:00:02.190Z	gs://fc-fd42e80c-b41e-4e60-a9cf-b7c0ade168c4/submissions/a1e9b9ce-0d67-4d42-b107-b9821f44dd60/MethylationProfiling/223344fa-4174-45de-953f-b50e72d355d1/call-CpgPileup/NA19087.hap1.bed.gz.tbi?generation=1777750086536775	3	To0AeQ==	YUZr5ATP5zcrSEw+L+fYaw==	CMecoZOrm5QDEAM=
NA19087	hap2_bed	cpg_hap2_bed	gs://fc-fd42e80c-b41e-4e60-a9cf-b7c0ade168c4/submissions/a1e9b9ce-0d67-4d42-b107-b9821f44dd60/MethylationProfiling/223344fa-4174-45de-953f-b50e72d355d1/call-CpgPileup/NA19087.hap2.bed.gz	1777750096290134	296107147	md5_base64	4H9IcQs0RYblP1UQ6xwrBg==	2026-05-02T19:28:16.296Z	2026-06-02T20:17:23.668Z	gs://fc-fd42e80c-b41e-4e60-a9cf-b7c0ade168c4/submissions/a1e9b9ce-0d67-4d42-b107-b9821f44dd60/MethylationProfiling/223344fa-4174-45de-953f-b50e72d355d1/call-CpgPileup/NA19087.hap2.bed.gz?generation=1777750096290134	2	NMDIZg==	4H9IcQs0RYblP1UQ6xwrBg==	CNbC9Jerm5QDEAI=
NA19087	hap2_bed_index	cpg_hap2_bed_idx	gs://fc-fd42e80c-b41e-4e60-a9cf-b7c0ade168c4/submissions/a1e9b9ce-0d67-4d42-b107-b9821f44dd60/MethylationProfiling/223344fa-4174-45de-953f-b50e72d355d1/call-CpgPileup/NA19087.hap2.bed.gz.tbi	1777750104197574	1650862	md5_base64	VXmbZ++RyNJenMD2bWwRtg==	2026-05-02T19:28:24.203Z	2026-06-03T14:42:09.641Z	gs://fc-fd42e80c-b41e-4e60-a9cf-b7c0ade168c4/submissions/a1e9b9ce-0d67-4d42-b107-b9821f44dd60/MethylationProfiling/223344fa-4174-45de-953f-b50e72d355d1/call-CpgPileup/NA19087.hap2.bed.gz.tbi?generation=1777750104197574	3	n0GXXg==	VXmbZ++RyNJenMD2bWwRtg==	CMaT15urm5QDEAM=
NA19159	combined_bed	cpg_combined_bed	gs://fc-fd42e80c-b41e-4e60-a9cf-b7c0ade168c4/submissions/a1e9b9ce-0d67-4d42-b107-b9821f44dd60/MethylationProfiling/4c1eef77-c09a-436a-ba41-ca9e094fbe45/call-CpgPileup/NA19159.combined.bed.gz	1777749889044495	332503956	md5_base64	UVsakZfBAy44oqyjbO/oBA==	2026-05-02T19:24:49.050Z	2026-06-02T20:21:39.371Z	gs://fc-fd42e80c-b41e-4e60-a9cf-b7c0ade168c4/submissions/a1e9b9ce-0d67-4d42-b107-b9821f44dd60/MethylationProfiling/4c1eef77-c09a-436a-ba41-ca9e094fbe45/call-CpgPileup/NA19159.combined.bed.gz?generation=1777749889044495	2	WhagGw==	UVsakZfBAy44oqyjbO/oBA==	CI+gi7Wqm5QDEAI=
NA19159	combined_bed_index	independently_verified_combined_bed_index	gs://fc-fd42e80c-b41e-4e60-a9cf-b7c0ade168c4/submissions/a1e9b9ce-0d67-4d42-b107-b9821f44dd60/MethylationProfiling/4c1eef77-c09a-436a-ba41-ca9e094fbe45/call-CpgPileup/NA19159.combined.bed.gz.tbi	1777749898367917	1683638	md5_base64	/YBc3MC2d/MfAtgLOaBd4A==	2026-05-02T19:24:58.375Z	2026-06-02T20:05:08.333Z	gs://fc-fd42e80c-b41e-4e60-a9cf-b7c0ade168c4/submissions/a1e9b9ce-0d67-4d42-b107-b9821f44dd60/MethylationProfiling/4c1eef77-c09a-436a-ba41-ca9e094fbe45/call-CpgPileup/NA19159.combined.bed.gz.tbi?generation=1777749898367917	2	TKClAQ==	/YBc3MC2d/MfAtgLOaBd4A==	CK2nxLmqm5QDEAI=
NA19159	hap1_bed	cpg_hap1_bed	gs://fc-fd42e80c-b41e-4e60-a9cf-b7c0ade168c4/submissions/a1e9b9ce-0d67-4d42-b107-b9821f44dd60/MethylationProfiling/4c1eef77-c09a-436a-ba41-ca9e094fbe45/call-CpgPileup/NA19159.hap1.bed.gz	1777749910154606	296525721	md5_base64	wnwWXCRl5X5evZWvGdIZOg==	2026-05-02T19:25:10.159Z	2026-06-02T20:18:09.297Z	gs://fc-fd42e80c-b41e-4e60-a9cf-b7c0ade168c4/submissions/a1e9b9ce-0d67-4d42-b107-b9821f44dd60/MethylationProfiling/4c1eef77-c09a-436a-ba41-ca9e094fbe45/call-CpgPileup/NA19159.hap1.bed.gz?generation=1777749910154606	2	YJ7/rQ==	wnwWXCRl5X5evZWvGdIZOg==	CO7ak7+qm5QDEAI=
NA19159	hap1_bed_index	cpg_hap1_bed_idx	gs://fc-fd42e80c-b41e-4e60-a9cf-b7c0ade168c4/submissions/a1e9b9ce-0d67-4d42-b107-b9821f44dd60/MethylationProfiling/4c1eef77-c09a-436a-ba41-ca9e094fbe45/call-CpgPileup/NA19159.hap1.bed.gz.tbi	1777749902324447	1665203	md5_base64	I0j7l23ZQPXK7avwpFoieQ==	2026-05-02T19:25:02.330Z	2026-06-03T15:00:00.558Z	gs://fc-fd42e80c-b41e-4e60-a9cf-b7c0ade168c4/submissions/a1e9b9ce-0d67-4d42-b107-b9821f44dd60/MethylationProfiling/4c1eef77-c09a-436a-ba41-ca9e094fbe45/call-CpgPileup/NA19159.hap1.bed.gz.tbi?generation=1777749902324447	3	KtXepQ==	I0j7l23ZQPXK7avwpFoieQ==	CN/ltbuqm5QDEAM=
NA19159	hap2_bed	cpg_hap2_bed	gs://fc-fd42e80c-b41e-4e60-a9cf-b7c0ade168c4/submissions/a1e9b9ce-0d67-4d42-b107-b9821f44dd60/MethylationProfiling/4c1eef77-c09a-436a-ba41-ca9e094fbe45/call-CpgPileup/NA19159.hap2.bed.gz	1777749896434645	296453853	md5_base64	wthe8riXr5T5t8V3pwgh/A==	2026-05-02T19:24:56.438Z	2026-06-03T15:52:36.850Z	gs://fc-fd42e80c-b41e-4e60-a9cf-b7c0ade168c4/submissions/a1e9b9ce-0d67-4d42-b107-b9821f44dd60/MethylationProfiling/4c1eef77-c09a-436a-ba41-ca9e094fbe45/call-CpgPileup/NA19159.hap2.bed.gz?generation=1777749896434645	3	Xkbaow==	wthe8riXr5T5t8V3pwgh/A==	CNWnzriqm5QDEAM=
NA19159	hap2_bed_index	cpg_hap2_bed_idx	gs://fc-fd42e80c-b41e-4e60-a9cf-b7c0ade168c4/submissions/a1e9b9ce-0d67-4d42-b107-b9821f44dd60/MethylationProfiling/4c1eef77-c09a-436a-ba41-ca9e094fbe45/call-CpgPileup/NA19159.hap2.bed.gz.tbi	1777749900314759	1665405	md5_base64	HnWhWilwCyReUIkOmnmRgA==	2026-05-02T19:25:00.318Z	2026-06-03T15:05:59.267Z	gs://fc-fd42e80c-b41e-4e60-a9cf-b7c0ade168c4/submissions/a1e9b9ce-0d67-4d42-b107-b9821f44dd60/MethylationProfiling/4c1eef77-c09a-436a-ba41-ca9e094fbe45/call-CpgPileup/NA19159.hap2.bed.gz.tbi?generation=1777749900314759	3	ruKQqg==	HnWhWilwCyReUIkOmnmRgA==	CIeRu7qqm5QDEAM=
NA19185	combined_bed	cpg_combined_bed	gs://fc-fd42e80c-b41e-4e60-a9cf-b7c0ade168c4/submissions/a1e9b9ce-0d67-4d42-b107-b9821f44dd60/MethylationProfiling/47aa587e-dcbc-4168-952f-07b88e5827d8/call-CpgPileup/NA19185.combined.bed.gz	1777749625230036	331243090	md5_base64	iuZ07hyS94YfVjuJH68niQ==	2026-05-02T19:20:25.235Z	2026-06-03T15:13:00.074Z	gs://fc-fd42e80c-b41e-4e60-a9cf-b7c0ade168c4/submissions/a1e9b9ce-0d67-4d42-b107-b9821f44dd60/MethylationProfiling/47aa587e-dcbc-4168-952f-07b88e5827d8/call-CpgPileup/NA19185.combined.bed.gz?generation=1777749625230036	3	Y2ei1A==	iuZ07hyS94YfVjuJH68niQ==	CNSlpbepm5QDEAM=
NA19185	combined_bed_index	independently_verified_combined_bed_index	gs://fc-fd42e80c-b41e-4e60-a9cf-b7c0ade168c4/submissions/a1e9b9ce-0d67-4d42-b107-b9821f44dd60/MethylationProfiling/47aa587e-dcbc-4168-952f-07b88e5827d8/call-CpgPileup/NA19185.combined.bed.gz.tbi	1777749614875301	1684065	md5_base64	HTgzQTvM2JGOMOjus5p6bg==	2026-05-02T19:20:14.879Z	2026-06-03T15:50:01.058Z	gs://fc-fd42e80c-b41e-4e60-a9cf-b7c0ade168c4/submissions/a1e9b9ce-0d67-4d42-b107-b9821f44dd60/MethylationProfiling/47aa587e-dcbc-4168-952f-07b88e5827d8/call-CpgPileup/NA19185.combined.bed.gz.tbi?generation=1777749614875301	3	fGggxQ==	HTgzQTvM2JGOMOjus5p6bg==	CKWlrbKpm5QDEAM=
NA19185	hap1_bed	cpg_hap1_bed	gs://fc-fd42e80c-b41e-4e60-a9cf-b7c0ade168c4/submissions/a1e9b9ce-0d67-4d42-b107-b9821f44dd60/MethylationProfiling/47aa587e-dcbc-4168-952f-07b88e5827d8/call-CpgPileup/NA19185.hap1.bed.gz	1777749632479538	295893260	md5_base64	GOUR8zAcLi28WREaL92OTQ==	2026-05-02T19:20:32.482Z	2026-06-03T15:36:02.567Z	gs://fc-fd42e80c-b41e-4e60-a9cf-b7c0ade168c4/submissions/a1e9b9ce-0d67-4d42-b107-b9821f44dd60/MethylationProfiling/47aa587e-dcbc-4168-952f-07b88e5827d8/call-CpgPileup/NA19185.hap1.bed.gz?generation=1777749632479538	3	di1iZQ==	GOUR8zAcLi28WREaL92OTQ==	CLLi37qpm5QDEAM=
NA19185	hap1_bed_index	cpg_hap1_bed_idx	gs://fc-fd42e80c-b41e-4e60-a9cf-b7c0ade168c4/submissions/a1e9b9ce-0d67-4d42-b107-b9821f44dd60/MethylationProfiling/47aa587e-dcbc-4168-952f-07b88e5827d8/call-CpgPileup/NA19185.hap1.bed.gz.tbi	1777749616784225	1664054	md5_base64	c8toIp5VBNqVx6YMlJINbQ==	2026-05-02T19:20:16.796Z	2026-06-03T15:28:03.486Z	gs://fc-fd42e80c-b41e-4e60-a9cf-b7c0ade168c4/submissions/a1e9b9ce-0d67-4d42-b107-b9821f44dd60/MethylationProfiling/47aa587e-dcbc-4168-952f-07b88e5827d8/call-CpgPileup/NA19185.hap1.bed.gz.tbi?generation=1777749616784225	3	mKjhpg==	c8toIp5VBNqVx6YMlJINbQ==	COHmobOpm5QDEAM=
NA19185	hap2_bed	cpg_hap2_bed	gs://fc-fd42e80c-b41e-4e60-a9cf-b7c0ade168c4/submissions/a1e9b9ce-0d67-4d42-b107-b9821f44dd60/MethylationProfiling/47aa587e-dcbc-4168-952f-07b88e5827d8/call-CpgPileup/NA19185.hap2.bed.gz	1777749640120191	295630949	md5_base64	Cf01iSFkRgOg/EHwaamvjQ==	2026-05-02T19:20:40.124Z	2026-06-02T20:13:36.615Z	gs://fc-fd42e80c-b41e-4e60-a9cf-b7c0ade168c4/submissions/a1e9b9ce-0d67-4d42-b107-b9821f44dd60/MethylationProfiling/47aa587e-dcbc-4168-952f-07b88e5827d8/call-CpgPileup/NA19185.hap2.bed.gz?generation=1777749640120191	2	bAkgyQ==	Cf01iSFkRgOg/EHwaamvjQ==	CP+Osr6pm5QDEAI=
NA19185	hap2_bed_index	cpg_hap2_bed_idx	gs://fc-fd42e80c-b41e-4e60-a9cf-b7c0ade168c4/submissions/a1e9b9ce-0d67-4d42-b107-b9821f44dd60/MethylationProfiling/47aa587e-dcbc-4168-952f-07b88e5827d8/call-CpgPileup/NA19185.hap2.bed.gz.tbi	1777749612885988	1664248	md5_base64	GSWYEUhRfN7hSNfNZzN5Lg==	2026-05-02T19:20:12.893Z	2026-06-03T15:07:12.154Z	gs://fc-fd42e80c-b41e-4e60-a9cf-b7c0ade168c4/submissions/a1e9b9ce-0d67-4d42-b107-b9821f44dd60/MethylationProfiling/47aa587e-dcbc-4168-952f-07b88e5827d8/call-CpgPileup/NA19185.hap2.bed.gz.tbi?generation=1777749612885988	3	WU6hrw==	GSWYEUhRfN7hSNfNZzN5Lg==	COTvs7Gpm5QDEAM=
NA19240	combined_bed	cpg_combined_bed	gs://fc-fd42e80c-b41e-4e60-a9cf-b7c0ade168c4/submissions/f0ab26b0-d66f-45be-8322-24218670bc4d/MethylationProfiling/14189c85-0ecd-4294-b7ba-fa301b381f8b/call-CpgPileup/NA19240.combined.bed.gz	1783874056687535	333459157	md5_base64	ZLWBXoDshqnlc3x/ZYPiPg==	2026-07-12T16:34:16.691Z	2026-07-12T16:34:16.691Z	gs://fc-fd42e80c-b41e-4e60-a9cf-b7c0ade168c4/submissions/f0ab26b0-d66f-45be-8322-24218670bc4d/MethylationProfiling/14189c85-0ecd-4294-b7ba-fa301b381f8b/call-CpgPileup/NA19240.combined.bed.gz?generation=1783874056687535	1	iL3zjA==	ZLWBXoDshqnlc3x/ZYPiPg==	CK+f5NvIzZUDEAE=
NA19240	combined_bed_index	independently_verified_combined_bed_index	gs://fc-fd42e80c-b41e-4e60-a9cf-b7c0ade168c4/submissions/f0ab26b0-d66f-45be-8322-24218670bc4d/MethylationProfiling/14189c85-0ecd-4294-b7ba-fa301b381f8b/call-CpgPileup/NA19240.combined.bed.gz.tbi	1783874034303103	1680854	md5_base64	FfqTwA5Jol46stWk1eozLg==	2026-07-12T16:33:54.307Z	2026-07-12T16:33:54.307Z	gs://fc-fd42e80c-b41e-4e60-a9cf-b7c0ade168c4/submissions/f0ab26b0-d66f-45be-8322-24218670bc4d/MethylationProfiling/14189c85-0ecd-4294-b7ba-fa301b381f8b/call-CpgPileup/NA19240.combined.bed.gz.tbi?generation=1783874034303103	1	CTpQwA==	FfqTwA5Jol46stWk1eozLg==	CP+AjtHIzZUDEAE=
NA19240	hap1_bed	cpg_hap1_bed	gs://fc-fd42e80c-b41e-4e60-a9cf-b7c0ade168c4/submissions/f0ab26b0-d66f-45be-8322-24218670bc4d/MethylationProfiling/14189c85-0ecd-4294-b7ba-fa301b381f8b/call-CpgPileup/NA19240.hap1.bed.gz	1783874048855987	294493783	md5_base64	54dwMkSw4iVp0ip2JZtwPw==	2026-07-12T16:34:08.859Z	2026-07-12T16:34:08.859Z	gs://fc-fd42e80c-b41e-4e60-a9cf-b7c0ade168c4/submissions/f0ab26b0-d66f-45be-8322-24218670bc4d/MethylationProfiling/14189c85-0ecd-4294-b7ba-fa301b381f8b/call-CpgPileup/NA19240.hap1.bed.gz?generation=1783874048855987	1	pTmi+g==	54dwMkSw4iVp0ip2JZtwPw==	CLOfhtjIzZUDEAE=
NA19240	hap1_bed_index	cpg_hap1_bed_idx	gs://fc-fd42e80c-b41e-4e60-a9cf-b7c0ade168c4/submissions/f0ab26b0-d66f-45be-8322-24218670bc4d/MethylationProfiling/14189c85-0ecd-4294-b7ba-fa301b381f8b/call-CpgPileup/NA19240.hap1.bed.gz.tbi	1783874023245413	1646299	md5_base64	Ql/I+JcXupUcBVk2LNsESQ==	2026-07-12T16:33:43.250Z	2026-07-12T16:33:43.250Z	gs://fc-fd42e80c-b41e-4e60-a9cf-b7c0ade168c4/submissions/f0ab26b0-d66f-45be-8322-24218670bc4d/MethylationProfiling/14189c85-0ecd-4294-b7ba-fa301b381f8b/call-CpgPileup/NA19240.hap1.bed.gz.tbi?generation=1783874023245413	1	tkzW8w==	Ql/I+JcXupUcBVk2LNsESQ==	COWM68vIzZUDEAE=
NA19240	hap2_bed	cpg_hap2_bed	gs://fc-fd42e80c-b41e-4e60-a9cf-b7c0ade168c4/submissions/f0ab26b0-d66f-45be-8322-24218670bc4d/MethylationProfiling/14189c85-0ecd-4294-b7ba-fa301b381f8b/call-CpgPileup/NA19240.hap2.bed.gz	1783874032246369	294668907	md5_base64	r2J0QLvvMkgmdx84QrqQ1A==	2026-07-12T16:33:52.250Z	2026-07-12T16:33:52.250Z	gs://fc-fd42e80c-b41e-4e60-a9cf-b7c0ade168c4/submissions/f0ab26b0-d66f-45be-8322-24218670bc4d/MethylationProfiling/14189c85-0ecd-4294-b7ba-fa301b381f8b/call-CpgPileup/NA19240.hap2.bed.gz?generation=1783874032246369	1	GACtRw==	r2J0QLvvMkgmdx84QrqQ1A==	COG8kNDIzZUDEAE=
NA19240	hap2_bed_index	cpg_hap2_bed_idx	gs://fc-fd42e80c-b41e-4e60-a9cf-b7c0ade168c4/submissions/f0ab26b0-d66f-45be-8322-24218670bc4d/MethylationProfiling/14189c85-0ecd-4294-b7ba-fa301b381f8b/call-CpgPileup/NA19240.hap2.bed.gz.tbi	1783874058741437	1646588	md5_base64	YfZ5I4xnKnID8q7wS2Ocyw==	2026-07-12T16:34:18.745Z	2026-07-12T16:34:18.745Z	gs://fc-fd42e80c-b41e-4e60-a9cf-b7c0ade168c4/submissions/f0ab26b0-d66f-45be-8322-24218670bc4d/MethylationProfiling/14189c85-0ecd-4294-b7ba-fa301b381f8b/call-CpgPileup/NA19240.hap2.bed.gz.tbi?generation=1783874058741437	1	D1EkBQ==	YfZ5I4xnKnID8q7wS2Ocyw==	CL3N4dzIzZUDEAE=
NA19338	combined_bed	cpg_combined_bed	gs://fc-fd42e80c-b41e-4e60-a9cf-b7c0ade168c4/submissions/a1e9b9ce-0d67-4d42-b107-b9821f44dd60/MethylationProfiling/f0eea21e-1dc4-481d-b13b-c4c65f97754f/call-CpgPileup/NA19338.combined.bed.gz	1777750258264057	338025030	md5_base64	6nstrfezmcWocYACe3JYzg==	2026-05-02T19:30:58.273Z	2026-06-02T20:25:47.493Z	gs://fc-fd42e80c-b41e-4e60-a9cf-b7c0ade168c4/submissions/a1e9b9ce-0d67-4d42-b107-b9821f44dd60/MethylationProfiling/f0eea21e-1dc4-481d-b13b-c4c65f97754f/call-CpgPileup/NA19338.combined.bed.gz?generation=1777750258264057	2	jSGG8Q==	6nstrfezmcWocYACe3JYzg==	CPnPkuWrm5QDEAI=
NA19338	combined_bed_index	independently_verified_combined_bed_index	gs://fc-fd42e80c-b41e-4e60-a9cf-b7c0ade168c4/submissions/a1e9b9ce-0d67-4d42-b107-b9821f44dd60/MethylationProfiling/f0eea21e-1dc4-481d-b13b-c4c65f97754f/call-CpgPileup/NA19338.combined.bed.gz.tbi	1777750252798435	1683925	md5_base64	4XrefsfiuXK1C7IZu0Xy3g==	2026-05-02T19:30:52.804Z	2026-06-03T15:13:00.227Z	gs://fc-fd42e80c-b41e-4e60-a9cf-b7c0ade168c4/submissions/a1e9b9ce-0d67-4d42-b107-b9821f44dd60/MethylationProfiling/f0eea21e-1dc4-481d-b13b-c4c65f97754f/call-CpgPileup/NA19338.combined.bed.gz.tbi?generation=1777750252798435	3	NPJmGg==	4XrefsfiuXK1C7IZu0Xy3g==	COODxeKrm5QDEAM=
NA19338	hap1_bed	cpg_hap1_bed	gs://fc-fd42e80c-b41e-4e60-a9cf-b7c0ade168c4/submissions/a1e9b9ce-0d67-4d42-b107-b9821f44dd60/MethylationProfiling/f0eea21e-1dc4-481d-b13b-c4c65f97754f/call-CpgPileup/NA19338.hap1.bed.gz	1777750229040109	303206146	md5_base64	kfXkbRkmf3K4caIoQqkKZg==	2026-05-02T19:30:29.045Z	2026-06-03T14:30:13.832Z	gs://fc-fd42e80c-b41e-4e60-a9cf-b7c0ade168c4/submissions/a1e9b9ce-0d67-4d42-b107-b9821f44dd60/MethylationProfiling/f0eea21e-1dc4-481d-b13b-c4c65f97754f/call-CpgPileup/NA19338.hap1.bed.gz?generation=1777750229040109	3	4hEktA==	kfXkbRkmf3K4caIoQqkKZg==	CO33mterm5QDEAM=
NA19338	hap1_bed_index	cpg_hap1_bed_idx	gs://fc-fd42e80c-b41e-4e60-a9cf-b7c0ade168c4/submissions/a1e9b9ce-0d67-4d42-b107-b9821f44dd60/MethylationProfiling/f0eea21e-1dc4-481d-b13b-c4c65f97754f/call-CpgPileup/NA19338.hap1.bed.gz.tbi	1777750250958709	1666885	md5_base64	LxmihxcdJxtU1ql1Z99diw==	2026-05-02T19:30:50.962Z	2026-06-03T15:51:02.587Z	gs://fc-fd42e80c-b41e-4e60-a9cf-b7c0ade168c4/submissions/a1e9b9ce-0d67-4d42-b107-b9821f44dd60/MethylationProfiling/f0eea21e-1dc4-481d-b13b-c4c65f97754f/call-CpgPileup/NA19338.hap1.bed.gz.tbi?generation=1777750250958709	3	4prSbw==	LxmihxcdJxtU1ql1Z99diw==	CPXe1OGrm5QDEAM=
NA19338	hap2_bed	cpg_hap2_bed	gs://fc-fd42e80c-b41e-4e60-a9cf-b7c0ade168c4/submissions/a1e9b9ce-0d67-4d42-b107-b9821f44dd60/MethylationProfiling/f0eea21e-1dc4-481d-b13b-c4c65f97754f/call-CpgPileup/NA19338.hap2.bed.gz	1777750249068314	303409816	md5_base64	iSUDPcGFA0GeX/lhIXlGuA==	2026-05-02T19:30:49.074Z	2026-06-02T20:06:29.100Z	gs://fc-fd42e80c-b41e-4e60-a9cf-b7c0ade168c4/submissions/a1e9b9ce-0d67-4d42-b107-b9821f44dd60/MethylationProfiling/f0eea21e-1dc4-481d-b13b-c4c65f97754f/call-CpgPileup/NA19338.hap2.bed.gz?generation=1777750249068314	2	LLQwew==	iSUDPcGFA0GeX/lhIXlGuA==	CJqu4eCrm5QDEAI=
NA19338	hap2_bed_index	cpg_hap2_bed_idx	gs://fc-fd42e80c-b41e-4e60-a9cf-b7c0ade168c4/submissions/a1e9b9ce-0d67-4d42-b107-b9821f44dd60/MethylationProfiling/f0eea21e-1dc4-481d-b13b-c4c65f97754f/call-CpgPileup/NA19338.hap2.bed.gz.tbi	1777750230950802	1666693	md5_base64	B9gT5fu14NLfbgMn3abeDQ==	2026-05-02T19:30:30.954Z	2026-06-03T15:00:02.731Z	gs://fc-fd42e80c-b41e-4e60-a9cf-b7c0ade168c4/submissions/a1e9b9ce-0d67-4d42-b107-b9821f44dd60/MethylationProfiling/f0eea21e-1dc4-481d-b13b-c4c65f97754f/call-CpgPileup/NA19338.hap2.bed.gz.tbi?generation=1777750230950802	3	thf3tQ==	B9gT5fu14NLfbgMn3abeDQ==	CJLHj9irm5QDEAM=
NA19391	combined_bed	cpg_combined_bed	gs://fc-fd42e80c-b41e-4e60-a9cf-b7c0ade168c4/submissions/a1e9b9ce-0d67-4d42-b107-b9821f44dd60/MethylationProfiling/66a9b1a8-ba60-463f-8789-091a007e24e5/call-CpgPileup/NA19391.combined.bed.gz	1777749785951877	335573628	md5_base64	z6mCBMwB9qz4aGY/B+wMvQ==	2026-05-02T19:23:05.955Z	2026-06-03T14:30:13.832Z	gs://fc-fd42e80c-b41e-4e60-a9cf-b7c0ade168c4/submissions/a1e9b9ce-0d67-4d42-b107-b9821f44dd60/MethylationProfiling/66a9b1a8-ba60-463f-8789-091a007e24e5/call-CpgPileup/NA19391.combined.bed.gz?generation=1777749785951877	3	HiLZpg==	z6mCBMwB9qz4aGY/B+wMvQ==	CIX99oOqm5QDEAM=
NA19391	combined_bed_index	independently_verified_combined_bed_index	gs://fc-fd42e80c-b41e-4e60-a9cf-b7c0ade168c4/submissions/a1e9b9ce-0d67-4d42-b107-b9821f44dd60/MethylationProfiling/66a9b1a8-ba60-463f-8789-091a007e24e5/call-CpgPileup/NA19391.combined.bed.gz.tbi	1777749776460812	1683912	md5_base64	kJ3xTIuOEuraIVPm3paFeQ==	2026-05-02T19:22:56.465Z	2026-06-03T16:00:47.430Z	gs://fc-fd42e80c-b41e-4e60-a9cf-b7c0ade168c4/submissions/a1e9b9ce-0d67-4d42-b107-b9821f44dd60/MethylationProfiling/66a9b1a8-ba60-463f-8789-091a007e24e5/call-CpgPileup/NA19391.combined.bed.gz.tbi?generation=1777749776460812	3	fSY5hA==	kJ3xTIuOEuraIVPm3paFeQ==	CIzYs/+pm5QDEAM=
NA19391	hap1_bed	cpg_hap1_bed	gs://fc-fd42e80c-b41e-4e60-a9cf-b7c0ade168c4/submissions/a1e9b9ce-0d67-4d42-b107-b9821f44dd60/MethylationProfiling/66a9b1a8-ba60-463f-8789-091a007e24e5/call-CpgPileup/NA19391.hap1.bed.gz	1777749774542149	299904066	md5_base64	+ADne4J1vtRa/vSi81WkxQ==	2026-05-02T19:22:54.548Z	2026-06-02T19:43:06.295Z	gs://fc-fd42e80c-b41e-4e60-a9cf-b7c0ade168c4/submissions/a1e9b9ce-0d67-4d42-b107-b9821f44dd60/MethylationProfiling/66a9b1a8-ba60-463f-8789-091a007e24e5/call-CpgPileup/NA19391.hap1.bed.gz?generation=1777749774542149	2	2l0JxA==	+ADne4J1vtRa/vSi81WkxQ==	CMXKvv6pm5QDEAI=
NA19391	hap1_bed_index	cpg_hap1_bed_idx	gs://fc-fd42e80c-b41e-4e60-a9cf-b7c0ade168c4/submissions/a1e9b9ce-0d67-4d42-b107-b9821f44dd60/MethylationProfiling/66a9b1a8-ba60-463f-8789-091a007e24e5/call-CpgPileup/NA19391.hap1.bed.gz.tbi	1777749795780971	1662042	md5_base64	equcEYKfDFiUziQsQn2XJg==	2026-05-02T19:23:15.784Z	2026-06-03T15:48:05.342Z	gs://fc-fd42e80c-b41e-4e60-a9cf-b7c0ade168c4/submissions/a1e9b9ce-0d67-4d42-b107-b9821f44dd60/MethylationProfiling/66a9b1a8-ba60-463f-8789-091a007e24e5/call-CpgPileup/NA19391.hap1.bed.gz.tbi?generation=1777749795780971	3	lTzWnQ==	equcEYKfDFiUziQsQn2XJg==	COvyzoiqm5QDEAM=
NA19391	hap2_bed	cpg_hap2_bed	gs://fc-fd42e80c-b41e-4e60-a9cf-b7c0ade168c4/submissions/a1e9b9ce-0d67-4d42-b107-b9821f44dd60/MethylationProfiling/66a9b1a8-ba60-463f-8789-091a007e24e5/call-CpgPileup/NA19391.hap2.bed.gz	1777749793785102	300272274	md5_base64	vBa2vBCn6Crt1cRQ/MyyKQ==	2026-05-02T19:23:13.790Z	2026-06-03T15:40:58.838Z	gs://fc-fd42e80c-b41e-4e60-a9cf-b7c0ade168c4/submissions/a1e9b9ce-0d67-4d42-b107-b9821f44dd60/MethylationProfiling/66a9b1a8-ba60-463f-8789-091a007e24e5/call-CpgPileup/NA19391.hap2.bed.gz?generation=1777749793785102	3	Ks19lw==	vBa2vBCn6Crt1cRQ/MyyKQ==	CI6K1Yeqm5QDEAM=
NA19391	hap2_bed_index	cpg_hap2_bed_idx	gs://fc-fd42e80c-b41e-4e60-a9cf-b7c0ade168c4/submissions/a1e9b9ce-0d67-4d42-b107-b9821f44dd60/MethylationProfiling/66a9b1a8-ba60-463f-8789-091a007e24e5/call-CpgPileup/NA19391.hap2.bed.gz.tbi	1777749778436324	1662309	md5_base64	iREAhzwgL5/Xp4gb+XwiCw==	2026-05-02T19:22:58.439Z	2026-06-02T20:02:23.611Z	gs://fc-fd42e80c-b41e-4e60-a9cf-b7c0ade168c4/submissions/a1e9b9ce-0d67-4d42-b107-b9821f44dd60/MethylationProfiling/66a9b1a8-ba60-463f-8789-091a007e24e5/call-CpgPileup/NA19391.hap2.bed.gz.tbi?generation=1777749778436324	2	ktoAPQ==	iREAhzwgL5/Xp4gb+XwiCw==	COShrICqm5QDEAI=
NA19443	combined_bed	cpg_combined_bed	gs://fc-fd42e80c-b41e-4e60-a9cf-b7c0ade168c4/submissions/a1e9b9ce-0d67-4d42-b107-b9821f44dd60/MethylationProfiling/8e65c549-b3db-41c8-b613-3e64c04ebfc1/call-CpgPileup/NA19443.combined.bed.gz	1777748708549544	336838233	md5_base64	aOH0Ywu+HuiQ2Hn7HoIkaA==	2026-05-02T19:05:08.555Z	2026-06-03T15:33:04.149Z	gs://fc-fd42e80c-b41e-4e60-a9cf-b7c0ade168c4/submissions/a1e9b9ce-0d67-4d42-b107-b9821f44dd60/MethylationProfiling/8e65c549-b3db-41c8-b613-3e64c04ebfc1/call-CpgPileup/NA19443.combined.bed.gz?generation=1777748708549544	3	wgmKxQ==	aOH0Ywu+HuiQ2Hn7HoIkaA==	CKjHl4Kmm5QDEAM=
NA19443	combined_bed_index	independently_verified_combined_bed_index	gs://fc-fd42e80c-b41e-4e60-a9cf-b7c0ade168c4/submissions/a1e9b9ce-0d67-4d42-b107-b9821f44dd60/MethylationProfiling/8e65c549-b3db-41c8-b613-3e64c04ebfc1/call-CpgPileup/NA19443.combined.bed.gz.tbi	1777748720948946	1693679	md5_base64	3fFhrmqMypNttBr5hN8bgA==	2026-05-02T19:05:20.952Z	2026-06-03T15:13:05.399Z	gs://fc-fd42e80c-b41e-4e60-a9cf-b7c0ade168c4/submissions/a1e9b9ce-0d67-4d42-b107-b9821f44dd60/MethylationProfiling/8e65c549-b3db-41c8-b613-3e64c04ebfc1/call-CpgPileup/NA19443.combined.bed.gz.tbi?generation=1777748720948946	3	QTiCag==	3fFhrmqMypNttBr5hN8bgA==	CNKtjIimm5QDEAM=
NA19443	hap1_bed	cpg_hap1_bed	gs://fc-fd42e80c-b41e-4e60-a9cf-b7c0ade168c4/submissions/a1e9b9ce-0d67-4d42-b107-b9821f44dd60/MethylationProfiling/8e65c549-b3db-41c8-b613-3e64c04ebfc1/call-CpgPileup/NA19443.hap1.bed.gz	1777748701711423	289064391	md5_base64	TNDG2iOO00D9gHbS/+CcMg==	2026-05-02T19:05:01.719Z	2026-06-03T15:58:02.378Z	gs://fc-fd42e80c-b41e-4e60-a9cf-b7c0ade168c4/submissions/a1e9b9ce-0d67-4d42-b107-b9821f44dd60/MethylationProfiling/8e65c549-b3db-41c8-b613-3e64c04ebfc1/call-CpgPileup/NA19443.hap1.bed.gz?generation=1777748701711423	3	8+8eew==	TNDG2iOO00D9gHbS/+CcMg==	CL+Y9v6lm5QDEAM=
NA19443	hap1_bed_index	cpg_hap1_bed_idx	gs://fc-fd42e80c-b41e-4e60-a9cf-b7c0ade168c4/submissions/a1e9b9ce-0d67-4d42-b107-b9821f44dd60/MethylationProfiling/8e65c549-b3db-41c8-b613-3e64c04ebfc1/call-CpgPileup/NA19443.hap1.bed.gz.tbi	1777748719046089	1580251	md5_base64	XVrof6rlMyEvFoZ3lNuFTA==	2026-05-02T19:05:19.052Z	2026-06-02T20:31:31.325Z	gs://fc-fd42e80c-b41e-4e60-a9cf-b7c0ade168c4/submissions/a1e9b9ce-0d67-4d42-b107-b9821f44dd60/MethylationProfiling/8e65c549-b3db-41c8-b613-3e64c04ebfc1/call-CpgPileup/NA19443.hap1.bed.gz.tbi?generation=1777748719046089	2	G2tORw==	XVrof6rlMyEvFoZ3lNuFTA==	CMmbmIemm5QDEAI=
NA19443	hap2_bed	cpg_hap2_bed	gs://fc-fd42e80c-b41e-4e60-a9cf-b7c0ade168c4/submissions/a1e9b9ce-0d67-4d42-b107-b9821f44dd60/MethylationProfiling/8e65c549-b3db-41c8-b613-3e64c04ebfc1/call-CpgPileup/NA19443.hap2.bed.gz	1777748715218719	289089092	md5_base64	teWRKhqy6V2WsJ30nf5vVA==	2026-05-02T19:05:15.222Z	2026-06-02T20:02:42.811Z	gs://fc-fd42e80c-b41e-4e60-a9cf-b7c0ade168c4/submissions/a1e9b9ce-0d67-4d42-b107-b9821f44dd60/MethylationProfiling/8e65c549-b3db-41c8-b613-3e64c04ebfc1/call-CpgPileup/NA19443.hap2.bed.gz?generation=1777748715218719	2	Ic+SOg==	teWRKhqy6V2WsJ30nf5vVA==	CJ/OroWmm5QDEAI=
NA19443	hap2_bed_index	cpg_hap2_bed_idx	gs://fc-fd42e80c-b41e-4e60-a9cf-b7c0ade168c4/submissions/a1e9b9ce-0d67-4d42-b107-b9821f44dd60/MethylationProfiling/8e65c549-b3db-41c8-b613-3e64c04ebfc1/call-CpgPileup/NA19443.hap2.bed.gz.tbi	1777748717167581	1579816	md5_base64	ah2kfr3osvfCeGqXnAamIQ==	2026-05-02T19:05:17.170Z	2026-06-03T16:04:00.799Z	gs://fc-fd42e80c-b41e-4e60-a9cf-b7c0ade168c4/submissions/a1e9b9ce-0d67-4d42-b107-b9821f44dd60/MethylationProfiling/8e65c549-b3db-41c8-b613-3e64c04ebfc1/call-CpgPileup/NA19443.hap2.bed.gz.tbi?generation=1777748717167581	3	oOfQOQ==	ah2kfr3osvfCeGqXnAamIQ==	CN3HpYamm5QDEAM=
NA19468	combined_bed	cpg_combined_bed	gs://fc-fd42e80c-b41e-4e60-a9cf-b7c0ade168c4/submissions/a1e9b9ce-0d67-4d42-b107-b9821f44dd60/MethylationProfiling/41999a4e-69fc-495b-8293-2904fd3e73d0/call-CpgPileup/NA19468.combined.bed.gz	1777750861810704	338706204	md5_base64	CF3a8dMRQKupFiHHVJQ0zw==	2026-05-02T19:41:01.823Z	2026-06-02T20:36:03.310Z	gs://fc-fd42e80c-b41e-4e60-a9cf-b7c0ade168c4/submissions/a1e9b9ce-0d67-4d42-b107-b9821f44dd60/MethylationProfiling/41999a4e-69fc-495b-8293-2904fd3e73d0/call-CpgPileup/NA19468.combined.bed.gz?generation=1777750861810704	2	0tr+3A==	CF3a8dMRQKupFiHHVJQ0zw==	CJCY+ISum5QDEAI=
NA19468	combined_bed_index	independently_verified_combined_bed_index	gs://fc-fd42e80c-b41e-4e60-a9cf-b7c0ade168c4/submissions/a1e9b9ce-0d67-4d42-b107-b9821f44dd60/MethylationProfiling/41999a4e-69fc-495b-8293-2904fd3e73d0/call-CpgPileup/NA19468.combined.bed.gz.tbi	1777750852713342	1684397	md5_base64	C6r6fJBFZtJF1harrPHS2A==	2026-05-02T19:40:52.718Z	2026-06-03T15:27:04.582Z	gs://fc-fd42e80c-b41e-4e60-a9cf-b7c0ade168c4/submissions/a1e9b9ce-0d67-4d42-b107-b9821f44dd60/MethylationProfiling/41999a4e-69fc-495b-8293-2904fd3e73d0/call-CpgPileup/NA19468.combined.bed.gz.tbi?generation=1777750852713342	3	z0fvSg==	C6r6fJBFZtJF1harrPHS2A==	CP72zICum5QDEAM=
NA19468	hap1_bed	cpg_hap1_bed	gs://fc-fd42e80c-b41e-4e60-a9cf-b7c0ade168c4/submissions/a1e9b9ce-0d67-4d42-b107-b9821f44dd60/MethylationProfiling/41999a4e-69fc-495b-8293-2904fd3e73d0/call-CpgPileup/NA19468.hap1.bed.gz	1777750844345991	304730065	md5_base64	ckVSFZVXuIWGUsMR20PPjA==	2026-05-02T19:40:44.349Z	2026-06-03T15:00:02.731Z	gs://fc-fd42e80c-b41e-4e60-a9cf-b7c0ade168c4/submissions/a1e9b9ce-0d67-4d42-b107-b9821f44dd60/MethylationProfiling/41999a4e-69fc-495b-8293-2904fd3e73d0/call-CpgPileup/NA19468.hap1.bed.gz?generation=1777750844345991	3	ldrshA==	ckVSFZVXuIWGUsMR20PPjA==	CIedzvytm5QDEAM=
NA19468	hap1_bed_index	cpg_hap1_bed_idx	gs://fc-fd42e80c-b41e-4e60-a9cf-b7c0ade168c4/submissions/a1e9b9ce-0d67-4d42-b107-b9821f44dd60/MethylationProfiling/41999a4e-69fc-495b-8293-2904fd3e73d0/call-CpgPileup/NA19468.hap1.bed.gz.tbi	1777750863811667	1667149	md5_base64	+gIAZmK4vZSfEVrcebAufg==	2026-05-02T19:41:03.815Z	2026-06-03T15:22:56.838Z	gs://fc-fd42e80c-b41e-4e60-a9cf-b7c0ade168c4/submissions/a1e9b9ce-0d67-4d42-b107-b9821f44dd60/MethylationProfiling/41999a4e-69fc-495b-8293-2904fd3e73d0/call-CpgPileup/NA19468.hap1.bed.gz.tbi?generation=1777750863811667	3	EbWryw==	+gIAZmK4vZSfEVrcebAufg==	CNOo8oWum5QDEAM=
NA19468	hap2_bed	cpg_hap2_bed	gs://fc-fd42e80c-b41e-4e60-a9cf-b7c0ade168c4/submissions/a1e9b9ce-0d67-4d42-b107-b9821f44dd60/MethylationProfiling/41999a4e-69fc-495b-8293-2904fd3e73d0/call-CpgPileup/NA19468.hap2.bed.gz	1777750850812911	304532571	md5_base64	spPr+QYu8K8puyOSEHqeGg==	2026-05-02T19:40:50.817Z	2026-06-03T15:54:25.626Z	gs://fc-fd42e80c-b41e-4e60-a9cf-b7c0ade168c4/submissions/a1e9b9ce-0d67-4d42-b107-b9821f44dd60/MethylationProfiling/41999a4e-69fc-495b-8293-2904fd3e73d0/call-CpgPileup/NA19468.hap2.bed.gz?generation=1777750850812911	3	CFaoew==	spPr+QYu8K8puyOSEHqeGg==	CO/32P+tm5QDEAM=
NA19468	hap2_bed_index	cpg_hap2_bed_idx	gs://fc-fd42e80c-b41e-4e60-a9cf-b7c0ade168c4/submissions/a1e9b9ce-0d67-4d42-b107-b9821f44dd60/MethylationProfiling/41999a4e-69fc-495b-8293-2904fd3e73d0/call-CpgPileup/NA19468.hap2.bed.gz.tbi	1777750836191222	1666775	md5_base64	CM6FKB9W6UxU3u21ymFAAg==	2026-05-02T19:40:36.194Z	2026-06-02T19:53:11.371Z	gs://fc-fd42e80c-b41e-4e60-a9cf-b7c0ade168c4/submissions/a1e9b9ce-0d67-4d42-b107-b9821f44dd60/MethylationProfiling/41999a4e-69fc-495b-8293-2904fd3e73d0/call-CpgPileup/NA19468.hap2.bed.gz.tbi?generation=1777750836191222	2	d7hm1w==	CM6FKB9W6UxU3u21ymFAAg==	CPa/3Pitm5QDEAI=
NA19682	combined_bed	cpg_combined_bed	gs://fc-fd42e80c-b41e-4e60-a9cf-b7c0ade168c4/submissions/a1e9b9ce-0d67-4d42-b107-b9821f44dd60/MethylationProfiling/2dcddf69-bdfa-4b4a-b75b-509e30e37457/call-CpgPileup/NA19682.combined.bed.gz	1777748408654274	335697826	md5_base64	doPhNqaamje1kQnl6o1ong==	2026-05-02T19:00:08.658Z	2026-06-02T20:34:22.718Z	gs://fc-fd42e80c-b41e-4e60-a9cf-b7c0ade168c4/submissions/a1e9b9ce-0d67-4d42-b107-b9821f44dd60/MethylationProfiling/2dcddf69-bdfa-4b4a-b75b-509e30e37457/call-CpgPileup/NA19682.combined.bed.gz?generation=1777748408654274	2	fk5kEA==	doPhNqaamje1kQnl6o1ong==	CMKzl/Okm5QDEAI=
NA19682	combined_bed_index	independently_verified_combined_bed_index	gs://fc-fd42e80c-b41e-4e60-a9cf-b7c0ade168c4/submissions/a1e9b9ce-0d67-4d42-b107-b9821f44dd60/MethylationProfiling/2dcddf69-bdfa-4b4a-b75b-509e30e37457/call-CpgPileup/NA19682.combined.bed.gz.tbi	1777748364904894	1693962	md5_base64	noOHx4DSyJ7Os1ErHw95xA==	2026-05-02T18:59:24.908Z	2026-06-03T15:48:04.159Z	gs://fc-fd42e80c-b41e-4e60-a9cf-b7c0ade168c4/submissions/a1e9b9ce-0d67-4d42-b107-b9821f44dd60/MethylationProfiling/2dcddf69-bdfa-4b4a-b75b-509e30e37457/call-CpgPileup/NA19682.combined.bed.gz.tbi?generation=1777748364904894	3	gbugFg==	noOHx4DSyJ7Os1ErHw95xA==	CL6Tqd6km5QDEAM=
NA19682	hap1_bed	cpg_hap1_bed	gs://fc-fd42e80c-b41e-4e60-a9cf-b7c0ade168c4/submissions/a1e9b9ce-0d67-4d42-b107-b9821f44dd60/MethylationProfiling/2dcddf69-bdfa-4b4a-b75b-509e30e37457/call-CpgPileup/NA19682.hap1.bed.gz	1777748395019391	283812819	md5_base64	x5XWeGCUGIfUnc0iZSttKw==	2026-05-02T18:59:55.023Z	2026-06-02T19:49:17.703Z	gs://fc-fd42e80c-b41e-4e60-a9cf-b7c0ade168c4/submissions/a1e9b9ce-0d67-4d42-b107-b9821f44dd60/MethylationProfiling/2dcddf69-bdfa-4b4a-b75b-509e30e37457/call-CpgPileup/NA19682.hap1.bed.gz?generation=1777748395019391	2	IrKcig==	x5XWeGCUGIfUnc0iZSttKw==	CP+Y1+ykm5QDEAI=
NA19682	hap1_bed_index	cpg_hap1_bed_idx	gs://fc-fd42e80c-b41e-4e60-a9cf-b7c0ade168c4/submissions/a1e9b9ce-0d67-4d42-b107-b9821f44dd60/MethylationProfiling/2dcddf69-bdfa-4b4a-b75b-509e30e37457/call-CpgPileup/NA19682.hap1.bed.gz.tbi	1777748410565528	1560541	md5_base64	NTfM/gnWP5ln4v01i6ItAw==	2026-05-02T19:00:10.570Z	2026-06-02T19:43:06.295Z	gs://fc-fd42e80c-b41e-4e60-a9cf-b7c0ade168c4/submissions/a1e9b9ce-0d67-4d42-b107-b9821f44dd60/MethylationProfiling/2dcddf69-bdfa-4b4a-b75b-509e30e37457/call-CpgPileup/NA19682.hap1.bed.gz.tbi?generation=1777748410565528	2	Epq2sg==	NTfM/gnWP5ln4v01i6ItAw==	CJiHjPSkm5QDEAI=
NA19682	hap2_bed	cpg_hap2_bed	gs://fc-fd42e80c-b41e-4e60-a9cf-b7c0ade168c4/submissions/a1e9b9ce-0d67-4d42-b107-b9821f44dd60/MethylationProfiling/2dcddf69-bdfa-4b4a-b75b-509e30e37457/call-CpgPileup/NA19682.hap2.bed.gz	1777748379260340	283443841	md5_base64	w9x8IvJFI/eI8Hrd2etSWw==	2026-05-02T18:59:39.266Z	2026-06-03T15:54:00.267Z	gs://fc-fd42e80c-b41e-4e60-a9cf-b7c0ade168c4/submissions/a1e9b9ce-0d67-4d42-b107-b9821f44dd60/MethylationProfiling/2dcddf69-bdfa-4b4a-b75b-509e30e37457/call-CpgPileup/NA19682.hap2.bed.gz?generation=1777748379260340	3	cS9XBA==	w9x8IvJFI/eI8Hrd2etSWw==	CLSrleWkm5QDEAM=
NA19682	hap2_bed_index	cpg_hap2_bed_idx	gs://fc-fd42e80c-b41e-4e60-a9cf-b7c0ade168c4/submissions/a1e9b9ce-0d67-4d42-b107-b9821f44dd60/MethylationProfiling/2dcddf69-bdfa-4b4a-b75b-509e30e37457/call-CpgPileup/NA19682.hap2.bed.gz.tbi	1777748412632045	1558350	md5_base64	p1n5ESeVqZgBGcYBkdCQkQ==	2026-05-02T19:00:12.636Z	2026-06-02T19:47:23.723Z	gs://fc-fd42e80c-b41e-4e60-a9cf-b7c0ade168c4/submissions/a1e9b9ce-0d67-4d42-b107-b9821f44dd60/MethylationProfiling/2dcddf69-bdfa-4b4a-b75b-509e30e37457/call-CpgPileup/NA19682.hap2.bed.gz.tbi?generation=1777748412632045	2	tZ8o9A==	p1n5ESeVqZgBGcYBkdCQkQ==	CO2XivWkm5QDEAI=
NA19700	combined_bed	cpg_combined_bed	gs://fc-fd42e80c-b41e-4e60-a9cf-b7c0ade168c4/submissions/a1e9b9ce-0d67-4d42-b107-b9821f44dd60/MethylationProfiling/dfb55789-8835-4581-88dc-605909e1ff91/call-CpgPileup/NA19700.combined.bed.gz	1777748929659413	323214967	md5_base64	PP/qVAHfa1xuSoezwOkSAw==	2026-05-02T19:08:49.683Z	2026-06-03T15:49:08.094Z	gs://fc-fd42e80c-b41e-4e60-a9cf-b7c0ade168c4/submissions/a1e9b9ce-0d67-4d42-b107-b9821f44dd60/MethylationProfiling/dfb55789-8835-4581-88dc-605909e1ff91/call-CpgPileup/NA19700.combined.bed.gz?generation=1777748929659413	3	jJu1Xw==	PP/qVAHfa1xuSoezwOkSAw==	CJWEz+umm5QDEAM=
NA19700	combined_bed_index	independently_verified_combined_bed_index	gs://fc-fd42e80c-b41e-4e60-a9cf-b7c0ade168c4/submissions/a1e9b9ce-0d67-4d42-b107-b9821f44dd60/MethylationProfiling/dfb55789-8835-4581-88dc-605909e1ff91/call-CpgPileup/NA19700.combined.bed.gz.tbi	1777748941277966	1692811	md5_base64	IofMa5FKY52c0EKAhmWDWw==	2026-05-02T19:09:01.281Z	2026-06-02T20:02:00.557Z	gs://fc-fd42e80c-b41e-4e60-a9cf-b7c0ade168c4/submissions/a1e9b9ce-0d67-4d42-b107-b9821f44dd60/MethylationProfiling/dfb55789-8835-4581-88dc-605909e1ff91/call-CpgPileup/NA19700.combined.bed.gz.tbi?generation=1777748941277966	2	IJrQZQ==	IofMa5FKY52c0EKAhmWDWw==	CI6WlPGmm5QDEAI=
NA19700	hap1_bed	cpg_hap1_bed	gs://fc-fd42e80c-b41e-4e60-a9cf-b7c0ade168c4/submissions/a1e9b9ce-0d67-4d42-b107-b9821f44dd60/MethylationProfiling/dfb55789-8835-4581-88dc-605909e1ff91/call-CpgPileup/NA19700.hap1.bed.gz	1777748939405724	279560109	md5_base64	oh/lFuN1YcP6dw4NZ0QNbw==	2026-05-02T19:08:59.413Z	2026-06-02T20:12:49.084Z	gs://fc-fd42e80c-b41e-4e60-a9cf-b7c0ade168c4/submissions/a1e9b9ce-0d67-4d42-b107-b9821f44dd60/MethylationProfiling/dfb55789-8835-4581-88dc-605909e1ff91/call-CpgPileup/NA19700.hap1.bed.gz?generation=1777748939405724	2	yh8kUg==	oh/lFuN1YcP6dw4NZ0QNbw==	CJzzofCmm5QDEAI=
NA19700	hap1_bed_index	cpg_hap1_bed_idx	gs://fc-fd42e80c-b41e-4e60-a9cf-b7c0ade168c4/submissions/a1e9b9ce-0d67-4d42-b107-b9821f44dd60/MethylationProfiling/dfb55789-8835-4581-88dc-605909e1ff91/call-CpgPileup/NA19700.hap1.bed.gz.tbi	1777748943118996	1580494	md5_base64	SKUK3cE9ACH4KNs8R+rtTQ==	2026-05-02T19:09:03.122Z	2026-06-03T14:37:12.339Z	gs://fc-fd42e80c-b41e-4e60-a9cf-b7c0ade168c4/submissions/a1e9b9ce-0d67-4d42-b107-b9821f44dd60/MethylationProfiling/dfb55789-8835-4581-88dc-605909e1ff91/call-CpgPileup/NA19700.hap1.bed.gz.tbi?generation=1777748943118996	3	gs87LA==	SKUK3cE9ACH4KNs8R+rtTQ==	CJTFhPKmm5QDEAM=
NA19700	hap2_bed	cpg_hap2_bed	gs://fc-fd42e80c-b41e-4e60-a9cf-b7c0ade168c4/submissions/a1e9b9ce-0d67-4d42-b107-b9821f44dd60/MethylationProfiling/dfb55789-8835-4581-88dc-605909e1ff91/call-CpgPileup/NA19700.hap2.bed.gz	1777748934375275	279522182	md5_base64	i99wGbdmBQObee2mlXBLjA==	2026-05-02T19:08:54.379Z	2026-06-03T15:39:07.095Z	gs://fc-fd42e80c-b41e-4e60-a9cf-b7c0ade168c4/submissions/a1e9b9ce-0d67-4d42-b107-b9821f44dd60/MethylationProfiling/dfb55789-8835-4581-88dc-605909e1ff91/call-CpgPileup/NA19700.hap2.bed.gz?generation=1777748934375275	3	WVfPAA==	i99wGbdmBQObee2mlXBLjA==	COvu7u2mm5QDEAM=
NA19700	hap2_bed_index	cpg_hap2_bed_idx	gs://fc-fd42e80c-b41e-4e60-a9cf-b7c0ade168c4/submissions/a1e9b9ce-0d67-4d42-b107-b9821f44dd60/MethylationProfiling/dfb55789-8835-4581-88dc-605909e1ff91/call-CpgPileup/NA19700.hap2.bed.gz.tbi	1777748944967456	1580012	md5_base64	9STUmGjORSzpdEehK9YlPQ==	2026-05-02T19:09:04.971Z	2026-06-03T15:31:02.267Z	gs://fc-fd42e80c-b41e-4e60-a9cf-b7c0ade168c4/submissions/a1e9b9ce-0d67-4d42-b107-b9821f44dd60/MethylationProfiling/dfb55789-8835-4581-88dc-605909e1ff91/call-CpgPileup/NA19700.hap2.bed.gz.tbi?generation=1777748944967456	3	v6scBA==	9STUmGjORSzpdEehK9YlPQ==	CKCu9fKmm5QDEAM=
NA19776	combined_bed	cpg_combined_bed	gs://fc-fd42e80c-b41e-4e60-a9cf-b7c0ade168c4/submissions/a1e9b9ce-0d67-4d42-b107-b9821f44dd60/MethylationProfiling/38538106-c4fc-4c36-8f1c-1d8b2daac314/call-CpgPileup/NA19776.combined.bed.gz	1777747703087089	334561886	md5_base64	NY3e66+p1LE4zwTBFttNjQ==	2026-05-02T18:48:23.092Z	2026-06-02T20:32:41.332Z	gs://fc-fd42e80c-b41e-4e60-a9cf-b7c0ade168c4/submissions/a1e9b9ce-0d67-4d42-b107-b9821f44dd60/MethylationProfiling/38538106-c4fc-4c36-8f1c-1d8b2daac314/call-CpgPileup/NA19776.combined.bed.gz?generation=1777747703087089	2	sSkNPA==	NY3e66+p1LE4zwTBFttNjQ==	CPH/3qKim5QDEAI=
NA19776	combined_bed_index	independently_verified_combined_bed_index	gs://fc-fd42e80c-b41e-4e60-a9cf-b7c0ade168c4/submissions/a1e9b9ce-0d67-4d42-b107-b9821f44dd60/MethylationProfiling/38538106-c4fc-4c36-8f1c-1d8b2daac314/call-CpgPileup/NA19776.combined.bed.gz.tbi	1777747711879798	1683094	md5_base64	oynFwr7UTO2suE+9Q+qhQA==	2026-05-02T18:48:31.883Z	2026-06-03T14:41:06.882Z	gs://fc-fd42e80c-b41e-4e60-a9cf-b7c0ade168c4/submissions/a1e9b9ce-0d67-4d42-b107-b9821f44dd60/MethylationProfiling/38538106-c4fc-4c36-8f1c-1d8b2daac314/call-CpgPileup/NA19776.combined.bed.gz.tbi?generation=1777747711879798	3	NPsauw==	oynFwr7UTO2suE+9Q+qhQA==	CPbU96aim5QDEAM=
NA19776	hap1_bed	cpg_hap1_bed	gs://fc-fd42e80c-b41e-4e60-a9cf-b7c0ade168c4/submissions/a1e9b9ce-0d67-4d42-b107-b9821f44dd60/MethylationProfiling/38538106-c4fc-4c36-8f1c-1d8b2daac314/call-CpgPileup/NA19776.hap1.bed.gz	1777747691589707	296213565	md5_base64	wbYKhBHMK6WBCUhEepy4/A==	2026-05-02T18:48:11.593Z	2026-06-02T20:21:49.072Z	gs://fc-fd42e80c-b41e-4e60-a9cf-b7c0ade168c4/submissions/a1e9b9ce-0d67-4d42-b107-b9821f44dd60/MethylationProfiling/38538106-c4fc-4c36-8f1c-1d8b2daac314/call-CpgPileup/NA19776.hap1.bed.gz?generation=1777747691589707	2	+/Gq6A==	wbYKhBHMK6WBCUhEepy4/A==	CMugoZ2im5QDEAI=
NA19776	hap1_bed_index	cpg_hap1_bed_idx	gs://fc-fd42e80c-b41e-4e60-a9cf-b7c0ade168c4/submissions/a1e9b9ce-0d67-4d42-b107-b9821f44dd60/MethylationProfiling/38538106-c4fc-4c36-8f1c-1d8b2daac314/call-CpgPileup/NA19776.hap1.bed.gz.tbi	1777747693469128	1646817	md5_base64	DmB5zDkX/tDN8WjmtR/YRQ==	2026-05-02T18:48:13.473Z	2026-06-03T15:25:07.268Z	gs://fc-fd42e80c-b41e-4e60-a9cf-b7c0ade168c4/submissions/a1e9b9ce-0d67-4d42-b107-b9821f44dd60/MethylationProfiling/38538106-c4fc-4c36-8f1c-1d8b2daac314/call-CpgPileup/NA19776.hap1.bed.gz.tbi?generation=1777747693469128	3	HA654A==	DmB5zDkX/tDN8WjmtR/YRQ==	CMj7k56im5QDEAM=
NA19776	hap2_bed	cpg_hap2_bed	gs://fc-fd42e80c-b41e-4e60-a9cf-b7c0ade168c4/submissions/a1e9b9ce-0d67-4d42-b107-b9821f44dd60/MethylationProfiling/38538106-c4fc-4c36-8f1c-1d8b2daac314/call-CpgPileup/NA19776.hap2.bed.gz	1777747709973856	296214291	md5_base64	+Xxxnkk0sX52lnc8h/3trQ==	2026-05-02T18:48:29.978Z	2026-06-03T16:00:02.190Z	gs://fc-fd42e80c-b41e-4e60-a9cf-b7c0ade168c4/submissions/a1e9b9ce-0d67-4d42-b107-b9821f44dd60/MethylationProfiling/38538106-c4fc-4c36-8f1c-1d8b2daac314/call-CpgPileup/NA19776.hap2.bed.gz?generation=1777747709973856	3	iG0LUw==	+Xxxnkk0sX52lnc8h/3trQ==	COCqg6aim5QDEAM=
NA19776	hap2_bed_index	cpg_hap2_bed_idx	gs://fc-fd42e80c-b41e-4e60-a9cf-b7c0ade168c4/submissions/a1e9b9ce-0d67-4d42-b107-b9821f44dd60/MethylationProfiling/38538106-c4fc-4c36-8f1c-1d8b2daac314/call-CpgPileup/NA19776.hap2.bed.gz.tbi	1777747695344801	1646587	md5_base64	ENtL7EWOmSkZPps6gNXM7g==	2026-05-02T18:48:15.348Z	2026-06-02T19:58:57.999Z	gs://fc-fd42e80c-b41e-4e60-a9cf-b7c0ade168c4/submissions/a1e9b9ce-0d67-4d42-b107-b9821f44dd60/MethylationProfiling/38538106-c4fc-4c36-8f1c-1d8b2daac314/call-CpgPileup/NA19776.hap2.bed.gz.tbi?generation=1777747695344801	2	G8l1iQ==	ENtL7EWOmSkZPps6gNXM7g==	CKG5hp+im5QDEAI=
NA19835	combined_bed	cpg_combined_bed	gs://fc-fd42e80c-b41e-4e60-a9cf-b7c0ade168c4/submissions/a1e9b9ce-0d67-4d42-b107-b9821f44dd60/MethylationProfiling/ee7cdb36-c1a4-421b-af95-ada23f5ea40f/call-CpgPileup/NA19835.combined.bed.gz	1777748040135111	335195173	md5_base64	8wN3zxbiCaRPttV2xdYs+A==	2026-05-02T18:54:00.139Z	2026-06-03T15:18:58.978Z	gs://fc-fd42e80c-b41e-4e60-a9cf-b7c0ade168c4/submissions/a1e9b9ce-0d67-4d42-b107-b9821f44dd60/MethylationProfiling/ee7cdb36-c1a4-421b-af95-ada23f5ea40f/call-CpgPileup/NA19835.combined.bed.gz?generation=1777748040135111	3	6ckzQQ==	8wN3zxbiCaRPttV2xdYs+A==	CMfjusOjm5QDEAM=
NA19835	combined_bed_index	independently_verified_combined_bed_index	gs://fc-fd42e80c-b41e-4e60-a9cf-b7c0ade168c4/submissions/a1e9b9ce-0d67-4d42-b107-b9821f44dd60/MethylationProfiling/ee7cdb36-c1a4-421b-af95-ada23f5ea40f/call-CpgPileup/NA19835.combined.bed.gz.tbi	1777748057086104	1683837	md5_base64	WYJJMwH1zSDfs/xLzQbVgg==	2026-05-02T18:54:17.089Z	2026-06-02T20:14:11.175Z	gs://fc-fd42e80c-b41e-4e60-a9cf-b7c0ade168c4/submissions/a1e9b9ce-0d67-4d42-b107-b9821f44dd60/MethylationProfiling/ee7cdb36-c1a4-421b-af95-ada23f5ea40f/call-CpgPileup/NA19835.combined.bed.gz.tbi?generation=1777748057086104	2	21Z0BA==	WYJJMwH1zSDfs/xLzQbVgg==	CJixxcujm5QDEAI=
NA19835	hap1_bed	cpg_hap1_bed	gs://fc-fd42e80c-b41e-4e60-a9cf-b7c0ade168c4/submissions/a1e9b9ce-0d67-4d42-b107-b9821f44dd60/MethylationProfiling/ee7cdb36-c1a4-421b-af95-ada23f5ea40f/call-CpgPileup/NA19835.hap1.bed.gz	1777748052952515	300732510	md5_base64	6U27NpRpeTaMhaAtY+SHuw==	2026-05-02T18:54:12.956Z	2026-06-02T20:23:46.263Z	gs://fc-fd42e80c-b41e-4e60-a9cf-b7c0ade168c4/submissions/a1e9b9ce-0d67-4d42-b107-b9821f44dd60/MethylationProfiling/ee7cdb36-c1a4-421b-af95-ada23f5ea40f/call-CpgPileup/NA19835.hap1.bed.gz?generation=1777748052952515	2	FFLr3g==	6U27NpRpeTaMhaAtY+SHuw==	CMOLycmjm5QDEAI=
NA19835	hap1_bed_index	cpg_hap1_bed_idx	gs://fc-fd42e80c-b41e-4e60-a9cf-b7c0ade168c4/submissions/a1e9b9ce-0d67-4d42-b107-b9821f44dd60/MethylationProfiling/ee7cdb36-c1a4-421b-af95-ada23f5ea40f/call-CpgPileup/NA19835.hap1.bed.gz.tbi	1777748072986023	1665708	md5_base64	B211JIZDQssadtqNQJ5sUw==	2026-05-02T18:54:32.989Z	2026-06-03T14:37:12.339Z	gs://fc-fd42e80c-b41e-4e60-a9cf-b7c0ade168c4/submissions/a1e9b9ce-0d67-4d42-b107-b9821f44dd60/MethylationProfiling/ee7cdb36-c1a4-421b-af95-ada23f5ea40f/call-CpgPileup/NA19835.hap1.bed.gz.tbi?generation=1777748072986023	3	991b5g==	B211JIZDQssadtqNQJ5sUw==	CKfrj9Ojm5QDEAM=
NA19835	hap2_bed	cpg_hap2_bed	gs://fc-fd42e80c-b41e-4e60-a9cf-b7c0ade168c4/submissions/a1e9b9ce-0d67-4d42-b107-b9821f44dd60/MethylationProfiling/ee7cdb36-c1a4-421b-af95-ada23f5ea40f/call-CpgPileup/NA19835.hap2.bed.gz	1777748070931134	301144025	md5_base64	mHfcqmF4mW0mn+Zblmft8Q==	2026-05-02T18:54:30.935Z	2026-06-03T15:41:03.505Z	gs://fc-fd42e80c-b41e-4e60-a9cf-b7c0ade168c4/submissions/a1e9b9ce-0d67-4d42-b107-b9821f44dd60/MethylationProfiling/ee7cdb36-c1a4-421b-af95-ada23f5ea40f/call-CpgPileup/NA19835.hap2.bed.gz?generation=1777748070931134	3	1Pn8pQ==	mHfcqmF4mW0mn+Zblmft8Q==	CL61ktKjm5QDEAM=
NA19835	hap2_bed_index	cpg_hap2_bed_idx	gs://fc-fd42e80c-b41e-4e60-a9cf-b7c0ade168c4/submissions/a1e9b9ce-0d67-4d42-b107-b9821f44dd60/MethylationProfiling/ee7cdb36-c1a4-421b-af95-ada23f5ea40f/call-CpgPileup/NA19835.hap2.bed.gz.tbi	1777748054987022	1666664	md5_base64	1+7qT9JlqjhKffqzj9NvcA==	2026-05-02T18:54:14.989Z	2026-06-02T20:19:59.254Z	gs://fc-fd42e80c-b41e-4e60-a9cf-b7c0ade168c4/submissions/a1e9b9ce-0d67-4d42-b107-b9821f44dd60/MethylationProfiling/ee7cdb36-c1a4-421b-af95-ada23f5ea40f/call-CpgPileup/NA19835.hap2.bed.gz.tbi?generation=1777748054987022	2	iQRPpw==	1+7qT9JlqjhKffqzj9NvcA==	CI6ixcqjm5QDEAI=
NA19909	combined_bed	cpg_combined_bed	gs://fc-fd42e80c-b41e-4e60-a9cf-b7c0ade168c4/submissions/8a45ea72-7281-4066-a1f5-271fd628b8e6/MethylationProfiling/ac5a1ca7-bf26-4330-976d-08e441a5c4a5/call-CpgPileup/NA19909.combined.bed.gz	1778102823874235	394104851	md5_base64	ywn09n1KOM6lFVKx0HD7XQ==	2026-05-06T21:27:03.879Z	2026-06-07T03:50:03.189Z	gs://fc-fd42e80c-b41e-4e60-a9cf-b7c0ade168c4/submissions/8a45ea72-7281-4066-a1f5-271fd628b8e6/MethylationProfiling/ac5a1ca7-bf26-4330-976d-08e441a5c4a5/call-CpgPileup/NA19909.combined.bed.gz?generation=1778102823874235	2	h6H5Zw==	ywn09n1KOM6lFVKx0HD7XQ==	CLvdw5nNpZQDEAI=
NA19909	combined_bed_index	independently_verified_combined_bed_index	gs://fc-fd42e80c-b41e-4e60-a9cf-b7c0ade168c4/submissions/8a45ea72-7281-4066-a1f5-271fd628b8e6/MethylationProfiling/ac5a1ca7-bf26-4330-976d-08e441a5c4a5/call-CpgPileup/NA19909.combined.bed.gz.tbi	1778102800283698	1696402	md5_base64	gUYkxfLy4OVqHUTrNonvCw==	2026-05-06T21:26:40.288Z	2026-06-07T03:53:07.840Z	gs://fc-fd42e80c-b41e-4e60-a9cf-b7c0ade168c4/submissions/8a45ea72-7281-4066-a1f5-271fd628b8e6/MethylationProfiling/ac5a1ca7-bf26-4330-976d-08e441a5c4a5/call-CpgPileup/NA19909.combined.bed.gz.tbi?generation=1778102800283698	2	LbkeNA==	gUYkxfLy4OVqHUTrNonvCw==	CLLwo47NpZQDEAI=
NA19909	hap1_bed	cpg_hap1_bed	gs://fc-fd42e80c-b41e-4e60-a9cf-b7c0ade168c4/submissions/8a45ea72-7281-4066-a1f5-271fd628b8e6/MethylationProfiling/ac5a1ca7-bf26-4330-976d-08e441a5c4a5/call-CpgPileup/NA19909.hap1.bed.gz	1778102818319096	360078713	md5_base64	GUlNN+jMre2//bkG2d9DnQ==	2026-05-06T21:26:58.324Z	2026-06-07T06:14:51.373Z	gs://fc-fd42e80c-b41e-4e60-a9cf-b7c0ade168c4/submissions/8a45ea72-7281-4066-a1f5-271fd628b8e6/MethylationProfiling/ac5a1ca7-bf26-4330-976d-08e441a5c4a5/call-CpgPileup/NA19909.hap1.bed.gz?generation=1778102818319096	2	kbPHCQ==	GUlNN+jMre2//bkG2d9DnQ==	CPjV8JbNpZQDEAI=
NA19909	hap1_bed_index	cpg_hap1_bed_idx	gs://fc-fd42e80c-b41e-4e60-a9cf-b7c0ade168c4/submissions/8a45ea72-7281-4066-a1f5-271fd628b8e6/MethylationProfiling/ac5a1ca7-bf26-4330-976d-08e441a5c4a5/call-CpgPileup/NA19909.hap1.bed.gz.tbi	1778102802208290	1673317	md5_base64	hRCgPD8x3epd8g5P903Zsw==	2026-05-06T21:26:42.212Z	2026-06-07T07:08:56.862Z	gs://fc-fd42e80c-b41e-4e60-a9cf-b7c0ade168c4/submissions/8a45ea72-7281-4066-a1f5-271fd628b8e6/MethylationProfiling/ac5a1ca7-bf26-4330-976d-08e441a5c4a5/call-CpgPileup/NA19909.hap1.bed.gz.tbi?generation=1778102802208290	2	AKioJQ==	hRCgPD8x3epd8g5P903Zsw==	CKKsmY/NpZQDEAI=
NA19909	hap2_bed	cpg_hap2_bed	gs://fc-fd42e80c-b41e-4e60-a9cf-b7c0ade168c4/submissions/8a45ea72-7281-4066-a1f5-271fd628b8e6/MethylationProfiling/ac5a1ca7-bf26-4330-976d-08e441a5c4a5/call-CpgPileup/NA19909.hap2.bed.gz	1778102809860503	360173274	md5_base64	aOw2Aw43jAWzvcLZDBilew==	2026-05-06T21:26:49.866Z	2026-06-07T05:09:08.681Z	gs://fc-fd42e80c-b41e-4e60-a9cf-b7c0ade168c4/submissions/8a45ea72-7281-4066-a1f5-271fd628b8e6/MethylationProfiling/ac5a1ca7-bf26-4330-976d-08e441a5c4a5/call-CpgPileup/NA19909.hap2.bed.gz?generation=1778102809860503	2	gZqFbA==	aOw2Aw43jAWzvcLZDBilew==	CJez7JLNpZQDEAI=
NA19909	hap2_bed_index	cpg_hap2_bed_idx	gs://fc-fd42e80c-b41e-4e60-a9cf-b7c0ade168c4/submissions/8a45ea72-7281-4066-a1f5-271fd628b8e6/MethylationProfiling/ac5a1ca7-bf26-4330-976d-08e441a5c4a5/call-CpgPileup/NA19909.hap2.bed.gz.tbi	1778102804134687	1673106	md5_base64	MzA5++7Jpcp8jYlztXNbaQ==	2026-05-06T21:26:44.139Z	2026-06-07T04:52:34.692Z	gs://fc-fd42e80c-b41e-4e60-a9cf-b7c0ade168c4/submissions/8a45ea72-7281-4066-a1f5-271fd628b8e6/MethylationProfiling/ac5a1ca7-bf26-4330-976d-08e441a5c4a5/call-CpgPileup/NA19909.hap2.bed.gz.tbi?generation=1778102804134687	2	uQ2e8Q==	MzA5++7Jpcp8jYlztXNbaQ==	CJ/2jpDNpZQDEAI=
NA20129	combined_bed	cpg_combined_bed	gs://fc-fd42e80c-b41e-4e60-a9cf-b7c0ade168c4/submissions/f0ab26b0-d66f-45be-8322-24218670bc4d/MethylationProfiling/b8cc3ccb-ace5-4dcc-afab-ca82ea8277f3/call-CpgPileup/NA20129.combined.bed.gz	1783874205641481	324171992	md5_base64	4qIccTG02h1lNMECVHDKMA==	2026-07-12T16:36:45.646Z	2026-07-12T16:36:45.646Z	gs://fc-fd42e80c-b41e-4e60-a9cf-b7c0ade168c4/submissions/f0ab26b0-d66f-45be-8322-24218670bc4d/MethylationProfiling/b8cc3ccb-ace5-4dcc-afab-ca82ea8277f3/call-CpgPileup/NA20129.combined.bed.gz?generation=1783874205641481	1	FTmv6g==	4qIccTG02h1lNMECVHDKMA==	CInW56LJzZUDEAE=
NA20129	combined_bed_index	independently_verified_combined_bed_index	gs://fc-fd42e80c-b41e-4e60-a9cf-b7c0ade168c4/submissions/f0ab26b0-d66f-45be-8322-24218670bc4d/MethylationProfiling/b8cc3ccb-ace5-4dcc-afab-ca82ea8277f3/call-CpgPileup/NA20129.combined.bed.gz.tbi	1783874207763814	1680336	md5_base64	vfQciMCrTTjgaG3zaFTRjw==	2026-07-12T16:36:47.768Z	2026-07-12T16:36:47.768Z	gs://fc-fd42e80c-b41e-4e60-a9cf-b7c0ade168c4/submissions/f0ab26b0-d66f-45be-8322-24218670bc4d/MethylationProfiling/b8cc3ccb-ace5-4dcc-afab-ca82ea8277f3/call-CpgPileup/NA20129.combined.bed.gz.tbi?generation=1783874207763814	1	zrL2tw==	vfQciMCrTTjgaG3zaFTRjw==	COaa6aPJzZUDEAE=
NA20129	hap1_bed	cpg_hap1_bed	gs://fc-fd42e80c-b41e-4e60-a9cf-b7c0ade168c4/submissions/f0ab26b0-d66f-45be-8322-24218670bc4d/MethylationProfiling/b8cc3ccb-ace5-4dcc-afab-ca82ea8277f3/call-CpgPileup/NA20129.hap1.bed.gz	1783874220581730	289077201	md5_base64	aA6X/lTpM1gLtatGDAaxgQ==	2026-07-12T16:37:00.586Z	2026-07-12T16:37:00.586Z	gs://fc-fd42e80c-b41e-4e60-a9cf-b7c0ade168c4/submissions/f0ab26b0-d66f-45be-8322-24218670bc4d/MethylationProfiling/b8cc3ccb-ace5-4dcc-afab-ca82ea8277f3/call-CpgPileup/NA20129.hap1.bed.gz?generation=1783874220581730	1	nIAfdg==	aA6X/lTpM1gLtatGDAaxgQ==	COLG96nJzZUDEAE=
NA20129	hap1_bed_index	cpg_hap1_bed_idx	gs://fc-fd42e80c-b41e-4e60-a9cf-b7c0ade168c4/submissions/f0ab26b0-d66f-45be-8322-24218670bc4d/MethylationProfiling/b8cc3ccb-ace5-4dcc-afab-ca82ea8277f3/call-CpgPileup/NA20129.hap1.bed.gz.tbi	1783874234136764	1651463	md5_base64	CBC15lBraNPt0LMLbn0U2g==	2026-07-12T16:37:14.140Z	2026-07-12T16:37:14.140Z	gs://fc-fd42e80c-b41e-4e60-a9cf-b7c0ade168c4/submissions/f0ab26b0-d66f-45be-8322-24218670bc4d/MethylationProfiling/b8cc3ccb-ace5-4dcc-afab-ca82ea8277f3/call-CpgPileup/NA20129.hap1.bed.gz.tbi?generation=1783874234136764	1	aQW4jA==	CBC15lBraNPt0LMLbn0U2g==	CLzxsrDJzZUDEAE=
NA20129	hap2_bed	cpg_hap2_bed	gs://fc-fd42e80c-b41e-4e60-a9cf-b7c0ade168c4/submissions/f0ab26b0-d66f-45be-8322-24218670bc4d/MethylationProfiling/b8cc3ccb-ace5-4dcc-afab-ca82ea8277f3/call-CpgPileup/NA20129.hap2.bed.gz	1783874231924601	289083967	md5_base64	x8aP+9fF67NsBRHl/LRaHA==	2026-07-12T16:37:11.929Z	2026-07-12T16:37:11.929Z	gs://fc-fd42e80c-b41e-4e60-a9cf-b7c0ade168c4/submissions/f0ab26b0-d66f-45be-8322-24218670bc4d/MethylationProfiling/b8cc3ccb-ace5-4dcc-afab-ca82ea8277f3/call-CpgPileup/NA20129.hap2.bed.gz?generation=1783874231924601	1	B1xFBg==	x8aP+9fF67NsBRHl/LRaHA==	CPnuq6/JzZUDEAE=
NA20129	hap2_bed_index	cpg_hap2_bed_idx	gs://fc-fd42e80c-b41e-4e60-a9cf-b7c0ade168c4/submissions/f0ab26b0-d66f-45be-8322-24218670bc4d/MethylationProfiling/b8cc3ccb-ace5-4dcc-afab-ca82ea8277f3/call-CpgPileup/NA20129.hap2.bed.gz.tbi	1783874197405796	1652571	md5_base64	JiZPz3fEESryAe2AfDMThA==	2026-07-12T16:36:37.409Z	2026-07-12T16:36:37.409Z	gs://fc-fd42e80c-b41e-4e60-a9cf-b7c0ade168c4/submissions/f0ab26b0-d66f-45be-8322-24218670bc4d/MethylationProfiling/b8cc3ccb-ace5-4dcc-afab-ca82ea8277f3/call-CpgPileup/NA20129.hap2.bed.gz.tbi?generation=1783874197405796	1	KYuVVQ==	JiZPz3fEESryAe2AfDMThA==	COSA8Z7JzZUDEAE=
NA20282	combined_bed	cpg_combined_bed	gs://fc-fd42e80c-b41e-4e60-a9cf-b7c0ade168c4/submissions/569a9e19-4a00-4d9c-98ff-6de0000f6e8f/MethylationProfiling/196f6973-f1b5-4454-ab25-a962a4a38775/call-CpgPileup/NA20282.combined.bed.gz	1777761953179907	341417995	md5_base64	pvHzYCILBS/etM/wWF4hTQ==	2026-05-02T22:45:53.185Z	2026-06-03T15:51:04.936Z	gs://fc-fd42e80c-b41e-4e60-a9cf-b7c0ade168c4/submissions/569a9e19-4a00-4d9c-98ff-6de0000f6e8f/MethylationProfiling/196f6973-f1b5-4454-ab25-a962a4a38775/call-CpgPileup/NA20282.combined.bed.gz?generation=1777761953179907	3	3GxJIA==	pvHzYCILBS/etM/wWF4hTQ==	CIPS263Xm5QDEAM=
NA20282	combined_bed_index	independently_verified_combined_bed_index	gs://fc-fd42e80c-b41e-4e60-a9cf-b7c0ade168c4/submissions/569a9e19-4a00-4d9c-98ff-6de0000f6e8f/MethylationProfiling/196f6973-f1b5-4454-ab25-a962a4a38775/call-CpgPileup/NA20282.combined.bed.gz.tbi	1777761965780407	1684058	md5_base64	FtL69GnyzktYQZKYeGf7Xw==	2026-05-02T22:46:05.784Z	2026-06-03T15:52:07.004Z	gs://fc-fd42e80c-b41e-4e60-a9cf-b7c0ade168c4/submissions/569a9e19-4a00-4d9c-98ff-6de0000f6e8f/MethylationProfiling/196f6973-f1b5-4454-ab25-a962a4a38775/call-CpgPileup/NA20282.combined.bed.gz.tbi?generation=1777761965780407	3	oDMJYg==	FtL69GnyzktYQZKYeGf7Xw==	CLfb3LPXm5QDEAM=
NA20282	hap1_bed	cpg_hap1_bed	gs://fc-fd42e80c-b41e-4e60-a9cf-b7c0ade168c4/submissions/569a9e19-4a00-4d9c-98ff-6de0000f6e8f/MethylationProfiling/196f6973-f1b5-4454-ab25-a962a4a38775/call-CpgPileup/NA20282.hap1.bed.gz	1777761972994039	307461154	md5_base64	Eww5fNS3yD6ecxWOvc3c/Q==	2026-05-02T22:46:13.000Z	2026-06-02T20:05:21.042Z	gs://fc-fd42e80c-b41e-4e60-a9cf-b7c0ade168c4/submissions/569a9e19-4a00-4d9c-98ff-6de0000f6e8f/MethylationProfiling/196f6973-f1b5-4454-ab25-a962a4a38775/call-CpgPileup/NA20282.hap1.bed.gz?generation=1777761972994039	2	IJDkoQ==	Eww5fNS3yD6ecxWOvc3c/Q==	CPf/lLfXm5QDEAI=
NA20282	hap1_bed_index	cpg_hap1_bed_idx	gs://fc-fd42e80c-b41e-4e60-a9cf-b7c0ade168c4/submissions/569a9e19-4a00-4d9c-98ff-6de0000f6e8f/MethylationProfiling/196f6973-f1b5-4454-ab25-a962a4a38775/call-CpgPileup/NA20282.hap1.bed.gz.tbi	1777761954803042	1666904	md5_base64	S8dPgvRyhi9m0ghp5I0XRw==	2026-05-02T22:45:54.808Z	2026-06-03T15:01:07.509Z	gs://fc-fd42e80c-b41e-4e60-a9cf-b7c0ade168c4/submissions/569a9e19-4a00-4d9c-98ff-6de0000f6e8f/MethylationProfiling/196f6973-f1b5-4454-ab25-a962a4a38775/call-CpgPileup/NA20282.hap1.bed.gz.tbi?generation=1777761954803042	3	G3o4qw==	S8dPgvRyhi9m0ghp5I0XRw==	COLavq7Xm5QDEAM=
NA20282	hap2_bed	cpg_hap2_bed	gs://fc-fd42e80c-b41e-4e60-a9cf-b7c0ade168c4/submissions/569a9e19-4a00-4d9c-98ff-6de0000f6e8f/MethylationProfiling/196f6973-f1b5-4454-ab25-a962a4a38775/call-CpgPileup/NA20282.hap2.bed.gz	1777761964223972	306684404	md5_base64	UzYUCNGSqazlqoKWRtaKwA==	2026-05-02T22:46:04.229Z	2026-06-03T15:10:03.012Z	gs://fc-fd42e80c-b41e-4e60-a9cf-b7c0ade168c4/submissions/569a9e19-4a00-4d9c-98ff-6de0000f6e8f/MethylationProfiling/196f6973-f1b5-4454-ab25-a962a4a38775/call-CpgPileup/NA20282.hap2.bed.gz?generation=1777761964223972	3	+GI7mw==	UzYUCNGSqazlqoKWRtaKwA==	COTb/bLXm5QDEAM=
NA20282	hap2_bed_index	cpg_hap2_bed_idx	gs://fc-fd42e80c-b41e-4e60-a9cf-b7c0ade168c4/submissions/569a9e19-4a00-4d9c-98ff-6de0000f6e8f/MethylationProfiling/196f6973-f1b5-4454-ab25-a962a4a38775/call-CpgPileup/NA20282.hap2.bed.gz.tbi	1777761956415872	1667259	md5_base64	LpeXjJyar2h0Ze0zrPaqDw==	2026-05-02T22:45:56.420Z	2026-06-03T15:55:07.167Z	gs://fc-fd42e80c-b41e-4e60-a9cf-b7c0ade168c4/submissions/569a9e19-4a00-4d9c-98ff-6de0000f6e8f/MethylationProfiling/196f6973-f1b5-4454-ab25-a962a4a38775/call-CpgPileup/NA20282.hap2.bed.gz.tbi?generation=1777761956415872	3	ONxLKg==	LpeXjJyar2h0Ze0zrPaqDw==	CICToa/Xm5QDEAM=
NA20346	combined_bed	cpg_combined_bed	gs://fc-fd42e80c-b41e-4e60-a9cf-b7c0ade168c4/submissions/a1e9b9ce-0d67-4d42-b107-b9821f44dd60/MethylationProfiling/0d1adfe1-2e2b-4189-bd5e-6ba6090f8802/call-CpgPileup/NA20346.combined.bed.gz	1777747642469777	337753409	md5_base64	m1EncBCBiyYZXlof5q786A==	2026-05-02T18:47:22.473Z	2026-06-02T20:11:15.519Z	gs://fc-fd42e80c-b41e-4e60-a9cf-b7c0ade168c4/submissions/a1e9b9ce-0d67-4d42-b107-b9821f44dd60/MethylationProfiling/0d1adfe1-2e2b-4189-bd5e-6ba6090f8802/call-CpgPileup/NA20346.combined.bed.gz?generation=1777747642469777	2	Id+btQ==	m1EncBCBiyYZXlof5q786A==	CJGb64Wim5QDEAI=
NA20346	combined_bed_index	independently_verified_combined_bed_index	gs://fc-fd42e80c-b41e-4e60-a9cf-b7c0ade168c4/submissions/a1e9b9ce-0d67-4d42-b107-b9821f44dd60/MethylationProfiling/0d1adfe1-2e2b-4189-bd5e-6ba6090f8802/call-CpgPileup/NA20346.combined.bed.gz.tbi	1777747629082966	1693849	md5_base64	epiG7Om2vvO3g5uQv6i2+g==	2026-05-02T18:47:09.086Z	2026-06-02T20:03:58.545Z	gs://fc-fd42e80c-b41e-4e60-a9cf-b7c0ade168c4/submissions/a1e9b9ce-0d67-4d42-b107-b9821f44dd60/MethylationProfiling/0d1adfe1-2e2b-4189-bd5e-6ba6090f8802/call-CpgPileup/NA20346.combined.bed.gz.tbi?generation=1777747629082966	2	VDd3xA==	epiG7Om2vvO3g5uQv6i2+g==	CNaSuv+hm5QDEAI=
NA20346	hap1_bed	cpg_hap1_bed	gs://fc-fd42e80c-b41e-4e60-a9cf-b7c0ade168c4/submissions/a1e9b9ce-0d67-4d42-b107-b9821f44dd60/MethylationProfiling/0d1adfe1-2e2b-4189-bd5e-6ba6090f8802/call-CpgPileup/NA20346.hap1.bed.gz	1777747636948191	290029572	md5_base64	pOqz3QjlACZrq+qHqQHHvw==	2026-05-02T18:47:16.951Z	2026-06-03T14:33:02.677Z	gs://fc-fd42e80c-b41e-4e60-a9cf-b7c0ade168c4/submissions/a1e9b9ce-0d67-4d42-b107-b9821f44dd60/MethylationProfiling/0d1adfe1-2e2b-4189-bd5e-6ba6090f8802/call-CpgPileup/NA20346.hap1.bed.gz?generation=1777747636948191	3	i3ch+A==	pOqz3QjlACZrq+qHqQHHvw==	CN+ZmoOim5QDEAM=
NA20346	hap1_bed_index	cpg_hap1_bed_idx	gs://fc-fd42e80c-b41e-4e60-a9cf-b7c0ade168c4/submissions/a1e9b9ce-0d67-4d42-b107-b9821f44dd60/MethylationProfiling/0d1adfe1-2e2b-4189-bd5e-6ba6090f8802/call-CpgPileup/NA20346.hap1.bed.gz.tbi	1777747618794149	1579563	md5_base64	r5NKmJk4J0V6HfPHH/nQBw==	2026-05-02T18:46:58.797Z	2026-06-03T15:51:02.587Z	gs://fc-fd42e80c-b41e-4e60-a9cf-b7c0ade168c4/submissions/a1e9b9ce-0d67-4d42-b107-b9821f44dd60/MethylationProfiling/0d1adfe1-2e2b-4189-bd5e-6ba6090f8802/call-CpgPileup/NA20346.hap1.bed.gz.tbi?generation=1777747618794149	3	NwGQkg==	r5NKmJk4J0V6HfPHH/nQBw==	CKWVxvqhm5QDEAM=
NA20346	hap2_bed	cpg_hap2_bed	gs://fc-fd42e80c-b41e-4e60-a9cf-b7c0ade168c4/submissions/a1e9b9ce-0d67-4d42-b107-b9821f44dd60/MethylationProfiling/0d1adfe1-2e2b-4189-bd5e-6ba6090f8802/call-CpgPileup/NA20346.hap2.bed.gz	1777747627170346	290268072	md5_base64	AK/S2Z1N8FZvErsasafc9Q==	2026-05-02T18:47:07.174Z	2026-06-03T14:43:00.298Z	gs://fc-fd42e80c-b41e-4e60-a9cf-b7c0ade168c4/submissions/a1e9b9ce-0d67-4d42-b107-b9821f44dd60/MethylationProfiling/0d1adfe1-2e2b-4189-bd5e-6ba6090f8802/call-CpgPileup/NA20346.hap2.bed.gz?generation=1777747627170346	3	M3vUVQ==	AK/S2Z1N8FZvErsasafc9Q==	CKq0xf6hm5QDEAM=
NA20346	hap2_bed_index	cpg_hap2_bed_idx	gs://fc-fd42e80c-b41e-4e60-a9cf-b7c0ade168c4/submissions/a1e9b9ce-0d67-4d42-b107-b9821f44dd60/MethylationProfiling/0d1adfe1-2e2b-4189-bd5e-6ba6090f8802/call-CpgPileup/NA20346.hap2.bed.gz.tbi	1777747616792731	1579669	md5_base64	DJtnZHUveoB4z0uTPvPhkQ==	2026-05-02T18:46:56.796Z	2026-06-03T15:44:16.263Z	gs://fc-fd42e80c-b41e-4e60-a9cf-b7c0ade168c4/submissions/a1e9b9ce-0d67-4d42-b107-b9821f44dd60/MethylationProfiling/0d1adfe1-2e2b-4189-bd5e-6ba6090f8802/call-CpgPileup/NA20346.hap2.bed.gz.tbi?generation=1777747616792731	3	7btmsw==	DJtnZHUveoB4z0uTPvPhkQ==	CJuBzPmhm5QDEAM=
NA20503	combined_bed	cpg_combined_bed	gs://fc-fd42e80c-b41e-4e60-a9cf-b7c0ade168c4/submissions/a1e9b9ce-0d67-4d42-b107-b9821f44dd60/MethylationProfiling/b9a47bf3-1bd3-46fb-bfe7-092f18f82d44/call-CpgPileup/NA20503.combined.bed.gz	1777748930356098	192818879	md5_base64	BTr1KVLJpzkjBxlkzAdjJg==	2026-05-02T19:08:50.360Z	2026-06-02T20:36:53.840Z	gs://fc-fd42e80c-b41e-4e60-a9cf-b7c0ade168c4/submissions/a1e9b9ce-0d67-4d42-b107-b9821f44dd60/MethylationProfiling/b9a47bf3-1bd3-46fb-bfe7-092f18f82d44/call-CpgPileup/NA20503.combined.bed.gz?generation=1777748930356098	2	IjWkRQ==	BTr1KVLJpzkjBxlkzAdjJg==	CILH+eumm5QDEAI=
NA20503	combined_bed_index	independently_verified_combined_bed_index	gs://fc-fd42e80c-b41e-4e60-a9cf-b7c0ade168c4/submissions/a1e9b9ce-0d67-4d42-b107-b9821f44dd60/MethylationProfiling/b9a47bf3-1bd3-46fb-bfe7-092f18f82d44/call-CpgPileup/NA20503.combined.bed.gz.tbi	1777748932363192	1685008	md5_base64	v+1ldszsv2CXdZ3tn1ZD1g==	2026-05-02T19:08:52.367Z	2026-06-03T15:32:00.687Z	gs://fc-fd42e80c-b41e-4e60-a9cf-b7c0ade168c4/submissions/a1e9b9ce-0d67-4d42-b107-b9821f44dd60/MethylationProfiling/b9a47bf3-1bd3-46fb-bfe7-092f18f82d44/call-CpgPileup/NA20503.combined.bed.gz.tbi?generation=1777748932363192	3	gGtNFQ==	v+1ldszsv2CXdZ3tn1ZD1g==	CLiH9Oymm5QDEAM=
NA20503	hap1_bed	cpg_hap1_bed	gs://fc-fd42e80c-b41e-4e60-a9cf-b7c0ade168c4/submissions/a1e9b9ce-0d67-4d42-b107-b9821f44dd60/MethylationProfiling/b9a47bf3-1bd3-46fb-bfe7-092f18f82d44/call-CpgPileup/NA20503.hap1.bed.gz	1777748936388227	179697435	md5_base64	Odjl+fHtPgDwrCxhYR0ZqA==	2026-05-02T19:08:56.392Z	2026-06-03T15:39:59.308Z	gs://fc-fd42e80c-b41e-4e60-a9cf-b7c0ade168c4/submissions/a1e9b9ce-0d67-4d42-b107-b9821f44dd60/MethylationProfiling/b9a47bf3-1bd3-46fb-bfe7-092f18f82d44/call-CpgPileup/NA20503.hap1.bed.gz?generation=1777748936388227	3	tJfMug==	Odjl+fHtPgDwrCxhYR0ZqA==	CIPd6e6mm5QDEAM=
NA20503	hap1_bed_index	cpg_hap1_bed_idx	gs://fc-fd42e80c-b41e-4e60-a9cf-b7c0ade168c4/submissions/a1e9b9ce-0d67-4d42-b107-b9821f44dd60/MethylationProfiling/b9a47bf3-1bd3-46fb-bfe7-092f18f82d44/call-CpgPileup/NA20503.hap1.bed.gz.tbi	1777748921997524	1659496	md5_base64	RapmYPqU27WmCT8oX7LKUg==	2026-05-02T19:08:42.001Z	2026-06-03T15:51:09.121Z	gs://fc-fd42e80c-b41e-4e60-a9cf-b7c0ade168c4/submissions/a1e9b9ce-0d67-4d42-b107-b9821f44dd60/MethylationProfiling/b9a47bf3-1bd3-46fb-bfe7-092f18f82d44/call-CpgPileup/NA20503.hap1.bed.gz.tbi?generation=1777748921997524	3	FlPbHw==	RapmYPqU27WmCT8oX7LKUg==	CNSx++emm5QDEAM=
NA20503	hap2_bed	cpg_hap2_bed	gs://fc-fd42e80c-b41e-4e60-a9cf-b7c0ade168c4/submissions/a1e9b9ce-0d67-4d42-b107-b9821f44dd60/MethylationProfiling/b9a47bf3-1bd3-46fb-bfe7-092f18f82d44/call-CpgPileup/NA20503.hap2.bed.gz	1777748926073683	179391655	md5_base64	GgB7LDkd33ZoJFLe8hQPWQ==	2026-05-02T19:08:46.077Z	2026-06-03T16:01:14.574Z	gs://fc-fd42e80c-b41e-4e60-a9cf-b7c0ade168c4/submissions/a1e9b9ce-0d67-4d42-b107-b9821f44dd60/MethylationProfiling/b9a47bf3-1bd3-46fb-bfe7-092f18f82d44/call-CpgPileup/NA20503.hap2.bed.gz?generation=1777748926073683	3	7l16pw==	GgB7LDkd33ZoJFLe8hQPWQ==	CNOW9Ommm5QDEAM=
NA20503	hap2_bed_index	cpg_hap2_bed_idx	gs://fc-fd42e80c-b41e-4e60-a9cf-b7c0ade168c4/submissions/a1e9b9ce-0d67-4d42-b107-b9821f44dd60/MethylationProfiling/b9a47bf3-1bd3-46fb-bfe7-092f18f82d44/call-CpgPileup/NA20503.hap2.bed.gz.tbi	1777748920005009	1658898	md5_base64	kax1FkWvGIJ/4oa+SpeHxQ==	2026-05-02T19:08:40.007Z	2026-06-03T15:39:07.095Z	gs://fc-fd42e80c-b41e-4e60-a9cf-b7c0ade168c4/submissions/a1e9b9ce-0d67-4d42-b107-b9821f44dd60/MethylationProfiling/b9a47bf3-1bd3-46fb-bfe7-092f18f82d44/call-CpgPileup/NA20503.hap2.bed.gz.tbi?generation=1777748920005009	3	OYrj8Q==	kax1FkWvGIJ/4oa+SpeHxQ==	CJHjgeemm5QDEAM=
NA20752	combined_bed	cpg_combined_bed	gs://fc-fd42e80c-b41e-4e60-a9cf-b7c0ade168c4/submissions/a1e9b9ce-0d67-4d42-b107-b9821f44dd60/MethylationProfiling/2a147a49-5fe1-4804-a43a-2a30a4f39558/call-CpgPileup/NA20752.combined.bed.gz	1777750559124730	338451802	md5_base64	6PiyFS81ardWCvdvVxNwWA==	2026-05-02T19:35:59.135Z	2026-06-02T20:37:11.068Z	gs://fc-fd42e80c-b41e-4e60-a9cf-b7c0ade168c4/submissions/a1e9b9ce-0d67-4d42-b107-b9821f44dd60/MethylationProfiling/2a147a49-5fe1-4804-a43a-2a30a4f39558/call-CpgPileup/NA20752.combined.bed.gz?generation=1777750559124730	2	SxftEw==	6PiyFS81ardWCvdvVxNwWA==	CPrZzfSsm5QDEAI=
NA20752	combined_bed_index	independently_verified_combined_bed_index	gs://fc-fd42e80c-b41e-4e60-a9cf-b7c0ade168c4/submissions/a1e9b9ce-0d67-4d42-b107-b9821f44dd60/MethylationProfiling/2a147a49-5fe1-4804-a43a-2a30a4f39558/call-CpgPileup/NA20752.combined.bed.gz.tbi	1777750563070919	1694620	md5_base64	GTOICN9rqKQRPLrgg/Yn1w==	2026-05-02T19:36:03.074Z	2026-06-03T15:20:58.498Z	gs://fc-fd42e80c-b41e-4e60-a9cf-b7c0ade168c4/submissions/a1e9b9ce-0d67-4d42-b107-b9821f44dd60/MethylationProfiling/2a147a49-5fe1-4804-a43a-2a30a4f39558/call-CpgPileup/NA20752.combined.bed.gz.tbi?generation=1777750563070919	3	gIowSw==	GTOICN9rqKQRPLrgg/Yn1w==	CMfHvvasm5QDEAM=
NA20752	hap1_bed	cpg_hap1_bed	gs://fc-fd42e80c-b41e-4e60-a9cf-b7c0ade168c4/submissions/a1e9b9ce-0d67-4d42-b107-b9821f44dd60/MethylationProfiling/2a147a49-5fe1-4804-a43a-2a30a4f39558/call-CpgPileup/NA20752.hap1.bed.gz	1777750550628291	289963985	md5_base64	OYtBr/VNkqckONyaYnnl3w==	2026-05-02T19:35:50.639Z	2026-06-02T19:58:02.199Z	gs://fc-fd42e80c-b41e-4e60-a9cf-b7c0ade168c4/submissions/a1e9b9ce-0d67-4d42-b107-b9821f44dd60/MethylationProfiling/2a147a49-5fe1-4804-a43a-2a30a4f39558/call-CpgPileup/NA20752.hap1.bed.gz?generation=1777750550628291	2	WmU01Q==	OYtBr/VNkqckONyaYnnl3w==	CMOPx/Csm5QDEAI=
NA20752	hap1_bed_index	cpg_hap1_bed_idx	gs://fc-fd42e80c-b41e-4e60-a9cf-b7c0ade168c4/submissions/a1e9b9ce-0d67-4d42-b107-b9821f44dd60/MethylationProfiling/2a147a49-5fe1-4804-a43a-2a30a4f39558/call-CpgPileup/NA20752.hap1.bed.gz.tbi	1777750561096393	1575053	md5_base64	yAqyCXX3NJr96IKjQXSxng==	2026-05-02T19:36:01.100Z	2026-06-02T20:01:26.087Z	gs://fc-fd42e80c-b41e-4e60-a9cf-b7c0ade168c4/submissions/a1e9b9ce-0d67-4d42-b107-b9821f44dd60/MethylationProfiling/2a147a49-5fe1-4804-a43a-2a30a4f39558/call-CpgPileup/NA20752.hap1.bed.gz.tbi?generation=1777750561096393	2	8Oz6zg==	yAqyCXX3NJr96IKjQXSxng==	CMmFxvWsm5QDEAI=
NA20752	hap2_bed	cpg_hap2_bed	gs://fc-fd42e80c-b41e-4e60-a9cf-b7c0ade168c4/submissions/a1e9b9ce-0d67-4d42-b107-b9821f44dd60/MethylationProfiling/2a147a49-5fe1-4804-a43a-2a30a4f39558/call-CpgPileup/NA20752.hap2.bed.gz	1777750543409245	289948591	md5_base64	cmnsj6i+z3W5snBz9iEjUA==	2026-05-02T19:35:43.414Z	2026-06-03T14:46:05.403Z	gs://fc-fd42e80c-b41e-4e60-a9cf-b7c0ade168c4/submissions/a1e9b9ce-0d67-4d42-b107-b9821f44dd60/MethylationProfiling/2a147a49-5fe1-4804-a43a-2a30a4f39558/call-CpgPileup/NA20752.hap2.bed.gz?generation=1777750543409245	3	M4lK2g==	cmnsj6i+z3W5snBz9iEjUA==	CN3Aju2sm5QDEAM=
NA20752	hap2_bed_index	cpg_hap2_bed_idx	gs://fc-fd42e80c-b41e-4e60-a9cf-b7c0ade168c4/submissions/a1e9b9ce-0d67-4d42-b107-b9821f44dd60/MethylationProfiling/2a147a49-5fe1-4804-a43a-2a30a4f39558/call-CpgPileup/NA20752.hap2.bed.gz.tbi	1777750565005727	1575362	md5_base64	0YEPg43D1DkVNC/7VDZwTA==	2026-05-02T19:36:05.009Z	2026-06-03T16:00:37.779Z	gs://fc-fd42e80c-b41e-4e60-a9cf-b7c0ade168c4/submissions/a1e9b9ce-0d67-4d42-b107-b9821f44dd60/MethylationProfiling/2a147a49-5fe1-4804-a43a-2a30a4f39558/call-CpgPileup/NA20752.hap2.bed.gz.tbi?generation=1777750565005727	3	u4Flag==	0YEPg43D1DkVNC/7VDZwTA==	CJ/TtPesm5QDEAM=
NA20762	combined_bed	cpg_combined_bed	gs://fc-fd42e80c-b41e-4e60-a9cf-b7c0ade168c4/submissions/a1e9b9ce-0d67-4d42-b107-b9821f44dd60/MethylationProfiling/d73f7543-de51-45a2-beab-2f32aa8266c4/call-CpgPileup/NA20762.combined.bed.gz	1777749528846402	193345761	md5_base64	vbZDlFMFlBssrXquqIAuoQ==	2026-05-02T19:18:48.850Z	2026-06-03T14:30:57.370Z	gs://fc-fd42e80c-b41e-4e60-a9cf-b7c0ade168c4/submissions/a1e9b9ce-0d67-4d42-b107-b9821f44dd60/MethylationProfiling/d73f7543-de51-45a2-beab-2f32aa8266c4/call-CpgPileup/NA20762.combined.bed.gz?generation=1777749528846402	3	gDEY6w==	vbZDlFMFlBssrXquqIAuoQ==	CMLAqompm5QDEAM=
NA20762	combined_bed_index	independently_verified_combined_bed_index	gs://fc-fd42e80c-b41e-4e60-a9cf-b7c0ade168c4/submissions/a1e9b9ce-0d67-4d42-b107-b9821f44dd60/MethylationProfiling/d73f7543-de51-45a2-beab-2f32aa8266c4/call-CpgPileup/NA20762.combined.bed.gz.tbi	1777749530700736	1693970	md5_base64	q0tWaG9vsv3y5/leTCXVZA==	2026-05-02T19:18:50.704Z	2026-06-03T14:38:05.298Z	gs://fc-fd42e80c-b41e-4e60-a9cf-b7c0ade168c4/submissions/a1e9b9ce-0d67-4d42-b107-b9821f44dd60/MethylationProfiling/d73f7543-de51-45a2-beab-2f32aa8266c4/call-CpgPileup/NA20762.combined.bed.gz.tbi?generation=1777749530700736	3	smthqA==	q0tWaG9vsv3y5/leTCXVZA==	CMDXm4qpm5QDEAM=
NA20762	hap1_bed	cpg_hap1_bed	gs://fc-fd42e80c-b41e-4e60-a9cf-b7c0ade168c4/submissions/a1e9b9ce-0d67-4d42-b107-b9821f44dd60/MethylationProfiling/d73f7543-de51-45a2-beab-2f32aa8266c4/call-CpgPileup/NA20762.hap1.bed.gz	1777749521283586	171799269	md5_base64	VCTeNRGCR5r7IBh5qM/WjQ==	2026-05-02T19:18:41.291Z	2026-06-03T15:07:07.280Z	gs://fc-fd42e80c-b41e-4e60-a9cf-b7c0ade168c4/submissions/a1e9b9ce-0d67-4d42-b107-b9821f44dd60/MethylationProfiling/d73f7543-de51-45a2-beab-2f32aa8266c4/call-CpgPileup/NA20762.hap1.bed.gz?generation=1777749521283586	3	A7Bozg==	VCTeNRGCR5r7IBh5qM/WjQ==	CIL03IWpm5QDEAM=
NA20762	hap1_bed_index	cpg_hap1_bed_idx	gs://fc-fd42e80c-b41e-4e60-a9cf-b7c0ade168c4/submissions/a1e9b9ce-0d67-4d42-b107-b9821f44dd60/MethylationProfiling/d73f7543-de51-45a2-beab-2f32aa8266c4/call-CpgPileup/NA20762.hap1.bed.gz.tbi	1777749515948504	1573501	md5_base64	aAVrpT1DhAX18ttDiST9zw==	2026-05-02T19:18:35.952Z	2026-06-03T16:04:41.732Z	gs://fc-fd42e80c-b41e-4e60-a9cf-b7c0ade168c4/submissions/a1e9b9ce-0d67-4d42-b107-b9821f44dd60/MethylationProfiling/d73f7543-de51-45a2-beab-2f32aa8266c4/call-CpgPileup/NA20762.hap1.bed.gz.tbi?generation=1777749515948504	3	mtHL1Q==	aAVrpT1DhAX18ttDiST9zw==	CNijl4Opm5QDEAM=
NA20762	hap2_bed	cpg_hap2_bed	gs://fc-fd42e80c-b41e-4e60-a9cf-b7c0ade168c4/submissions/a1e9b9ce-0d67-4d42-b107-b9821f44dd60/MethylationProfiling/d73f7543-de51-45a2-beab-2f32aa8266c4/call-CpgPileup/NA20762.hap2.bed.gz	1777749524941634	171737435	md5_base64	Z/FxbQ73LOWSK7bYRHrI6Q==	2026-05-02T19:18:44.947Z	2026-06-03T15:34:38.975Z	gs://fc-fd42e80c-b41e-4e60-a9cf-b7c0ade168c4/submissions/a1e9b9ce-0d67-4d42-b107-b9821f44dd60/MethylationProfiling/d73f7543-de51-45a2-beab-2f32aa8266c4/call-CpgPileup/NA20762.hap2.bed.gz?generation=1777749524941634	3	3GZCUw==	Z/FxbQ73LOWSK7bYRHrI6Q==	CMKWvIepm5QDEAM=
NA20762	hap2_bed_index	cpg_hap2_bed_idx	gs://fc-fd42e80c-b41e-4e60-a9cf-b7c0ade168c4/submissions/a1e9b9ce-0d67-4d42-b107-b9821f44dd60/MethylationProfiling/d73f7543-de51-45a2-beab-2f32aa8266c4/call-CpgPileup/NA20762.hap2.bed.gz.tbi	1777749517809959	1575667	md5_base64	NZ4ctD1RlpRwuSrSWB6ztQ==	2026-05-02T19:18:37.813Z	2026-06-03T15:45:30.220Z	gs://fc-fd42e80c-b41e-4e60-a9cf-b7c0ade168c4/submissions/a1e9b9ce-0d67-4d42-b107-b9821f44dd60/MethylationProfiling/d73f7543-de51-45a2-beab-2f32aa8266c4/call-CpgPileup/NA20762.hap2.bed.gz.tbi?generation=1777749517809959	3	dF1xLQ==	NZ4ctD1RlpRwuSrSWB6ztQ==	CKfyiISpm5QDEAM=
NA20799	combined_bed	cpg_combined_bed	gs://fc-fd42e80c-b41e-4e60-a9cf-b7c0ade168c4/submissions/569a9e19-4a00-4d9c-98ff-6de0000f6e8f/MethylationProfiling/2167aca7-d22c-48fc-8e96-395b5a27c8a4/call-CpgPileup/NA20799.combined.bed.gz	1777763198288211	336357851	md5_base64	ya8OW4ZrS+/PwwFbaKXKGg==	2026-05-02T23:06:38.292Z	2026-06-03T16:00:37.779Z	gs://fc-fd42e80c-b41e-4e60-a9cf-b7c0ade168c4/submissions/569a9e19-4a00-4d9c-98ff-6de0000f6e8f/MethylationProfiling/2167aca7-d22c-48fc-8e96-395b5a27c8a4/call-CpgPileup/NA20799.combined.bed.gz?generation=1777763198288211	3	AM6jAg==	ya8OW4ZrS+/PwwFbaKXKGg==	CNOCt//bm5QDEAM=
NA20799	combined_bed_index	independently_verified_combined_bed_index	gs://fc-fd42e80c-b41e-4e60-a9cf-b7c0ade168c4/submissions/569a9e19-4a00-4d9c-98ff-6de0000f6e8f/MethylationProfiling/2167aca7-d22c-48fc-8e96-395b5a27c8a4/call-CpgPileup/NA20799.combined.bed.gz.tbi	1777763176948114	1684316	md5_base64	7hA/2oRERqLrJ7A2qb3Idg==	2026-05-02T23:06:16.953Z	2026-06-03T15:28:25.705Z	gs://fc-fd42e80c-b41e-4e60-a9cf-b7c0ade168c4/submissions/569a9e19-4a00-4d9c-98ff-6de0000f6e8f/MethylationProfiling/2167aca7-d22c-48fc-8e96-395b5a27c8a4/call-CpgPileup/NA20799.combined.bed.gz.tbi?generation=1777763176948114	3	j4mg4A==	7hA/2oRERqLrJ7A2qb3Idg==	CJLDoPXbm5QDEAM=
NA20799	hap1_bed	cpg_hap1_bed	gs://fc-fd42e80c-b41e-4e60-a9cf-b7c0ade168c4/submissions/569a9e19-4a00-4d9c-98ff-6de0000f6e8f/MethylationProfiling/2167aca7-d22c-48fc-8e96-395b5a27c8a4/call-CpgPileup/NA20799.hap1.bed.gz	1777763185730511	298900157	md5_base64	iEwkTqkpWXL/UbM4coBrIQ==	2026-05-02T23:06:25.736Z	2026-06-02T20:00:14.863Z	gs://fc-fd42e80c-b41e-4e60-a9cf-b7c0ade168c4/submissions/569a9e19-4a00-4d9c-98ff-6de0000f6e8f/MethylationProfiling/2167aca7-d22c-48fc-8e96-395b5a27c8a4/call-CpgPileup/NA20799.hap1.bed.gz?generation=1777763185730511	2	iV23Tg==	iEwkTqkpWXL/UbM4coBrIQ==	CM/HuPnbm5QDEAI=
NA20799	hap1_bed_index	cpg_hap1_bed_idx	gs://fc-fd42e80c-b41e-4e60-a9cf-b7c0ade168c4/submissions/569a9e19-4a00-4d9c-98ff-6de0000f6e8f/MethylationProfiling/2167aca7-d22c-48fc-8e96-395b5a27c8a4/call-CpgPileup/NA20799.hap1.bed.gz.tbi	1777763173208984	1663472	md5_base64	BawnUa/cGL126CVf+PRvIA==	2026-05-02T23:06:13.213Z	2026-06-03T15:07:06.700Z	gs://fc-fd42e80c-b41e-4e60-a9cf-b7c0ade168c4/submissions/569a9e19-4a00-4d9c-98ff-6de0000f6e8f/MethylationProfiling/2167aca7-d22c-48fc-8e96-395b5a27c8a4/call-CpgPileup/NA20799.hap1.bed.gz.tbi?generation=1777763173208984	3	B8UFKQ==	BawnUa/cGL126CVf+PRvIA==	CJinvPPbm5QDEAM=
NA20799	hap2_bed	cpg_hap2_bed	gs://fc-fd42e80c-b41e-4e60-a9cf-b7c0ade168c4/submissions/569a9e19-4a00-4d9c-98ff-6de0000f6e8f/MethylationProfiling/2167aca7-d22c-48fc-8e96-395b5a27c8a4/call-CpgPileup/NA20799.hap2.bed.gz	1777763171434032	298530616	md5_base64	Ot1OFsvWh4SAn6SxLFWoOA==	2026-05-02T23:06:11.439Z	2026-06-02T19:55:25.737Z	gs://fc-fd42e80c-b41e-4e60-a9cf-b7c0ade168c4/submissions/569a9e19-4a00-4d9c-98ff-6de0000f6e8f/MethylationProfiling/2167aca7-d22c-48fc-8e96-395b5a27c8a4/call-CpgPileup/NA20799.hap2.bed.gz?generation=1777763171434032	2	GK9cYQ==	Ot1OFsvWh4SAn6SxLFWoOA==	CLD8z/Lbm5QDEAI=
NA20799	hap2_bed_index	cpg_hap2_bed_idx	gs://fc-fd42e80c-b41e-4e60-a9cf-b7c0ade168c4/submissions/569a9e19-4a00-4d9c-98ff-6de0000f6e8f/MethylationProfiling/2167aca7-d22c-48fc-8e96-395b5a27c8a4/call-CpgPileup/NA20799.hap2.bed.gz.tbi	1777763175171502	1663387	md5_base64	4VKDdUoaU3FdT8n5UxpCxQ==	2026-05-02T23:06:15.174Z	2026-06-03T15:46:11.657Z	gs://fc-fd42e80c-b41e-4e60-a9cf-b7c0ade168c4/submissions/569a9e19-4a00-4d9c-98ff-6de0000f6e8f/MethylationProfiling/2167aca7-d22c-48fc-8e96-395b5a27c8a4/call-CpgPileup/NA20799.hap2.bed.gz.tbi?generation=1777763175171502	3	1+hGqg==	4VKDdUoaU3FdT8n5UxpCxQ==	CK6LtPTbm5QDEAM=
NA20805	combined_bed	cpg_combined_bed	gs://fc-fd42e80c-b41e-4e60-a9cf-b7c0ade168c4/submissions/a1e9b9ce-0d67-4d42-b107-b9821f44dd60/MethylationProfiling/332b5c35-a955-4cd0-9b4e-a3f50a5e2881/call-CpgPileup/NA20805.combined.bed.gz	1777748988519926	351280853	md5_base64	/HNpOBzpzUNKph6QRpz8WA==	2026-05-02T19:09:48.525Z	2026-06-03T15:13:05.399Z	gs://fc-fd42e80c-b41e-4e60-a9cf-b7c0ade168c4/submissions/a1e9b9ce-0d67-4d42-b107-b9821f44dd60/MethylationProfiling/332b5c35-a955-4cd0-9b4e-a3f50a5e2881/call-CpgPileup/NA20805.combined.bed.gz?generation=1777748988519926	3	q1ru5Q==	/HNpOBzpzUNKph6QRpz8WA==	CPbL14enm5QDEAM=
NA20805	combined_bed_index	independently_verified_combined_bed_index	gs://fc-fd42e80c-b41e-4e60-a9cf-b7c0ade168c4/submissions/a1e9b9ce-0d67-4d42-b107-b9821f44dd60/MethylationProfiling/332b5c35-a955-4cd0-9b4e-a3f50a5e2881/call-CpgPileup/NA20805.combined.bed.gz.tbi	1777748990482039	1693356	md5_base64	QIvAR7GeIT7O4znWTvI3Kg==	2026-05-02T19:09:50.488Z	2026-06-03T16:01:14.574Z	gs://fc-fd42e80c-b41e-4e60-a9cf-b7c0ade168c4/submissions/a1e9b9ce-0d67-4d42-b107-b9821f44dd60/MethylationProfiling/332b5c35-a955-4cd0-9b4e-a3f50a5e2881/call-CpgPileup/NA20805.combined.bed.gz.tbi?generation=1777748990482039	3	wgZAgQ==	QIvAR7GeIT7O4znWTvI3Kg==	CPesz4inm5QDEAM=
NA20805	hap1_bed	cpg_hap1_bed	gs://fc-fd42e80c-b41e-4e60-a9cf-b7c0ade168c4/submissions/a1e9b9ce-0d67-4d42-b107-b9821f44dd60/MethylationProfiling/332b5c35-a955-4cd0-9b4e-a3f50a5e2881/call-CpgPileup/NA20805.hap1.bed.gz	1777748980816976	293840778	md5_base64	WQjlVKNvAa2Cyw81C6i1Hw==	2026-05-02T19:09:40.822Z	2026-06-03T14:59:04.905Z	gs://fc-fd42e80c-b41e-4e60-a9cf-b7c0ade168c4/submissions/a1e9b9ce-0d67-4d42-b107-b9821f44dd60/MethylationProfiling/332b5c35-a955-4cd0-9b4e-a3f50a5e2881/call-CpgPileup/NA20805.hap1.bed.gz?generation=1777748980816976	3	JMvdaQ==	WQjlVKNvAa2Cyw81C6i1Hw==	CNC4gYSnm5QDEAM=
NA20805	hap1_bed_index	cpg_hap1_bed_idx	gs://fc-fd42e80c-b41e-4e60-a9cf-b7c0ade168c4/submissions/a1e9b9ce-0d67-4d42-b107-b9821f44dd60/MethylationProfiling/332b5c35-a955-4cd0-9b4e-a3f50a5e2881/call-CpgPileup/NA20805.hap1.bed.gz.tbi	1777748999773119	1556758	md5_base64	E7vvPlPPA3O6jNeAIbpt9g==	2026-05-02T19:09:59.777Z	2026-06-03T14:40:59.164Z	gs://fc-fd42e80c-b41e-4e60-a9cf-b7c0ade168c4/submissions/a1e9b9ce-0d67-4d42-b107-b9821f44dd60/MethylationProfiling/332b5c35-a955-4cd0-9b4e-a3f50a5e2881/call-CpgPileup/NA20805.hap1.bed.gz.tbi?generation=1777748999773119	3	89keSw==	E7vvPlPPA3O6jNeAIbpt9g==	CL+3ho2nm5QDEAM=
NA20805	hap2_bed	cpg_hap2_bed	gs://fc-fd42e80c-b41e-4e60-a9cf-b7c0ade168c4/submissions/a1e9b9ce-0d67-4d42-b107-b9821f44dd60/MethylationProfiling/332b5c35-a955-4cd0-9b4e-a3f50a5e2881/call-CpgPileup/NA20805.hap2.bed.gz	1777748997647240	293935765	md5_base64	M2CiQfFz8OCfkRZQIX6FGA==	2026-05-02T19:09:57.651Z	2026-06-02T20:00:46.424Z	gs://fc-fd42e80c-b41e-4e60-a9cf-b7c0ade168c4/submissions/a1e9b9ce-0d67-4d42-b107-b9821f44dd60/MethylationProfiling/332b5c35-a955-4cd0-9b4e-a3f50a5e2881/call-CpgPileup/NA20805.hap2.bed.gz?generation=1777748997647240	2	kwl2jA==	M2CiQfFz8OCfkRZQIX6FGA==	CIjXhIynm5QDEAI=
NA20805	hap2_bed_index	cpg_hap2_bed_idx	gs://fc-fd42e80c-b41e-4e60-a9cf-b7c0ade168c4/submissions/a1e9b9ce-0d67-4d42-b107-b9821f44dd60/MethylationProfiling/332b5c35-a955-4cd0-9b4e-a3f50a5e2881/call-CpgPileup/NA20805.hap2.bed.gz.tbi	1777749001796192	1556870	md5_base64	DkHFwun+TUvEBuuBnrQIEA==	2026-05-02T19:10:01.800Z	2026-06-03T15:20:42.854Z	gs://fc-fd42e80c-b41e-4e60-a9cf-b7c0ade168c4/submissions/a1e9b9ce-0d67-4d42-b107-b9821f44dd60/MethylationProfiling/332b5c35-a955-4cd0-9b4e-a3f50a5e2881/call-CpgPileup/NA20805.hap2.bed.gz.tbi?generation=1777749001796192	3	F0if1g==	DkHFwun+TUvEBuuBnrQIEA==	COD0gY6nm5QDEAM=
NA20806	combined_bed	cpg_combined_bed	gs://fc-fd42e80c-b41e-4e60-a9cf-b7c0ade168c4/submissions/a1e9b9ce-0d67-4d42-b107-b9821f44dd60/MethylationProfiling/616a1f56-cf29-4faf-8cea-9afa07eb7f1a/call-CpgPileup/NA20806.combined.bed.gz	1777747856501373	195200473	md5_base64	8AbdVVpo84DN74R78RkqXQ==	2026-05-02T18:50:56.505Z	2026-06-03T14:31:03.418Z	gs://fc-fd42e80c-b41e-4e60-a9cf-b7c0ade168c4/submissions/a1e9b9ce-0d67-4d42-b107-b9821f44dd60/MethylationProfiling/616a1f56-cf29-4faf-8cea-9afa07eb7f1a/call-CpgPileup/NA20806.combined.bed.gz?generation=1777747856501373	3	etrAPA==	8AbdVVpo84DN74R78RkqXQ==	CP3U8uuim5QDEAM=
NA20806	combined_bed_index	independently_verified_combined_bed_index	gs://fc-fd42e80c-b41e-4e60-a9cf-b7c0ade168c4/submissions/a1e9b9ce-0d67-4d42-b107-b9821f44dd60/MethylationProfiling/616a1f56-cf29-4faf-8cea-9afa07eb7f1a/call-CpgPileup/NA20806.combined.bed.gz.tbi	1777747851531263	1696001	md5_base64	nYQR3CHwaBmfnAhSAeoYGg==	2026-05-02T18:50:51.534Z	2026-06-03T15:55:04.237Z	gs://fc-fd42e80c-b41e-4e60-a9cf-b7c0ade168c4/submissions/a1e9b9ce-0d67-4d42-b107-b9821f44dd60/MethylationProfiling/616a1f56-cf29-4faf-8cea-9afa07eb7f1a/call-CpgPileup/NA20806.combined.bed.gz.tbi?generation=1777747851531263	3	ZlkgVQ==	nYQR3CHwaBmfnAhSAeoYGg==	CP+nw+mim5QDEAM=
NA20806	hap1_bed	cpg_hap1_bed	gs://fc-fd42e80c-b41e-4e60-a9cf-b7c0ade168c4/submissions/a1e9b9ce-0d67-4d42-b107-b9821f44dd60/MethylationProfiling/616a1f56-cf29-4faf-8cea-9afa07eb7f1a/call-CpgPileup/NA20806.hap1.bed.gz	1777747865089026	173574894	md5_base64	+XP5orje+oMNDHPDXwYIJQ==	2026-05-02T18:51:05.095Z	2026-06-02T19:56:49.802Z	gs://fc-fd42e80c-b41e-4e60-a9cf-b7c0ade168c4/submissions/a1e9b9ce-0d67-4d42-b107-b9821f44dd60/MethylationProfiling/616a1f56-cf29-4faf-8cea-9afa07eb7f1a/call-CpgPileup/NA20806.hap1.bed.gz?generation=1777747865089026	2	KZH1IQ==	+XP5orje+oMNDHPDXwYIJQ==	CILo/u+im5QDEAI=
NA20806	hap1_bed_index	cpg_hap1_bed_idx	gs://fc-fd42e80c-b41e-4e60-a9cf-b7c0ade168c4/submissions/a1e9b9ce-0d67-4d42-b107-b9821f44dd60/MethylationProfiling/616a1f56-cf29-4faf-8cea-9afa07eb7f1a/call-CpgPileup/NA20806.hap1.bed.gz.tbi	1777747860446908	1571974	md5_base64	wP1r2YJGgBe8xJGOuycRZw==	2026-05-02T18:51:00.451Z	2026-06-02T20:21:57.212Z	gs://fc-fd42e80c-b41e-4e60-a9cf-b7c0ade168c4/submissions/a1e9b9ce-0d67-4d42-b107-b9821f44dd60/MethylationProfiling/616a1f56-cf29-4faf-8cea-9afa07eb7f1a/call-CpgPileup/NA20806.hap1.bed.gz.tbi?generation=1777747860446908	2	/veleg==	wP1r2YJGgBe8xJGOuycRZw==	CLy94+2im5QDEAI=
NA20806	hap2_bed	cpg_hap2_bed	gs://fc-fd42e80c-b41e-4e60-a9cf-b7c0ade168c4/submissions/a1e9b9ce-0d67-4d42-b107-b9821f44dd60/MethylationProfiling/616a1f56-cf29-4faf-8cea-9afa07eb7f1a/call-CpgPileup/NA20806.hap2.bed.gz	1777747869169620	173407326	md5_base64	vJTumbiCsK3+SnGG3Abl9w==	2026-05-02T18:51:09.174Z	2026-06-03T15:32:03.988Z	gs://fc-fd42e80c-b41e-4e60-a9cf-b7c0ade168c4/submissions/a1e9b9ce-0d67-4d42-b107-b9821f44dd60/MethylationProfiling/616a1f56-cf29-4faf-8cea-9afa07eb7f1a/call-CpgPileup/NA20806.hap2.bed.gz?generation=1777747869169620	3	IAkZFg==	vJTumbiCsK3+SnGG3Abl9w==	CNTv9/Gim5QDEAM=
NA20806	hap2_bed_index	cpg_hap2_bed_idx	gs://fc-fd42e80c-b41e-4e60-a9cf-b7c0ade168c4/submissions/a1e9b9ce-0d67-4d42-b107-b9821f44dd60/MethylationProfiling/616a1f56-cf29-4faf-8cea-9afa07eb7f1a/call-CpgPileup/NA20806.hap2.bed.gz.tbi	1777747858471236	1572840	md5_base64	1wLBn2bn+OvkXmswB0U3tA==	2026-05-02T18:50:58.474Z	2026-06-03T15:05:09.705Z	gs://fc-fd42e80c-b41e-4e60-a9cf-b7c0ade168c4/submissions/a1e9b9ce-0d67-4d42-b107-b9821f44dd60/MethylationProfiling/616a1f56-cf29-4faf-8cea-9afa07eb7f1a/call-CpgPileup/NA20806.hap2.bed.gz.tbi?generation=1777747858471236	3	aQ5EGQ==	1wLBn2bn+OvkXmswB0U3tA==	CMTy6uyim5QDEAM=
NA20809	combined_bed	cpg_combined_bed	gs://fc-fd42e80c-b41e-4e60-a9cf-b7c0ade168c4/submissions/a1e9b9ce-0d67-4d42-b107-b9821f44dd60/MethylationProfiling/a82858fb-0dd0-4e97-8829-582d4f33e20c/call-CpgPileup/NA20809.combined.bed.gz	1777748542832951	335886347	md5_base64	wkGQ5Zdjy5gor9gXIJrIKg==	2026-05-02T19:02:22.836Z	2026-06-03T15:11:57.858Z	gs://fc-fd42e80c-b41e-4e60-a9cf-b7c0ade168c4/submissions/a1e9b9ce-0d67-4d42-b107-b9821f44dd60/MethylationProfiling/a82858fb-0dd0-4e97-8829-582d4f33e20c/call-CpgPileup/NA20809.combined.bed.gz?generation=1777748542832951	3	iPnHXA==	wkGQ5Zdjy5gor9gXIJrIKg==	CLeClbOlm5QDEAM=
NA20809	combined_bed_index	independently_verified_combined_bed_index	gs://fc-fd42e80c-b41e-4e60-a9cf-b7c0ade168c4/submissions/a1e9b9ce-0d67-4d42-b107-b9821f44dd60/MethylationProfiling/a82858fb-0dd0-4e97-8829-582d4f33e20c/call-CpgPileup/NA20809.combined.bed.gz.tbi	1777748551582529	1693559	md5_base64	pemSp8UsxBM0qA8C+XPYxA==	2026-05-02T19:02:31.587Z	2026-06-02T20:33:20.162Z	gs://fc-fd42e80c-b41e-4e60-a9cf-b7c0ade168c4/submissions/a1e9b9ce-0d67-4d42-b107-b9821f44dd60/MethylationProfiling/a82858fb-0dd0-4e97-8829-582d4f33e20c/call-CpgPileup/NA20809.combined.bed.gz.tbi?generation=1777748551582529	2	KYL8gg==	pemSp8UsxBM0qA8C+XPYxA==	CMGGq7elm5QDEAI=
NA20809	hap1_bed	cpg_hap1_bed	gs://fc-fd42e80c-b41e-4e60-a9cf-b7c0ade168c4/submissions/a1e9b9ce-0d67-4d42-b107-b9821f44dd60/MethylationProfiling/a82858fb-0dd0-4e97-8829-582d4f33e20c/call-CpgPileup/NA20809.hap1.bed.gz	1777748536345409	282087283	md5_base64	5O6zseNDVJrs8c5bLnRQEw==	2026-05-02T19:02:16.349Z	2026-06-02T20:08:13.682Z	gs://fc-fd42e80c-b41e-4e60-a9cf-b7c0ade168c4/submissions/a1e9b9ce-0d67-4d42-b107-b9821f44dd60/MethylationProfiling/a82858fb-0dd0-4e97-8829-582d4f33e20c/call-CpgPileup/NA20809.hap1.bed.gz?generation=1777748536345409	2	yTzsJg==	5O6zseNDVJrs8c5bLnRQEw==	CMGGibClm5QDEAI=
NA20809	hap1_bed_index	cpg_hap1_bed_idx	gs://fc-fd42e80c-b41e-4e60-a9cf-b7c0ade168c4/submissions/a1e9b9ce-0d67-4d42-b107-b9821f44dd60/MethylationProfiling/a82858fb-0dd0-4e97-8829-582d4f33e20c/call-CpgPileup/NA20809.hap1.bed.gz.tbi	1777748528272607	1558505	md5_base64	Ji6C2gWi1pDsV6PDrAXD6Q==	2026-05-02T19:02:08.276Z	2026-06-03T15:29:03.583Z	gs://fc-fd42e80c-b41e-4e60-a9cf-b7c0ade168c4/submissions/a1e9b9ce-0d67-4d42-b107-b9821f44dd60/MethylationProfiling/a82858fb-0dd0-4e97-8829-582d4f33e20c/call-CpgPileup/NA20809.hap1.bed.gz.tbi?generation=1777748528272607	3	Tp5oUA==	Ji6C2gWi1pDsV6PDrAXD6Q==	CN+pnKylm5QDEAM=
NA20809	hap2_bed	cpg_hap2_bed	gs://fc-fd42e80c-b41e-4e60-a9cf-b7c0ade168c4/submissions/a1e9b9ce-0d67-4d42-b107-b9821f44dd60/MethylationProfiling/a82858fb-0dd0-4e97-8829-582d4f33e20c/call-CpgPileup/NA20809.hap2.bed.gz	1777748549647708	282132850	md5_base64	C02cdXQMHpStbR3jPiQVKA==	2026-05-02T19:02:29.651Z	2026-06-03T16:02:58.359Z	gs://fc-fd42e80c-b41e-4e60-a9cf-b7c0ade168c4/submissions/a1e9b9ce-0d67-4d42-b107-b9821f44dd60/MethylationProfiling/a82858fb-0dd0-4e97-8829-582d4f33e20c/call-CpgPileup/NA20809.hap2.bed.gz?generation=1777748549647708	3	eY7q4Q==	C02cdXQMHpStbR3jPiQVKA==	CNz6tLalm5QDEAM=
NA20809	hap2_bed_index	cpg_hap2_bed_idx	gs://fc-fd42e80c-b41e-4e60-a9cf-b7c0ade168c4/submissions/a1e9b9ce-0d67-4d42-b107-b9821f44dd60/MethylationProfiling/a82858fb-0dd0-4e97-8829-582d4f33e20c/call-CpgPileup/NA20809.hap2.bed.gz.tbi	1777748530195072	1558740	md5_base64	HU0nPqGVOo/MGEqYO9f3ig==	2026-05-02T19:02:10.198Z	2026-06-03T15:52:15.819Z	gs://fc-fd42e80c-b41e-4e60-a9cf-b7c0ade168c4/submissions/a1e9b9ce-0d67-4d42-b107-b9821f44dd60/MethylationProfiling/a82858fb-0dd0-4e97-8829-582d4f33e20c/call-CpgPileup/NA20809.hap2.bed.gz.tbi?generation=1777748530195072	3	82ww0g==	HU0nPqGVOo/MGEqYO9f3ig==	CIDVka2lm5QDEAM=
NA20827	combined_bed	cpg_combined_bed	gs://fc-fd42e80c-b41e-4e60-a9cf-b7c0ade168c4/submissions/569a9e19-4a00-4d9c-98ff-6de0000f6e8f/MethylationProfiling/8c033f34-058b-446f-8d10-671ba5052bbd/call-CpgPileup/attempt-3/NA20827.combined.bed.gz	1777778355386001	193925958	md5_base64	JnDljPYtpLrZ3zvsaL5tZA==	2026-05-03T03:19:15.390Z	2026-06-03T16:01:03.139Z	gs://fc-fd42e80c-b41e-4e60-a9cf-b7c0ade168c4/submissions/569a9e19-4a00-4d9c-98ff-6de0000f6e8f/MethylationProfiling/8c033f34-058b-446f-8d10-671ba5052bbd/call-CpgPileup/attempt-3/NA20827.combined.bed.gz?generation=1777778355386001	3	kjgUiw==	JnDljPYtpLrZ3zvsaL5tZA==	CJHt8rqUnJQDEAM=
NA20827	combined_bed_index	independently_verified_combined_bed_index	gs://fc-fd42e80c-b41e-4e60-a9cf-b7c0ade168c4/submissions/569a9e19-4a00-4d9c-98ff-6de0000f6e8f/MethylationProfiling/8c033f34-058b-446f-8d10-671ba5052bbd/call-CpgPileup/attempt-3/NA20827.combined.bed.gz.tbi	1777778343121855	1695940	md5_base64	HD9Vv3tvjQOk8ymdgg76FQ==	2026-05-03T03:19:03.125Z	2026-06-02T20:27:32.452Z	gs://fc-fd42e80c-b41e-4e60-a9cf-b7c0ade168c4/submissions/569a9e19-4a00-4d9c-98ff-6de0000f6e8f/MethylationProfiling/8c033f34-058b-446f-8d10-671ba5052bbd/call-CpgPileup/attempt-3/NA20827.combined.bed.gz.tbi?generation=1777778343121855	2	BDrliw==	HD9Vv3tvjQOk8ymdgg76FQ==	CL+nhrWUnJQDEAI=
NA20827	hap1_bed	cpg_hap1_bed	gs://fc-fd42e80c-b41e-4e60-a9cf-b7c0ade168c4/submissions/569a9e19-4a00-4d9c-98ff-6de0000f6e8f/MethylationProfiling/8c033f34-058b-446f-8d10-671ba5052bbd/call-CpgPileup/attempt-3/NA20827.hap1.bed.gz	1777778351003510	174940346	md5_base64	fKSxeYvYBRiT5rVZrNZZxg==	2026-05-03T03:19:11.008Z	2026-06-02T20:03:34.329Z	gs://fc-fd42e80c-b41e-4e60-a9cf-b7c0ade168c4/submissions/569a9e19-4a00-4d9c-98ff-6de0000f6e8f/MethylationProfiling/8c033f34-058b-446f-8d10-671ba5052bbd/call-CpgPileup/attempt-3/NA20827.hap1.bed.gz?generation=1777778351003510	2	0NaQoA==	fKSxeYvYBRiT5rVZrNZZxg==	CPau57iUnJQDEAI=
NA20827	hap1_bed_index	cpg_hap1_bed_idx	gs://fc-fd42e80c-b41e-4e60-a9cf-b7c0ade168c4/submissions/569a9e19-4a00-4d9c-98ff-6de0000f6e8f/MethylationProfiling/8c033f34-058b-446f-8d10-671ba5052bbd/call-CpgPileup/attempt-3/NA20827.hap1.bed.gz.tbi	1777778347108784	1586258	md5_base64	PZ7Y7Uz40NFm8Kw4D0I1Rg==	2026-05-03T03:19:07.112Z	2026-06-02T20:22:14.656Z	gs://fc-fd42e80c-b41e-4e60-a9cf-b7c0ade168c4/submissions/569a9e19-4a00-4d9c-98ff-6de0000f6e8f/MethylationProfiling/8c033f34-058b-446f-8d10-671ba5052bbd/call-CpgPileup/attempt-3/NA20827.hap1.bed.gz.tbi?generation=1777778347108784	2	Dz2sRg==	PZ7Y7Uz40NFm8Kw4D0I1Rg==	CLDT+baUnJQDEAI=
NA20827	hap2_bed	cpg_hap2_bed	gs://fc-fd42e80c-b41e-4e60-a9cf-b7c0ade168c4/submissions/569a9e19-4a00-4d9c-98ff-6de0000f6e8f/MethylationProfiling/8c033f34-058b-446f-8d10-671ba5052bbd/call-CpgPileup/attempt-3/NA20827.hap2.bed.gz	1777778358942232	174827317	md5_base64	4n5jabfN17wlPQ/oAAl0Og==	2026-05-03T03:19:18.945Z	2026-06-03T14:34:01.653Z	gs://fc-fd42e80c-b41e-4e60-a9cf-b7c0ade168c4/submissions/569a9e19-4a00-4d9c-98ff-6de0000f6e8f/MethylationProfiling/8c033f34-058b-446f-8d10-671ba5052bbd/call-CpgPileup/attempt-3/NA20827.hap2.bed.gz?generation=1777778358942232	3	M3m1rg==	4n5jabfN17wlPQ/oAAl0Og==	CJj0y7yUnJQDEAM=
NA20827	hap2_bed_index	cpg_hap2_bed_idx	gs://fc-fd42e80c-b41e-4e60-a9cf-b7c0ade168c4/submissions/569a9e19-4a00-4d9c-98ff-6de0000f6e8f/MethylationProfiling/8c033f34-058b-446f-8d10-671ba5052bbd/call-CpgPileup/attempt-3/NA20827.hap2.bed.gz.tbi	1777778345128037	1585688	md5_base64	Etv+CwkCpxXqOG0bM19Ojw==	2026-05-03T03:19:05.133Z	2026-06-02T20:35:36.695Z	gs://fc-fd42e80c-b41e-4e60-a9cf-b7c0ade168c4/submissions/569a9e19-4a00-4d9c-98ff-6de0000f6e8f/MethylationProfiling/8c033f34-058b-446f-8d10-671ba5052bbd/call-CpgPileup/attempt-3/NA20827.hap2.bed.gz.tbi?generation=1777778345128037	2	zhqZOA==	Etv+CwkCpxXqOG0bM19Ojw==	COXggLaUnJQDEAI=
NA20850	combined_bed	cpg_combined_bed	gs://fc-fd42e80c-b41e-4e60-a9cf-b7c0ade168c4/submissions/a1e9b9ce-0d67-4d42-b107-b9821f44dd60/MethylationProfiling/7cab51a2-6c6b-4f41-b64c-fd836efd3feb/call-CpgPileup/NA20850.combined.bed.gz	1777747733410247	335684579	md5_base64	lJWIvLoIp7A/FjkxItbAPg==	2026-05-02T18:48:53.418Z	2026-06-03T15:57:06.212Z	gs://fc-fd42e80c-b41e-4e60-a9cf-b7c0ade168c4/submissions/a1e9b9ce-0d67-4d42-b107-b9821f44dd60/MethylationProfiling/7cab51a2-6c6b-4f41-b64c-fd836efd3feb/call-CpgPileup/NA20850.combined.bed.gz?generation=1777747733410247	3	uYaYjg==	lJWIvLoIp7A/FjkxItbAPg==	CMfjmbGim5QDEAM=
NA20850	combined_bed_index	independently_verified_combined_bed_index	gs://fc-fd42e80c-b41e-4e60-a9cf-b7c0ade168c4/submissions/a1e9b9ce-0d67-4d42-b107-b9821f44dd60/MethylationProfiling/7cab51a2-6c6b-4f41-b64c-fd836efd3feb/call-CpgPileup/NA20850.combined.bed.gz.tbi	1777747713841282	1693034	md5_base64	xTdSmw1djlRr+EW0ZRUr1w==	2026-05-02T18:48:33.847Z	2026-06-03T15:03:11.441Z	gs://fc-fd42e80c-b41e-4e60-a9cf-b7c0ade168c4/submissions/a1e9b9ce-0d67-4d42-b107-b9821f44dd60/MethylationProfiling/7cab51a2-6c6b-4f41-b64c-fd836efd3feb/call-CpgPileup/NA20850.combined.bed.gz.tbi?generation=1777747713841282	3	nzeqgA==	xTdSmw1djlRr+EW0ZRUr1w==	CIKx76eim5QDEAM=
NA20850	hap1_bed	cpg_hap1_bed	gs://fc-fd42e80c-b41e-4e60-a9cf-b7c0ade168c4/submissions/a1e9b9ce-0d67-4d42-b107-b9821f44dd60/MethylationProfiling/7cab51a2-6c6b-4f41-b64c-fd836efd3feb/call-CpgPileup/NA20850.hap1.bed.gz	1777747708258748	282618216	md5_base64	Er4fwE+JiwPB9yXKjWExWg==	2026-05-02T18:48:28.262Z	2026-06-03T16:05:03.796Z	gs://fc-fd42e80c-b41e-4e60-a9cf-b7c0ade168c4/submissions/a1e9b9ce-0d67-4d42-b107-b9821f44dd60/MethylationProfiling/7cab51a2-6c6b-4f41-b64c-fd836efd3feb/call-CpgPileup/NA20850.hap1.bed.gz?generation=1777747708258748	3	Ml1SlQ==	Er4fwE+JiwPB9yXKjWExWg==	CLzTmqWim5QDEAM=
NA20850	hap1_bed_index	cpg_hap1_bed_idx	gs://fc-fd42e80c-b41e-4e60-a9cf-b7c0ade168c4/submissions/a1e9b9ce-0d67-4d42-b107-b9821f44dd60/MethylationProfiling/7cab51a2-6c6b-4f41-b64c-fd836efd3feb/call-CpgPileup/NA20850.hap1.bed.gz.tbi	1777747710110550	1559589	md5_base64	OYdIWI5MlGUapxPfG2CHPw==	2026-05-02T18:48:30.114Z	2026-06-02T20:13:56.197Z	gs://fc-fd42e80c-b41e-4e60-a9cf-b7c0ade168c4/submissions/a1e9b9ce-0d67-4d42-b107-b9821f44dd60/MethylationProfiling/7cab51a2-6c6b-4f41-b64c-fd836efd3feb/call-CpgPileup/NA20850.hap1.bed.gz.tbi?generation=1777747710110550	2	r396iw==	OYdIWI5MlGUapxPfG2CHPw==	CNbWi6aim5QDEAI=
NA20850	hap2_bed	cpg_hap2_bed	gs://fc-fd42e80c-b41e-4e60-a9cf-b7c0ade168c4/submissions/a1e9b9ce-0d67-4d42-b107-b9821f44dd60/MethylationProfiling/7cab51a2-6c6b-4f41-b64c-fd836efd3feb/call-CpgPileup/NA20850.hap2.bed.gz	1777747723643873	282558514	md5_base64	rmelhSBlFXA8FC555u65cQ==	2026-05-02T18:48:43.648Z	2026-06-03T15:30:00.331Z	gs://fc-fd42e80c-b41e-4e60-a9cf-b7c0ade168c4/submissions/a1e9b9ce-0d67-4d42-b107-b9821f44dd60/MethylationProfiling/7cab51a2-6c6b-4f41-b64c-fd836efd3feb/call-CpgPileup/NA20850.hap2.bed.gz?generation=1777747723643873	3	gNxPWA==	rmelhSBlFXA8FC555u65cQ==	COHXxayim5QDEAM=
NA20850	hap2_bed_index	cpg_hap2_bed_idx	gs://fc-fd42e80c-b41e-4e60-a9cf-b7c0ade168c4/submissions/a1e9b9ce-0d67-4d42-b107-b9821f44dd60/MethylationProfiling/7cab51a2-6c6b-4f41-b64c-fd836efd3feb/call-CpgPileup/NA20850.hap2.bed.gz.tbi	1777747711978298	1558684	md5_base64	WjAF/oumPlX4/5VYkxDOmA==	2026-05-02T18:48:31.982Z	2026-06-02T20:10:46.884Z	gs://fc-fd42e80c-b41e-4e60-a9cf-b7c0ade168c4/submissions/a1e9b9ce-0d67-4d42-b107-b9821f44dd60/MethylationProfiling/7cab51a2-6c6b-4f41-b64c-fd836efd3feb/call-CpgPileup/NA20850.hap2.bed.gz.tbi?generation=1777747711978298	2	enD40g==	WjAF/oumPlX4/5VYkxDOmA==	CLrW/aaim5QDEAI=
NA20870	combined_bed	cpg_combined_bed	gs://fc-fd42e80c-b41e-4e60-a9cf-b7c0ade168c4/submissions/a1e9b9ce-0d67-4d42-b107-b9821f44dd60/MethylationProfiling/e91a8bb0-8106-4025-b748-b14f11cc590d/call-CpgPileup/NA20870.combined.bed.gz	1777748249978304	338961908	md5_base64	CjVKWMh0Hi1iK1IFOS57Bw==	2026-05-02T18:57:29.985Z	2026-06-03T15:38:27.034Z	gs://fc-fd42e80c-b41e-4e60-a9cf-b7c0ade168c4/submissions/a1e9b9ce-0d67-4d42-b107-b9821f44dd60/MethylationProfiling/e91a8bb0-8106-4025-b748-b14f11cc590d/call-CpgPileup/NA20870.combined.bed.gz?generation=1777748249978304	3	/fAQTw==	CjVKWMh0Hi1iK1IFOS57Bw==	CMDLwqekm5QDEAM=
NA20870	combined_bed_index	independently_verified_combined_bed_index	gs://fc-fd42e80c-b41e-4e60-a9cf-b7c0ade168c4/submissions/a1e9b9ce-0d67-4d42-b107-b9821f44dd60/MethylationProfiling/e91a8bb0-8106-4025-b748-b14f11cc590d/call-CpgPileup/NA20870.combined.bed.gz.tbi	1777748240967372	1693958	md5_base64	GJ4mGpT6xSLUZiDbBFj9uQ==	2026-05-02T18:57:20.972Z	2026-06-03T15:29:40.353Z	gs://fc-fd42e80c-b41e-4e60-a9cf-b7c0ade168c4/submissions/a1e9b9ce-0d67-4d42-b107-b9821f44dd60/MethylationProfiling/e91a8bb0-8106-4025-b748-b14f11cc590d/call-CpgPileup/NA20870.combined.bed.gz.tbi?generation=1777748240967372	3	of5jzQ==	GJ4mGpT6xSLUZiDbBFj9uQ==	CMzNnKOkm5QDEAM=
NA20870	hap1_bed	cpg_hap1_bed	gs://fc-fd42e80c-b41e-4e60-a9cf-b7c0ade168c4/submissions/a1e9b9ce-0d67-4d42-b107-b9821f44dd60/MethylationProfiling/e91a8bb0-8106-4025-b748-b14f11cc590d/call-CpgPileup/NA20870.hap1.bed.gz	1777748233175162	285832902	md5_base64	LibV9lTyjtGHNIOuym74kg==	2026-05-02T18:57:13.180Z	2026-06-03T14:55:58.172Z	gs://fc-fd42e80c-b41e-4e60-a9cf-b7c0ade168c4/submissions/a1e9b9ce-0d67-4d42-b107-b9821f44dd60/MethylationProfiling/e91a8bb0-8106-4025-b748-b14f11cc590d/call-CpgPileup/NA20870.hap1.bed.gz?generation=1777748233175162	3	YOGgMw==	LibV9lTyjtGHNIOuym74kg==	CPqAwZ+km5QDEAM=
NA20870	hap1_bed_index	cpg_hap1_bed_idx	gs://fc-fd42e80c-b41e-4e60-a9cf-b7c0ade168c4/submissions/a1e9b9ce-0d67-4d42-b107-b9821f44dd60/MethylationProfiling/e91a8bb0-8106-4025-b748-b14f11cc590d/call-CpgPileup/NA20870.hap1.bed.gz.tbi	1777748226723794	1558700	md5_base64	O+k98wZQRporI0Uze0YrYw==	2026-05-02T18:57:06.727Z	2026-06-03T14:30:13.832Z	gs://fc-fd42e80c-b41e-4e60-a9cf-b7c0ade168c4/submissions/a1e9b9ce-0d67-4d42-b107-b9821f44dd60/MethylationProfiling/e91a8bb0-8106-4025-b748-b14f11cc590d/call-CpgPileup/NA20870.hap1.bed.gz.tbi?generation=1777748226723794	3	rOsldA==	O+k98wZQRporI0Uze0YrYw==	CNKft5ykm5QDEAM=
NA20870	hap2_bed	cpg_hap2_bed	gs://fc-fd42e80c-b41e-4e60-a9cf-b7c0ade168c4/submissions/a1e9b9ce-0d67-4d42-b107-b9821f44dd60/MethylationProfiling/e91a8bb0-8106-4025-b748-b14f11cc590d/call-CpgPileup/NA20870.hap2.bed.gz	1777748239181260	285697178	md5_base64	ffGJGM/iGQLlKxK0D7uWxg==	2026-05-02T18:57:19.185Z	2026-06-03T14:30:57.370Z	gs://fc-fd42e80c-b41e-4e60-a9cf-b7c0ade168c4/submissions/a1e9b9ce-0d67-4d42-b107-b9821f44dd60/MethylationProfiling/e91a8bb0-8106-4025-b748-b14f11cc590d/call-CpgPileup/NA20870.hap2.bed.gz?generation=1777748239181260	3	m+H6sA==	ffGJGM/iGQLlKxK0D7uWxg==	CMzLr6Kkm5QDEAM=
NA20870	hap2_bed_index	cpg_hap2_bed_idx	gs://fc-fd42e80c-b41e-4e60-a9cf-b7c0ade168c4/submissions/a1e9b9ce-0d67-4d42-b107-b9821f44dd60/MethylationProfiling/e91a8bb0-8106-4025-b748-b14f11cc590d/call-CpgPileup/NA20870.hap2.bed.gz.tbi	1777748242784158	1559184	md5_base64	+0ke/Fx9Z17gWXGNAOzuzQ==	2026-05-02T18:57:22.788Z	2026-06-02T20:13:05.941Z	gs://fc-fd42e80c-b41e-4e60-a9cf-b7c0ade168c4/submissions/a1e9b9ce-0d67-4d42-b107-b9821f44dd60/MethylationProfiling/e91a8bb0-8106-4025-b748-b14f11cc590d/call-CpgPileup/NA20870.hap2.bed.gz.tbi?generation=1777748242784158	2	1mhVzQ==	+0ke/Fx9Z17gWXGNAOzuzQ==	CJ6/i6Skm5QDEAI=
NA20905	combined_bed	cpg_combined_bed	gs://fc-fd42e80c-b41e-4e60-a9cf-b7c0ade168c4/submissions/a1e9b9ce-0d67-4d42-b107-b9821f44dd60/MethylationProfiling/63ddcaa4-58b2-4750-ae3b-0f9005bedded/call-CpgPileup/NA20905.combined.bed.gz	1777749595310774	331760188	md5_base64	wSGQ3zDj3bY6YmGf57Zn9Q==	2026-05-02T19:19:55.315Z	2026-06-03T14:33:57.952Z	gs://fc-fd42e80c-b41e-4e60-a9cf-b7c0ade168c4/submissions/a1e9b9ce-0d67-4d42-b107-b9821f44dd60/MethylationProfiling/63ddcaa4-58b2-4750-ae3b-0f9005bedded/call-CpgPileup/NA20905.combined.bed.gz?generation=1777749595310774	3	lVzhEg==	wSGQ3zDj3bY6YmGf57Zn9Q==	CLaVg6mpm5QDEAM=
NA20905	combined_bed_index	independently_verified_combined_bed_index	gs://fc-fd42e80c-b41e-4e60-a9cf-b7c0ade168c4/submissions/a1e9b9ce-0d67-4d42-b107-b9821f44dd60/MethylationProfiling/63ddcaa4-58b2-4750-ae3b-0f9005bedded/call-CpgPileup/NA20905.combined.bed.gz.tbi	1777749581860012	1693577	md5_base64	Fi5NwW3EqR3+i8WYMQomCQ==	2026-05-02T19:19:41.863Z	2026-06-02T19:56:22.916Z	gs://fc-fd42e80c-b41e-4e60-a9cf-b7c0ade168c4/submissions/a1e9b9ce-0d67-4d42-b107-b9821f44dd60/MethylationProfiling/63ddcaa4-58b2-4750-ae3b-0f9005bedded/call-CpgPileup/NA20905.combined.bed.gz.tbi?generation=1777749581860012	2	cAOtzA==	Fi5NwW3EqR3+i8WYMQomCQ==	CKyZzqKpm5QDEAI=
NA20905	hap1_bed	cpg_hap1_bed	gs://fc-fd42e80c-b41e-4e60-a9cf-b7c0ade168c4/submissions/a1e9b9ce-0d67-4d42-b107-b9821f44dd60/MethylationProfiling/63ddcaa4-58b2-4750-ae3b-0f9005bedded/call-CpgPileup/NA20905.hap1.bed.gz	1777749580038327	281339761	md5_base64	L9deISVCuXIWo5/WFnniAQ==	2026-05-02T19:19:40.043Z	2026-06-03T15:30:50.012Z	gs://fc-fd42e80c-b41e-4e60-a9cf-b7c0ade168c4/submissions/a1e9b9ce-0d67-4d42-b107-b9821f44dd60/MethylationProfiling/63ddcaa4-58b2-4750-ae3b-0f9005bedded/call-CpgPileup/NA20905.hap1.bed.gz?generation=1777749580038327	3	OkWfdw==	L9deISVCuXIWo5/WFnniAQ==	CLeB36Gpm5QDEAM=
NA20905	hap1_bed_index	cpg_hap1_bed_idx	gs://fc-fd42e80c-b41e-4e60-a9cf-b7c0ade168c4/submissions/a1e9b9ce-0d67-4d42-b107-b9821f44dd60/MethylationProfiling/63ddcaa4-58b2-4750-ae3b-0f9005bedded/call-CpgPileup/NA20905.hap1.bed.gz.tbi	1777749571324659	1562515	md5_base64	IC+Y6p6m7gB+Zwx7wE2AdQ==	2026-05-02T19:19:31.327Z	2026-06-03T15:37:04.176Z	gs://fc-fd42e80c-b41e-4e60-a9cf-b7c0ade168c4/submissions/a1e9b9ce-0d67-4d42-b107-b9821f44dd60/MethylationProfiling/63ddcaa4-58b2-4750-ae3b-0f9005bedded/call-CpgPileup/NA20905.hap1.bed.gz.tbi?generation=1777749571324659	3	umUr5Q==	IC+Y6p6m7gB+Zwx7wE2AdQ==	CPOVy52pm5QDEAM=
NA20905	hap2_bed	cpg_hap2_bed	gs://fc-fd42e80c-b41e-4e60-a9cf-b7c0ade168c4/submissions/a1e9b9ce-0d67-4d42-b107-b9821f44dd60/MethylationProfiling/63ddcaa4-58b2-4750-ae3b-0f9005bedded/call-CpgPileup/NA20905.hap2.bed.gz	1777749588984129	281243389	md5_base64	Ne8qI+cHL98G7EFJCH+EjQ==	2026-05-02T19:19:48.988Z	2026-06-02T20:10:46.884Z	gs://fc-fd42e80c-b41e-4e60-a9cf-b7c0ade168c4/submissions/a1e9b9ce-0d67-4d42-b107-b9821f44dd60/MethylationProfiling/63ddcaa4-58b2-4750-ae3b-0f9005bedded/call-CpgPileup/NA20905.hap2.bed.gz?generation=1777749588984129	2	fLQE4w==	Ne8qI+cHL98G7EFJCH+EjQ==	CMGCgaapm5QDEAI=
NA20905	hap2_bed_index	cpg_hap2_bed_idx	gs://fc-fd42e80c-b41e-4e60-a9cf-b7c0ade168c4/submissions/a1e9b9ce-0d67-4d42-b107-b9821f44dd60/MethylationProfiling/63ddcaa4-58b2-4750-ae3b-0f9005bedded/call-CpgPileup/NA20905.hap2.bed.gz.tbi	1777749573249017	1561500	md5_base64	fWJrzQf1OfVLAF+WUFYBMA==	2026-05-02T19:19:33.253Z	2026-06-02T20:35:02.213Z	gs://fc-fd42e80c-b41e-4e60-a9cf-b7c0ade168c4/submissions/a1e9b9ce-0d67-4d42-b107-b9821f44dd60/MethylationProfiling/63ddcaa4-58b2-4750-ae3b-0f9005bedded/call-CpgPileup/NA20905.hap2.bed.gz.tbi?generation=1777749573249017	2	7C631Q==	fWJrzQf1OfVLAF+WUFYBMA==	CPnPwJ6pm5QDEAI=
NA21093	combined_bed	cpg_combined_bed	gs://fc-fd42e80c-b41e-4e60-a9cf-b7c0ade168c4/submissions/a1e9b9ce-0d67-4d42-b107-b9821f44dd60/MethylationProfiling/649d4e74-a41c-4603-90db-4a174e0ebfc3/call-CpgPileup/NA21093.combined.bed.gz	1777747810366955	341423733	md5_base64	6e0jDO1euy885KT5SWMLyw==	2026-05-02T18:50:10.370Z	2026-06-02T20:15:14.071Z	gs://fc-fd42e80c-b41e-4e60-a9cf-b7c0ade168c4/submissions/a1e9b9ce-0d67-4d42-b107-b9821f44dd60/MethylationProfiling/649d4e74-a41c-4603-90db-4a174e0ebfc3/call-CpgPileup/NA21093.combined.bed.gz?generation=1777747810366955	2	DAGkXg==	6e0jDO1euy885KT5SWMLyw==	COvr8tWim5QDEAI=
NA21093	combined_bed_index	independently_verified_combined_bed_index	gs://fc-fd42e80c-b41e-4e60-a9cf-b7c0ade168c4/submissions/a1e9b9ce-0d67-4d42-b107-b9821f44dd60/MethylationProfiling/649d4e74-a41c-4603-90db-4a174e0ebfc3/call-CpgPileup/NA21093.combined.bed.gz.tbi	1777747812272712	1694574	md5_base64	vyW97+/sfak1NJ84cWoxFw==	2026-05-02T18:50:12.276Z	2026-06-02T19:59:39.040Z	gs://fc-fd42e80c-b41e-4e60-a9cf-b7c0ade168c4/submissions/a1e9b9ce-0d67-4d42-b107-b9821f44dd60/MethylationProfiling/649d4e74-a41c-4603-90db-4a174e0ebfc3/call-CpgPileup/NA21093.combined.bed.gz.tbi?generation=1777747812272712	2	zdua+g==	vyW97+/sfak1NJ84cWoxFw==	CMiU59aim5QDEAI=
NA21093	hap1_bed	cpg_hap1_bed	gs://fc-fd42e80c-b41e-4e60-a9cf-b7c0ade168c4/submissions/a1e9b9ce-0d67-4d42-b107-b9821f44dd60/MethylationProfiling/649d4e74-a41c-4603-90db-4a174e0ebfc3/call-CpgPileup/NA21093.hap1.bed.gz	1777747824369994	287766987	md5_base64	QydHB9dHzdVg1mPCI69H8g==	2026-05-02T18:50:24.373Z	2026-06-02T20:12:55.992Z	gs://fc-fd42e80c-b41e-4e60-a9cf-b7c0ade168c4/submissions/a1e9b9ce-0d67-4d42-b107-b9821f44dd60/MethylationProfiling/649d4e74-a41c-4603-90db-4a174e0ebfc3/call-CpgPileup/NA21093.hap1.bed.gz?generation=1777747824369994	2	NotFug==	QydHB9dHzdVg1mPCI69H8g==	CMrCydyim5QDEAI=
NA21093	hap1_bed_index	cpg_hap1_bed_idx	gs://fc-fd42e80c-b41e-4e60-a9cf-b7c0ade168c4/submissions/a1e9b9ce-0d67-4d42-b107-b9821f44dd60/MethylationProfiling/649d4e74-a41c-4603-90db-4a174e0ebfc3/call-CpgPileup/NA21093.hap1.bed.gz.tbi	1777747816136834	1560143	md5_base64	1n9ZtkOOBAbBZfy7YGamlw==	2026-05-02T18:50:16.140Z	2026-06-02T20:02:56.900Z	gs://fc-fd42e80c-b41e-4e60-a9cf-b7c0ade168c4/submissions/a1e9b9ce-0d67-4d42-b107-b9821f44dd60/MethylationProfiling/649d4e74-a41c-4603-90db-4a174e0ebfc3/call-CpgPileup/NA21093.hap1.bed.gz.tbi?generation=1777747816136834	2	+zGbvg==	1n9ZtkOOBAbBZfy7YGamlw==	CIKB09iim5QDEAI=
NA21093	hap2_bed	cpg_hap2_bed	gs://fc-fd42e80c-b41e-4e60-a9cf-b7c0ade168c4/submissions/a1e9b9ce-0d67-4d42-b107-b9821f44dd60/MethylationProfiling/649d4e74-a41c-4603-90db-4a174e0ebfc3/call-CpgPileup/NA21093.hap2.bed.gz	1777747803734497	287867495	md5_base64	cX+mz2q5n7EmX4BZIHHUDQ==	2026-05-02T18:50:03.746Z	2026-06-03T14:49:04.655Z	gs://fc-fd42e80c-b41e-4e60-a9cf-b7c0ade168c4/submissions/a1e9b9ce-0d67-4d42-b107-b9821f44dd60/MethylationProfiling/649d4e74-a41c-4603-90db-4a174e0ebfc3/call-CpgPileup/NA21093.hap2.bed.gz?generation=1777747803734497	3	rfkGVA==	cX+mz2q5n7EmX4BZIHHUDQ==	COGD3tKim5QDEAM=
NA21093	hap2_bed_index	cpg_hap2_bed_idx	gs://fc-fd42e80c-b41e-4e60-a9cf-b7c0ade168c4/submissions/a1e9b9ce-0d67-4d42-b107-b9821f44dd60/MethylationProfiling/649d4e74-a41c-4603-90db-4a174e0ebfc3/call-CpgPileup/NA21093.hap2.bed.gz.tbi	1777747814249155	1560776	md5_base64	ujagVQPujR1aDJiFCXsDuA==	2026-05-02T18:50:14.252Z	2026-06-03T15:42:19.598Z	gs://fc-fd42e80c-b41e-4e60-a9cf-b7c0ade168c4/submissions/a1e9b9ce-0d67-4d42-b107-b9821f44dd60/MethylationProfiling/649d4e74-a41c-4603-90db-4a174e0ebfc3/call-CpgPileup/NA21093.hap2.bed.gz.tbi?generation=1777747814249155	3	aLaCsQ==	ujagVQPujR1aDJiFCXsDuA==	CMPl39eim5QDEAM=
NA21102	combined_bed	cpg_combined_bed	gs://fc-fd42e80c-b41e-4e60-a9cf-b7c0ade168c4/submissions/a1e9b9ce-0d67-4d42-b107-b9821f44dd60/MethylationProfiling/5ef59a7d-ebbf-4307-8abf-4c6ce82157cc/call-CpgPileup/NA21102.combined.bed.gz	1777748183995400	336218267	md5_base64	+jCLXPMh88lddRZt1CV89w==	2026-05-02T18:56:23.999Z	2026-06-02T19:42:56.976Z	gs://fc-fd42e80c-b41e-4e60-a9cf-b7c0ade168c4/submissions/a1e9b9ce-0d67-4d42-b107-b9821f44dd60/MethylationProfiling/5ef59a7d-ebbf-4307-8abf-4c6ce82157cc/call-CpgPileup/NA21102.combined.bed.gz?generation=1777748183995400	2	0eTuDw==	+jCLXPMh88lddRZt1CV89w==	CIioh4ikm5QDEAI=
NA21102	combined_bed_index	independently_verified_combined_bed_index	gs://fc-fd42e80c-b41e-4e60-a9cf-b7c0ade168c4/submissions/a1e9b9ce-0d67-4d42-b107-b9821f44dd60/MethylationProfiling/5ef59a7d-ebbf-4307-8abf-4c6ce82157cc/call-CpgPileup/NA21102.combined.bed.gz.tbi	1777748187610585	1683837	md5_base64	jdlI7EMQsQ4cxgOhhRQE0w==	2026-05-02T18:56:27.615Z	2026-06-03T15:44:16.263Z	gs://fc-fd42e80c-b41e-4e60-a9cf-b7c0ade168c4/submissions/a1e9b9ce-0d67-4d42-b107-b9821f44dd60/MethylationProfiling/5ef59a7d-ebbf-4307-8abf-4c6ce82157cc/call-CpgPileup/NA21102.combined.bed.gz.tbi?generation=1777748187610585	3	mBBnLA==	jdlI7EMQsQ4cxgOhhRQE0w==	CNn744mkm5QDEAM=
NA21102	hap1_bed	cpg_hap1_bed	gs://fc-fd42e80c-b41e-4e60-a9cf-b7c0ade168c4/submissions/a1e9b9ce-0d67-4d42-b107-b9821f44dd60/MethylationProfiling/5ef59a7d-ebbf-4307-8abf-4c6ce82157cc/call-CpgPileup/NA21102.hap1.bed.gz	1777748199083582	295994199	md5_base64	mqgPXdziaO3ZwpqbO0A49w==	2026-05-02T18:56:39.087Z	2026-06-03T15:29:03.583Z	gs://fc-fd42e80c-b41e-4e60-a9cf-b7c0ade168c4/submissions/a1e9b9ce-0d67-4d42-b107-b9821f44dd60/MethylationProfiling/5ef59a7d-ebbf-4307-8abf-4c6ce82157cc/call-CpgPileup/NA21102.hap1.bed.gz?generation=1777748199083582	3	B37E6g==	mqgPXdziaO3ZwpqbO0A49w==	CL6coI+km5QDEAM=
NA21102	hap1_bed_index	cpg_hap1_bed_idx	gs://fc-fd42e80c-b41e-4e60-a9cf-b7c0ade168c4/submissions/a1e9b9ce-0d67-4d42-b107-b9821f44dd60/MethylationProfiling/5ef59a7d-ebbf-4307-8abf-4c6ce82157cc/call-CpgPileup/NA21102.hap1.bed.gz.tbi	1777748178796752	1640957	md5_base64	dlonXTbOGNDGoCMQ8BKK5A==	2026-05-02T18:56:18.800Z	2026-06-02T20:27:47.733Z	gs://fc-fd42e80c-b41e-4e60-a9cf-b7c0ade168c4/submissions/a1e9b9ce-0d67-4d42-b107-b9821f44dd60/MethylationProfiling/5ef59a7d-ebbf-4307-8abf-4c6ce82157cc/call-CpgPileup/NA21102.hap1.bed.gz.tbi?generation=1777748178796752	2	DatpDA==	dlonXTbOGNDGoCMQ8BKK5A==	CNCByoWkm5QDEAI=
NA21102	hap2_bed	cpg_hap2_bed	gs://fc-fd42e80c-b41e-4e60-a9cf-b7c0ade168c4/submissions/a1e9b9ce-0d67-4d42-b107-b9821f44dd60/MethylationProfiling/5ef59a7d-ebbf-4307-8abf-4c6ce82157cc/call-CpgPileup/NA21102.hap2.bed.gz	1777748192689244	296287231	md5_base64	uJ30QAj7m+PnSUlqTT76bA==	2026-05-02T18:56:32.694Z	2026-06-02T20:21:04.524Z	gs://fc-fd42e80c-b41e-4e60-a9cf-b7c0ade168c4/submissions/a1e9b9ce-0d67-4d42-b107-b9821f44dd60/MethylationProfiling/5ef59a7d-ebbf-4307-8abf-4c6ce82157cc/call-CpgPileup/NA21102.hap2.bed.gz?generation=1777748192689244	2	zRY7wg==	uJ30QAj7m+PnSUlqTT76bA==	CNz4mYykm5QDEAI=
NA21102	hap2_bed_index	cpg_hap2_bed_idx	gs://fc-fd42e80c-b41e-4e60-a9cf-b7c0ade168c4/submissions/a1e9b9ce-0d67-4d42-b107-b9821f44dd60/MethylationProfiling/5ef59a7d-ebbf-4307-8abf-4c6ce82157cc/call-CpgPileup/NA21102.hap2.bed.gz.tbi	1777748185803700	1642694	md5_base64	1EhIctraK9XcbpY3bUYT6A==	2026-05-02T18:56:25.807Z	2026-06-03T15:41:57.669Z	gs://fc-fd42e80c-b41e-4e60-a9cf-b7c0ade168c4/submissions/a1e9b9ce-0d67-4d42-b107-b9821f44dd60/MethylationProfiling/5ef59a7d-ebbf-4307-8abf-4c6ce82157cc/call-CpgPileup/NA21102.hap2.bed.gz.tbi?generation=1777748185803700	3	TNk1Dw==	1EhIctraK9XcbpY3bUYT6A==	CLTX9Yikm5QDEAM=
NA21106	combined_bed	cpg_combined_bed	gs://fc-fd42e80c-b41e-4e60-a9cf-b7c0ade168c4/submissions/a1e9b9ce-0d67-4d42-b107-b9821f44dd60/MethylationProfiling/f4696f93-91e4-42f5-9b20-d7dd13993805/call-CpgPileup/NA21106.combined.bed.gz	1777747664150471	335181412	md5_base64	UXhexei3q7DB9hdQZ2aNZg==	2026-05-02T18:47:44.154Z	2026-06-03T15:51:08.367Z	gs://fc-fd42e80c-b41e-4e60-a9cf-b7c0ade168c4/submissions/a1e9b9ce-0d67-4d42-b107-b9821f44dd60/MethylationProfiling/f4696f93-91e4-42f5-9b20-d7dd13993805/call-CpgPileup/NA21106.combined.bed.gz?generation=1777747664150471	3	cZY0WA==	UXhexei3q7DB9hdQZ2aNZg==	CMe/lpCim5QDEAM=
NA21106	combined_bed_index	independently_verified_combined_bed_index	gs://fc-fd42e80c-b41e-4e60-a9cf-b7c0ade168c4/submissions/a1e9b9ce-0d67-4d42-b107-b9821f44dd60/MethylationProfiling/f4696f93-91e4-42f5-9b20-d7dd13993805/call-CpgPileup/NA21106.combined.bed.gz.tbi	1777747634303492	1683699	md5_base64	KDZDQDgwEI5nPUCFM7EJcw==	2026-05-02T18:47:14.309Z	2026-06-03T15:34:01.420Z	gs://fc-fd42e80c-b41e-4e60-a9cf-b7c0ade168c4/submissions/a1e9b9ce-0d67-4d42-b107-b9821f44dd60/MethylationProfiling/f4696f93-91e4-42f5-9b20-d7dd13993805/call-CpgPileup/NA21106.combined.bed.gz.tbi?generation=1777747634303492	3	mDk+iQ==	KDZDQDgwEI5nPUCFM7EJcw==	CITk+IGim5QDEAM=
NA21106	hap1_bed	cpg_hap1_bed	gs://fc-fd42e80c-b41e-4e60-a9cf-b7c0ade168c4/submissions/a1e9b9ce-0d67-4d42-b107-b9821f44dd60/MethylationProfiling/f4696f93-91e4-42f5-9b20-d7dd13993805/call-CpgPileup/NA21106.hap1.bed.gz	1777747652316094	297004589	md5_base64	ezipURO+iH8TjYmQiCAGpQ==	2026-05-02T18:47:32.324Z	2026-06-02T20:11:15.519Z	gs://fc-fd42e80c-b41e-4e60-a9cf-b7c0ade168c4/submissions/a1e9b9ce-0d67-4d42-b107-b9821f44dd60/MethylationProfiling/f4696f93-91e4-42f5-9b20-d7dd13993805/call-CpgPileup/NA21106.hap1.bed.gz?generation=1777747652316094	2	Z8rEUA==	ezipURO+iH8TjYmQiCAGpQ==	CL6XxIqim5QDEAI=
NA21106	hap1_bed_index	cpg_hap1_bed_idx	gs://fc-fd42e80c-b41e-4e60-a9cf-b7c0ade168c4/submissions/a1e9b9ce-0d67-4d42-b107-b9821f44dd60/MethylationProfiling/f4696f93-91e4-42f5-9b20-d7dd13993805/call-CpgPileup/NA21106.hap1.bed.gz.tbi	1777747654342899	1644004	md5_base64	m3kadQ8uy1ZnkH8KR5B4QQ==	2026-05-02T18:47:34.346Z	2026-06-02T20:20:41.882Z	gs://fc-fd42e80c-b41e-4e60-a9cf-b7c0ade168c4/submissions/a1e9b9ce-0d67-4d42-b107-b9821f44dd60/MethylationProfiling/f4696f93-91e4-42f5-9b20-d7dd13993805/call-CpgPileup/NA21106.hap1.bed.gz.tbi?generation=1777747654342899	2	Rf9IKA==	m3kadQ8uy1ZnkH8KR5B4QQ==	CPPxv4uim5QDEAI=
NA21106	hap2_bed	cpg_hap2_bed	gs://fc-fd42e80c-b41e-4e60-a9cf-b7c0ade168c4/submissions/a1e9b9ce-0d67-4d42-b107-b9821f44dd60/MethylationProfiling/f4696f93-91e4-42f5-9b20-d7dd13993805/call-CpgPileup/NA21106.hap2.bed.gz	1777747641880164	296769745	md5_base64	esoggtcLGW1KvJtNyB2BhA==	2026-05-02T18:47:21.883Z	2026-06-02T20:01:16.043Z	gs://fc-fd42e80c-b41e-4e60-a9cf-b7c0ade168c4/submissions/a1e9b9ce-0d67-4d42-b107-b9821f44dd60/MethylationProfiling/f4696f93-91e4-42f5-9b20-d7dd13993805/call-CpgPileup/NA21106.hap2.bed.gz?generation=1777747641880164	2	Rl5Kkg==	esoggtcLGW1KvJtNyB2BhA==	COScx4Wim5QDEAI=
NA21106	hap2_bed_index	cpg_hap2_bed_idx	gs://fc-fd42e80c-b41e-4e60-a9cf-b7c0ade168c4/submissions/a1e9b9ce-0d67-4d42-b107-b9821f44dd60/MethylationProfiling/f4696f93-91e4-42f5-9b20-d7dd13993805/call-CpgPileup/NA21106.hap2.bed.gz.tbi	1777747656325912	1643652	md5_base64	KpfnzFbDHC4nk/hbY/mtfQ==	2026-05-02T18:47:36.330Z	2026-06-03T14:30:13.832Z	gs://fc-fd42e80c-b41e-4e60-a9cf-b7c0ade168c4/submissions/a1e9b9ce-0d67-4d42-b107-b9821f44dd60/MethylationProfiling/f4696f93-91e4-42f5-9b20-d7dd13993805/call-CpgPileup/NA21106.hap2.bed.gz.tbi?generation=1777747656325912	3	yfgF5g==	KpfnzFbDHC4nk/hbY/mtfQ==	CJj2uIyim5QDEAM=
NA21110	combined_bed	cpg_combined_bed	gs://fc-fd42e80c-b41e-4e60-a9cf-b7c0ade168c4/submissions/a1e9b9ce-0d67-4d42-b107-b9821f44dd60/MethylationProfiling/61a8e200-2296-42be-b4c0-28f73bcceb16/call-CpgPileup/NA21110.combined.bed.gz	1777748802407726	331694964	md5_base64	unhU5nxgq025DYKILofcPA==	2026-05-02T19:06:42.411Z	2026-06-03T16:02:42.912Z	gs://fc-fd42e80c-b41e-4e60-a9cf-b7c0ade168c4/submissions/a1e9b9ce-0d67-4d42-b107-b9821f44dd60/MethylationProfiling/61a8e200-2296-42be-b4c0-28f73bcceb16/call-CpgPileup/NA21110.combined.bed.gz?generation=1777748802407726	3	O/+/IQ==	unhU5nxgq025DYKILofcPA==	CK6a+K6mm5QDEAM=
NA21110	combined_bed_index	independently_verified_combined_bed_index	gs://fc-fd42e80c-b41e-4e60-a9cf-b7c0ade168c4/submissions/a1e9b9ce-0d67-4d42-b107-b9821f44dd60/MethylationProfiling/61a8e200-2296-42be-b4c0-28f73bcceb16/call-CpgPileup/NA21110.combined.bed.gz.tbi	1777748804349966	1683886	md5_base64	kCf3YtRoXTTp49cUvDTKlg==	2026-05-02T19:06:44.353Z	2026-06-03T14:57:01.488Z	gs://fc-fd42e80c-b41e-4e60-a9cf-b7c0ade168c4/submissions/a1e9b9ce-0d67-4d42-b107-b9821f44dd60/MethylationProfiling/61a8e200-2296-42be-b4c0-28f73bcceb16/call-CpgPileup/NA21110.combined.bed.gz.tbi?generation=1777748804349966	3	vLJQ8w==	kCf3YtRoXTTp49cUvDTKlg==	CI7g7q+mm5QDEAM=
NA21110	hap1_bed	cpg_hap1_bed	gs://fc-fd42e80c-b41e-4e60-a9cf-b7c0ade168c4/submissions/a1e9b9ce-0d67-4d42-b107-b9821f44dd60/MethylationProfiling/61a8e200-2296-42be-b4c0-28f73bcceb16/call-CpgPileup/NA21110.hap1.bed.gz	1777748786952993	295473062	md5_base64	wU1HSAWtDqjQ8RJe/YMrIw==	2026-05-02T19:06:26.956Z	2026-06-02T19:48:11.718Z	gs://fc-fd42e80c-b41e-4e60-a9cf-b7c0ade168c4/submissions/a1e9b9ce-0d67-4d42-b107-b9821f44dd60/MethylationProfiling/61a8e200-2296-42be-b4c0-28f73bcceb16/call-CpgPileup/NA21110.hap1.bed.gz?generation=1777748786952993	2	OYqR0A==	wU1HSAWtDqjQ8RJe/YMrIw==	CKH2yKemm5QDEAI=
NA21110	hap1_bed_index	cpg_hap1_bed_idx	gs://fc-fd42e80c-b41e-4e60-a9cf-b7c0ade168c4/submissions/a1e9b9ce-0d67-4d42-b107-b9821f44dd60/MethylationProfiling/61a8e200-2296-42be-b4c0-28f73bcceb16/call-CpgPileup/NA21110.hap1.bed.gz.tbi	1777748779009757	1653276	md5_base64	Qj3OO1caZGrp/pTsW7m+kQ==	2026-05-02T19:06:19.012Z	2026-06-03T15:08:56.525Z	gs://fc-fd42e80c-b41e-4e60-a9cf-b7c0ade168c4/submissions/a1e9b9ce-0d67-4d42-b107-b9821f44dd60/MethylationProfiling/61a8e200-2296-42be-b4c0-28f73bcceb16/call-CpgPileup/NA21110.hap1.bed.gz.tbi?generation=1777748779009757	3	RkDasw==	Qj3OO1caZGrp/pTsW7m+kQ==	CN2N5KOmm5QDEAM=
NA21110	hap2_bed	cpg_hap2_bed	gs://fc-fd42e80c-b41e-4e60-a9cf-b7c0ade168c4/submissions/a1e9b9ce-0d67-4d42-b107-b9821f44dd60/MethylationProfiling/61a8e200-2296-42be-b4c0-28f73bcceb16/call-CpgPileup/NA21110.hap2.bed.gz	1777748792938746	295413243	md5_base64	LNNkqEED2O7bLZSw4JvorA==	2026-05-02T19:06:32.944Z	2026-06-03T14:44:58.850Z	gs://fc-fd42e80c-b41e-4e60-a9cf-b7c0ade168c4/submissions/a1e9b9ce-0d67-4d42-b107-b9821f44dd60/MethylationProfiling/61a8e200-2296-42be-b4c0-28f73bcceb16/call-CpgPileup/NA21110.hap2.bed.gz?generation=1777748792938746	3	OY2Enw==	LNNkqEED2O7bLZSw4JvorA==	CPqhtqqmm5QDEAM=
NA21110	hap2_bed_index	cpg_hap2_bed_idx	gs://fc-fd42e80c-b41e-4e60-a9cf-b7c0ade168c4/submissions/a1e9b9ce-0d67-4d42-b107-b9821f44dd60/MethylationProfiling/61a8e200-2296-42be-b4c0-28f73bcceb16/call-CpgPileup/NA21110.hap2.bed.gz.tbi	1777748777167911	1653328	md5_base64	RRAZ74Fut4cbgi9yWqMTYA==	2026-05-02T19:06:17.172Z	2026-06-02T19:47:57.133Z	gs://fc-fd42e80c-b41e-4e60-a9cf-b7c0ade168c4/submissions/a1e9b9ce-0d67-4d42-b107-b9821f44dd60/MethylationProfiling/61a8e200-2296-42be-b4c0-28f73bcceb16/call-CpgPileup/NA21110.hap2.bed.gz.tbi?generation=1777748777167911	2	8FnT/w==	RRAZ74Fut4cbgi9yWqMTYA==	CKfY86Kmm5QDEAI=
NA21144	combined_bed	cpg_combined_bed	gs://fc-fd42e80c-b41e-4e60-a9cf-b7c0ade168c4/submissions/a1e9b9ce-0d67-4d42-b107-b9821f44dd60/MethylationProfiling/06e4c675-e026-4a0d-b0a2-1db20510e026/call-CpgPileup/NA21144.combined.bed.gz	1777749533824105	348256996	md5_base64	Y68YAPtSoa/3naZZ7LQhdg==	2026-05-02T19:18:53.827Z	2026-06-03T15:43:06.496Z	gs://fc-fd42e80c-b41e-4e60-a9cf-b7c0ade168c4/submissions/a1e9b9ce-0d67-4d42-b107-b9821f44dd60/MethylationProfiling/06e4c675-e026-4a0d-b0a2-1db20510e026/call-CpgPileup/NA21144.combined.bed.gz?generation=1777749533824105	3	1+jxUA==	Y68YAPtSoa/3naZZ7LQhdg==	COmo2oupm5QDEAM=
NA21144	combined_bed_index	independently_verified_combined_bed_index	gs://fc-fd42e80c-b41e-4e60-a9cf-b7c0ade168c4/submissions/a1e9b9ce-0d67-4d42-b107-b9821f44dd60/MethylationProfiling/06e4c675-e026-4a0d-b0a2-1db20510e026/call-CpgPileup/NA21144.combined.bed.gz.tbi	1777749554865773	1685657	md5_base64	PRSZ5YYY65imsgmtB8L3wQ==	2026-05-02T19:19:14.870Z	2026-06-03T15:48:05.342Z	gs://fc-fd42e80c-b41e-4e60-a9cf-b7c0ade168c4/submissions/a1e9b9ce-0d67-4d42-b107-b9821f44dd60/MethylationProfiling/06e4c675-e026-4a0d-b0a2-1db20510e026/call-CpgPileup/NA21144.combined.bed.gz.tbi?generation=1777749554865773	3	0r5wNA==	PRSZ5YYY65imsgmtB8L3wQ==	CO3M3pWpm5QDEAM=
NA21144	hap1_bed	cpg_hap1_bed	gs://fc-fd42e80c-b41e-4e60-a9cf-b7c0ade168c4/submissions/a1e9b9ce-0d67-4d42-b107-b9821f44dd60/MethylationProfiling/06e4c675-e026-4a0d-b0a2-1db20510e026/call-CpgPileup/NA21144.hap1.bed.gz	1777749550870506	307467235	md5_base64	hEIMO8/v0xFwXJpBOYGpgg==	2026-05-02T19:19:10.874Z	2026-06-03T15:37:04.176Z	gs://fc-fd42e80c-b41e-4e60-a9cf-b7c0ade168c4/submissions/a1e9b9ce-0d67-4d42-b107-b9821f44dd60/MethylationProfiling/06e4c675-e026-4a0d-b0a2-1db20510e026/call-CpgPileup/NA21144.hap1.bed.gz?generation=1777749550870506	3	8XUPjw==	hEIMO8/v0xFwXJpBOYGpgg==	COrf6pOpm5QDEAM=
NA21144	hap1_bed_index	cpg_hap1_bed_idx	gs://fc-fd42e80c-b41e-4e60-a9cf-b7c0ade168c4/submissions/a1e9b9ce-0d67-4d42-b107-b9821f44dd60/MethylationProfiling/06e4c675-e026-4a0d-b0a2-1db20510e026/call-CpgPileup/NA21144.hap1.bed.gz.tbi	1777749552953940	1640420	md5_base64	rnVkFkatJZNAFAuTBlYirQ==	2026-05-02T19:19:12.958Z	2026-06-03T15:33:58.631Z	gs://fc-fd42e80c-b41e-4e60-a9cf-b7c0ade168c4/submissions/a1e9b9ce-0d67-4d42-b107-b9821f44dd60/MethylationProfiling/06e4c675-e026-4a0d-b0a2-1db20510e026/call-CpgPileup/NA21144.hap1.bed.gz.tbi?generation=1777749552953940	3	1Pb6mg==	rnVkFkatJZNAFAuTBlYirQ==	CNT06ZSpm5QDEAM=
NA21144	hap2_bed	cpg_hap2_bed	gs://fc-fd42e80c-b41e-4e60-a9cf-b7c0ade168c4/submissions/a1e9b9ce-0d67-4d42-b107-b9821f44dd60/MethylationProfiling/06e4c675-e026-4a0d-b0a2-1db20510e026/call-CpgPileup/NA21144.hap2.bed.gz	1777749542954489	307281623	md5_base64	neloV6JwRqxEDqPHsLIDwQ==	2026-05-02T19:19:02.958Z	2026-06-03T15:54:13.752Z	gs://fc-fd42e80c-b41e-4e60-a9cf-b7c0ade168c4/submissions/a1e9b9ce-0d67-4d42-b107-b9821f44dd60/MethylationProfiling/06e4c675-e026-4a0d-b0a2-1db20510e026/call-CpgPileup/NA21144.hap2.bed.gz?generation=1777749542954489	3	YBEVlw==	neloV6JwRqxEDqPHsLIDwQ==	CPnLh5Cpm5QDEAM=
NA21144	hap2_bed_index	cpg_hap2_bed_idx	gs://fc-fd42e80c-b41e-4e60-a9cf-b7c0ade168c4/submissions/a1e9b9ce-0d67-4d42-b107-b9821f44dd60/MethylationProfiling/06e4c675-e026-4a0d-b0a2-1db20510e026/call-CpgPileup/NA21144.hap2.bed.gz.tbi	1777749556789185	1640315	md5_base64	XbRyfyEcuALEdGMLca13Jw==	2026-05-02T19:19:16.792Z	2026-06-02T19:54:17.687Z	gs://fc-fd42e80c-b41e-4e60-a9cf-b7c0ade168c4/submissions/a1e9b9ce-0d67-4d42-b107-b9821f44dd60/MethylationProfiling/06e4c675-e026-4a0d-b0a2-1db20510e026/call-CpgPileup/NA21144.hap2.bed.gz.tbi?generation=1777749556789185	2	LUHBGw==	XbRyfyEcuALEdGMLca13Jw==	CMH/05apm5QDEAI=
NA21309	combined_bed	cpg_combined_bed	gs://fc-fd42e80c-b41e-4e60-a9cf-b7c0ade168c4/submissions/f0ab26b0-d66f-45be-8322-24218670bc4d/MethylationProfiling/fc1cf64d-ae4b-4eaa-a6aa-4361acc76b05/call-CpgPileup/NA21309.combined.bed.gz	1783874495432479	329411147	md5_base64	EUVUd2vucIeBwEF5jS0k1Q==	2026-07-12T16:41:35.436Z	2026-07-12T16:41:35.436Z	gs://fc-fd42e80c-b41e-4e60-a9cf-b7c0ade168c4/submissions/f0ab26b0-d66f-45be-8322-24218670bc4d/MethylationProfiling/fc1cf64d-ae4b-4eaa-a6aa-4361acc76b05/call-CpgPileup/NA21309.combined.bed.gz?generation=1783874495432479	1	Cggu0A==	EUVUd2vucIeBwEF5jS0k1Q==	CJ+O/6zKzZUDEAE=
NA21309	combined_bed_index	independently_verified_combined_bed_index	gs://fc-fd42e80c-b41e-4e60-a9cf-b7c0ade168c4/submissions/f0ab26b0-d66f-45be-8322-24218670bc4d/MethylationProfiling/fc1cf64d-ae4b-4eaa-a6aa-4361acc76b05/call-CpgPileup/NA21309.combined.bed.gz.tbi	1783874526422918	1679882	md5_base64	C/TRzMbx/KC2F400GJpYdg==	2026-07-12T16:42:06.427Z	2026-07-12T16:42:06.427Z	gs://fc-fd42e80c-b41e-4e60-a9cf-b7c0ade168c4/submissions/f0ab26b0-d66f-45be-8322-24218670bc4d/MethylationProfiling/fc1cf64d-ae4b-4eaa-a6aa-4361acc76b05/call-CpgPileup/NA21309.combined.bed.gz.tbi?generation=1783874526422918	1	PUldQg==	C/TRzMbx/KC2F400GJpYdg==	CIbP4rvKzZUDEAE=
NA21309	hap1_bed	cpg_hap1_bed	gs://fc-fd42e80c-b41e-4e60-a9cf-b7c0ade168c4/submissions/f0ab26b0-d66f-45be-8322-24218670bc4d/MethylationProfiling/fc1cf64d-ae4b-4eaa-a6aa-4361acc76b05/call-CpgPileup/NA21309.hap1.bed.gz	1783874524088593	292423729	md5_base64	aOaymlA5RxiY/QMoE0T/Uw==	2026-07-12T16:42:04.093Z	2026-07-12T16:42:04.093Z	gs://fc-fd42e80c-b41e-4e60-a9cf-b7c0ade168c4/submissions/f0ab26b0-d66f-45be-8322-24218670bc4d/MethylationProfiling/fc1cf64d-ae4b-4eaa-a6aa-4361acc76b05/call-CpgPileup/NA21309.hap1.bed.gz?generation=1783874524088593	1	c7tfNg==	aOaymlA5RxiY/QMoE0T/Uw==	CJGS1LrKzZUDEAE=
NA21309	hap1_bed_index	cpg_hap1_bed_idx	gs://fc-fd42e80c-b41e-4e60-a9cf-b7c0ade168c4/submissions/f0ab26b0-d66f-45be-8322-24218670bc4d/MethylationProfiling/fc1cf64d-ae4b-4eaa-a6aa-4361acc76b05/call-CpgPileup/NA21309.hap1.bed.gz.tbi	1783874476227406	1653362	md5_base64	oqARAEKDZkTK/dhSBWUgqQ==	2026-07-12T16:41:16.233Z	2026-07-12T16:41:16.233Z	gs://fc-fd42e80c-b41e-4e60-a9cf-b7c0ade168c4/submissions/f0ab26b0-d66f-45be-8322-24218670bc4d/MethylationProfiling/fc1cf64d-ae4b-4eaa-a6aa-4361acc76b05/call-CpgPileup/NA21309.hap1.bed.gz.tbi?generation=1783874476227406	1	cJOGGQ==	oqARAEKDZkTK/dhSBWUgqQ==	CM726qPKzZUDEAE=
NA21309	hap2_bed	cpg_hap2_bed	gs://fc-fd42e80c-b41e-4e60-a9cf-b7c0ade168c4/submissions/f0ab26b0-d66f-45be-8322-24218670bc4d/MethylationProfiling/fc1cf64d-ae4b-4eaa-a6aa-4361acc76b05/call-CpgPileup/NA21309.hap2.bed.gz	1783874510398194	292845107	md5_base64	N+eo2T5HT3cSRP6fGhJsPQ==	2026-07-12T16:41:50.401Z	2026-07-12T16:41:50.401Z	gs://fc-fd42e80c-b41e-4e60-a9cf-b7c0ade168c4/submissions/f0ab26b0-d66f-45be-8322-24218670bc4d/MethylationProfiling/fc1cf64d-ae4b-4eaa-a6aa-4361acc76b05/call-CpgPileup/NA21309.hap2.bed.gz?generation=1783874510398194	1	3uiwfA==	N+eo2T5HT3cSRP6fGhJsPQ==	CPLFkLTKzZUDEAE=
NA21309	hap2_bed_index	cpg_hap2_bed_idx	gs://fc-fd42e80c-b41e-4e60-a9cf-b7c0ade168c4/submissions/f0ab26b0-d66f-45be-8322-24218670bc4d/MethylationProfiling/fc1cf64d-ae4b-4eaa-a6aa-4361acc76b05/call-CpgPileup/NA21309.hap2.bed.gz.tbi	1783874479127448	1654066	md5_base64	vFa5cEljffMDvJm8rvaduw==	2026-07-12T16:41:19.131Z	2026-07-12T16:41:19.131Z	gs://fc-fd42e80c-b41e-4e60-a9cf-b7c0ade168c4/submissions/f0ab26b0-d66f-45be-8322-24218670bc4d/MethylationProfiling/fc1cf64d-ae4b-4eaa-a6aa-4361acc76b05/call-CpgPileup/NA21309.hap2.bed.gz.tbi?generation=1783874479127448	1	Q7itwA==	vFa5cEljffMDvJm8rvaduw==	CJj3m6XKzZUDEAE=
